grade_key,club_key,squad_number,playhq_id,display_name,ladder_position,position_uncertain,played,won,drawn,lost,byes,goals_for,goals_against,goal_difference,points,percentage,shots_attempted,shots_scored,source,placement_basis,notes,scraped_at
amnd-winter-2000-amnd-league,contax,,archive:amnd-winter-2000:amnd-league:contax:none,Contax,1,1,,,,,,,,,,,,,archive_pdf,final_premiership_placings,Archive PDF title: Final Placings,
amnd-winter-2000-amnd-league,harlequin,,archive:amnd-winter-2000:amnd-league:harlequin:none,Harlequin,2,1,,,,,,,,,,,,,archive_pdf,final_premiership_placings,Archive PDF title: Final Placings,
amnd-winter-2000-amnd-league,woods-panthers,,archive:amnd-winter-2000:amnd-league:woods-panthers:none,Woods Panthers,3,1,,,,,,,,,,,,,archive_pdf,final_premiership_placings,Archive PDF title: Final Placings,
amnd-winter-2000-amnd-league,tango-netball-club-inc,,archive:amnd-winter-2000:amnd-league:tango-netball-club-inc:none,Tango,4,1,,,,,,,,,,,,,archive_pdf,final_premiership_placings,Archive PDF title: Final Placings,
amnd-winter-2000-amnd-league,adelaide-cougars,,archive:amnd-winter-2000:amnd-league:adelaide-cougars:none,Adelaide Cougars,5,0,,,,,,,,,,,,,archive_pdf,final_premiership_placings,Archive PDF title: Final Placings,
amnd-winter-2000-amnd-league,matrics,,archive:amnd-winter-2000:amnd-league:matrics:none,Matrics,6,0,,,,,,,,,,,,,archive_pdf,final_premiership_placings,Archive PDF title: Final Placings,
amnd-winter-2000-amnd-league,garville,,archive:amnd-winter-2000:amnd-league:garville:none,Garville,7,0,,,,,,,,,,,,,archive_pdf,final_premiership_placings,Archive PDF title: Final Placings,
amnd-winter-2000-amnd-league,oakdale-netball-club-sa,,archive:amnd-winter-2000:amnd-league:oakdale-netball-club-sa:none,Oakdale,8,0,,,,,,,,,,,,,archive_pdf,final_premiership_placings,Archive PDF title: Final Placings,
amnd-winter-2000-amnd-league,cheerio-netball-club,,archive:amnd-winter-2000:amnd-league:cheerio-netball-club:none,Cheerio,9,0,,,,,,,,,,,,,archive_pdf,final_premiership_placings,Archive PDF title: Final Placings,
amnd-winter-2000-amnd-league,norwood-netball-club,,archive:amnd-winter-2000:amnd-league:norwood-netball-club:none,Newton Jaguars,10,0,,,,,,,,,,,,,archive_pdf,final_premiership_placings,Archive PDF title: Final Placings,
amnd-winter-2000-a-grade,cheerio-netball-club,,archive:amnd-winter-2000:a-grade:cheerio-netball-club:none,Cheerio,1,1,,,,,,,,,,,,,archive_pdf,final_premiership_placings,Archive PDF title: Final Placings,
amnd-winter-2000-a-grade,harlequin,,archive:amnd-winter-2000:a-grade:harlequin:none,Harlequin,2,1,,,,,,,,,,,,,archive_pdf,final_premiership_placings,Archive PDF title: Final Placings,
amnd-winter-2000-a-grade,contax,,archive:amnd-winter-2000:a-grade:contax:none,Contax,3,1,,,,,,,,,,,,,archive_pdf,final_premiership_placings,Archive PDF title: Final Placings,
amnd-winter-2000-a-grade,garville,,archive:amnd-winter-2000:a-grade:garville:none,Garville,4,1,,,,,,,,,,,,,archive_pdf,final_premiership_placings,Archive PDF title: Final Placings,
amnd-winter-2000-a-grade,adelaide-cougars,,archive:amnd-winter-2000:a-grade:adelaide-cougars:none,Adelaide Cougars,5,0,,,,,,,,,,,,,archive_pdf,final_premiership_placings,Archive PDF title: Final Placings,
amnd-winter-2000-a-grade,oakdale-netball-club-sa,,archive:amnd-winter-2000:a-grade:oakdale-netball-club-sa:none,Oakdale,6,0,,,,,,,,,,,,,archive_pdf,final_premiership_placings,Archive PDF title: Final Placings,
amnd-winter-2000-a-grade,tango-netball-club-inc,,archive:amnd-winter-2000:a-grade:tango-netball-club-inc:none,Tango,7,0,,,,,,,,,,,,,archive_pdf,final_premiership_placings,Archive PDF title: Final Placings,
amnd-winter-2000-a-grade,woods-panthers,,archive:amnd-winter-2000:a-grade:woods-panthers:none,Woods Panthers,8,0,,,,,,,,,,,,,archive_pdf,final_premiership_placings,Archive PDF title: Final Placings,
amnd-winter-2000-a-grade,norwood-netball-club,,archive:amnd-winter-2000:a-grade:norwood-netball-club:none,Newton Jaguars,9,0,,,,,,,,,,,,,archive_pdf,final_premiership_placings,Archive PDF title: Final Placings,
amnd-winter-2000-a-grade,matrics,,archive:amnd-winter-2000:a-grade:matrics:none,Matrics,10,0,,,,,,,,,,,,,archive_pdf,final_premiership_placings,Archive PDF title: Final Placings,
amnd-winter-2000-b-1,contax,,archive:amnd-winter-2000:b-1:contax:none,Contax,1,1,,,,,,,,,,,,,archive_pdf,final_premiership_placings,Archive PDF title: Final Placings,
amnd-winter-2000-b-1,pembroke-o-s,,archive:amnd-winter-2000:b-1:pembroke-o-s:none,Pembroke,2,1,,,,,,,,,,,,,archive_pdf,final_premiership_placings,Archive PDF title: Final Placings,
amnd-winter-2000-b-1,glandore,,archive:amnd-winter-2000:b-1:glandore:none,Glandore,3,1,,,,,,,,,,,,,archive_pdf,final_premiership_placings,Archive PDF title: Final Placings,
amnd-winter-2000-b-1,garville,,archive:amnd-winter-2000:b-1:garville:none,Garville,4,1,,,,,,,,,,,,,archive_pdf,final_premiership_placings,Archive PDF title: Final Placings,
amnd-winter-2000-b-1,adelaide-cougars,,archive:amnd-winter-2000:b-1:adelaide-cougars:none,Adelaide Cougars,5,0,,,,,,,,,,,,,archive_pdf,final_premiership_placings,Archive PDF title: Final Placings,
amnd-winter-2000-b-1,metro-magic,,archive:amnd-winter-2000:b-1:metro-magic:none,Metro Magic,6,0,,,,,,,,,,,,,archive_pdf,final_premiership_placings,Archive PDF title: Final Placings,
amnd-winter-2000-b-1,harlequin,,archive:amnd-winter-2000:b-1:harlequin:none,Harlequin,7,0,,,,,,,,,,,,,archive_pdf,final_premiership_placings,Archive PDF title: Final Placings,
amnd-winter-2000-b-1,cheerio-netball-club,,archive:amnd-winter-2000:b-1:cheerio-netball-club:none,Cheerio,8,0,,,,,,,,,,,,,archive_pdf,final_premiership_placings,Archive PDF title: Final Placings,
amnd-winter-2000-b-1,hallett-cove,,archive:amnd-winter-2000:b-1:hallett-cove:none,Hallett Cove,9,0,,,,,,,,,,,,,archive_pdf,final_premiership_placings,Archive PDF title: Final Placings,
amnd-winter-2000-b-1,oakdale-netball-club-sa,,archive:amnd-winter-2000:b-1:oakdale-netball-club-sa:none,Oakdale,10,0,,,,,,,,,,,,,archive_pdf,final_premiership_placings,Archive PDF title: Final Placings,
amnd-winter-2000-b-2,contax,,archive:amnd-winter-2000:b-2:contax:none,Contax,1,1,,,,,,,,,,,,,archive_pdf,final_premiership_placings,Archive PDF title: Final Placings,
amnd-winter-2000-b-2,garville,,archive:amnd-winter-2000:b-2:garville:none,Garville,2,1,,,,,,,,,,,,,archive_pdf,final_premiership_placings,Archive PDF title: Final Placings,
amnd-winter-2000-b-2,woods-panthers,,archive:amnd-winter-2000:b-2:woods-panthers:none,Woods Panthers,3,1,,,,,,,,,,,,,archive_pdf,final_premiership_placings,Archive PDF title: Final Placings,
amnd-winter-2000-b-2,adelaide-cougars,,archive:amnd-winter-2000:b-2:adelaide-cougars:none,Adelaide Cougars,4,1,,,,,,,,,,,,,archive_pdf,final_premiership_placings,Archive PDF title: Final Placings,
amnd-winter-2000-b-2,adelaide-university,,archive:amnd-winter-2000:b-2:adelaide-university:none,Adelaide Uni.,5,0,,,,,,,,,,,,,archive_pdf,final_premiership_placings,Archive PDF title: Final Placings,
amnd-winter-2000-b-2,city-coasters,,archive:amnd-winter-2000:b-2:city-coasters:none,City Coasters,6,0,,,,,,,,,,,,,archive_pdf,final_premiership_placings,Archive PDF title: Final Placings,
amnd-winter-2000-b-2,matrics,,archive:amnd-winter-2000:b-2:matrics:none,Matrics,7,0,,,,,,,,,,,,,archive_pdf,final_premiership_placings,Archive PDF title: Final Placings,
amnd-winter-2000-b-2,norwood-netball-club,,archive:amnd-winter-2000:b-2:norwood-netball-club:none,Newton Jaguars,8,0,,,,,,,,,,,,,archive_pdf,final_premiership_placings,Archive PDF title: Final Placings,
amnd-winter-2000-b-2,cheerio-netball-club,,archive:amnd-winter-2000:b-2:cheerio-netball-club:none,Cheerio,9,0,,,,,,,,,,,,,archive_pdf,final_premiership_placings,Archive PDF title: Final Placings,
amnd-winter-2000-b-2,oakdale-netball-club-sa,,archive:amnd-winter-2000:b-2:oakdale-netball-club-sa:none,Oakdale,10,0,,,,,,,,,,,,,archive_pdf,final_premiership_placings,Archive PDF title: Final Placings,
amnd-winter-2000-b-3,contax,,archive:amnd-winter-2000:b-3:contax:none,Contax,1,1,,,,,,,,,,,,,archive_pdf,final_premiership_placings,Archive PDF title: Final Placings,
amnd-winter-2000-b-3,seacombe,,archive:amnd-winter-2000:b-3:seacombe:none,Seacombe,2,1,,,,,,,,,,,,,archive_pdf,final_premiership_placings,Archive PDF title: Final Placings,
amnd-winter-2000-b-3,adelaide-university,,archive:amnd-winter-2000:b-3:adelaide-university:none,Adelaide Uni.,3,1,,,,,,,,,,,,,archive_pdf,final_premiership_placings,Archive PDF title: Final Placings,
amnd-winter-2000-b-3,clovelly-park,,archive:amnd-winter-2000:b-3:clovelly-park:none,Clovelly Park,4,1,,,,,,,,,,,,,archive_pdf,final_premiership_placings,Archive PDF title: Final Placings,
amnd-winter-2000-b-3,metro-magic,,archive:amnd-winter-2000:b-3:metro-magic:none,Metro Magic,5,0,,,,,,,,,,,,,archive_pdf,final_premiership_placings,Archive PDF title: Final Placings,
amnd-winter-2000-b-3,glandore,,archive:amnd-winter-2000:b-3:glandore:none,Glandore,6,0,,,,,,,,,,,,,archive_pdf,final_premiership_placings,Archive PDF title: Final Placings,
amnd-winter-2000-b-3,adelaide-cougars,,archive:amnd-winter-2000:b-3:adelaide-cougars:none,Adelaide Cougars,7,0,,,,,,,,,,,,,archive_pdf,final_premiership_placings,Archive PDF title: Final Placings,
amnd-winter-2000-b-3,tango-netball-club-inc,,archive:amnd-winter-2000:b-3:tango-netball-club-inc:none,Tango,8,0,,,,,,,,,,,,,archive_pdf,final_premiership_placings,Archive PDF title: Final Placings,
amnd-winter-2000-b-3,garville,,archive:amnd-winter-2000:b-3:garville:none,Garville,9,0,,,,,,,,,,,,,archive_pdf,final_premiership_placings,Archive PDF title: Final Placings,
amnd-winter-2000-b-3,city-coasters,,archive:amnd-winter-2000:b-3:city-coasters:none,City Coasters,10,0,,,,,,,,,,,,,archive_pdf,final_premiership_placings,Archive PDF title: Final Placings,
amnd-winter-2000-b-4,pembroke-o-s,,archive:amnd-winter-2000:b-4:pembroke-o-s:none,Pembroke,1,1,,,,,,,,,,,,,archive_pdf,final_premiership_placings,Archive PDF title: Final Placings,
amnd-winter-2000-b-4,contax,,archive:amnd-winter-2000:b-4:contax:none,Contax,2,1,,,,,,,,,,,,,archive_pdf,final_premiership_placings,Archive PDF title: Final Placings,
amnd-winter-2000-b-4,blue-jays,,archive:amnd-winter-2000:b-4:blue-jays:none,Blue Jays,3,1,,,,,,,,,,,,,archive_pdf,final_premiership_placings,Archive PDF title: Final Placings,
amnd-winter-2000-b-4,metro-magic,,archive:amnd-winter-2000:b-4:metro-magic:none,Metro Magic,4,1,,,,,,,,,,,,,archive_pdf,final_premiership_placings,Archive PDF title: Final Placings,
amnd-winter-2000-b-4,adelaide-cougars,,archive:amnd-winter-2000:b-4:adelaide-cougars:none,Adelaide Cougars,5,0,,,,,,,,,,,,,archive_pdf,final_premiership_placings,Archive PDF title: Final Placings,
amnd-winter-2000-b-4,matrics,,archive:amnd-winter-2000:b-4:matrics:none,Matrics,6,0,,,,,,,,,,,,,archive_pdf,final_premiership_placings,Archive PDF title: Final Placings,
amnd-winter-2000-b-4,glandore,,archive:amnd-winter-2000:b-4:glandore:none,Glandore,7,0,,,,,,,,,,,,,archive_pdf,final_premiership_placings,Archive PDF title: Final Placings,
amnd-winter-2000-b-4,woods-panthers,,archive:amnd-winter-2000:b-4:woods-panthers:none,Woods Panthers,8,0,,,,,,,,,,,,,archive_pdf,final_premiership_placings,Archive PDF title: Final Placings,
amnd-winter-2000-b-4,oakdale-netball-club-sa,,archive:amnd-winter-2000:b-4:oakdale-netball-club-sa:none,Oakdale,9,0,,,,,,,,,,,,,archive_pdf,final_premiership_placings,Archive PDF title: Final Placings,
amnd-winter-2000-b-4,city-coasters,,archive:amnd-winter-2000:b-4:city-coasters:none,City Coasters,10,0,,,,,,,,,,,,,archive_pdf,final_premiership_placings,Archive PDF title: Final Placings,
amnd-winter-2000-c-1,cheerio-netball-club,,archive:amnd-winter-2000:c-1:cheerio-netball-club:none,Cheerio,1,1,,,,,,,,,,,,,archive_pdf,final_premiership_placings,Archive PDF title: Final Placings,
amnd-winter-2000-c-1,harlequin,,archive:amnd-winter-2000:c-1:harlequin:none,Harlequin,2,1,,,,,,,,,,,,,archive_pdf,final_premiership_placings,Archive PDF title: Final Placings,
amnd-winter-2000-c-1,pembroke-o-s,1,archive:amnd-winter-2000:c-1:pembroke-o-s:1,Pembroke,3,1,,,,,,,,,,,,,archive_pdf,final_premiership_placings,Archive PDF title: Final Placings,
amnd-winter-2000-c-1,adelaide-university,,archive:amnd-winter-2000:c-1:adelaide-university:none,Adelaide Uni.,4,1,,,,,,,,,,,,,archive_pdf,final_premiership_placings,Archive PDF title: Final Placings,
amnd-winter-2000-c-1,pembroke-o-s,2,archive:amnd-winter-2000:c-1:pembroke-o-s:2,Pembroke,5,0,,,,,,,,,,,,,archive_pdf,final_premiership_placings,Archive PDF title: Final Placings,
amnd-winter-2000-c-1,contax,,archive:amnd-winter-2000:c-1:contax:none,Contax,6,0,,,,,,,,,,,,,archive_pdf,final_premiership_placings,Archive PDF title: Final Placings,
amnd-winter-2000-c-1,metro-magic,1,archive:amnd-winter-2000:c-1:metro-magic:1,Metro Magic,7,0,,,,,,,,,,,,,archive_pdf,final_premiership_placings,Archive PDF title: Final Placings,
amnd-winter-2000-c-1,city-coasters,,archive:amnd-winter-2000:c-1:city-coasters:none,City Coasters,8,0,,,,,,,,,,,,,archive_pdf,final_premiership_placings,Archive PDF title: Final Placings,
amnd-winter-2000-c-1,metro-magic,2,archive:amnd-winter-2000:c-1:metro-magic:2,Metro Magic,9,0,,,,,,,,,,,,,archive_pdf,final_premiership_placings,Archive PDF title: Final Placings,
amnd-winter-2000-c-2,cheerio-netball-club,,archive:amnd-winter-2000:c-2:cheerio-netball-club:none,Cheerio,1,1,,,,,,,,,,,,,archive_pdf,final_premiership_placings,Archive PDF title: Final Placings,
amnd-winter-2000-c-2,metro-magic,,archive:amnd-winter-2000:c-2:metro-magic:none,Metro Magic,2,1,,,,,,,,,,,,,archive_pdf,final_premiership_placings,Archive PDF title: Final Placings,
amnd-winter-2000-c-2,adelaide-university,,archive:amnd-winter-2000:c-2:adelaide-university:none,Adelaide Uni.,3,1,,,,,,,,,,,,,archive_pdf,final_premiership_placings,Archive PDF title: Final Placings,
amnd-winter-2000-c-2,blue-jays,,archive:amnd-winter-2000:c-2:blue-jays:none,Blue Jays,4,1,,,,,,,,,,,,,archive_pdf,final_premiership_placings,Archive PDF title: Final Placings,
amnd-winter-2000-c-2,pembroke-o-s,,archive:amnd-winter-2000:c-2:pembroke-o-s:none,Pembroke,5,0,,,,,,,,,,,,,archive_pdf,final_premiership_placings,Archive PDF title: Final Placings,
amnd-winter-2000-c-2,clovelly-park,,archive:amnd-winter-2000:c-2:clovelly-park:none,Clovelly Park,6,0,,,,,,,,,,,,,archive_pdf,final_premiership_placings,Archive PDF title: Final Placings,
amnd-winter-2000-c-2,woods-panthers,,archive:amnd-winter-2000:c-2:woods-panthers:none,Woods Panthers,7,0,,,,,,,,,,,,,archive_pdf,final_premiership_placings,Archive PDF title: Final Placings,
amnd-winter-2000-c-2,city-coasters,,archive:amnd-winter-2000:c-2:city-coasters:none,City Coasters,8,0,,,,,,,,,,,,,archive_pdf,final_premiership_placings,Archive PDF title: Final Placings,
amnd-winter-2000-c-3,garville,,archive:amnd-winter-2000:c-3:garville:none,Garville,1,1,,,,,,,,,,,,,archive_pdf,final_premiership_placings,Archive PDF title: Final Placings,
amnd-winter-2000-c-3,glandore,,archive:amnd-winter-2000:c-3:glandore:none,Glandore,2,1,,,,,,,,,,,,,archive_pdf,final_premiership_placings,Archive PDF title: Final Placings,
amnd-winter-2000-c-3,adelaide-university,2,archive:amnd-winter-2000:c-3:adelaide-university:2,Adelaide Uni.,3,1,,,,,,,,,,,,,archive_pdf,final_premiership_placings,Archive PDF title: Final Placings,
amnd-winter-2000-c-3,adelaide-university,1,archive:amnd-winter-2000:c-3:adelaide-university:1,Adelaide Uni.,4,1,,,,,,,,,,,,,archive_pdf,final_premiership_placings,Archive PDF title: Final Placings,
amnd-winter-2000-c-3,metro-magic,,archive:amnd-winter-2000:c-3:metro-magic:none,Metro Magic,5,0,,,,,,,,,,,,,archive_pdf,final_premiership_placings,Archive PDF title: Final Placings,
amnd-winter-2000-c-3,city-coasters,,archive:amnd-winter-2000:c-3:city-coasters:none,City Coasters,6,0,,,,,,,,,,,,,archive_pdf,final_premiership_placings,Archive PDF title: Final Placings,
amnd-winter-2000-c-3,clovelly-park,,archive:amnd-winter-2000:c-3:clovelly-park:none,Clovelly Park,7,0,,,,,,,,,,,,,archive_pdf,final_premiership_placings,Archive PDF title: Final Placings,
amnd-winter-2000-c-3,pembroke-o-s,,archive:amnd-winter-2000:c-3:pembroke-o-s:none,Pembroke,8,0,,,,,,,,,,,,,archive_pdf,final_premiership_placings,Archive PDF title: Final Placings,
amnd-winter-2000-h-grade,matrics,,archive:amnd-winter-2000:h-grade:matrics:none,Matrics,1,1,,,,,,,,,,,,,archive_pdf,final_premiership_placings,Archive PDF title: Final Placings,
amnd-winter-2000-h-grade,kookaburras,2,archive:amnd-winter-2000:h-grade:kookaburras:2,Kookaburras,2,1,,,,,,,,,,,,,archive_pdf,final_premiership_placings,Archive PDF title: Final Placings,
amnd-winter-2000-h-grade,norwood-netball-club,,archive:amnd-winter-2000:h-grade:norwood-netball-club:none,Jaguars,3,1,,,,,,,,,,,,,archive_pdf,final_premiership_placings,Archive PDF title: Final Placings,
amnd-winter-2000-h-grade,adelaide-cougars,1,archive:amnd-winter-2000:h-grade:adelaide-cougars:1,Cougars,4,1,,,,,,,,,,,,,archive_pdf,final_premiership_placings,Archive PDF title: Final Placings,
amnd-winter-2000-h-grade,panthers,1,archive:amnd-winter-2000:h-grade:panthers:1,Panthers,5,0,,,,,,,,,,,,,archive_pdf,final_premiership_placings,Archive PDF title: Final Placings,
amnd-winter-2000-h-grade,panthers,2,archive:amnd-winter-2000:h-grade:panthers:2,Panthers,6,0,,,,,,,,,,,,,archive_pdf,final_premiership_placings,Archive PDF title: Final Placings,
amnd-winter-2000-h-grade,oakdale-netball-club-sa,,archive:amnd-winter-2000:h-grade:oakdale-netball-club-sa:none,Phoenix,7,0,,,,,,,,,,,,,archive_pdf,final_premiership_placings,Archive PDF title: Final Placings,
amnd-winter-2000-h-grade,adelaide-cougars,2,archive:amnd-winter-2000:h-grade:adelaide-cougars:2,Cougars,8,0,,,,,,,,,,,,,archive_pdf,final_premiership_placings,Archive PDF title: Final Placings,
amnd-winter-2000-h-grade,kookaburras,1,archive:amnd-winter-2000:h-grade:kookaburras:1,Kookaburras,9,0,,,,,,,,,,,,,archive_pdf,final_premiership_placings,Archive PDF title: Final Placings,
amnd-winter-2000-inter-1,contax,,archive:amnd-winter-2000:inter-1:contax:none,Contax,1,1,,,,,,,,,,,,,archive_pdf,final_premiership_placings,Archive PDF title: Final Placings,
amnd-winter-2000-inter-1,matrics,1,archive:amnd-winter-2000:inter-1:matrics:1,Matrics,2,1,,,,,,,,,,,,,archive_pdf,final_premiership_placings,Archive PDF title: Final Placings,
amnd-winter-2000-inter-1,tango-netball-club-inc,,archive:amnd-winter-2000:inter-1:tango-netball-club-inc:none,Tango,3,1,,,,,,,,,,,,,archive_pdf,final_premiership_placings,Archive PDF title: Final Placings,
amnd-winter-2000-inter-1,harlequin,,archive:amnd-winter-2000:inter-1:harlequin:none,Harlequin,4,1,,,,,,,,,,,,,archive_pdf,final_premiership_placings,Archive PDF title: Final Placings,
amnd-winter-2000-inter-1,oakdale-netball-club-sa,,archive:amnd-winter-2000:inter-1:oakdale-netball-club-sa:none,Oakdale,5,0,,,,,,,,,,,,,archive_pdf,final_premiership_placings,Archive PDF title: Final Placings,
amnd-winter-2000-inter-1,cheerio-netball-club,,archive:amnd-winter-2000:inter-1:cheerio-netball-club:none,Cheerio,6,0,,,,,,,,,,,,,archive_pdf,final_premiership_placings,Archive PDF title: Final Placings,
amnd-winter-2000-inter-1,woods-panthers,,archive:amnd-winter-2000:inter-1:woods-panthers:none,Woods Panthers,7,0,,,,,,,,,,,,,archive_pdf,final_premiership_placings,Archive PDF title: Final Placings,
amnd-winter-2000-inter-1,matrics,2,archive:amnd-winter-2000:inter-1:matrics:2,Matrics,8,0,,,,,,,,,,,,,archive_pdf,final_premiership_placings,Archive PDF title: Final Placings,
amnd-winter-2000-inter-1,garville,,archive:amnd-winter-2000:inter-1:garville:none,Garville,9,0,,,,,,,,,,,,,archive_pdf,final_premiership_placings,Archive PDF title: Final Placings,
amnd-winter-2000-inter-1,adelaide-cougars,,archive:amnd-winter-2000:inter-1:adelaide-cougars:none,Adelaide Cougars,10,0,,,,,,,,,,,,,archive_pdf,final_premiership_placings,Archive PDF title: Final Placings,
amnd-winter-2000-inter-2,contax,1,archive:amnd-winter-2000:inter-2:contax:1,Contax,1,1,,,,,,,,,,,,,archive_pdf,final_premiership_placings,Archive PDF title: Final Placings,
amnd-winter-2000-inter-2,tango-netball-club-inc,,archive:amnd-winter-2000:inter-2:tango-netball-club-inc:none,Tango,2,1,,,,,,,,,,,,,archive_pdf,final_premiership_placings,Archive PDF title: Final Placings,
amnd-winter-2000-inter-2,matrics,,archive:amnd-winter-2000:inter-2:matrics:none,Matrics,3,1,,,,,,,,,,,,,archive_pdf,final_premiership_placings,Archive PDF title: Final Placings,
amnd-winter-2000-inter-2,adelaide-cougars,,archive:amnd-winter-2000:inter-2:adelaide-cougars:none,Adelaide Cougars,4,1,,,,,,,,,,,,,archive_pdf,final_premiership_placings,Archive PDF title: Final Placings,
amnd-winter-2000-inter-2,contax,2,archive:amnd-winter-2000:inter-2:contax:2,Contax,5,0,,,,,,,,,,,,,archive_pdf,final_premiership_placings,Archive PDF title: Final Placings,
amnd-winter-2000-inter-2,norwood-netball-club,,archive:amnd-winter-2000:inter-2:norwood-netball-club:none,Newton Jaguars,6,0,,,,,,,,,,,,,archive_pdf,final_premiership_placings,Archive PDF title: Final Placings,
amnd-winter-2000-inter-2,cheerio-netball-club,,archive:amnd-winter-2000:inter-2:cheerio-netball-club:none,Cheerio,7,0,,,,,,,,,,,,,archive_pdf,final_premiership_placings,Archive PDF title: Final Placings,
amnd-winter-2000-inter-2,woods-panthers,,archive:amnd-winter-2000:inter-2:woods-panthers:none,Woods Panthers,8,0,,,,,,,,,,,,,archive_pdf,final_premiership_placings,Archive PDF title: Final Placings,
amnd-winter-2000-inter-2,harlequin,,archive:amnd-winter-2000:inter-2:harlequin:none,Harlequin,9,0,,,,,,,,,,,,,archive_pdf,final_premiership_placings,Archive PDF title: Final Placings,
amnd-winter-2000-inter-2,oakdale-netball-club-sa,,archive:amnd-winter-2000:inter-2:oakdale-netball-club-sa:none,Oakdale,10,0,,,,,,,,,,,,,archive_pdf,final_premiership_placings,Archive PDF title: Final Placings,
amnd-winter-2000-inter-3,contax,1,archive:amnd-winter-2000:inter-3:contax:1,Contax,1,1,,,,,,,,,,,,,archive_pdf,final_premiership_placings,Archive PDF title: Final Placings,
amnd-winter-2000-inter-3,garville,1,archive:amnd-winter-2000:inter-3:garville:1,Garville,2,1,,,,,,,,,,,,,archive_pdf,final_premiership_placings,Archive PDF title: Final Placings,
amnd-winter-2000-inter-3,contax,2,archive:amnd-winter-2000:inter-3:contax:2,Contax,3,1,,,,,,,,,,,,,archive_pdf,final_premiership_placings,Archive PDF title: Final Placings,
amnd-winter-2000-inter-3,tango-netball-club-inc,,archive:amnd-winter-2000:inter-3:tango-netball-club-inc:none,Tango,4,1,,,,,,,,,,,,,archive_pdf,final_premiership_placings,Archive PDF title: Final Placings,
amnd-winter-2000-inter-3,adelaide-cougars,,archive:amnd-winter-2000:inter-3:adelaide-cougars:none,Adelaide Cougars,5,0,,,,,,,,,,,,,archive_pdf,final_premiership_placings,Archive PDF title: Final Placings,
amnd-winter-2000-inter-3,garville,2,archive:amnd-winter-2000:inter-3:garville:2,Garville,6,0,,,,,,,,,,,,,archive_pdf,final_premiership_placings,Archive PDF title: Final Placings,
amnd-winter-2000-inter-3,cheerio-netball-club,,archive:amnd-winter-2000:inter-3:cheerio-netball-club:none,Cheerio,7,0,,,,,,,,,,,,,archive_pdf,final_premiership_placings,Archive PDF title: Final Placings,
amnd-winter-2000-inter-3,oakdale-netball-club-sa,,archive:amnd-winter-2000:inter-3:oakdale-netball-club-sa:none,Oakdale,8,0,,,,,,,,,,,,,archive_pdf,final_premiership_placings,Archive PDF title: Final Placings,
amnd-winter-2000-inter-3,glandore,,archive:amnd-winter-2000:inter-3:glandore:none,Glandore,9,0,,,,,,,,,,,,,archive_pdf,final_premiership_placings,Archive PDF title: Final Placings,
amnd-winter-2000-inter-4,contax,,archive:amnd-winter-2000:inter-4:contax:none,Contax,1,1,,,,,,,,,,,,,archive_pdf,final_premiership_placings,Archive PDF title: Final Placings,
amnd-winter-2000-inter-4,matrics,,archive:amnd-winter-2000:inter-4:matrics:none,Matrics,2,1,,,,,,,,,,,,,archive_pdf,final_premiership_placings,Archive PDF title: Final Placings,
amnd-winter-2000-inter-4,garville,,archive:amnd-winter-2000:inter-4:garville:none,Garville,3,1,,,,,,,,,,,,,archive_pdf,final_premiership_placings,Archive PDF title: Final Placings,
amnd-winter-2000-inter-4,cheerio-netball-club,,archive:amnd-winter-2000:inter-4:cheerio-netball-club:none,Cheerio,4,1,,,,,,,,,,,,,archive_pdf,final_premiership_placings,Archive PDF title: Final Placings,
amnd-winter-2000-inter-4,tango-netball-club-inc,,archive:amnd-winter-2000:inter-4:tango-netball-club-inc:none,Tango,5,0,,,,,,,,,,,,,archive_pdf,final_premiership_placings,Archive PDF title: Final Placings,
amnd-winter-2000-inter-4,clovelly-park,,archive:amnd-winter-2000:inter-4:clovelly-park:none,Clovelly Park,6,0,,,,,,,,,,,,,archive_pdf,final_premiership_placings,Archive PDF title: Final Placings,
amnd-winter-2000-inter-4,adelaide-cougars,,archive:amnd-winter-2000:inter-4:adelaide-cougars:none,Adelaide Cougars,7,0,,,,,,,,,,,,,archive_pdf,final_premiership_placings,Archive PDF title: Final Placings,
amnd-winter-2000-inter-4,woods-panthers,,archive:amnd-winter-2000:inter-4:woods-panthers:none,Woods Panthers,8,0,,,,,,,,,,,,,archive_pdf,final_premiership_placings,Archive PDF title: Final Placings,
amnd-winter-2000-inter-4,oakdale-netball-club-sa,,archive:amnd-winter-2000:inter-4:oakdale-netball-club-sa:none,Oakdale,9,0,,,,,,,,,,,,,archive_pdf,final_premiership_placings,Archive PDF title: Final Placings,
amnd-winter-2000-junior-1,garville,,archive:amnd-winter-2000:junior-1:garville:none,Garville,1,1,,,,,,,,,,,,,archive_pdf,final_premiership_placings,Archive PDF title: Final Placings,
amnd-winter-2000-junior-1,matrics,,archive:amnd-winter-2000:junior-1:matrics:none,Matrics,2,1,,,,,,,,,,,,,archive_pdf,final_premiership_placings,Archive PDF title: Final Placings,
amnd-winter-2000-junior-1,cheerio-netball-club,,archive:amnd-winter-2000:junior-1:cheerio-netball-club:none,Cheerio,3,1,,,,,,,,,,,,,archive_pdf,final_premiership_placings,Archive PDF title: Final Placings,
amnd-winter-2000-junior-1,adelaide-cougars,,archive:amnd-winter-2000:junior-1:adelaide-cougars:none,Adelaide Cougars,4,1,,,,,,,,,,,,,archive_pdf,final_premiership_placings,Archive PDF title: Final Placings,
amnd-winter-2000-junior-1,woods-panthers,,archive:amnd-winter-2000:junior-1:woods-panthers:none,Woods Panthers,5,0,,,,,,,,,,,,,archive_pdf,final_premiership_placings,Archive PDF title: Final Placings,
amnd-winter-2000-junior-1,contax,1,archive:amnd-winter-2000:junior-1:contax:1,Contax,6,0,,,,,,,,,,,,,archive_pdf,final_premiership_placings,Archive PDF title: Final Placings,
amnd-winter-2000-junior-1,contax,2,archive:amnd-winter-2000:junior-1:contax:2,Contax,7,0,,,,,,,,,,,,,archive_pdf,final_premiership_placings,Archive PDF title: Final Placings,
amnd-winter-2000-junior-1,tango-netball-club-inc,,archive:amnd-winter-2000:junior-1:tango-netball-club-inc:none,Tango,8,0,,,,,,,,,,,,,archive_pdf,final_premiership_placings,Archive PDF title: Final Placings,
amnd-winter-2000-junior-1,harlequin,,archive:amnd-winter-2000:junior-1:harlequin:none,Harlequin,9,0,,,,,,,,,,,,,archive_pdf,final_premiership_placings,Archive PDF title: Final Placings,
amnd-winter-2000-junior-1,norwood-netball-club,,archive:amnd-winter-2000:junior-1:norwood-netball-club:none,Newton Jaguars,10,0,,,,,,,,,,,,,archive_pdf,final_premiership_placings,Archive PDF title: Final Placings,
amnd-winter-2000-junior-2,tango-netball-club-inc,,archive:amnd-winter-2000:junior-2:tango-netball-club-inc:none,Tango,1,1,,,,,,,,,,,,,archive_pdf,final_premiership_placings,Archive PDF title: Final Placings,
amnd-winter-2000-junior-2,cheerio-netball-club,,archive:amnd-winter-2000:junior-2:cheerio-netball-club:none,Cheerio,2,1,,,,,,,,,,,,,archive_pdf,final_premiership_placings,Archive PDF title: Final Placings,
amnd-winter-2000-junior-2,garville,,archive:amnd-winter-2000:junior-2:garville:none,Garville,3,1,,,,,,,,,,,,,archive_pdf,final_premiership_placings,Archive PDF title: Final Placings,
amnd-winter-2000-junior-2,matrics,,archive:amnd-winter-2000:junior-2:matrics:none,Matrics,4,1,,,,,,,,,,,,,archive_pdf,final_premiership_placings,Archive PDF title: Final Placings,
amnd-winter-2000-junior-2,norwood-netball-club,,archive:amnd-winter-2000:junior-2:norwood-netball-club:none,Newton Jaguars,5,0,,,,,,,,,,,,,archive_pdf,final_premiership_placings,Archive PDF title: Final Placings,
amnd-winter-2000-junior-2,contax,,archive:amnd-winter-2000:junior-2:contax:none,Contax,6,0,,,,,,,,,,,,,archive_pdf,final_premiership_placings,Archive PDF title: Final Placings,
amnd-winter-2000-junior-2,adelaide-cougars,,archive:amnd-winter-2000:junior-2:adelaide-cougars:none,Adelaide Cougars,7,0,,,,,,,,,,,,,archive_pdf,final_premiership_placings,Archive PDF title: Final Placings,
amnd-winter-2000-junior-2,harlequin,,archive:amnd-winter-2000:junior-2:harlequin:none,Harlequin,8,0,,,,,,,,,,,,,archive_pdf,final_premiership_placings,Archive PDF title: Final Placings,
amnd-winter-2000-junior-2,oakdale-netball-club-sa,,archive:amnd-winter-2000:junior-2:oakdale-netball-club-sa:none,Oakdale,9,0,,,,,,,,,,,,,archive_pdf,final_premiership_placings,Archive PDF title: Final Placings,
amnd-winter-2000-junior-2,woods-panthers,,archive:amnd-winter-2000:junior-2:woods-panthers:none,Woods Panthers,10,0,,,,,,,,,,,,,archive_pdf,final_premiership_placings,Archive PDF title: Final Placings,
amnd-winter-2000-junior-3,garville,,archive:amnd-winter-2000:junior-3:garville:none,Garville,1,1,,,,,,,,,,,,,archive_pdf,final_premiership_placings,Archive PDF title: Final Placings,
amnd-winter-2000-junior-3,tango-netball-club-inc,,archive:amnd-winter-2000:junior-3:tango-netball-club-inc:none,Tango,2,1,,,,,,,,,,,,,archive_pdf,final_premiership_placings,Archive PDF title: Final Placings,
amnd-winter-2000-junior-3,brahma-united,,archive:amnd-winter-2000:junior-3:brahma-united:none,Brahma United,3,1,,,,,,,,,,,,,archive_pdf,final_premiership_placings,Archive PDF title: Final Placings,
amnd-winter-2000-junior-3,glandore,,archive:amnd-winter-2000:junior-3:glandore:none,Glandore,4,1,,,,,,,,,,,,,archive_pdf,final_premiership_placings,Archive PDF title: Final Placings,
amnd-winter-2000-junior-3,contax,,archive:amnd-winter-2000:junior-3:contax:none,Contax,5,0,,,,,,,,,,,,,archive_pdf,final_premiership_placings,Archive PDF title: Final Placings,
amnd-winter-2000-junior-3,oakdale-netball-club-sa,,archive:amnd-winter-2000:junior-3:oakdale-netball-club-sa:none,Oakdale,6,0,,,,,,,,,,,,,archive_pdf,final_premiership_placings,Archive PDF title: Final Placings,
amnd-winter-2000-junior-3,woods-panthers,,archive:amnd-winter-2000:junior-3:woods-panthers:none,Woods Panthers,7,0,,,,,,,,,,,,,archive_pdf,final_premiership_placings,Archive PDF title: Final Placings,
amnd-winter-2000-junior-3,cheerio-netball-club,,archive:amnd-winter-2000:junior-3:cheerio-netball-club:none,Cheerio,8,0,,,,,,,,,,,,,archive_pdf,final_premiership_placings,Archive PDF title: Final Placings,
amnd-winter-2000-junior-4,garville,,archive:amnd-winter-2000:junior-4:garville:none,Garville,1,1,,,,,,,,,,,,,archive_pdf,final_premiership_placings,Archive PDF title: Final Placings,
amnd-winter-2000-junior-4,norwood-netball-club,,archive:amnd-winter-2000:junior-4:norwood-netball-club:none,Newton Jaguars,2,1,,,,,,,,,,,,,archive_pdf,final_premiership_placings,Archive PDF title: Final Placings,
amnd-winter-2000-junior-4,adelaide-cougars,,archive:amnd-winter-2000:junior-4:adelaide-cougars:none,Adelaide Cougars,3,1,,,,,,,,,,,,,archive_pdf,final_premiership_placings,Archive PDF title: Final Placings,
amnd-winter-2000-junior-4,matrics,,archive:amnd-winter-2000:junior-4:matrics:none,Matrics,4,1,,,,,,,,,,,,,archive_pdf,final_premiership_placings,Archive PDF title: Final Placings,
amnd-winter-2000-junior-4,contax,,archive:amnd-winter-2000:junior-4:contax:none,Contax,5,0,,,,,,,,,,,,,archive_pdf,final_premiership_placings,Archive PDF title: Final Placings,
amnd-winter-2000-junior-4,cheerio-netball-club,,archive:amnd-winter-2000:junior-4:cheerio-netball-club:none,Cheerio,6,0,,,,,,,,,,,,,archive_pdf,final_premiership_placings,Archive PDF title: Final Placings,
amnd-winter-2000-junior-4,woods-panthers,,archive:amnd-winter-2000:junior-4:woods-panthers:none,Woods Panthers,7,0,,,,,,,,,,,,,archive_pdf,final_premiership_placings,Archive PDF title: Final Placings,
amnd-winter-2000-junior-4,harlequin,,archive:amnd-winter-2000:junior-4:harlequin:none,Harlequin,8,0,,,,,,,,,,,,,archive_pdf,final_premiership_placings,Archive PDF title: Final Placings,
amnd-winter-2000-junior-5,garville,,archive:amnd-winter-2000:junior-5:garville:none,Garville,1,1,,,,,,,,,,,,,archive_pdf,final_premiership_placings,Archive PDF title: Final Placings,
amnd-winter-2000-junior-5,contax,,archive:amnd-winter-2000:junior-5:contax:none,Contax,2,1,,,,,,,,,,,,,archive_pdf,final_premiership_placings,Archive PDF title: Final Placings,
amnd-winter-2000-junior-5,adelaide-cougars,,archive:amnd-winter-2000:junior-5:adelaide-cougars:none,Adelaide Cougars,3,1,,,,,,,,,,,,,archive_pdf,final_premiership_placings,Archive PDF title: Final Placings,
amnd-winter-2000-junior-5,glandore,,archive:amnd-winter-2000:junior-5:glandore:none,Glandore,4,1,,,,,,,,,,,,,archive_pdf,final_premiership_placings,Archive PDF title: Final Placings,
amnd-winter-2000-junior-5,matrics,,archive:amnd-winter-2000:junior-5:matrics:none,Matrics,5,0,,,,,,,,,,,,,archive_pdf,final_premiership_placings,Archive PDF title: Final Placings,
amnd-winter-2000-junior-5,oakdale-netball-club-sa,,archive:amnd-winter-2000:junior-5:oakdale-netball-club-sa:none,Oakdale,6,0,,,,,,,,,,,,,archive_pdf,final_premiership_placings,Archive PDF title: Final Placings,
amnd-winter-2000-junior-5,woods-panthers,,archive:amnd-winter-2000:junior-5:woods-panthers:none,Woods Panthers,7,0,,,,,,,,,,,,,archive_pdf,final_premiership_placings,Archive PDF title: Final Placings,
amnd-winter-2000-junior-5,tango-netball-club-inc,,archive:amnd-winter-2000:junior-5:tango-netball-club-inc:none,Tango,8,0,,,,,,,,,,,,,archive_pdf,final_premiership_placings,Archive PDF title: Final Placings,
amnd-winter-2000-junior-6,hallett-cove,,archive:amnd-winter-2000:junior-6:hallett-cove:none,Hallett Cove,1,1,,,,,,,,,,,,,archive_pdf,final_premiership_placings,Archive PDF title: Final Placings,
amnd-winter-2000-junior-6,garville,2,archive:amnd-winter-2000:junior-6:garville:2,Garville,2,1,,,,,,,,,,,,,archive_pdf,final_premiership_placings,Archive PDF title: Final Placings,
amnd-winter-2000-junior-6,norwood-netball-club,,archive:amnd-winter-2000:junior-6:norwood-netball-club:none,Newton Jaguars,3,1,,,,,,,,,,,,,archive_pdf,final_premiership_placings,Archive PDF title: Final Placings,
amnd-winter-2000-junior-6,matrics,,archive:amnd-winter-2000:junior-6:matrics:none,Matrics,4,1,,,,,,,,,,,,,archive_pdf,final_premiership_placings,Archive PDF title: Final Placings,
amnd-winter-2000-junior-6,adelaide-cougars,,archive:amnd-winter-2000:junior-6:adelaide-cougars:none,Adelaide Cougars,5,0,,,,,,,,,,,,,archive_pdf,final_premiership_placings,Archive PDF title: Final Placings,
amnd-winter-2000-junior-6,woods-panthers,,archive:amnd-winter-2000:junior-6:woods-panthers:none,Woods Panthers,6,0,,,,,,,,,,,,,archive_pdf,final_premiership_placings,Archive PDF title: Final Placings,
amnd-winter-2000-junior-6,garville,1,archive:amnd-winter-2000:junior-6:garville:1,Garville,7,0,,,,,,,,,,,,,archive_pdf,final_premiership_placings,Archive PDF title: Final Placings,
amnd-winter-2000-junior-6,cheerio-netball-club,,archive:amnd-winter-2000:junior-6:cheerio-netball-club:none,Cheerio,8,0,,,,,,,,,,,,,archive_pdf,final_premiership_placings,Archive PDF title: Final Placings,
amnd-winter-2000-junior-7,metro-magic,,archive:amnd-winter-2000:junior-7:metro-magic:none,Metro Magic,1,1,,,,,,,,,,,,,archive_pdf,final_premiership_placings,Archive PDF title: Final Placings,
amnd-winter-2000-junior-7,oakdale-netball-club-sa,,archive:amnd-winter-2000:junior-7:oakdale-netball-club-sa:none,Oakdale,2,1,,,,,,,,,,,,,archive_pdf,final_premiership_placings,Archive PDF title: Final Placings,
amnd-winter-2000-junior-7,garville,,archive:amnd-winter-2000:junior-7:garville:none,Garville,3,1,,,,,,,,,,,,,archive_pdf,final_premiership_placings,Archive PDF title: Final Placings,
amnd-winter-2000-junior-7,clovelly-park,,archive:amnd-winter-2000:junior-7:clovelly-park:none,Clovelly Park,4,1,,,,,,,,,,,,,archive_pdf,final_premiership_placings,Archive PDF title: Final Placings,
amnd-winter-2000-junior-7,woods-panthers,,archive:amnd-winter-2000:junior-7:woods-panthers:none,Woods Panthers,5,0,,,,,,,,,,,,,archive_pdf,final_premiership_placings,Archive PDF title: Final Placings,
amnd-winter-2000-junior-7,glandore,,archive:amnd-winter-2000:junior-7:glandore:none,Glandore,6,0,,,,,,,,,,,,,archive_pdf,final_premiership_placings,Archive PDF title: Final Placings,
amnd-winter-2000-primary-1,matrics,,archive:amnd-winter-2000:primary-1:matrics:none,Matrics,1,1,,,,,,,,,,,,,archive_pdf,final_premiership_placings,Archive PDF title: Final Placings,
amnd-winter-2000-primary-1,contax,,archive:amnd-winter-2000:primary-1:contax:none,Contax,2,1,,,,,,,,,,,,,archive_pdf,final_premiership_placings,Archive PDF title: Final Placings,
amnd-winter-2000-primary-1,harlequin,,archive:amnd-winter-2000:primary-1:harlequin:none,Harlequin,3,1,,,,,,,,,,,,,archive_pdf,final_premiership_placings,Archive PDF title: Final Placings,
amnd-winter-2000-primary-1,oakdale-netball-club-sa,,archive:amnd-winter-2000:primary-1:oakdale-netball-club-sa:none,Oakdale,4,1,,,,,,,,,,,,,archive_pdf,final_premiership_placings,Archive PDF title: Final Placings,
amnd-winter-2000-primary-1,cheerio-netball-club,,archive:amnd-winter-2000:primary-1:cheerio-netball-club:none,Cheerio,5,0,,,,,,,,,,,,,archive_pdf,final_premiership_placings,Archive PDF title: Final Placings,
amnd-winter-2000-primary-1,woods-panthers,,archive:amnd-winter-2000:primary-1:woods-panthers:none,Woods Panthers,6,0,,,,,,,,,,,,,archive_pdf,final_premiership_placings,Archive PDF title: Final Placings,
amnd-winter-2000-primary-1,adelaide-cougars,,archive:amnd-winter-2000:primary-1:adelaide-cougars:none,Adelaide Cougars,7,0,,,,,,,,,,,,,archive_pdf,final_premiership_placings,Archive PDF title: Final Placings,
amnd-winter-2000-primary-1,norwood-netball-club,,archive:amnd-winter-2000:primary-1:norwood-netball-club:none,Newton Jaguars,8,0,,,,,,,,,,,,,archive_pdf,final_premiership_placings,Archive PDF title: Final Placings,
amnd-winter-2000-primary-2,garville,1,archive:amnd-winter-2000:primary-2:garville:1,Garville,1,1,,,,,,,,,,,,,archive_pdf,final_premiership_placings,Archive PDF title: Final Placings,
amnd-winter-2000-primary-2,contax,,archive:amnd-winter-2000:primary-2:contax:none,Contax,2,1,,,,,,,,,,,,,archive_pdf,final_premiership_placings,Archive PDF title: Final Placings,
amnd-winter-2000-primary-2,meadows,,archive:amnd-winter-2000:primary-2:meadows:none,Meadows,3,1,,,,,,,,,,,,,archive_pdf,final_premiership_placings,Archive PDF title: Final Placings,
amnd-winter-2000-primary-2,cheerio-netball-club,,archive:amnd-winter-2000:primary-2:cheerio-netball-club:none,Cheerio,4,1,,,,,,,,,,,,,archive_pdf,final_premiership_placings,Archive PDF title: Final Placings,
amnd-winter-2000-primary-2,woods-panthers,,archive:amnd-winter-2000:primary-2:woods-panthers:none,Woods Panthers,5,0,,,,,,,,,,,,,archive_pdf,final_premiership_placings,Archive PDF title: Final Placings,
amnd-winter-2000-primary-2,garville,2,archive:amnd-winter-2000:primary-2:garville:2,Garville,6,0,,,,,,,,,,,,,archive_pdf,final_premiership_placings,Archive PDF title: Final Placings,
amnd-winter-2000-primary-2,tango-netball-club-inc,,archive:amnd-winter-2000:primary-2:tango-netball-club-inc:none,Tango,7,0,,,,,,,,,,,,,archive_pdf,final_premiership_placings,Archive PDF title: Final Placings,
amnd-winter-2000-primary-2,norwood-netball-club,,archive:amnd-winter-2000:primary-2:norwood-netball-club:none,Newton Jaguars,8,0,,,,,,,,,,,,,archive_pdf,final_premiership_placings,Archive PDF title: Final Placings,
amnd-winter-2000-primary-3,adelaide-cougars,,archive:amnd-winter-2000:primary-3:adelaide-cougars:none,Adelaide Cougars,1,1,,,,,,,,,,,,,archive_pdf,final_premiership_placings,Archive PDF title: Final Placings,
amnd-winter-2000-primary-3,oakdale-netball-club-sa,,archive:amnd-winter-2000:primary-3:oakdale-netball-club-sa:none,Oakdale,2,1,,,,,,,,,,,,,archive_pdf,final_premiership_placings,Archive PDF title: Final Placings,
amnd-winter-2000-primary-3,contax,,archive:amnd-winter-2000:primary-3:contax:none,Contax,3,1,,,,,,,,,,,,,archive_pdf,final_premiership_placings,Archive PDF title: Final Placings,
amnd-winter-2000-primary-3,woods-panthers,,archive:amnd-winter-2000:primary-3:woods-panthers:none,Woods Panthers,4,1,,,,,,,,,,,,,archive_pdf,final_premiership_placings,Archive PDF title: Final Placings,
amnd-winter-2000-primary-3,norwood-netball-club,,archive:amnd-winter-2000:primary-3:norwood-netball-club:none,Newton Jaguars,5,0,,,,,,,,,,,,,archive_pdf,final_premiership_placings,Archive PDF title: Final Placings,
amnd-winter-2000-primary-3,tango-netball-club-inc,,archive:amnd-winter-2000:primary-3:tango-netball-club-inc:none,Tango,6,0,,,,,,,,,,,,,archive_pdf,final_premiership_placings,Archive PDF title: Final Placings,
amnd-winter-2000-primary-3,garville,,archive:amnd-winter-2000:primary-3:garville:none,Garville,7,0,,,,,,,,,,,,,archive_pdf,final_premiership_placings,Archive PDF title: Final Placings,
amnd-winter-2000-primary-3,matrics,,archive:amnd-winter-2000:primary-3:matrics:none,Matrics,8,0,,,,,,,,,,,,,archive_pdf,final_premiership_placings,Archive PDF title: Final Placings,
amnd-winter-2000-primary-4,adelaide-cougars,,archive:amnd-winter-2000:primary-4:adelaide-cougars:none,Adelaide Cougars,1,1,,,,,,,,,,,,,archive_pdf,final_premiership_placings,Archive PDF title: Final Placings,
amnd-winter-2000-primary-4,contax,,archive:amnd-winter-2000:primary-4:contax:none,Contax,2,1,,,,,,,,,,,,,archive_pdf,final_premiership_placings,Archive PDF title: Final Placings,
amnd-winter-2000-primary-4,woods-panthers,1,archive:amnd-winter-2000:primary-4:woods-panthers:1,Woods Panthers,3,1,,,,,,,,,,,,,archive_pdf,final_premiership_placings,Archive PDF title: Final Placings,
amnd-winter-2000-primary-4,norwood-netball-club,,archive:amnd-winter-2000:primary-4:norwood-netball-club:none,Newton Jaguars,4,1,,,,,,,,,,,,,archive_pdf,final_premiership_placings,Archive PDF title: Final Placings,
amnd-winter-2000-primary-4,oakdale-netball-club-sa,,archive:amnd-winter-2000:primary-4:oakdale-netball-club-sa:none,Oakdale,5,0,,,,,,,,,,,,,archive_pdf,final_premiership_placings,Archive PDF title: Final Placings,
amnd-winter-2000-primary-4,woods-panthers,2,archive:amnd-winter-2000:primary-4:woods-panthers:2,Woods Panthers,6,0,,,,,,,,,,,,,archive_pdf,final_premiership_placings,Archive PDF title: Final Placings,
amnd-winter-2000-primary-4,cheerio-netball-club,,archive:amnd-winter-2000:primary-4:cheerio-netball-club:none,Cheerio,7,0,,,,,,,,,,,,,archive_pdf,final_premiership_placings,Archive PDF title: Final Placings,
amnd-winter-2000-primary-4,garville,,archive:amnd-winter-2000:primary-4:garville:none,Garville,8,0,,,,,,,,,,,,,archive_pdf,final_premiership_placings,Archive PDF title: Final Placings,
amnd-winter-2000-sub-junior-1,harlequin,,archive:amnd-winter-2000:sub-junior-1:harlequin:none,Harlequin,1,1,,,,,,,,,,,,,archive_pdf,final_premiership_placings,Archive PDF title: Final Placings,
amnd-winter-2000-sub-junior-1,matrics,,archive:amnd-winter-2000:sub-junior-1:matrics:none,Matrics,2,1,,,,,,,,,,,,,archive_pdf,final_premiership_placings,Archive PDF title: Final Placings,
amnd-winter-2000-sub-junior-1,tango-netball-club-inc,,archive:amnd-winter-2000:sub-junior-1:tango-netball-club-inc:none,Tango,3,1,,,,,,,,,,,,,archive_pdf,final_premiership_placings,Archive PDF title: Final Placings,
amnd-winter-2000-sub-junior-1,adelaide-cougars,,archive:amnd-winter-2000:sub-junior-1:adelaide-cougars:none,Adelaide Cougars,4,1,,,,,,,,,,,,,archive_pdf,final_premiership_placings,Archive PDF title: Final Placings,
amnd-winter-2000-sub-junior-1,garville,,archive:amnd-winter-2000:sub-junior-1:garville:none,Garville,5,0,,,,,,,,,,,,,archive_pdf,final_premiership_placings,Archive PDF title: Final Placings,
amnd-winter-2000-sub-junior-1,woods-panthers,,archive:amnd-winter-2000:sub-junior-1:woods-panthers:none,Woods Panthers,6,0,,,,,,,,,,,,,archive_pdf,final_premiership_placings,Archive PDF title: Final Placings,
amnd-winter-2000-sub-junior-1,contax,,archive:amnd-winter-2000:sub-junior-1:contax:none,Contax,7,0,,,,,,,,,,,,,archive_pdf,final_premiership_placings,Archive PDF title: Final Placings,
amnd-winter-2000-sub-junior-1,oakdale-netball-club-sa,,archive:amnd-winter-2000:sub-junior-1:oakdale-netball-club-sa:none,Oakdale,8,0,,,,,,,,,,,,,archive_pdf,final_premiership_placings,Archive PDF title: Final Placings,
amnd-winter-2000-sub-junior-2,garville,,archive:amnd-winter-2000:sub-junior-2:garville:none,Garville,1,1,,,,,,,,,,,,,archive_pdf,final_premiership_placings,Archive PDF title: Final Placings,
amnd-winter-2000-sub-junior-2,matrics,,archive:amnd-winter-2000:sub-junior-2:matrics:none,Matrics,2,1,,,,,,,,,,,,,archive_pdf,final_premiership_placings,Archive PDF title: Final Placings,
amnd-winter-2000-sub-junior-2,norwood-netball-club,,archive:amnd-winter-2000:sub-junior-2:norwood-netball-club:none,Newton Jaguars,3,1,,,,,,,,,,,,,archive_pdf,final_premiership_placings,Archive PDF title: Final Placings,
amnd-winter-2000-sub-junior-2,contax,,archive:amnd-winter-2000:sub-junior-2:contax:none,Contax,4,1,,,,,,,,,,,,,archive_pdf,final_premiership_placings,Archive PDF title: Final Placings,
amnd-winter-2000-sub-junior-2,cheerio-netball-club,,archive:amnd-winter-2000:sub-junior-2:cheerio-netball-club:none,Cheerio,5,0,,,,,,,,,,,,,archive_pdf,final_premiership_placings,Archive PDF title: Final Placings,
amnd-winter-2000-sub-junior-2,adelaide-cougars,,archive:amnd-winter-2000:sub-junior-2:adelaide-cougars:none,Adelaide Cougars,6,0,,,,,,,,,,,,,archive_pdf,final_premiership_placings,Archive PDF title: Final Placings,
amnd-winter-2000-sub-junior-2,woods-panthers,,archive:amnd-winter-2000:sub-junior-2:woods-panthers:none,Woods Panthers,7,0,,,,,,,,,,,,,archive_pdf,final_premiership_placings,Archive PDF title: Final Placings,
amnd-winter-2000-sub-junior-2,tango-netball-club-inc,,archive:amnd-winter-2000:sub-junior-2:tango-netball-club-inc:none,Tango,8,0,,,,,,,,,,,,,archive_pdf,final_premiership_placings,Archive PDF title: Final Placings,
amnd-winter-2000-sub-junior-3,harlequin,1,archive:amnd-winter-2000:sub-junior-3:harlequin:1,Harlequin,1,1,,,,,,,,,,,,,archive_pdf,final_premiership_placings,Archive PDF title: Final Placings,
amnd-winter-2000-sub-junior-3,norwood-netball-club,,archive:amnd-winter-2000:sub-junior-3:norwood-netball-club:none,Newton Jaguars,2,1,,,,,,,,,,,,,archive_pdf,final_premiership_placings,Archive PDF title: Final Placings,
amnd-winter-2000-sub-junior-3,contax,,archive:amnd-winter-2000:sub-junior-3:contax:none,Contax,3,1,,,,,,,,,,,,,archive_pdf,final_premiership_placings,Archive PDF title: Final Placings,
amnd-winter-2000-sub-junior-3,garville,,archive:amnd-winter-2000:sub-junior-3:garville:none,Garville,4,1,,,,,,,,,,,,,archive_pdf,final_premiership_placings,Archive PDF title: Final Placings,
amnd-winter-2000-sub-junior-3,matrics,,archive:amnd-winter-2000:sub-junior-3:matrics:none,Matrics,5,0,,,,,,,,,,,,,archive_pdf,final_premiership_placings,Archive PDF title: Final Placings,
amnd-winter-2000-sub-junior-3,harlequin,2,archive:amnd-winter-2000:sub-junior-3:harlequin:2,Harlequin,6,0,,,,,,,,,,,,,archive_pdf,final_premiership_placings,Archive PDF title: Final Placings,
amnd-winter-2000-sub-junior-3,cheerio-netball-club,,archive:amnd-winter-2000:sub-junior-3:cheerio-netball-club:none,Cheerio,7,0,,,,,,,,,,,,,archive_pdf,final_premiership_placings,Archive PDF title: Final Placings,
amnd-winter-2000-sub-junior-3,woods-panthers,,archive:amnd-winter-2000:sub-junior-3:woods-panthers:none,Woods Panthers,8,0,,,,,,,,,,,,,archive_pdf,final_premiership_placings,Archive PDF title: Final Placings,
amnd-winter-2000-sub-junior-4,norwood-netball-club,,archive:amnd-winter-2000:sub-junior-4:norwood-netball-club:none,Newton Jaguars,1,1,,,,,,,,,,,,,archive_pdf,final_premiership_placings,Archive PDF title: Final Placings,
amnd-winter-2000-sub-junior-4,woods-panthers,,archive:amnd-winter-2000:sub-junior-4:woods-panthers:none,Woods Panthers,2,1,,,,,,,,,,,,,archive_pdf,final_premiership_placings,Archive PDF title: Final Placings,
amnd-winter-2000-sub-junior-4,hallett-cove,,archive:amnd-winter-2000:sub-junior-4:hallett-cove:none,Hallett Cove,3,1,,,,,,,,,,,,,archive_pdf,final_premiership_placings,Archive PDF title: Final Placings,
amnd-winter-2000-sub-junior-4,garville,,archive:amnd-winter-2000:sub-junior-4:garville:none,Garville,4,1,,,,,,,,,,,,,archive_pdf,final_premiership_placings,Archive PDF title: Final Placings,
amnd-winter-2000-sub-junior-4,contax,,archive:amnd-winter-2000:sub-junior-4:contax:none,Contax,5,0,,,,,,,,,,,,,archive_pdf,final_premiership_placings,Archive PDF title: Final Placings,
amnd-winter-2000-sub-junior-4,matrics,,archive:amnd-winter-2000:sub-junior-4:matrics:none,Matrics,6,0,,,,,,,,,,,,,archive_pdf,final_premiership_placings,Archive PDF title: Final Placings,
amnd-winter-2000-sub-junior-4,oakdale-netball-club-sa,,archive:amnd-winter-2000:sub-junior-4:oakdale-netball-club-sa:none,Oakdale,7,0,,,,,,,,,,,,,archive_pdf,final_premiership_placings,Archive PDF title: Final Placings,
amnd-winter-2000-sub-junior-4,adelaide-cougars,,archive:amnd-winter-2000:sub-junior-4:adelaide-cougars:none,Adelaide Cougars,8,0,,,,,,,,,,,,,archive_pdf,final_premiership_placings,Archive PDF title: Final Placings,
amnd-winter-2000-sub-junior-5,tango-netball-club-inc,,archive:amnd-winter-2000:sub-junior-5:tango-netball-club-inc:none,Tango,1,1,,,,,,,,,,,,,archive_pdf,final_premiership_placings,Archive PDF title: Final Placings,
amnd-winter-2000-sub-junior-5,garville,,archive:amnd-winter-2000:sub-junior-5:garville:none,Garville,2,1,,,,,,,,,,,,,archive_pdf,final_premiership_placings,Archive PDF title: Final Placings,
amnd-winter-2000-sub-junior-5,norwood-netball-club,,archive:amnd-winter-2000:sub-junior-5:norwood-netball-club:none,Newton Jaguars,3,1,,,,,,,,,,,,,archive_pdf,final_premiership_placings,Archive PDF title: Final Placings,
amnd-winter-2000-sub-junior-5,cheerio-netball-club,,archive:amnd-winter-2000:sub-junior-5:cheerio-netball-club:none,Cheerio,4,1,,,,,,,,,,,,,archive_pdf,final_premiership_placings,Archive PDF title: Final Placings,
amnd-winter-2000-sub-junior-5,contax,,archive:amnd-winter-2000:sub-junior-5:contax:none,Contax,5,0,,,,,,,,,,,,,archive_pdf,final_premiership_placings,Archive PDF title: Final Placings,
amnd-winter-2000-sub-junior-5,adelaide-cougars,,archive:amnd-winter-2000:sub-junior-5:adelaide-cougars:none,Adelaide Cougars,6,0,,,,,,,,,,,,,archive_pdf,final_premiership_placings,Archive PDF title: Final Placings,
amnd-winter-2000-sub-junior-5,oakdale-netball-club-sa,,archive:amnd-winter-2000:sub-junior-5:oakdale-netball-club-sa:none,Oakdale,7,0,,,,,,,,,,,,,archive_pdf,final_premiership_placings,Archive PDF title: Final Placings,
amnd-winter-2000-sub-junior-5,woods-panthers,,archive:amnd-winter-2000:sub-junior-5:woods-panthers:none,Woods Panthers,8,0,,,,,,,,,,,,,archive_pdf,final_premiership_placings,Archive PDF title: Final Placings,
amnd-winter-2000-sub-junior-6,contax,,archive:amnd-winter-2000:sub-junior-6:contax:none,Contax,1,1,,,,,,,,,,,,,archive_pdf,final_premiership_placings,Archive PDF title: Final Placings,
amnd-winter-2000-sub-junior-6,garville,,archive:amnd-winter-2000:sub-junior-6:garville:none,Garville,2,1,,,,,,,,,,,,,archive_pdf,final_premiership_placings,Archive PDF title: Final Placings,
amnd-winter-2000-sub-junior-6,norwood-netball-club,,archive:amnd-winter-2000:sub-junior-6:norwood-netball-club:none,Newton Jaguars,3,1,,,,,,,,,,,,,archive_pdf,final_premiership_placings,Archive PDF title: Final Placings,
amnd-winter-2000-sub-junior-6,metro-magic,,archive:amnd-winter-2000:sub-junior-6:metro-magic:none,Metro Magic,4,1,,,,,,,,,,,,,archive_pdf,final_premiership_placings,Archive PDF title: Final Placings,
amnd-winter-2000-sub-junior-6,matrics,,archive:amnd-winter-2000:sub-junior-6:matrics:none,Matrics,5,0,,,,,,,,,,,,,archive_pdf,final_premiership_placings,Archive PDF title: Final Placings,
amnd-winter-2000-sub-junior-6,woods-panthers,1,archive:amnd-winter-2000:sub-junior-6:woods-panthers:1,Woods Panthers,6,0,,,,,,,,,,,,,archive_pdf,final_premiership_placings,Archive PDF title: Final Placings,
amnd-winter-2000-sub-junior-6,tango-netball-club-inc,,archive:amnd-winter-2000:sub-junior-6:tango-netball-club-inc:none,Tango,7,0,,,,,,,,,,,,,archive_pdf,final_premiership_placings,Archive PDF title: Final Placings,
amnd-winter-2000-sub-junior-6,woods-panthers,2,archive:amnd-winter-2000:sub-junior-6:woods-panthers:2,Woods Panthers,8,0,,,,,,,,,,,,,archive_pdf,final_premiership_placings,Archive PDF title: Final Placings,
amnd-winter-2000-sub-junior-7,glandore,,archive:amnd-winter-2000:sub-junior-7:glandore:none,Glandore,1,1,,,,,,,,,,,,,archive_pdf,final_premiership_placings,Archive PDF title: Final Placings,
amnd-winter-2000-sub-junior-7,clovelly-park,,archive:amnd-winter-2000:sub-junior-7:clovelly-park:none,Clovelly Park,2,1,,,,,,,,,,,,,archive_pdf,final_premiership_placings,Archive PDF title: Final Placings,
amnd-winter-2000-sub-junior-7,metro-magic,,archive:amnd-winter-2000:sub-junior-7:metro-magic:none,Metro Magic,3,1,,,,,,,,,,,,,archive_pdf,final_premiership_placings,Archive PDF title: Final Placings,
amnd-winter-2000-sub-junior-7,garville,,archive:amnd-winter-2000:sub-junior-7:garville:none,Garville,4,1,,,,,,,,,,,,,archive_pdf,final_premiership_placings,Archive PDF title: Final Placings,
amnd-winter-2000-sub-junior-7,cheerio-netball-club,,archive:amnd-winter-2000:sub-junior-7:cheerio-netball-club:none,Cheerio,5,0,,,,,,,,,,,,,archive_pdf,final_premiership_placings,Archive PDF title: Final Placings,
amnd-winter-2000-sub-junior-7,woods-panthers,,archive:amnd-winter-2000:sub-junior-7:woods-panthers:none,Woods Panthers,6,0,,,,,,,,,,,,,archive_pdf,final_premiership_placings,Archive PDF title: Final Placings,
amnd-winter-2001-amnd-league,oakdale-netball-club-sa,,archive:amnd-winter-2001:amnd-league:oakdale-netball-club-sa:none,Oakdale,1,1,,,,,,,,,,,,,archive_pdf,final_premiership_placings,Archive PDF title: Final Placings,
amnd-winter-2001-amnd-league,contax,,archive:amnd-winter-2001:amnd-league:contax:none,Contax,2,1,,,,,,,,,,,,,archive_pdf,final_premiership_placings,Archive PDF title: Final Placings,
amnd-winter-2001-amnd-league,tango-netball-club-inc,,archive:amnd-winter-2001:amnd-league:tango-netball-club-inc:none,Tango,3,1,,,,,,,,,,,,,archive_pdf,final_premiership_placings,Archive PDF title: Final Placings,
amnd-winter-2001-amnd-league,woods-panthers,,archive:amnd-winter-2001:amnd-league:woods-panthers:none,Woods Panthers,4,1,,,,,,,,,,,,,archive_pdf,final_premiership_placings,Archive PDF title: Final Placings,
amnd-winter-2001-amnd-league,matrics,,archive:amnd-winter-2001:amnd-league:matrics:none,Matrics,5,0,,,,,,,,,,,,,archive_pdf,final_premiership_placings,Archive PDF title: Final Placings,
amnd-winter-2001-amnd-league,cheerio-netball-club,,archive:amnd-winter-2001:amnd-league:cheerio-netball-club:none,Cheerio,6,0,,,,,,,,,,,,,archive_pdf,final_premiership_placings,Archive PDF title: Final Placings,
amnd-winter-2001-amnd-league,norwood-netball-club,,archive:amnd-winter-2001:amnd-league:norwood-netball-club:none,Newton Jaguars,7,0,,,,,,,,,,,,,archive_pdf,final_premiership_placings,Archive PDF title: Final Placings,
amnd-winter-2001-amnd-league,harlequin,,archive:amnd-winter-2001:amnd-league:harlequin:none,Harlequin,8,0,,,,,,,,,,,,,archive_pdf,final_premiership_placings,Archive PDF title: Final Placings,
amnd-winter-2001-amnd-league,garville,,archive:amnd-winter-2001:amnd-league:garville:none,Garville,9,0,,,,,,,,,,,,,archive_pdf,final_premiership_placings,Archive PDF title: Final Placings,
amnd-winter-2001-amnd-league,adelaide-cougars,,archive:amnd-winter-2001:amnd-league:adelaide-cougars:none,Adelaide Cougars,10,0,,,,,,,,,,,,,archive_pdf,final_premiership_placings,Archive PDF title: Final Placings,
amnd-winter-2001-a-grade,glandore,,archive:amnd-winter-2001:a-grade:glandore:none,Glandore,1,1,,,,,,,,,,,,,archive_pdf,final_premiership_placings,Archive PDF title: Final Placings,
amnd-winter-2001-a-grade,contax,,archive:amnd-winter-2001:a-grade:contax:none,Contax,2,1,,,,,,,,,,,,,archive_pdf,final_premiership_placings,Archive PDF title: Final Placings,
amnd-winter-2001-a-grade,oakdale-netball-club-sa,,archive:amnd-winter-2001:a-grade:oakdale-netball-club-sa:none,Oakdale,3,1,,,,,,,,,,,,,archive_pdf,final_premiership_placings,Archive PDF title: Final Placings,
amnd-winter-2001-a-grade,cheerio-netball-club,,archive:amnd-winter-2001:a-grade:cheerio-netball-club:none,Cheerio,4,1,,,,,,,,,,,,,archive_pdf,final_premiership_placings,Archive PDF title: Final Placings,
amnd-winter-2001-a-grade,garville,,archive:amnd-winter-2001:a-grade:garville:none,Garville,5,0,,,,,,,,,,,,,archive_pdf,final_premiership_placings,Archive PDF title: Final Placings,
amnd-winter-2001-a-grade,woods-panthers,,archive:amnd-winter-2001:a-grade:woods-panthers:none,Woods Panthers,6,0,,,,,,,,,,,,,archive_pdf,final_premiership_placings,Archive PDF title: Final Placings,
amnd-winter-2001-a-grade,tango-netball-club-inc,,archive:amnd-winter-2001:a-grade:tango-netball-club-inc:none,Tango,7,0,,,,,,,,,,,,,archive_pdf,final_premiership_placings,Archive PDF title: Final Placings,
amnd-winter-2001-a-grade,adelaide-cougars,,archive:amnd-winter-2001:a-grade:adelaide-cougars:none,Adelaide Cougars,8,0,,,,,,,,,,,,,archive_pdf,final_premiership_placings,Archive PDF title: Final Placings,
amnd-winter-2001-a-grade,norwood-netball-club,,archive:amnd-winter-2001:a-grade:norwood-netball-club:none,Newton Jaguars,9,0,,,,,,,,,,,,,archive_pdf,final_premiership_placings,Archive PDF title: Final Placings,
amnd-winter-2001-a-grade,matrics,,archive:amnd-winter-2001:a-grade:matrics:none,Matrics,10,0,,,,,,,,,,,,,archive_pdf,final_premiership_placings,Archive PDF title: Final Placings,
amnd-winter-2001-b-1,garville,,archive:amnd-winter-2001:b-1:garville:none,Garville,1,1,,,,,,,,,,,,,archive_pdf,final_premiership_placings,Archive PDF title: Final Placings,
amnd-winter-2001-b-1,harlequin,,archive:amnd-winter-2001:b-1:harlequin:none,Harlequin,2,1,,,,,,,,,,,,,archive_pdf,final_premiership_placings,Archive PDF title: Final Placings,
amnd-winter-2001-b-1,pembroke-o-s,,archive:amnd-winter-2001:b-1:pembroke-o-s:none,Pembroke,3,1,,,,,,,,,,,,,archive_pdf,final_premiership_placings,Archive PDF title: Final Placings,
amnd-winter-2001-b-1,cheerio-netball-club,,archive:amnd-winter-2001:b-1:cheerio-netball-club:none,Cheerio,4,1,,,,,,,,,,,,,archive_pdf,final_premiership_placings,Archive PDF title: Final Placings,
amnd-winter-2001-b-1,contax,,archive:amnd-winter-2001:b-1:contax:none,Contax,5,0,,,,,,,,,,,,,archive_pdf,final_premiership_placings,Archive PDF title: Final Placings,
amnd-winter-2001-b-1,tango-netball-club-inc,,archive:amnd-winter-2001:b-1:tango-netball-club-inc:none,Tango,6,0,,,,,,,,,,,,,archive_pdf,final_premiership_placings,Archive PDF title: Final Placings,
amnd-winter-2001-b-1,adelaide-cougars,,archive:amnd-winter-2001:b-1:adelaide-cougars:none,Adelaide Cougars,7,0,,,,,,,,,,,,,archive_pdf,final_premiership_placings,Archive PDF title: Final Placings,
amnd-winter-2001-b-1,oakdale-netball-club-sa,,archive:amnd-winter-2001:b-1:oakdale-netball-club-sa:none,Oakdale,8,0,,,,,,,,,,,,,archive_pdf,final_premiership_placings,Archive PDF title: Final Placings,
amnd-winter-2001-b-1,metro-magic,,archive:amnd-winter-2001:b-1:metro-magic:none,Metro Magic,9,0,,,,,,,,,,,,,archive_pdf,final_premiership_placings,Archive PDF title: Final Placings,
amnd-winter-2001-b-1,woods-panthers,,archive:amnd-winter-2001:b-1:woods-panthers:none,Woods Panthers,10,0,,,,,,,,,,,,,archive_pdf,final_premiership_placings,Archive PDF title: Final Placings,
amnd-winter-2001-b-2,contax,,archive:amnd-winter-2001:b-2:contax:none,Contax,1,1,,,,,,,,,,,,,archive_pdf,final_premiership_placings,Archive PDF title: Final Placings,
amnd-winter-2001-b-2,adelaide-cougars,,archive:amnd-winter-2001:b-2:adelaide-cougars:none,Adelaide Cougars,2,1,,,,,,,,,,,,,archive_pdf,final_premiership_placings,Archive PDF title: Final Placings,
amnd-winter-2001-b-2,adelaide-university,,archive:amnd-winter-2001:b-2:adelaide-university:none,Adelaide Uni.,3,1,,,,,,,,,,,,,archive_pdf,final_premiership_placings,Archive PDF title: Final Placings,
amnd-winter-2001-b-2,harlequin,,archive:amnd-winter-2001:b-2:harlequin:none,Harlequin,4,1,,,,,,,,,,,,,archive_pdf,final_premiership_placings,Archive PDF title: Final Placings,
amnd-winter-2001-b-2,city-coasters,,archive:amnd-winter-2001:b-2:city-coasters:none,City Coasters,5,0,,,,,,,,,,,,,archive_pdf,final_premiership_placings,Archive PDF title: Final Placings,
amnd-winter-2001-b-2,garville,,archive:amnd-winter-2001:b-2:garville:none,Garville,6,0,,,,,,,,,,,,,archive_pdf,final_premiership_placings,Archive PDF title: Final Placings,
amnd-winter-2001-b-2,cheerio-netball-club,,archive:amnd-winter-2001:b-2:cheerio-netball-club:none,Cheerio,7,0,,,,,,,,,,,,,archive_pdf,final_premiership_placings,Archive PDF title: Final Placings,
amnd-winter-2001-b-2,matrics,,archive:amnd-winter-2001:b-2:matrics:none,Matrics,8,0,,,,,,,,,,,,,archive_pdf,final_premiership_placings,Archive PDF title: Final Placings,
amnd-winter-2001-b-2,oakdale-netball-club-sa,,archive:amnd-winter-2001:b-2:oakdale-netball-club-sa:none,Oakdale,9,0,,,,,,,,,,,,,archive_pdf,final_premiership_placings,Archive PDF title: Final Placings,
amnd-winter-2001-b-2,norwood-netball-club,,archive:amnd-winter-2001:b-2:norwood-netball-club:none,Newton Jaguars,10,0,,,,,,,,,,,,,archive_pdf,final_premiership_placings,Archive PDF title: Final Placings,
amnd-winter-2001-b-3,metro-magic,,archive:amnd-winter-2001:b-3:metro-magic:none,Metro Magic,1,1,,,,,,,,,,,,,archive_pdf,final_premiership_placings,Archive PDF title: Final Placings,
amnd-winter-2001-b-3,contax,,archive:amnd-winter-2001:b-3:contax:none,Contax,2,1,,,,,,,,,,,,,archive_pdf,final_premiership_placings,Archive PDF title: Final Placings,
amnd-winter-2001-b-3,clovelly-park,,archive:amnd-winter-2001:b-3:clovelly-park:none,Clovelly Park,3,1,,,,,,,,,,,,,archive_pdf,final_premiership_placings,Archive PDF title: Final Placings,
amnd-winter-2001-b-3,adelaide-cougars,,archive:amnd-winter-2001:b-3:adelaide-cougars:none,Adelaide Cougars,4,1,,,,,,,,,,,,,archive_pdf,final_premiership_placings,Archive PDF title: Final Placings,
amnd-winter-2001-b-3,pembroke-o-s,,archive:amnd-winter-2001:b-3:pembroke-o-s:none,Pembroke,5,0,,,,,,,,,,,,,archive_pdf,final_premiership_placings,Archive PDF title: Final Placings,
amnd-winter-2001-b-3,matrics,,archive:amnd-winter-2001:b-3:matrics:none,Matrics,6,0,,,,,,,,,,,,,archive_pdf,final_premiership_placings,Archive PDF title: Final Placings,
amnd-winter-2001-b-3,oakdale-netball-club-sa,,archive:amnd-winter-2001:b-3:oakdale-netball-club-sa:none,Oakdale,7,0,,,,,,,,,,,,,archive_pdf,final_premiership_placings,Archive PDF title: Final Placings,
amnd-winter-2001-b-3,glandore,,archive:amnd-winter-2001:b-3:glandore:none,Glandore,8,0,,,,,,,,,,,,,archive_pdf,final_premiership_placings,Archive PDF title: Final Placings,
amnd-winter-2001-b-3,tango-netball-club-inc,,archive:amnd-winter-2001:b-3:tango-netball-club-inc:none,Tango,9,0,,,,,,,,,,,,,archive_pdf,final_premiership_placings,Archive PDF title: Final Placings,
amnd-winter-2001-b-4,contax,,archive:amnd-winter-2001:b-4:contax:none,Contax,1,1,,,,,,,,,,,,,archive_pdf,final_premiership_placings,Archive PDF title: Final Placings,
amnd-winter-2001-b-4,metro-magic,,archive:amnd-winter-2001:b-4:metro-magic:none,Metro Magic,2,1,,,,,,,,,,,,,archive_pdf,final_premiership_placings,Archive PDF title: Final Placings,
amnd-winter-2001-b-4,adelaide-university,,archive:amnd-winter-2001:b-4:adelaide-university:none,Adelaide Uni.,3,1,,,,,,,,,,,,,archive_pdf,final_premiership_placings,Archive PDF title: Final Placings,
amnd-winter-2001-b-4,city-coasters,,archive:amnd-winter-2001:b-4:city-coasters:none,City Coasters,4,1,,,,,,,,,,,,,archive_pdf,final_premiership_placings,Archive PDF title: Final Placings,
amnd-winter-2001-b-4,harlequin,,archive:amnd-winter-2001:b-4:harlequin:none,Harlequin,5,0,,,,,,,,,,,,,archive_pdf,final_premiership_placings,Archive PDF title: Final Placings,
amnd-winter-2001-b-4,pembroke-o-s,,archive:amnd-winter-2001:b-4:pembroke-o-s:none,Pembroke,6,0,,,,,,,,,,,,,archive_pdf,final_premiership_placings,Archive PDF title: Final Placings,
amnd-winter-2001-b-4,cheerio-netball-club,,archive:amnd-winter-2001:b-4:cheerio-netball-club:none,Cheerio,7,0,,,,,,,,,,,,,archive_pdf,final_premiership_placings,Archive PDF title: Final Placings,
amnd-winter-2001-b-4,woods-panthers,,archive:amnd-winter-2001:b-4:woods-panthers:none,Woods Panthers,8,0,,,,,,,,,,,,,archive_pdf,final_premiership_placings,Archive PDF title: Final Placings,
amnd-winter-2001-b-4,oakdale-netball-club-sa,,archive:amnd-winter-2001:b-4:oakdale-netball-club-sa:none,Oakdale,9,0,,,,,,,,,,,,,archive_pdf,final_premiership_placings,Archive PDF title: Final Placings,
amnd-winter-2001-c-1,adelaide-university,,archive:amnd-winter-2001:c-1:adelaide-university:none,Adelaide Uni.,1,1,,,,,,,,,,,,,archive_pdf,final_premiership_placings,Archive PDF title: Final Placings,
amnd-winter-2001-c-1,garville,,archive:amnd-winter-2001:c-1:garville:none,Garville,2,1,,,,,,,,,,,,,archive_pdf,final_premiership_placings,Archive PDF title: Final Placings,
amnd-winter-2001-c-1,clovelly-park,,archive:amnd-winter-2001:c-1:clovelly-park:none,Clovelly Park,3,1,,,,,,,,,,,,,archive_pdf,final_premiership_placings,Archive PDF title: Final Placings,
amnd-winter-2001-c-1,flinders-university,,archive:amnd-winter-2001:c-1:flinders-university:none,Flinders Uni.,4,1,,,,,,,,,,,,,archive_pdf,final_premiership_placings,Archive PDF title: Final Placings,
amnd-winter-2001-c-1,cheerio-netball-club,,archive:amnd-winter-2001:c-1:cheerio-netball-club:none,Cheerio,5,0,,,,,,,,,,,,,archive_pdf,final_premiership_placings,Archive PDF title: Final Placings,
amnd-winter-2001-c-1,blue-jays,,archive:amnd-winter-2001:c-1:blue-jays:none,Blue Jays,6,0,,,,,,,,,,,,,archive_pdf,final_premiership_placings,Archive PDF title: Final Placings,
amnd-winter-2001-c-1,contax,,archive:amnd-winter-2001:c-1:contax:none,Contax,7,0,,,,,,,,,,,,,archive_pdf,final_premiership_placings,Archive PDF title: Final Placings,
amnd-winter-2001-c-1,pembroke-o-s,,archive:amnd-winter-2001:c-1:pembroke-o-s:none,Pembroke,8,0,,,,,,,,,,,,,archive_pdf,final_premiership_placings,Archive PDF title: Final Placings,
amnd-winter-2001-c-2,city-coasters,,archive:amnd-winter-2001:c-2:city-coasters:none,City Coasters,1,1,,,,,,,,,,,,,archive_pdf,final_premiership_placings,Archive PDF title: Final Placings,
amnd-winter-2001-c-2,adelaide-university,1,archive:amnd-winter-2001:c-2:adelaide-university:1,Adelaide Uni.,2,1,,,,,,,,,,,,,archive_pdf,final_premiership_placings,Archive PDF title: Final Placings,
amnd-winter-2001-c-2,clovelly-park,,archive:amnd-winter-2001:c-2:clovelly-park:none,Clovelly Park,3,1,,,,,,,,,,,,,archive_pdf,final_premiership_placings,Archive PDF title: Final Placings,
amnd-winter-2001-c-2,adelaide-cougars,,archive:amnd-winter-2001:c-2:adelaide-cougars:none,Adelaide Cougars,4,1,,,,,,,,,,,,,archive_pdf,final_premiership_placings,Archive PDF title: Final Placings,
amnd-winter-2001-c-2,glandore,,archive:amnd-winter-2001:c-2:glandore:none,Glandore,5,0,,,,,,,,,,,,,archive_pdf,final_premiership_placings,Archive PDF title: Final Placings,
amnd-winter-2001-c-2,oakdale-netball-club-sa,,archive:amnd-winter-2001:c-2:oakdale-netball-club-sa:none,Oakdale,6,0,,,,,,,,,,,,,archive_pdf,final_premiership_placings,Archive PDF title: Final Placings,
amnd-winter-2001-c-2,adelaide-university,2,archive:amnd-winter-2001:c-2:adelaide-university:2,Adelaide Uni.,7,0,,,,,,,,,,,,,archive_pdf,final_premiership_placings,Archive PDF title: Final Placings,
amnd-winter-2001-c-2,metro-magic,,archive:amnd-winter-2001:c-2:metro-magic:none,Metro Magic,8,0,,,,,,,,,,,,,archive_pdf,final_premiership_placings,Archive PDF title: Final Placings,
amnd-winter-2001-c-2,woods-panthers,,archive:amnd-winter-2001:c-2:woods-panthers:none,Woods Panthers,9,0,,,,,,,,,,,,,archive_pdf,final_premiership_placings,Archive PDF title: Final Placings,
amnd-winter-2001-c-3,city-coasters,,archive:amnd-winter-2001:c-3:city-coasters:none,City Coasters,1,1,,,,,,,,,,,,,archive_pdf,final_premiership_placings,Archive PDF title: Final Placings,
amnd-winter-2001-c-3,flinders-university,,archive:amnd-winter-2001:c-3:flinders-university:none,Flinders Uni.,2,1,,,,,,,,,,,,,archive_pdf,final_premiership_placings,Archive PDF title: Final Placings,
amnd-winter-2001-c-3,metro-magic,,archive:amnd-winter-2001:c-3:metro-magic:none,Metro Magic,3,1,,,,,,,,,,,,,archive_pdf,final_premiership_placings,Archive PDF title: Final Placings,
amnd-winter-2001-c-3,pembroke-o-s,,archive:amnd-winter-2001:c-3:pembroke-o-s:none,Pembroke,4,1,,,,,,,,,,,,,archive_pdf,final_premiership_placings,Archive PDF title: Final Placings,
amnd-winter-2001-c-3,adelaide-university,,archive:amnd-winter-2001:c-3:adelaide-university:none,Adelaide Uni.,5,0,,,,,,,,,,,,,archive_pdf,final_premiership_placings,Archive PDF title: Final Placings,
amnd-winter-2001-c-3,clovelly-park,,archive:amnd-winter-2001:c-3:clovelly-park:none,Clovelly Park,6,0,,,,,,,,,,,,,archive_pdf,final_premiership_placings,Archive PDF title: Final Placings,
amnd-winter-2001-h-grade,oakdale-netball-club-sa,,archive:amnd-winter-2001:h-grade:oakdale-netball-club-sa:none,Phoenix,1,1,,,,,,,,,,,,,archive_pdf,final_premiership_placings,Archive PDF title: Final Placings,
amnd-winter-2001-h-grade,matrics,1,archive:amnd-winter-2001:h-grade:matrics:1,Matrics,2,1,,,,,,,,,,,,,archive_pdf,final_premiership_placings,Archive PDF title: Final Placings,
amnd-winter-2001-h-grade,adelaide-cougars,,archive:amnd-winter-2001:h-grade:adelaide-cougars:none,Adelaide Cougars,3,1,,,,,,,,,,,,,archive_pdf,final_premiership_placings,Archive PDF title: Final Placings,
amnd-winter-2001-h-grade,cardijn-cats,,archive:amnd-winter-2001:h-grade:cardijn-cats:none,Cardijn Cats,4,1,,,,,,,,,,,,,archive_pdf,final_premiership_placings,Archive PDF title: Final Placings,
amnd-winter-2001-h-grade,matrics,2,archive:amnd-winter-2001:h-grade:matrics:2,Matrics,5,0,,,,,,,,,,,,,archive_pdf,final_premiership_placings,Archive PDF title: Final Placings,
amnd-winter-2001-h-grade,norwood-netball-club,,archive:amnd-winter-2001:h-grade:norwood-netball-club:none,Newton Jaguars,6,0,,,,,,,,,,,,,archive_pdf,final_premiership_placings,Archive PDF title: Final Placings,
amnd-winter-2001-h-grade,panthers,,archive:amnd-winter-2001:h-grade:panthers:none,Panthers,7,0,,,,,,,,,,,,,archive_pdf,final_premiership_placings,Archive PDF title: Final Placings,
amnd-winter-2001-h-grade,kookaburras,,archive:amnd-winter-2001:h-grade:kookaburras:none,Kookaburras,8,0,,,,,,,,,,,,,archive_pdf,final_premiership_placings,Archive PDF title: Final Placings,
amnd-winter-2001-inter-1,harlequin,,archive:amnd-winter-2001:inter-1:harlequin:none,Harlequin,1,1,,,,,,,,,,,,,archive_pdf,final_premiership_placings,Archive PDF title: Final Placings,
amnd-winter-2001-inter-1,matrics,,archive:amnd-winter-2001:inter-1:matrics:none,Matrics,2,1,,,,,,,,,,,,,archive_pdf,final_premiership_placings,Archive PDF title: Final Placings,
amnd-winter-2001-inter-1,adelaide-cougars,,archive:amnd-winter-2001:inter-1:adelaide-cougars:none,Adelaide Cougars,3,1,,,,,,,,,,,,,archive_pdf,final_premiership_placings,Archive PDF title: Final Placings,
amnd-winter-2001-inter-1,tango-netball-club-inc,,archive:amnd-winter-2001:inter-1:tango-netball-club-inc:none,Tango,4,1,,,,,,,,,,,,,archive_pdf,final_premiership_placings,Archive PDF title: Final Placings,
amnd-winter-2001-inter-1,contax,,archive:amnd-winter-2001:inter-1:contax:none,Contax,5,0,,,,,,,,,,,,,archive_pdf,final_premiership_placings,Archive PDF title: Final Placings,
amnd-winter-2001-inter-1,oakdale-netball-club-sa,,archive:amnd-winter-2001:inter-1:oakdale-netball-club-sa:none,Oakdale,6,0,,,,,,,,,,,,,archive_pdf,final_premiership_placings,Archive PDF title: Final Placings,
amnd-winter-2001-inter-1,garville,,archive:amnd-winter-2001:inter-1:garville:none,Garville,7,0,,,,,,,,,,,,,archive_pdf,final_premiership_placings,Archive PDF title: Final Placings,
amnd-winter-2001-inter-1,cheerio-netball-club,,archive:amnd-winter-2001:inter-1:cheerio-netball-club:none,Cheerio,8,0,,,,,,,,,,,,,archive_pdf,final_premiership_placings,Archive PDF title: Final Placings,
amnd-winter-2001-inter-1,norwood-netball-club,,archive:amnd-winter-2001:inter-1:norwood-netball-club:none,Newton Jaguars,9,0,,,,,,,,,,,,,archive_pdf,final_premiership_placings,Archive PDF title: Final Placings,
amnd-winter-2001-inter-1,woods-panthers,,archive:amnd-winter-2001:inter-1:woods-panthers:none,Woods Panthers,10,0,,,,,,,,,,,,,archive_pdf,final_premiership_placings,Archive PDF title: Final Placings,
amnd-winter-2001-inter-2,matrics,,archive:amnd-winter-2001:inter-2:matrics:none,Matrics,1,1,,,,,,,,,,,,,archive_pdf,final_premiership_placings,Archive PDF title: Final Placings,
amnd-winter-2001-inter-2,adelaide-cougars,,archive:amnd-winter-2001:inter-2:adelaide-cougars:none,Adelaide Cougars,2,1,,,,,,,,,,,,,archive_pdf,final_premiership_placings,Archive PDF title: Final Placings,
amnd-winter-2001-inter-2,tango-netball-club-inc,,archive:amnd-winter-2001:inter-2:tango-netball-club-inc:none,Tango,3,1,,,,,,,,,,,,,archive_pdf,final_premiership_placings,Archive PDF title: Final Placings,
amnd-winter-2001-inter-2,contax,1,archive:amnd-winter-2001:inter-2:contax:1,Contax,4,1,,,,,,,,,,,,,archive_pdf,final_premiership_placings,Archive PDF title: Final Placings,
amnd-winter-2001-inter-2,contax,2,archive:amnd-winter-2001:inter-2:contax:2,Contax,5,0,,,,,,,,,,,,,archive_pdf,final_premiership_placings,Archive PDF title: Final Placings,
amnd-winter-2001-inter-2,garville,,archive:amnd-winter-2001:inter-2:garville:none,Garville,6,0,,,,,,,,,,,,,archive_pdf,final_premiership_placings,Archive PDF title: Final Placings,
amnd-winter-2001-inter-2,woods-panthers,,archive:amnd-winter-2001:inter-2:woods-panthers:none,Woods Panthers,7,0,,,,,,,,,,,,,archive_pdf,final_premiership_placings,Archive PDF title: Final Placings,
amnd-winter-2001-inter-2,cheerio-netball-club,,archive:amnd-winter-2001:inter-2:cheerio-netball-club:none,Cheerio,8,0,,,,,,,,,,,,,archive_pdf,final_premiership_placings,Archive PDF title: Final Placings,
amnd-winter-2001-inter-2,harlequin,,archive:amnd-winter-2001:inter-2:harlequin:none,Harlequin,9,0,,,,,,,,,,,,,archive_pdf,final_premiership_placings,Archive PDF title: Final Placings,
amnd-winter-2001-inter-2,oakdale-netball-club-sa,,archive:amnd-winter-2001:inter-2:oakdale-netball-club-sa:none,Oakdale,10,0,,,,,,,,,,,,,archive_pdf,final_premiership_placings,Archive PDF title: Final Placings,
amnd-winter-2001-inter-3,norwood-netball-club,,archive:amnd-winter-2001:inter-3:norwood-netball-club:none,Newton Jaguars,1,1,,,,,,,,,,,,,archive_pdf,final_premiership_placings,Archive PDF title: Final Placings,
amnd-winter-2001-inter-3,tango-netball-club-inc,,archive:amnd-winter-2001:inter-3:tango-netball-club-inc:none,Tango,2,1,,,,,,,,,,,,,archive_pdf,final_premiership_placings,Archive PDF title: Final Placings,
amnd-winter-2001-inter-3,metro-magic,,archive:amnd-winter-2001:inter-3:metro-magic:none,Metro Magic,3,1,,,,,,,,,,,,,archive_pdf,final_premiership_placings,Archive PDF title: Final Placings,
amnd-winter-2001-inter-3,adelaide-cougars,,archive:amnd-winter-2001:inter-3:adelaide-cougars:none,Adelaide Cougars,4,1,,,,,,,,,,,,,archive_pdf,final_premiership_placings,Archive PDF title: Final Placings,
amnd-winter-2001-inter-3,matrics,,archive:amnd-winter-2001:inter-3:matrics:none,Matrics,5,0,,,,,,,,,,,,,archive_pdf,final_premiership_placings,Archive PDF title: Final Placings,
amnd-winter-2001-inter-3,contax,,archive:amnd-winter-2001:inter-3:contax:none,Contax,6,0,,,,,,,,,,,,,archive_pdf,final_premiership_placings,Archive PDF title: Final Placings,
amnd-winter-2001-inter-3,glandore,,archive:amnd-winter-2001:inter-3:glandore:none,Glandore,7,0,,,,,,,,,,,,,archive_pdf,final_premiership_placings,Archive PDF title: Final Placings,
amnd-winter-2001-inter-3,cheerio-netball-club,,archive:amnd-winter-2001:inter-3:cheerio-netball-club:none,Cheerio,8,0,,,,,,,,,,,,,archive_pdf,final_premiership_placings,Archive PDF title: Final Placings,
amnd-winter-2001-inter-3,woods-panthers,,archive:amnd-winter-2001:inter-3:woods-panthers:none,Woods Panthers,9,0,,,,,,,,,,,,,archive_pdf,final_premiership_placings,Archive PDF title: Final Placings,
amnd-winter-2001-inter-3,garville,,archive:amnd-winter-2001:inter-3:garville:none,Garville,10,0,,,,,,,,,,,,,archive_pdf,final_premiership_placings,Archive PDF title: Final Placings,
amnd-winter-2001-inter-4,garville,,archive:amnd-winter-2001:inter-4:garville:none,Garville,1,1,,,,,,,,,,,,,archive_pdf,final_premiership_placings,Archive PDF title: Final Placings,
amnd-winter-2001-inter-4,tango-netball-club-inc,,archive:amnd-winter-2001:inter-4:tango-netball-club-inc:none,Tango,2,1,,,,,,,,,,,,,archive_pdf,final_premiership_placings,Archive PDF title: Final Placings,
amnd-winter-2001-inter-4,michelangelo,,archive:amnd-winter-2001:inter-4:michelangelo:none,Michelangelo,3,1,,,,,,,,,,,,,archive_pdf,final_premiership_placings,Archive PDF title: Final Placings,
amnd-winter-2001-inter-4,adelaide-cougars,,archive:amnd-winter-2001:inter-4:adelaide-cougars:none,Adelaide Cougars,4,1,,,,,,,,,,,,,archive_pdf,final_premiership_placings,Archive PDF title: Final Placings,
amnd-winter-2001-inter-4,matrics,,archive:amnd-winter-2001:inter-4:matrics:none,Matrics,5,0,,,,,,,,,,,,,archive_pdf,final_premiership_placings,Archive PDF title: Final Placings,
amnd-winter-2001-inter-4,contax,,archive:amnd-winter-2001:inter-4:contax:none,Contax,6,0,,,,,,,,,,,,,archive_pdf,final_premiership_placings,Archive PDF title: Final Placings,
amnd-winter-2001-inter-4,metro-magic,,archive:amnd-winter-2001:inter-4:metro-magic:none,Metro Magic,7,0,,,,,,,,,,,,,archive_pdf,final_premiership_placings,Archive PDF title: Final Placings,
amnd-winter-2001-inter-4,clovelly-park,,archive:amnd-winter-2001:inter-4:clovelly-park:none,Clovelly Park,8,0,,,,,,,,,,,,,archive_pdf,final_premiership_placings,Archive PDF title: Final Placings,
amnd-winter-2001-inter-4,oakdale-netball-club-sa,,archive:amnd-winter-2001:inter-4:oakdale-netball-club-sa:none,Oakdale,9,0,,,,,,,,,,,,,archive_pdf,final_premiership_placings,Archive PDF title: Final Placings,
amnd-winter-2001-inter-5,garville,,archive:amnd-winter-2001:inter-5:garville:none,Garville,1,1,,,,,,,,,,,,,archive_pdf,final_premiership_placings,Archive PDF title: Final Placings,
amnd-winter-2001-inter-5,adelaide-cougars,,archive:amnd-winter-2001:inter-5:adelaide-cougars:none,Adelaide Cougars,2,1,,,,,,,,,,,,,archive_pdf,final_premiership_placings,Archive PDF title: Final Placings,
amnd-winter-2001-inter-5,woods-panthers,,archive:amnd-winter-2001:inter-5:woods-panthers:none,Woods Panthers,3,1,,,,,,,,,,,,,archive_pdf,final_premiership_placings,Archive PDF title: Final Placings,
amnd-winter-2001-inter-5,glandore,,archive:amnd-winter-2001:inter-5:glandore:none,Glandore,4,1,,,,,,,,,,,,,archive_pdf,final_premiership_placings,Archive PDF title: Final Placings,
amnd-winter-2001-inter-5,cheerio-netball-club,,archive:amnd-winter-2001:inter-5:cheerio-netball-club:none,Cheerio,5,0,,,,,,,,,,,,,archive_pdf,final_premiership_placings,Archive PDF title: Final Placings,
amnd-winter-2001-inter-5,michelangelo,,archive:amnd-winter-2001:inter-5:michelangelo:none,Michelangelo,6,0,,,,,,,,,,,,,archive_pdf,final_premiership_placings,Archive PDF title: Final Placings,
amnd-winter-2001-junior-1,woods-panthers,,archive:amnd-winter-2001:junior-1:woods-panthers:none,Woods Panthers,1,1,,,,,,,,,,,,,archive_pdf,final_premiership_placings,Archive PDF title: Final Placings,
amnd-winter-2001-junior-1,matrics,,archive:amnd-winter-2001:junior-1:matrics:none,Matrics,2,1,,,,,,,,,,,,,archive_pdf,final_premiership_placings,Archive PDF title: Final Placings,
amnd-winter-2001-junior-1,cheerio-netball-club,,archive:amnd-winter-2001:junior-1:cheerio-netball-club:none,Cheerio,3,1,,,,,,,,,,,,,archive_pdf,final_premiership_placings,Archive PDF title: Final Placings,
amnd-winter-2001-junior-1,harlequin,1,archive:amnd-winter-2001:junior-1:harlequin:1,Harlequin,4,1,,,,,,,,,,,,,archive_pdf,final_premiership_placings,Archive PDF title: Final Placings,
amnd-winter-2001-junior-1,tango-netball-club-inc,,archive:amnd-winter-2001:junior-1:tango-netball-club-inc:none,Tango,5,0,,,,,,,,,,,,,archive_pdf,final_premiership_placings,Archive PDF title: Final Placings,
amnd-winter-2001-junior-1,adelaide-cougars,,archive:amnd-winter-2001:junior-1:adelaide-cougars:none,Adelaide Cougars,6,0,,,,,,,,,,,,,archive_pdf,final_premiership_placings,Archive PDF title: Final Placings,
amnd-winter-2001-junior-1,garville,,archive:amnd-winter-2001:junior-1:garville:none,Garville,7,0,,,,,,,,,,,,,archive_pdf,final_premiership_placings,Archive PDF title: Final Placings,
amnd-winter-2001-junior-1,harlequin,2,archive:amnd-winter-2001:junior-1:harlequin:2,Harlequin,8,0,,,,,,,,,,,,,archive_pdf,final_premiership_placings,Archive PDF title: Final Placings,
amnd-winter-2001-junior-1,brahma-united,,archive:amnd-winter-2001:junior-1:brahma-united:none,Brahma United,9,0,,,,,,,,,,,,,archive_pdf,final_premiership_placings,Archive PDF title: Final Placings,
amnd-winter-2001-junior-1,contax,,archive:amnd-winter-2001:junior-1:contax:none,Contax,10,0,,,,,,,,,,,,,archive_pdf,final_premiership_placings,Archive PDF title: Final Placings,
amnd-winter-2001-junior-2,matrics,,archive:amnd-winter-2001:junior-2:matrics:none,Matrics,1,1,,,,,,,,,,,,,archive_pdf,final_premiership_placings,Archive PDF title: Final Placings,
amnd-winter-2001-junior-2,garville,,archive:amnd-winter-2001:junior-2:garville:none,Garville,2,1,,,,,,,,,,,,,archive_pdf,final_premiership_placings,Archive PDF title: Final Placings,
amnd-winter-2001-junior-2,woods-panthers,,archive:amnd-winter-2001:junior-2:woods-panthers:none,Woods Panthers,3,1,,,,,,,,,,,,,archive_pdf,final_premiership_placings,Archive PDF title: Final Placings,
amnd-winter-2001-junior-2,norwood-netball-club,1,archive:amnd-winter-2001:junior-2:norwood-netball-club:1,Newton Jaguars,4,1,,,,,,,,,,,,,archive_pdf,final_premiership_placings,Archive PDF title: Final Placings,
amnd-winter-2001-junior-2,tango-netball-club-inc,,archive:amnd-winter-2001:junior-2:tango-netball-club-inc:none,Tango,5,0,,,,,,,,,,,,,archive_pdf,final_premiership_placings,Archive PDF title: Final Placings,
amnd-winter-2001-junior-2,contax,,archive:amnd-winter-2001:junior-2:contax:none,Contax,6,0,,,,,,,,,,,,,archive_pdf,final_premiership_placings,Archive PDF title: Final Placings,
amnd-winter-2001-junior-2,norwood-netball-club,2,archive:amnd-winter-2001:junior-2:norwood-netball-club:2,Newton Jaguars,7,0,,,,,,,,,,,,,archive_pdf,final_premiership_placings,Archive PDF title: Final Placings,
amnd-winter-2001-junior-2,oakdale-netball-club-sa,,archive:amnd-winter-2001:junior-2:oakdale-netball-club-sa:none,Oakdale,8,0,,,,,,,,,,,,,archive_pdf,final_premiership_placings,Archive PDF title: Final Placings,
amnd-winter-2001-junior-2,adelaide-cougars,,archive:amnd-winter-2001:junior-2:adelaide-cougars:none,Adelaide Cougars,9,0,,,,,,,,,,,,,archive_pdf,final_premiership_placings,Archive PDF title: Final Placings,
amnd-winter-2001-junior-2,cheerio-netball-club,,archive:amnd-winter-2001:junior-2:cheerio-netball-club:none,Cheerio,10,0,,,,,,,,,,,,,archive_pdf,final_premiership_placings,Archive PDF title: Final Placings,
amnd-winter-2001-junior-3,garville,,archive:amnd-winter-2001:junior-3:garville:none,Garville,1,1,,,,,,,,,,,,,archive_pdf,final_premiership_placings,Archive PDF title: Final Placings,
amnd-winter-2001-junior-3,contax,1,archive:amnd-winter-2001:junior-3:contax:1,Contax,2,1,,,,,,,,,,,,,archive_pdf,final_premiership_placings,Archive PDF title: Final Placings,
amnd-winter-2001-junior-3,contax,2,archive:amnd-winter-2001:junior-3:contax:2,Contax,3,1,,,,,,,,,,,,,archive_pdf,final_premiership_placings,Archive PDF title: Final Placings,
amnd-winter-2001-junior-3,matrics,2,archive:amnd-winter-2001:junior-3:matrics:2,Matrics,4,1,,,,,,,,,,,,,archive_pdf,final_premiership_placings,Archive PDF title: Final Placings,
amnd-winter-2001-junior-3,oakdale-netball-club-sa,,archive:amnd-winter-2001:junior-3:oakdale-netball-club-sa:none,Oakdale,5,0,,,,,,,,,,,,,archive_pdf,final_premiership_placings,Archive PDF title: Final Placings,
amnd-winter-2001-junior-3,matrics,1,archive:amnd-winter-2001:junior-3:matrics:1,Matrics,6,0,,,,,,,,,,,,,archive_pdf,final_premiership_placings,Archive PDF title: Final Placings,
amnd-winter-2001-junior-3,woods-panthers,,archive:amnd-winter-2001:junior-3:woods-panthers:none,Woods Panthers,7,0,,,,,,,,,,,,,archive_pdf,final_premiership_placings,Archive PDF title: Final Placings,
amnd-winter-2001-junior-3,harlequin,,archive:amnd-winter-2001:junior-3:harlequin:none,Harlequin,8,0,,,,,,,,,,,,,archive_pdf,final_premiership_placings,Archive PDF title: Final Placings,
amnd-winter-2001-junior-3,adelaide-cougars,,archive:amnd-winter-2001:junior-3:adelaide-cougars:none,Adelaide Cougars,9,0,,,,,,,,,,,,,archive_pdf,final_premiership_placings,Archive PDF title: Final Placings,
amnd-winter-2001-junior-4,hallett-cove,,archive:amnd-winter-2001:junior-4:hallett-cove:none,Hallett Cove,1,1,,,,,,,,,,,,,archive_pdf,final_premiership_placings,Archive PDF title: Final Placings,
amnd-winter-2001-junior-4,contax,,archive:amnd-winter-2001:junior-4:contax:none,Contax,2,1,,,,,,,,,,,,,archive_pdf,final_premiership_placings,Archive PDF title: Final Placings,
amnd-winter-2001-junior-4,garville,,archive:amnd-winter-2001:junior-4:garville:none,Garville,3,1,,,,,,,,,,,,,archive_pdf,final_premiership_placings,Archive PDF title: Final Placings,
amnd-winter-2001-junior-4,oakdale-netball-club-sa,,archive:amnd-winter-2001:junior-4:oakdale-netball-club-sa:none,Oakdale,4,1,,,,,,,,,,,,,archive_pdf,final_premiership_placings,Archive PDF title: Final Placings,
amnd-winter-2001-junior-4,glandore,,archive:amnd-winter-2001:junior-4:glandore:none,Glandore,5,0,,,,,,,,,,,,,archive_pdf,final_premiership_placings,Archive PDF title: Final Placings,
amnd-winter-2001-junior-4,woods-panthers,,archive:amnd-winter-2001:junior-4:woods-panthers:none,Woods Panthers,6,0,,,,,,,,,,,,,archive_pdf,final_premiership_placings,Archive PDF title: Final Placings,
amnd-winter-2001-junior-4,tango-netball-club-inc,,archive:amnd-winter-2001:junior-4:tango-netball-club-inc:none,Tango,7,0,,,,,,,,,,,,,archive_pdf,final_premiership_placings,Archive PDF title: Final Placings,
amnd-winter-2001-junior-4,cheerio-netball-club,1,archive:amnd-winter-2001:junior-4:cheerio-netball-club:1,Cheerio,8,0,,,,,,,,,,,,,archive_pdf,final_premiership_placings,Archive PDF title: Final Placings,
amnd-winter-2001-junior-4,metro-magic,,archive:amnd-winter-2001:junior-4:metro-magic:none,Metro Magic,9,0,,,,,,,,,,,,,archive_pdf,final_premiership_placings,Archive PDF title: Final Placings,
amnd-winter-2001-junior-4,cheerio-netball-club,2,archive:amnd-winter-2001:junior-4:cheerio-netball-club:2,Cheerio,10,0,,,,,,,,,,,,,archive_pdf,final_premiership_placings,Archive PDF title: Final Placings,
amnd-winter-2001-junior-5,garville,2,archive:amnd-winter-2001:junior-5:garville:2,Garville,1,1,,,,,,,,,,,,,archive_pdf,final_premiership_placings,Archive PDF title: Final Placings,
amnd-winter-2001-junior-5,garville,1,archive:amnd-winter-2001:junior-5:garville:1,Garville,2,1,,,,,,,,,,,,,archive_pdf,final_premiership_placings,Archive PDF title: Final Placings,
amnd-winter-2001-junior-5,woods-panthers,2,archive:amnd-winter-2001:junior-5:woods-panthers:2,Woods Panthers,3,1,,,,,,,,,,,,,archive_pdf,final_premiership_placings,Archive PDF title: Final Placings,
amnd-winter-2001-junior-5,matrics,,archive:amnd-winter-2001:junior-5:matrics:none,Matrics,4,1,,,,,,,,,,,,,archive_pdf,final_premiership_placings,Archive PDF title: Final Placings,
amnd-winter-2001-junior-5,woods-panthers,1,archive:amnd-winter-2001:junior-5:woods-panthers:1,Woods Panthers,5,0,,,,,,,,,,,,,archive_pdf,final_premiership_placings,Archive PDF title: Final Placings,
amnd-winter-2001-junior-5,norwood-netball-club,2,archive:amnd-winter-2001:junior-5:norwood-netball-club:2,Newton Jaguars,6,0,,,,,,,,,,,,,archive_pdf,final_premiership_placings,Archive PDF title: Final Placings,
amnd-winter-2001-junior-5,contax,,archive:amnd-winter-2001:junior-5:contax:none,Contax,7,0,,,,,,,,,,,,,archive_pdf,final_premiership_placings,Archive PDF title: Final Placings,
amnd-winter-2001-junior-5,norwood-netball-club,1,archive:amnd-winter-2001:junior-5:norwood-netball-club:1,Newton Jaguars,8,0,,,,,,,,,,,,,archive_pdf,final_premiership_placings,Archive PDF title: Final Placings,
amnd-winter-2001-junior-6,adelaide-cougars,,archive:amnd-winter-2001:junior-6:adelaide-cougars:none,Adelaide Cougars,1,1,,,,,,,,,,,,,archive_pdf,final_premiership_placings,Archive PDF title: Final Placings,
amnd-winter-2001-junior-6,garville,,archive:amnd-winter-2001:junior-6:garville:none,Garville,2,1,,,,,,,,,,,,,archive_pdf,final_premiership_placings,Archive PDF title: Final Placings,
amnd-winter-2001-junior-6,clovelly-park,,archive:amnd-winter-2001:junior-6:clovelly-park:none,Clovelly Park,3,1,,,,,,,,,,,,,archive_pdf,final_premiership_placings,Archive PDF title: Final Placings,
amnd-winter-2001-junior-6,oakdale-netball-club-sa,,archive:amnd-winter-2001:junior-6:oakdale-netball-club-sa:none,Oakdale,4,1,,,,,,,,,,,,,archive_pdf,final_premiership_placings,Archive PDF title: Final Placings,
amnd-winter-2001-junior-6,woods-panthers,,archive:amnd-winter-2001:junior-6:woods-panthers:none,Woods Panthers,5,0,,,,,,,,,,,,,archive_pdf,final_premiership_placings,Archive PDF title: Final Placings,
amnd-winter-2001-junior-6,glandore,,archive:amnd-winter-2001:junior-6:glandore:none,Glandore,6,0,,,,,,,,,,,,,archive_pdf,final_premiership_placings,Archive PDF title: Final Placings,
amnd-winter-2001-junior-6,metro-magic,,archive:amnd-winter-2001:junior-6:metro-magic:none,Metro Magic,7,0,,,,,,,,,,,,,archive_pdf,final_premiership_placings,Archive PDF title: Final Placings,
amnd-winter-2001-junior-6,michelangelo,,archive:amnd-winter-2001:junior-6:michelangelo:none,Michelangelo,8,0,,,,,,,,,,,,,archive_pdf,final_premiership_placings,Archive PDF title: Final Placings,
amnd-winter-2001-primary-1,contax,,archive:amnd-winter-2001:primary-1:contax:none,Contax,1,1,,,,,,,,,,,,,archive_pdf,final_premiership_placings,Archive PDF title: Final Placings,
amnd-winter-2001-primary-1,matrics,,archive:amnd-winter-2001:primary-1:matrics:none,Matrics,2,1,,,,,,,,,,,,,archive_pdf,final_premiership_placings,Archive PDF title: Final Placings,
amnd-winter-2001-primary-1,cheerio-netball-club,,archive:amnd-winter-2001:primary-1:cheerio-netball-club:none,Cheerio,3,1,,,,,,,,,,,,,archive_pdf,final_premiership_placings,Archive PDF title: Final Placings,
amnd-winter-2001-primary-1,woods-panthers,,archive:amnd-winter-2001:primary-1:woods-panthers:none,Woods Panthers,4,1,,,,,,,,,,,,,archive_pdf,final_premiership_placings,Archive PDF title: Final Placings,
amnd-winter-2001-primary-1,harlequin,,archive:amnd-winter-2001:primary-1:harlequin:none,Harlequin,5,0,,,,,,,,,,,,,archive_pdf,final_premiership_placings,Archive PDF title: Final Placings,
amnd-winter-2001-primary-1,norwood-netball-club,,archive:amnd-winter-2001:primary-1:norwood-netball-club:none,Newton Jaguars,6,0,,,,,,,,,,,,,archive_pdf,final_premiership_placings,Archive PDF title: Final Placings,
amnd-winter-2001-primary-1,garville,,archive:amnd-winter-2001:primary-1:garville:none,Garville,7,0,,,,,,,,,,,,,archive_pdf,final_premiership_placings,Archive PDF title: Final Placings,
amnd-winter-2001-primary-1,adelaide-cougars,,archive:amnd-winter-2001:primary-1:adelaide-cougars:none,Adelaide Cougars,8,0,,,,,,,,,,,,,archive_pdf,final_premiership_placings,Archive PDF title: Final Placings,
amnd-winter-2001-primary-2,oakdale-netball-club-sa,1,archive:amnd-winter-2001:primary-2:oakdale-netball-club-sa:1,Oakdale,1,1,,,,,,,,,,,,,archive_pdf,final_premiership_placings,Archive PDF title: Final Placings,
amnd-winter-2001-primary-2,contax,,archive:amnd-winter-2001:primary-2:contax:none,Contax,2,1,,,,,,,,,,,,,archive_pdf,final_premiership_placings,Archive PDF title: Final Placings,
amnd-winter-2001-primary-2,tango-netball-club-inc,,archive:amnd-winter-2001:primary-2:tango-netball-club-inc:none,Tango,3,1,,,,,,,,,,,,,archive_pdf,final_premiership_placings,Archive PDF title: Final Placings,
amnd-winter-2001-primary-2,oakdale-netball-club-sa,2,archive:amnd-winter-2001:primary-2:oakdale-netball-club-sa:2,Oakdale,4,1,,,,,,,,,,,,,archive_pdf,final_premiership_placings,Archive PDF title: Final Placings,
amnd-winter-2001-primary-2,garville,,archive:amnd-winter-2001:primary-2:garville:none,Garville,5,0,,,,,,,,,,,,,archive_pdf,final_premiership_placings,Archive PDF title: Final Placings,
amnd-winter-2001-primary-2,cheerio-netball-club,,archive:amnd-winter-2001:primary-2:cheerio-netball-club:none,Cheerio,6,0,,,,,,,,,,,,,archive_pdf,final_premiership_placings,Archive PDF title: Final Placings,
amnd-winter-2001-primary-2,norwood-netball-club,,archive:amnd-winter-2001:primary-2:norwood-netball-club:none,Newton Jaguars,7,0,,,,,,,,,,,,,archive_pdf,final_premiership_placings,Archive PDF title: Final Placings,
amnd-winter-2001-primary-2,harlequin,,archive:amnd-winter-2001:primary-2:harlequin:none,Harlequin,8,0,,,,,,,,,,,,,archive_pdf,final_premiership_placings,Archive PDF title: Final Placings,
amnd-winter-2001-primary-3,contax,1,archive:amnd-winter-2001:primary-3:contax:1,Contax,1,1,,,,,,,,,,,,,archive_pdf,final_premiership_placings,Archive PDF title: Final Placings,
amnd-winter-2001-primary-3,contax,2,archive:amnd-winter-2001:primary-3:contax:2,Contax,2,1,,,,,,,,,,,,,archive_pdf,final_premiership_placings,Archive PDF title: Final Placings,
amnd-winter-2001-primary-3,woods-panthers,1,archive:amnd-winter-2001:primary-3:woods-panthers:1,Woods Panthers,3,1,,,,,,,,,,,,,archive_pdf,final_premiership_placings,Archive PDF title: Final Placings,
amnd-winter-2001-primary-3,woods-panthers,2,archive:amnd-winter-2001:primary-3:woods-panthers:2,Woods Panthers,4,1,,,,,,,,,,,,,archive_pdf,final_premiership_placings,Archive PDF title: Final Placings,
amnd-winter-2001-primary-3,adelaide-cougars,,archive:amnd-winter-2001:primary-3:adelaide-cougars:none,Adelaide Cougars,5,0,,,,,,,,,,,,,archive_pdf,final_premiership_placings,Archive PDF title: Final Placings,
amnd-winter-2001-primary-3,oakdale-netball-club-sa,,archive:amnd-winter-2001:primary-3:oakdale-netball-club-sa:none,Oakdale,6,0,,,,,,,,,,,,,archive_pdf,final_premiership_placings,Archive PDF title: Final Placings,
amnd-winter-2001-primary-4,garville,1,archive:amnd-winter-2001:primary-4:garville:1,Garville,1,1,,,,,,,,,,,,,archive_pdf,final_premiership_placings,Archive PDF title: Final Placings,
amnd-winter-2001-primary-4,matrics,,archive:amnd-winter-2001:primary-4:matrics:none,Matrics,2,1,,,,,,,,,,,,,archive_pdf,final_premiership_placings,Archive PDF title: Final Placings,
amnd-winter-2001-primary-4,woods-panthers,,archive:amnd-winter-2001:primary-4:woods-panthers:none,Woods Panthers,3,1,,,,,,,,,,,,,archive_pdf,final_premiership_placings,Archive PDF title: Final Placings,
amnd-winter-2001-primary-4,norwood-netball-club,,archive:amnd-winter-2001:primary-4:norwood-netball-club:none,Newton Jaguars,4,1,,,,,,,,,,,,,archive_pdf,final_premiership_placings,Archive PDF title: Final Placings,
amnd-winter-2001-primary-4,hallett-cove,,archive:amnd-winter-2001:primary-4:hallett-cove:none,Hallett Cove,5,0,,,,,,,,,,,,,archive_pdf,final_premiership_placings,Archive PDF title: Final Placings,
amnd-winter-2001-primary-4,garville,2,archive:amnd-winter-2001:primary-4:garville:2,Garville,6,0,,,,,,,,,,,,,archive_pdf,final_premiership_placings,Archive PDF title: Final Placings,
amnd-winter-2001-primary-5,adelaide-cougars,,archive:amnd-winter-2001:primary-5:adelaide-cougars:none,Adelaide Cougars,1,1,,,,,,,,,,,,,archive_pdf,final_premiership_placings,Archive PDF title: Final Placings,
amnd-winter-2001-primary-5,metro-magic,,archive:amnd-winter-2001:primary-5:metro-magic:none,Metro Magic,2,1,,,,,,,,,,,,,archive_pdf,final_premiership_placings,Archive PDF title: Final Placings,
amnd-winter-2001-primary-5,norwood-netball-club,,archive:amnd-winter-2001:primary-5:norwood-netball-club:none,Newton Jaguars,3,1,,,,,,,,,,,,,archive_pdf,final_premiership_placings,Archive PDF title: Final Placings,
amnd-winter-2001-primary-5,oakdale-netball-club-sa,,archive:amnd-winter-2001:primary-5:oakdale-netball-club-sa:none,Oakdale,4,1,,,,,,,,,,,,,archive_pdf,final_premiership_placings,Archive PDF title: Final Placings,
amnd-winter-2001-primary-5,garville,,archive:amnd-winter-2001:primary-5:garville:none,Garville,5,0,,,,,,,,,,,,,archive_pdf,final_premiership_placings,Archive PDF title: Final Placings,
amnd-winter-2001-primary-5,cheerio-netball-club,,archive:amnd-winter-2001:primary-5:cheerio-netball-club:none,Cheerio,6,0,,,,,,,,,,,,,archive_pdf,final_premiership_placings,Archive PDF title: Final Placings,
amnd-winter-2001-sub-junior-1,cheerio-netball-club,,archive:amnd-winter-2001:sub-junior-1:cheerio-netball-club:none,Cheerio,1,1,,,,,,,,,,,,,archive_pdf,final_premiership_placings,Archive PDF title: Final Placings,
amnd-winter-2001-sub-junior-1,garville,,archive:amnd-winter-2001:sub-junior-1:garville:none,Garville,2,1,,,,,,,,,,,,,archive_pdf,final_premiership_placings,Archive PDF title: Final Placings,
amnd-winter-2001-sub-junior-1,harlequin,,archive:amnd-winter-2001:sub-junior-1:harlequin:none,Harlequin,3,1,,,,,,,,,,,,,archive_pdf,final_premiership_placings,Archive PDF title: Final Placings,
amnd-winter-2001-sub-junior-1,tango-netball-club-inc,,archive:amnd-winter-2001:sub-junior-1:tango-netball-club-inc:none,Tango,4,1,,,,,,,,,,,,,archive_pdf,final_premiership_placings,Archive PDF title: Final Placings,
amnd-winter-2001-sub-junior-1,norwood-netball-club,,archive:amnd-winter-2001:sub-junior-1:norwood-netball-club:none,Newton Jaguars,5,0,,,,,,,,,,,,,archive_pdf,final_premiership_placings,Archive PDF title: Final Placings,
amnd-winter-2001-sub-junior-1,matrics,,archive:amnd-winter-2001:sub-junior-1:matrics:none,Matrics,6,0,,,,,,,,,,,,,archive_pdf,final_premiership_placings,Archive PDF title: Final Placings,
amnd-winter-2001-sub-junior-1,contax,,archive:amnd-winter-2001:sub-junior-1:contax:none,Contax,7,0,,,,,,,,,,,,,archive_pdf,final_premiership_placings,Archive PDF title: Final Placings,
amnd-winter-2001-sub-junior-1,adelaide-cougars,,archive:amnd-winter-2001:sub-junior-1:adelaide-cougars:none,Adelaide Cougars,8,0,,,,,,,,,,,,,archive_pdf,final_premiership_placings,Archive PDF title: Final Placings,
amnd-winter-2001-sub-junior-2,harlequin,,archive:amnd-winter-2001:sub-junior-2:harlequin:none,Harlequin,1,1,,,,,,,,,,,,,archive_pdf,final_premiership_placings,Archive PDF title: Final Placings,
amnd-winter-2001-sub-junior-2,garville,,archive:amnd-winter-2001:sub-junior-2:garville:none,Garville,2,1,,,,,,,,,,,,,archive_pdf,final_premiership_placings,Archive PDF title: Final Placings,
amnd-winter-2001-sub-junior-2,contax,,archive:amnd-winter-2001:sub-junior-2:contax:none,Contax,3,1,,,,,,,,,,,,,archive_pdf,final_premiership_placings,Archive PDF title: Final Placings,
amnd-winter-2001-sub-junior-2,cheerio-netball-club,,archive:amnd-winter-2001:sub-junior-2:cheerio-netball-club:none,Cheerio,4,1,,,,,,,,,,,,,archive_pdf,final_premiership_placings,Archive PDF title: Final Placings,
amnd-winter-2001-sub-junior-2,matrics,,archive:amnd-winter-2001:sub-junior-2:matrics:none,Matrics,5,0,,,,,,,,,,,,,archive_pdf,final_premiership_placings,Archive PDF title: Final Placings,
amnd-winter-2001-sub-junior-2,oakdale-netball-club-sa,1,archive:amnd-winter-2001:sub-junior-2:oakdale-netball-club-sa:1,Oakdale,6,0,,,,,,,,,,,,,archive_pdf,final_premiership_placings,Archive PDF title: Final Placings,
amnd-winter-2001-sub-junior-2,woods-panthers,,archive:amnd-winter-2001:sub-junior-2:woods-panthers:none,Woods Panthers,7,0,,,,,,,,,,,,,archive_pdf,final_premiership_placings,Archive PDF title: Final Placings,
amnd-winter-2001-sub-junior-2,oakdale-netball-club-sa,2,archive:amnd-winter-2001:sub-junior-2:oakdale-netball-club-sa:2,Oakdale,8,0,,,,,,,,,,,,,archive_pdf,final_premiership_placings,Archive PDF title: Final Placings,
amnd-winter-2001-sub-junior-3,contax,2,archive:amnd-winter-2001:sub-junior-3:contax:2,Contax,1,1,,,,,,,,,,,,,archive_pdf,final_premiership_placings,Archive PDF title: Final Placings,
amnd-winter-2001-sub-junior-3,norwood-netball-club,,archive:amnd-winter-2001:sub-junior-3:norwood-netball-club:none,Newton Jaguars,2,1,,,,,,,,,,,,,archive_pdf,final_premiership_placings,Archive PDF title: Final Placings,
amnd-winter-2001-sub-junior-3,contax,1,archive:amnd-winter-2001:sub-junior-3:contax:1,Contax,3,1,,,,,,,,,,,,,archive_pdf,final_premiership_placings,Archive PDF title: Final Placings,
amnd-winter-2001-sub-junior-3,harlequin,,archive:amnd-winter-2001:sub-junior-3:harlequin:none,Harlequin,4,1,,,,,,,,,,,,,archive_pdf,final_premiership_placings,Archive PDF title: Final Placings,
amnd-winter-2001-sub-junior-3,garville,,archive:amnd-winter-2001:sub-junior-3:garville:none,Garville,5,0,,,,,,,,,,,,,archive_pdf,final_premiership_placings,Archive PDF title: Final Placings,
amnd-winter-2001-sub-junior-3,woods-panthers,,archive:amnd-winter-2001:sub-junior-3:woods-panthers:none,Woods Panthers,6,0,,,,,,,,,,,,,archive_pdf,final_premiership_placings,Archive PDF title: Final Placings,
amnd-winter-2001-sub-junior-3,matrics,,archive:amnd-winter-2001:sub-junior-3:matrics:none,Matrics,7,0,,,,,,,,,,,,,archive_pdf,final_premiership_placings,Archive PDF title: Final Placings,
amnd-winter-2001-sub-junior-3,adelaide-cougars,,archive:amnd-winter-2001:sub-junior-3:adelaide-cougars:none,Adelaide Cougars,8,0,,,,,,,,,,,,,archive_pdf,final_premiership_placings,Archive PDF title: Final Placings,
amnd-winter-2001-sub-junior-4,woods-panthers,,archive:amnd-winter-2001:sub-junior-4:woods-panthers:none,Woods Panthers,1,1,,,,,,,,,,,,,archive_pdf,final_premiership_placings,Archive PDF title: Final Placings,
amnd-winter-2001-sub-junior-4,hallett-cove,,archive:amnd-winter-2001:sub-junior-4:hallett-cove:none,Hallett Cove,2,1,,,,,,,,,,,,,archive_pdf,final_premiership_placings,Archive PDF title: Final Placings,
amnd-winter-2001-sub-junior-4,contax,,archive:amnd-winter-2001:sub-junior-4:contax:none,Contax,3,1,,,,,,,,,,,,,archive_pdf,final_premiership_placings,Archive PDF title: Final Placings,
amnd-winter-2001-sub-junior-4,metro-magic,,archive:amnd-winter-2001:sub-junior-4:metro-magic:none,Metro Magic,4,1,,,,,,,,,,,,,archive_pdf,final_premiership_placings,Archive PDF title: Final Placings,
amnd-winter-2001-sub-junior-4,norwood-netball-club,,archive:amnd-winter-2001:sub-junior-4:norwood-netball-club:none,Newton Jaguars,5,0,,,,,,,,,,,,,archive_pdf,final_premiership_placings,Archive PDF title: Final Placings,
amnd-winter-2001-sub-junior-4,cheerio-netball-club,,archive:amnd-winter-2001:sub-junior-4:cheerio-netball-club:none,Cheerio,6,0,,,,,,,,,,,,,archive_pdf,final_premiership_placings,Archive PDF title: Final Placings,
amnd-winter-2001-sub-junior-4,garville,,archive:amnd-winter-2001:sub-junior-4:garville:none,Garville,7,0,,,,,,,,,,,,,archive_pdf,final_premiership_placings,Archive PDF title: Final Placings,
amnd-winter-2001-sub-junior-4,oakdale-netball-club-sa,,archive:amnd-winter-2001:sub-junior-4:oakdale-netball-club-sa:none,Oakdale,8,0,,,,,,,,,,,,,archive_pdf,final_premiership_placings,Archive PDF title: Final Placings,
amnd-winter-2001-sub-junior-5,tango-netball-club-inc,,archive:amnd-winter-2001:sub-junior-5:tango-netball-club-inc:none,Tango,1,1,,,,,,,,,,,,,archive_pdf,final_premiership_placings,Archive PDF title: Final Placings,
amnd-winter-2001-sub-junior-5,garville,,archive:amnd-winter-2001:sub-junior-5:garville:none,Garville,2,1,,,,,,,,,,,,,archive_pdf,final_premiership_placings,Archive PDF title: Final Placings,
amnd-winter-2001-sub-junior-5,woods-panthers,,archive:amnd-winter-2001:sub-junior-5:woods-panthers:none,Woods Panthers,3,1,,,,,,,,,,,,,archive_pdf,final_premiership_placings,Archive PDF title: Final Placings,
amnd-winter-2001-sub-junior-5,norwood-netball-club,,archive:amnd-winter-2001:sub-junior-5:norwood-netball-club:none,Newton Jaguars,4,1,,,,,,,,,,,,,archive_pdf,final_premiership_placings,Archive PDF title: Final Placings,
amnd-winter-2001-sub-junior-5,clovelly-park,,archive:amnd-winter-2001:sub-junior-5:clovelly-park:none,Clovelly Park,5,0,,,,,,,,,,,,,archive_pdf,final_premiership_placings,Archive PDF title: Final Placings,
amnd-winter-2001-sub-junior-5,cheerio-netball-club,,archive:amnd-winter-2001:sub-junior-5:cheerio-netball-club:none,Cheerio,6,0,,,,,,,,,,,,,archive_pdf,final_premiership_placings,Archive PDF title: Final Placings,
amnd-winter-2001-sub-junior-5,matrics,,archive:amnd-winter-2001:sub-junior-5:matrics:none,Matrics,7,0,,,,,,,,,,,,,archive_pdf,final_premiership_placings,Archive PDF title: Final Placings,
amnd-winter-2001-sub-junior-6,contax,,archive:amnd-winter-2001:sub-junior-6:contax:none,Contax,1,1,,,,,,,,,,,,,archive_pdf,final_premiership_placings,Archive PDF title: Final Placings,
amnd-winter-2001-sub-junior-6,adelaide-cougars,,archive:amnd-winter-2001:sub-junior-6:adelaide-cougars:none,Adelaide Cougars,2,1,,,,,,,,,,,,,archive_pdf,final_premiership_placings,Archive PDF title: Final Placings,
amnd-winter-2001-sub-junior-6,tango-netball-club-inc,,archive:amnd-winter-2001:sub-junior-6:tango-netball-club-inc:none,Tango,3,1,,,,,,,,,,,,,archive_pdf,final_premiership_placings,Archive PDF title: Final Placings,
amnd-winter-2001-sub-junior-6,woods-panthers,,archive:amnd-winter-2001:sub-junior-6:woods-panthers:none,Woods Panthers,4,1,,,,,,,,,,,,,archive_pdf,final_premiership_placings,Archive PDF title: Final Placings,
amnd-winter-2001-sub-junior-6,metro-magic,,archive:amnd-winter-2001:sub-junior-6:metro-magic:none,Metro Magic,5,0,,,,,,,,,,,,,archive_pdf,final_premiership_placings,Archive PDF title: Final Placings,
amnd-winter-2001-sub-junior-6,glandore,,archive:amnd-winter-2001:sub-junior-6:glandore:none,Glandore,6,0,,,,,,,,,,,,,archive_pdf,final_premiership_placings,Archive PDF title: Final Placings,
amnd-winter-2001-sub-junior-7,cheerio-netball-club,,archive:amnd-winter-2001:sub-junior-7:cheerio-netball-club:none,Cheerio,1,1,,,,,,,,,,,,,archive_pdf,final_premiership_placings,Archive PDF title: Final Placings,
amnd-winter-2001-sub-junior-7,oakdale-netball-club-sa,,archive:amnd-winter-2001:sub-junior-7:oakdale-netball-club-sa:none,Oakdale,2,1,,,,,,,,,,,,,archive_pdf,final_premiership_placings,Archive PDF title: Final Placings,
amnd-winter-2001-sub-junior-7,adelaide-cougars,,archive:amnd-winter-2001:sub-junior-7:adelaide-cougars:none,Adelaide Cougars,3,1,,,,,,,,,,,,,archive_pdf,final_premiership_placings,Archive PDF title: Final Placings,
amnd-winter-2001-sub-junior-7,woods-panthers,,archive:amnd-winter-2001:sub-junior-7:woods-panthers:none,Woods Panthers,4,1,,,,,,,,,,,,,archive_pdf,final_premiership_placings,Archive PDF title: Final Placings,
amnd-winter-2001-sub-junior-7,garville,,archive:amnd-winter-2001:sub-junior-7:garville:none,Garville,5,0,,,,,,,,,,,,,archive_pdf,final_premiership_placings,Archive PDF title: Final Placings,
amnd-winter-2001-sub-junior-7,michelangelo,,archive:amnd-winter-2001:sub-junior-7:michelangelo:none,Michelangelo,6,0,,,,,,,,,,,,,archive_pdf,final_premiership_placings,Archive PDF title: Final Placings,
amnd-winter-2001-sub-junior-8,adelaide-cougars,,archive:amnd-winter-2001:sub-junior-8:adelaide-cougars:none,Adelaide Cougars,1,1,,,,,,,,,,,,,archive_pdf,final_premiership_placings,Archive PDF title: Final Placings,
amnd-winter-2001-sub-junior-8,contax,,archive:amnd-winter-2001:sub-junior-8:contax:none,Contax,2,1,,,,,,,,,,,,,archive_pdf,final_premiership_placings,Archive PDF title: Final Placings,
amnd-winter-2001-sub-junior-8,michelangelo,,archive:amnd-winter-2001:sub-junior-8:michelangelo:none,Michelangelo,3,1,,,,,,,,,,,,,archive_pdf,final_premiership_placings,Archive PDF title: Final Placings,
amnd-winter-2001-sub-junior-8,woods-panthers,,archive:amnd-winter-2001:sub-junior-8:woods-panthers:none,Woods Panthers,4,1,,,,,,,,,,,,,archive_pdf,final_premiership_placings,Archive PDF title: Final Placings,
amnd-winter-2001-sub-junior-8,garville,,archive:amnd-winter-2001:sub-junior-8:garville:none,Garville,5,0,,,,,,,,,,,,,archive_pdf,final_premiership_placings,Archive PDF title: Final Placings,
amnd-winter-2001-sub-junior-8,norwood-netball-club,,archive:amnd-winter-2001:sub-junior-8:norwood-netball-club:none,Newton Jaguars,6,0,,,,,,,,,,,,,archive_pdf,final_premiership_placings,Archive PDF title: Final Placings,
amnd-winter-2002-amnd-league,glandore,,archive:amnd-winter-2002:amnd-league:glandore:none,Glandore,1,1,,,,,,,,,,,,,archive_pdf,final_premiership_placings,Archive PDF title: Final Placings,
amnd-winter-2002-amnd-league,tango-netball-club-inc,,archive:amnd-winter-2002:amnd-league:tango-netball-club-inc:none,Tango,2,1,,,,,,,,,,,,,archive_pdf,final_premiership_placings,Archive PDF title: Final Placings,
amnd-winter-2002-amnd-league,oakdale-netball-club-sa,,archive:amnd-winter-2002:amnd-league:oakdale-netball-club-sa:none,Oakdale,3,1,,,,,,,,,,,,,archive_pdf,final_premiership_placings,Archive PDF title: Final Placings,
amnd-winter-2002-amnd-league,garville,,archive:amnd-winter-2002:amnd-league:garville:none,Garville,4,1,,,,,,,,,,,,,archive_pdf,final_premiership_placings,Archive PDF title: Final Placings,
amnd-winter-2002-amnd-league,contax,,archive:amnd-winter-2002:amnd-league:contax:none,Contax,5,0,,,,,,,,,,,,,archive_pdf,final_premiership_placings,Archive PDF title: Final Placings,
amnd-winter-2002-amnd-league,norwood-netball-club,,archive:amnd-winter-2002:amnd-league:norwood-netball-club:none,Newton Jaguars,6,0,,,,,,,,,,,,,archive_pdf,final_premiership_placings,Archive PDF title: Final Placings,
amnd-winter-2002-amnd-league,matrics,,archive:amnd-winter-2002:amnd-league:matrics:none,Matrics,7,0,,,,,,,,,,,,,archive_pdf,final_premiership_placings,Archive PDF title: Final Placings,
amnd-winter-2002-amnd-league,harlequin,,archive:amnd-winter-2002:amnd-league:harlequin:none,Harlequin,8,0,,,,,,,,,,,,,archive_pdf,final_premiership_placings,Archive PDF title: Final Placings,
amnd-winter-2002-amnd-league,woods-panthers,,archive:amnd-winter-2002:amnd-league:woods-panthers:none,Woods Panthers,9,0,,,,,,,,,,,,,archive_pdf,final_premiership_placings,Archive PDF title: Final Placings,
amnd-winter-2002-amnd-league,cheerio-netball-club,,archive:amnd-winter-2002:amnd-league:cheerio-netball-club:none,Cheerio,10,0,,,,,,,,,,,,,archive_pdf,final_premiership_placings,Archive PDF title: Final Placings,
amnd-winter-2002-a-grade,adelaide-cougars,,archive:amnd-winter-2002:a-grade:adelaide-cougars:none,Cougars,1,1,,,,,,,,,,,,,archive_pdf,final_premiership_placings,Archive PDF title: Final Placings,
amnd-winter-2002-a-grade,garville,,archive:amnd-winter-2002:a-grade:garville:none,Garville,2,1,,,,,,,,,,,,,archive_pdf,final_premiership_placings,Archive PDF title: Final Placings,
amnd-winter-2002-a-grade,contax,,archive:amnd-winter-2002:a-grade:contax:none,Contax,3,1,,,,,,,,,,,,,archive_pdf,final_premiership_placings,Archive PDF title: Final Placings,
amnd-winter-2002-a-grade,tango-netball-club-inc,,archive:amnd-winter-2002:a-grade:tango-netball-club-inc:none,Tango,4,1,,,,,,,,,,,,,archive_pdf,final_premiership_placings,Archive PDF title: Final Placings,
amnd-winter-2002-a-grade,woods-panthers,,archive:amnd-winter-2002:a-grade:woods-panthers:none,Woods Panthers,5,0,,,,,,,,,,,,,archive_pdf,final_premiership_placings,Archive PDF title: Final Placings,
amnd-winter-2002-a-grade,harlequin,,archive:amnd-winter-2002:a-grade:harlequin:none,Harlequin,6,0,,,,,,,,,,,,,archive_pdf,final_premiership_placings,Archive PDF title: Final Placings,
amnd-winter-2002-a-grade,norwood-netball-club,,archive:amnd-winter-2002:a-grade:norwood-netball-club:none,Newton Jaguars,7,0,,,,,,,,,,,,,archive_pdf,final_premiership_placings,Archive PDF title: Final Placings,
amnd-winter-2002-a-grade,oakdale-netball-club-sa,,archive:amnd-winter-2002:a-grade:oakdale-netball-club-sa:none,Oakdale,8,0,,,,,,,,,,,,,archive_pdf,final_premiership_placings,Archive PDF title: Final Placings,
amnd-winter-2002-a-grade,cheerio-netball-club,,archive:amnd-winter-2002:a-grade:cheerio-netball-club:none,Cheerio,9,0,,,,,,,,,,,,,archive_pdf,final_premiership_placings,Archive PDF title: Final Placings,
amnd-winter-2002-a-grade,matrics,,archive:amnd-winter-2002:a-grade:matrics:none,Matrics,10,0,,,,,,,,,,,,,archive_pdf,final_premiership_placings,Archive PDF title: Final Placings,
amnd-winter-2002-b-1,contax,,archive:amnd-winter-2002:b-1:contax:none,Contax,1,1,,,,,,,,,,,,,archive_pdf,final_premiership_placings,Archive PDF title: Final Placings,
amnd-winter-2002-b-1,adelaide-cougars,,archive:amnd-winter-2002:b-1:adelaide-cougars:none,Cougars,2,1,,,,,,,,,,,,,archive_pdf,final_premiership_placings,Archive PDF title: Final Placings,
amnd-winter-2002-b-1,metro-magic,,archive:amnd-winter-2002:b-1:metro-magic:none,Metro Magic,3,1,,,,,,,,,,,,,archive_pdf,final_premiership_placings,Archive PDF title: Final Placings,
amnd-winter-2002-b-1,pembroke-o-s,,archive:amnd-winter-2002:b-1:pembroke-o-s:none,Pembroke,4,1,,,,,,,,,,,,,archive_pdf,final_premiership_placings,Archive PDF title: Final Placings,
amnd-winter-2002-b-1,tango-netball-club-inc,,archive:amnd-winter-2002:b-1:tango-netball-club-inc:none,Tango,5,0,,,,,,,,,,,,,archive_pdf,final_premiership_placings,Archive PDF title: Final Placings,
amnd-winter-2002-b-1,garville,,archive:amnd-winter-2002:b-1:garville:none,Garville,6,0,,,,,,,,,,,,,archive_pdf,final_premiership_placings,Archive PDF title: Final Placings,
amnd-winter-2002-b-1,sacred-heart-o-c,,archive:amnd-winter-2002:b-1:sacred-heart-o-c:none,Sacred Heart,7,0,,,,,,,,,,,,,archive_pdf,final_premiership_placings,Archive PDF title: Final Placings,
amnd-winter-2002-b-1,woods-panthers,,archive:amnd-winter-2002:b-1:woods-panthers:none,Woods Panthers,8,0,,,,,,,,,,,,,archive_pdf,final_premiership_placings,Archive PDF title: Final Placings,
amnd-winter-2002-b-1,oakdale-netball-club-sa,,archive:amnd-winter-2002:b-1:oakdale-netball-club-sa:none,Oakdale,9,0,,,,,,,,,,,,,archive_pdf,final_premiership_placings,Archive PDF title: Final Placings,
amnd-winter-2002-b-1,cheerio-netball-club,,archive:amnd-winter-2002:b-1:cheerio-netball-club:none,Cheerio,10,0,,,,,,,,,,,,,archive_pdf,final_premiership_placings,Archive PDF title: Final Placings,
amnd-winter-2002-b-2,contax,,archive:amnd-winter-2002:b-2:contax:none,Contax,1,1,,,,,,,,,,,,,archive_pdf,final_premiership_placings,Archive PDF title: Final Placings,
amnd-winter-2002-b-2,city-coasters,,archive:amnd-winter-2002:b-2:city-coasters:none,City Coasters,2,1,,,,,,,,,,,,,archive_pdf,final_premiership_placings,Archive PDF title: Final Placings,
amnd-winter-2002-b-2,adelaide-university,,archive:amnd-winter-2002:b-2:adelaide-university:none,Adelaide Uni.,3,1,,,,,,,,,,,,,archive_pdf,final_premiership_placings,Archive PDF title: Final Placings,
amnd-winter-2002-b-2,metro-magic,,archive:amnd-winter-2002:b-2:metro-magic:none,Metro Magic,4,1,,,,,,,,,,,,,archive_pdf,final_premiership_placings,Archive PDF title: Final Placings,
amnd-winter-2002-b-2,adelaide-cougars,,archive:amnd-winter-2002:b-2:adelaide-cougars:none,Cougars,5,0,,,,,,,,,,,,,archive_pdf,final_premiership_placings,Archive PDF title: Final Placings,
amnd-winter-2002-b-2,harlequin,,archive:amnd-winter-2002:b-2:harlequin:none,Harlequin,6,0,,,,,,,,,,,,,archive_pdf,final_premiership_placings,Archive PDF title: Final Placings,
amnd-winter-2002-b-2,cheerio-netball-club,,archive:amnd-winter-2002:b-2:cheerio-netball-club:none,Cheerio,7,0,,,,,,,,,,,,,archive_pdf,final_premiership_placings,Archive PDF title: Final Placings,
amnd-winter-2002-b-2,matrics,,archive:amnd-winter-2002:b-2:matrics:none,Matrics,8,0,,,,,,,,,,,,,archive_pdf,final_premiership_placings,Archive PDF title: Final Placings,
amnd-winter-2002-b-2,norwood-netball-club,,archive:amnd-winter-2002:b-2:norwood-netball-club:none,Newton Jaguars,9,0,,,,,,,,,,,,,archive_pdf,final_premiership_placings,Archive PDF title: Final Placings,
amnd-winter-2002-b-2,garville,,archive:amnd-winter-2002:b-2:garville:none,Garville,10,0,,,,,,,,,,,,,archive_pdf,final_premiership_placings,Archive PDF title: Final Placings,
amnd-winter-2002-b-3,clovelly-park,,archive:amnd-winter-2002:b-3:clovelly-park:none,Clovelly Park,1,1,,,,,,,,,,,,,archive_pdf,final_premiership_placings,Archive PDF title: Final Placings,
amnd-winter-2002-b-3,glandore,,archive:amnd-winter-2002:b-3:glandore:none,Glandore,2,1,,,,,,,,,,,,,archive_pdf,final_premiership_placings,Archive PDF title: Final Placings,
amnd-winter-2002-b-3,adelaide-university,,archive:amnd-winter-2002:b-3:adelaide-university:none,Adelaide Uni.,3,1,,,,,,,,,,,,,archive_pdf,final_premiership_placings,Archive PDF title: Final Placings,
amnd-winter-2002-b-3,adelaide-cougars,,archive:amnd-winter-2002:b-3:adelaide-cougars:none,Cougars,4,1,,,,,,,,,,,,,archive_pdf,final_premiership_placings,Archive PDF title: Final Placings,
amnd-winter-2002-b-3,contax,,archive:amnd-winter-2002:b-3:contax:none,Contax,5,0,,,,,,,,,,,,,archive_pdf,final_premiership_placings,Archive PDF title: Final Placings,
amnd-winter-2002-b-3,michelangelo,,archive:amnd-winter-2002:b-3:michelangelo:none,Michelangelo,6,0,,,,,,,,,,,,,archive_pdf,final_premiership_placings,Archive PDF title: Final Placings,
amnd-winter-2002-b-3,sacred-heart-o-c,,archive:amnd-winter-2002:b-3:sacred-heart-o-c:none,Sacred Heart,7,0,,,,,,,,,,,,,archive_pdf,final_premiership_placings,Archive PDF title: Final Placings,
amnd-winter-2002-b-3,pembroke-o-s,,archive:amnd-winter-2002:b-3:pembroke-o-s:none,Pembroke,8,0,,,,,,,,,,,,,archive_pdf,final_premiership_placings,Archive PDF title: Final Placings,
amnd-winter-2002-b-3,oakdale-netball-club-sa,,archive:amnd-winter-2002:b-3:oakdale-netball-club-sa:none,Oakdale,9,0,,,,,,,,,,,,,archive_pdf,final_premiership_placings,Archive PDF title: Final Placings,
amnd-winter-2002-b-3,tango-netball-club-inc,,archive:amnd-winter-2002:b-3:tango-netball-club-inc:none,Tango,10,0,,,,,,,,,,,,,archive_pdf,final_premiership_placings,Archive PDF title: Final Placings,
amnd-winter-2002-b-4,city-coasters,,archive:amnd-winter-2002:b-4:city-coasters:none,City Coasters,1,1,,,,,,,,,,,,,archive_pdf,final_premiership_placings,Archive PDF title: Final Placings,
amnd-winter-2002-b-4,adelaide-university,,archive:amnd-winter-2002:b-4:adelaide-university:none,Adelaide Uni.,2,1,,,,,,,,,,,,,archive_pdf,final_premiership_placings,Archive PDF title: Final Placings,
amnd-winter-2002-b-4,matrics,,archive:amnd-winter-2002:b-4:matrics:none,Matrics,3,1,,,,,,,,,,,,,archive_pdf,final_premiership_placings,Archive PDF title: Final Placings,
amnd-winter-2002-b-4,contax,,archive:amnd-winter-2002:b-4:contax:none,Contax,4,1,,,,,,,,,,,,,archive_pdf,final_premiership_placings,Archive PDF title: Final Placings,
amnd-winter-2002-b-4,harlequin,,archive:amnd-winter-2002:b-4:harlequin:none,Harlequin,5,0,,,,,,,,,,,,,archive_pdf,final_premiership_placings,Archive PDF title: Final Placings,
amnd-winter-2002-b-4,woods-panthers,,archive:amnd-winter-2002:b-4:woods-panthers:none,Woods Panthers,6,0,,,,,,,,,,,,,archive_pdf,final_premiership_placings,Archive PDF title: Final Placings,
amnd-winter-2002-b-4,cheerio-netball-club,,archive:amnd-winter-2002:b-4:cheerio-netball-club:none,Cheerio,7,0,,,,,,,,,,,,,archive_pdf,final_premiership_placings,Archive PDF title: Final Placings,
amnd-winter-2002-b-4,adelaide-cougars,,archive:amnd-winter-2002:b-4:adelaide-cougars:none,Cougars,8,0,,,,,,,,,,,,,archive_pdf,final_premiership_placings,Archive PDF title: Final Placings,
amnd-winter-2002-b-4,metro-magic,,archive:amnd-winter-2002:b-4:metro-magic:none,Metro Magic,9,0,,,,,,,,,,,,,archive_pdf,final_premiership_placings,Archive PDF title: Final Placings,
amnd-winter-2002-b-4,garville,,archive:amnd-winter-2002:b-4:garville:none,Garville,10,0,,,,,,,,,,,,,archive_pdf,final_premiership_placings,Archive PDF title: Final Placings,
amnd-winter-2002-c-1,contax,,archive:amnd-winter-2002:c-1:contax:none,Contax,1,1,,,,,,,,,,,,,archive_pdf,final_premiership_placings,Archive PDF title: Final Placings,
amnd-winter-2002-c-1,flinders-university,,archive:amnd-winter-2002:c-1:flinders-university:none,Flinders Uni.,2,1,,,,,,,,,,,,,archive_pdf,final_premiership_placings,Archive PDF title: Final Placings,
amnd-winter-2002-c-1,adelaide-university,,archive:amnd-winter-2002:c-1:adelaide-university:none,Adelaide Uni.,3,1,,,,,,,,,,,,,archive_pdf,final_premiership_placings,Archive PDF title: Final Placings,
amnd-winter-2002-c-1,clovelly-park,,archive:amnd-winter-2002:c-1:clovelly-park:none,Clovelly Park,4,1,,,,,,,,,,,,,archive_pdf,final_premiership_placings,Archive PDF title: Final Placings,
amnd-winter-2002-c-1,glandore,,archive:amnd-winter-2002:c-1:glandore:none,Glandore,5,0,,,,,,,,,,,,,archive_pdf,final_premiership_placings,Archive PDF title: Final Placings,
amnd-winter-2002-c-1,pembroke-o-s,,archive:amnd-winter-2002:c-1:pembroke-o-s:none,Pembroke,6,0,,,,,,,,,,,,,archive_pdf,final_premiership_placings,Archive PDF title: Final Placings,
amnd-winter-2002-c-1,city-coasters,,archive:amnd-winter-2002:c-1:city-coasters:none,City Coasters,7,0,,,,,,,,,,,,,archive_pdf,final_premiership_placings,Archive PDF title: Final Placings,
amnd-winter-2002-c-1,cheerio-netball-club,,archive:amnd-winter-2002:c-1:cheerio-netball-club:none,Cheerio,8,0,,,,,,,,,,,,,archive_pdf,final_premiership_placings,Archive PDF title: Final Placings,
amnd-winter-2002-c-1,michelangelo,,archive:amnd-winter-2002:c-1:michelangelo:none,Michelangelo,9,0,,,,,,,,,,,,,archive_pdf,final_premiership_placings,Archive PDF title: Final Placings,
amnd-winter-2002-c-1,oakdale-netball-club-sa,,archive:amnd-winter-2002:c-1:oakdale-netball-club-sa:none,Oakdale,10,0,,,,,,,,,,,,,archive_pdf,final_premiership_placings,Archive PDF title: Final Placings,
amnd-winter-2002-c-2,michelangelo,,archive:amnd-winter-2002:c-2:michelangelo:none,Michelangelo,1,1,,,,,,,,,,,,,archive_pdf,final_premiership_placings,Archive PDF title: Final Placings,
amnd-winter-2002-c-2,adelaide-university,,archive:amnd-winter-2002:c-2:adelaide-university:none,Adelaide Uni.,2,1,,,,,,,,,,,,,archive_pdf,final_premiership_placings,Archive PDF title: Final Placings,
amnd-winter-2002-c-2,clovelly-park,,archive:amnd-winter-2002:c-2:clovelly-park:none,Clovelly Park,3,1,,,,,,,,,,,,,archive_pdf,final_premiership_placings,Archive PDF title: Final Placings,
amnd-winter-2002-c-2,sacred-heart-o-c,,archive:amnd-winter-2002:c-2:sacred-heart-o-c:none,Sacred Heart,4,1,,,,,,,,,,,,,archive_pdf,final_premiership_placings,Archive PDF title: Final Placings,
amnd-winter-2002-c-2,pembroke-o-s,,archive:amnd-winter-2002:c-2:pembroke-o-s:none,Pembroke,5,0,,,,,,,,,,,,,archive_pdf,final_premiership_placings,Archive PDF title: Final Placings,
amnd-winter-2002-c-2,flinders-university,,archive:amnd-winter-2002:c-2:flinders-university:none,Flinders Uni.,6,0,,,,,,,,,,,,,archive_pdf,final_premiership_placings,Archive PDF title: Final Placings,
amnd-winter-2002-c-2,city-coasters,,archive:amnd-winter-2002:c-2:city-coasters:none,City Coasters,7,0,,,,,,,,,,,,,archive_pdf,final_premiership_placings,Archive PDF title: Final Placings,
amnd-winter-2002-c-3,clovelly-park,,archive:amnd-winter-2002:c-3:clovelly-park:none,Clovelly Park,1,1,,,,,,,,,,,,,archive_pdf,final_premiership_placings,Archive PDF title: Final Placings,
amnd-winter-2002-c-3,woods-panthers,,archive:amnd-winter-2002:c-3:woods-panthers:none,Woods Panthers,2,1,,,,,,,,,,,,,archive_pdf,final_premiership_placings,Archive PDF title: Final Placings,
amnd-winter-2002-c-3,pembroke-o-s,,archive:amnd-winter-2002:c-3:pembroke-o-s:none,Pembroke,3,1,,,,,,,,,,,,,archive_pdf,final_premiership_placings,Archive PDF title: Final Placings,
amnd-winter-2002-c-3,sacred-heart-o-c,,archive:amnd-winter-2002:c-3:sacred-heart-o-c:none,Sacred Heart,4,1,,,,,,,,,,,,,archive_pdf,final_premiership_placings,Archive PDF title: Final Placings,
amnd-winter-2002-c-3,adelaide-university,,archive:amnd-winter-2002:c-3:adelaide-university:none,Adeaide Uni.,5,0,,,,,,,,,,,,,archive_pdf,final_premiership_placings,Archive PDF title: Final Placings,
amnd-winter-2002-c-3,metro-magic,,archive:amnd-winter-2002:c-3:metro-magic:none,Metro Magic,6,0,,,,,,,,,,,,,archive_pdf,final_premiership_placings,Archive PDF title: Final Placings,
amnd-winter-2002-h-grade,oakdale-netball-club-sa,,archive:amnd-winter-2002:h-grade:oakdale-netball-club-sa:none,Phoenix,1,1,,,,,,,,,,,,,archive_pdf,final_premiership_placings,Archive PDF title: Final Placings,
amnd-winter-2002-h-grade,norwood-netball-club,,archive:amnd-winter-2002:h-grade:norwood-netball-club:none,Jaguars,2,1,,,,,,,,,,,,,archive_pdf,final_premiership_placings,Archive PDF title: Final Placings,
amnd-winter-2002-h-grade,matrics,,archive:amnd-winter-2002:h-grade:matrics:none,Matrics,3,1,,,,,,,,,,,,,archive_pdf,final_premiership_placings,Archive PDF title: Final Placings,
amnd-winter-2002-h-grade,cardijn-cats,,archive:amnd-winter-2002:h-grade:cardijn-cats:none,Cardijn Cats,4,1,,,,,,,,,,,,,archive_pdf,final_premiership_placings,Archive PDF title: Final Placings,
amnd-winter-2002-h-grade,woods,,archive:amnd-winter-2002:h-grade:woods:none,Woods,5,0,,,,,,,,,,,,,archive_pdf,final_premiership_placings,Archive PDF title: Final Placings,
amnd-winter-2002-h-grade,adelaide-cougars,,archive:amnd-winter-2002:h-grade:adelaide-cougars:none,Cougars,6,0,,,,,,,,,,,,,archive_pdf,final_premiership_placings,Archive PDF title: Final Placings,
amnd-winter-2002-h-grade,panthers,,archive:amnd-winter-2002:h-grade:panthers:none,Panthers,7,0,,,,,,,,,,,,,archive_pdf,final_premiership_placings,Archive PDF title: Final Placings,
amnd-winter-2002-inter-1,matrics,,archive:amnd-winter-2002:inter-1:matrics:none,Matrics,1,1,,,,,,,,,,,,,archive_pdf,final_premiership_placings,Archive PDF title: Final Placings,
amnd-winter-2002-inter-1,contax,,archive:amnd-winter-2002:inter-1:contax:none,Contax,2,1,,,,,,,,,,,,,archive_pdf,final_premiership_placings,Archive PDF title: Final Placings,
amnd-winter-2002-inter-1,woods-panthers,,archive:amnd-winter-2002:inter-1:woods-panthers:none,Woods Panthers,3,1,,,,,,,,,,,,,archive_pdf,final_premiership_placings,Archive PDF title: Final Placings,
amnd-winter-2002-inter-1,cheerio-netball-club,,archive:amnd-winter-2002:inter-1:cheerio-netball-club:none,Cheerio,4,1,,,,,,,,,,,,,archive_pdf,final_premiership_placings,Archive PDF title: Final Placings,
amnd-winter-2002-inter-1,adelaide-cougars,,archive:amnd-winter-2002:inter-1:adelaide-cougars:none,Cougars,5,0,,,,,,,,,,,,,archive_pdf,final_premiership_placings,Archive PDF title: Final Placings,
amnd-winter-2002-inter-1,harlequin,,archive:amnd-winter-2002:inter-1:harlequin:none,Harlequin,6,0,,,,,,,,,,,,,archive_pdf,final_premiership_placings,Archive PDF title: Final Placings,
amnd-winter-2002-inter-1,tango-netball-club-inc,,archive:amnd-winter-2002:inter-1:tango-netball-club-inc:none,Tango,7,0,,,,,,,,,,,,,archive_pdf,final_premiership_placings,Archive PDF title: Final Placings,
amnd-winter-2002-inter-1,garville,,archive:amnd-winter-2002:inter-1:garville:none,Garville,8,0,,,,,,,,,,,,,archive_pdf,final_premiership_placings,Archive PDF title: Final Placings,
amnd-winter-2002-inter-1,oakdale-netball-club-sa,,archive:amnd-winter-2002:inter-1:oakdale-netball-club-sa:none,Oakdale,9,0,,,,,,,,,,,,,archive_pdf,final_premiership_placings,Archive PDF title: Final Placings,
amnd-winter-2002-inter-1,norwood-netball-club,,archive:amnd-winter-2002:inter-1:norwood-netball-club:none,Newton Jaguars,10,0,,,,,,,,,,,,,archive_pdf,final_premiership_placings,Archive PDF title: Final Placings,
amnd-winter-2002-inter-2,woods-panthers,,archive:amnd-winter-2002:inter-2:woods-panthers:none,Woods Panthers,1,1,,,,,,,,,,,,,archive_pdf,final_premiership_placings,Archive PDF title: Final Placings,
amnd-winter-2002-inter-2,contax,,archive:amnd-winter-2002:inter-2:contax:none,Contax,2,1,,,,,,,,,,,,,archive_pdf,final_premiership_placings,Archive PDF title: Final Placings,
amnd-winter-2002-inter-2,adelaide-cougars,,archive:amnd-winter-2002:inter-2:adelaide-cougars:none,Cougars,3,1,,,,,,,,,,,,,archive_pdf,final_premiership_placings,Archive PDF title: Final Placings,
amnd-winter-2002-inter-2,matrics,,archive:amnd-winter-2002:inter-2:matrics:none,Matrics,4,1,,,,,,,,,,,,,archive_pdf,final_premiership_placings,Archive PDF title: Final Placings,
amnd-winter-2002-inter-2,tango-netball-club-inc,,archive:amnd-winter-2002:inter-2:tango-netball-club-inc:none,Tango,5,0,,,,,,,,,,,,,archive_pdf,final_premiership_placings,Archive PDF title: Final Placings,
amnd-winter-2002-inter-2,cheerio-netball-club,,archive:amnd-winter-2002:inter-2:cheerio-netball-club:none,Cheerio,6,0,,,,,,,,,,,,,archive_pdf,final_premiership_placings,Archive PDF title: Final Placings,
amnd-winter-2002-inter-2,garville,,archive:amnd-winter-2002:inter-2:garville:none,Garville,7,0,,,,,,,,,,,,,archive_pdf,final_premiership_placings,Archive PDF title: Final Placings,
amnd-winter-2002-inter-2,harlequin,,archive:amnd-winter-2002:inter-2:harlequin:none,Harlequin,8,0,,,,,,,,,,,,,archive_pdf,final_premiership_placings,Archive PDF title: Final Placings,
amnd-winter-2002-inter-2,metro-magic,,archive:amnd-winter-2002:inter-2:metro-magic:none,Metro Magic,9,0,,,,,,,,,,,,,archive_pdf,final_premiership_placings,Archive PDF title: Final Placings,
amnd-winter-2002-inter-2,norwood-netball-club,,archive:amnd-winter-2002:inter-2:norwood-netball-club:none,Newton Jaguars,10,0,,,,,,,,,,,,,archive_pdf,final_premiership_placings,Archive PDF title: Final Placings,
amnd-winter-2002-inter-3,cove-lightning,,archive:amnd-winter-2002:inter-3:cove-lightning:none,Cove Lightning,1,1,,,,,,,,,,,,,archive_pdf,final_premiership_placings,Archive PDF title: Final Placings,
amnd-winter-2002-inter-3,oakdale-netball-club-sa,,archive:amnd-winter-2002:inter-3:oakdale-netball-club-sa:none,Oakdale,2,1,,,,,,,,,,,,,archive_pdf,final_premiership_placings,Archive PDF title: Final Placings,
amnd-winter-2002-inter-3,contax,2,archive:amnd-winter-2002:inter-3:contax:2,Contax,3,1,,,,,,,,,,,,,archive_pdf,final_premiership_placings,Archive PDF title: Final Placings,
amnd-winter-2002-inter-3,contax,1,archive:amnd-winter-2002:inter-3:contax:1,Contax,4,1,,,,,,,,,,,,,archive_pdf,final_premiership_placings,Archive PDF title: Final Placings,
amnd-winter-2002-inter-3,garville,,archive:amnd-winter-2002:inter-3:garville:none,Garville,5,0,,,,,,,,,,,,,archive_pdf,final_premiership_placings,Archive PDF title: Final Placings,
amnd-winter-2002-inter-3,glandore,,archive:amnd-winter-2002:inter-3:glandore:none,Glandore,6,0,,,,,,,,,,,,,archive_pdf,final_premiership_placings,Archive PDF title: Final Placings,
amnd-winter-2002-inter-3,matrics,,archive:amnd-winter-2002:inter-3:matrics:none,Matrics,7,0,,,,,,,,,,,,,archive_pdf,final_premiership_placings,Archive PDF title: Final Placings,
amnd-winter-2002-inter-3,tango-netball-club-inc,,archive:amnd-winter-2002:inter-3:tango-netball-club-inc:none,Tango,8,0,,,,,,,,,,,,,archive_pdf,final_premiership_placings,Archive PDF title: Final Placings,
amnd-winter-2002-inter-3,woods-panthers,,archive:amnd-winter-2002:inter-3:woods-panthers:none,Woods Panthers,9,0,,,,,,,,,,,,,archive_pdf,final_premiership_placings,Archive PDF title: Final Placings,
amnd-winter-2002-inter-3,adelaide-cougars,,archive:amnd-winter-2002:inter-3:adelaide-cougars:none,Cougars,10,0,,,,,,,,,,,,,archive_pdf,final_premiership_placings,Archive PDF title: Final Placings,
amnd-winter-2002-inter-4,contax,,archive:amnd-winter-2002:inter-4:contax:none,Contax,1,1,,,,,,,,,,,,,archive_pdf,final_premiership_placings,Archive PDF title: Final Placings,
amnd-winter-2002-inter-4,garville,,archive:amnd-winter-2002:inter-4:garville:none,Garville,2,1,,,,,,,,,,,,,archive_pdf,final_premiership_placings,Archive PDF title: Final Placings,
amnd-winter-2002-inter-4,woods-panthers,,archive:amnd-winter-2002:inter-4:woods-panthers:none,Woods Panthers,3,1,,,,,,,,,,,,,archive_pdf,final_premiership_placings,Archive PDF title: Final Placings,
amnd-winter-2002-inter-4,oakdale-netball-club-sa,,archive:amnd-winter-2002:inter-4:oakdale-netball-club-sa:none,Oakdale,4,1,,,,,,,,,,,,,archive_pdf,final_premiership_placings,Archive PDF title: Final Placings,
amnd-winter-2002-inter-4,harlequin,,archive:amnd-winter-2002:inter-4:harlequin:none,Harlequin,5,0,,,,,,,,,,,,,archive_pdf,final_premiership_placings,Archive PDF title: Final Placings,
amnd-winter-2002-inter-4,michelangelo,,archive:amnd-winter-2002:inter-4:michelangelo:none,Michelangelo,6,0,,,,,,,,,,,,,archive_pdf,final_premiership_placings,Archive PDF title: Final Placings,
amnd-winter-2002-inter-4,cheerio-netball-club,,archive:amnd-winter-2002:inter-4:cheerio-netball-club:none,Cheerio,7,0,,,,,,,,,,,,,archive_pdf,final_premiership_placings,Archive PDF title: Final Placings,
amnd-winter-2002-inter-4,adelaide-cougars,,archive:amnd-winter-2002:inter-4:adelaide-cougars:none,Cougars,8,0,,,,,,,,,,,,,archive_pdf,final_premiership_placings,Archive PDF title: Final Placings,
amnd-winter-2002-inter-4,metro-magic,,archive:amnd-winter-2002:inter-4:metro-magic:none,Metro Magic,9,0,,,,,,,,,,,,,archive_pdf,final_premiership_placings,Archive PDF title: Final Placings,
amnd-winter-2002-inter-5,garville,,archive:amnd-winter-2002:inter-5:garville:none,Garville,1,1,,,,,,,,,,,,,archive_pdf,final_premiership_placings,Archive PDF title: Final Placings,
amnd-winter-2002-inter-5,contax,,archive:amnd-winter-2002:inter-5:contax:none,Contax,2,1,,,,,,,,,,,,,archive_pdf,final_premiership_placings,Archive PDF title: Final Placings,
amnd-winter-2002-inter-5,matrics,,archive:amnd-winter-2002:inter-5:matrics:none,Matrics,3,1,,,,,,,,,,,,,archive_pdf,final_premiership_placings,Archive PDF title: Final Placings,
amnd-winter-2002-inter-5,oakdale-netball-club-sa,,archive:amnd-winter-2002:inter-5:oakdale-netball-club-sa:none,Oakdale,4,1,,,,,,,,,,,,,archive_pdf,final_premiership_placings,Archive PDF title: Final Placings,
amnd-winter-2002-inter-5,norwood-netball-club,,archive:amnd-winter-2002:inter-5:norwood-netball-club:none,Newton Jaguars,5,0,,,,,,,,,,,,,archive_pdf,final_premiership_placings,Archive PDF title: Final Placings,
amnd-winter-2002-inter-5,clovelly-park,,archive:amnd-winter-2002:inter-5:clovelly-park:none,Clovelly Park,6,0,,,,,,,,,,,,,archive_pdf,final_premiership_placings,Archive PDF title: Final Placings,
amnd-winter-2002-inter-6,adelaide-university,,archive:amnd-winter-2002:inter-6:adelaide-university:none,Adelaide Uni.,1,1,,,,,,,,,,,,,archive_pdf,final_premiership_placings,Archive PDF title: Final Placings,
amnd-winter-2002-inter-6,metro-magic,,archive:amnd-winter-2002:inter-6:metro-magic:none,Metro Magic,2,1,,,,,,,,,,,,,archive_pdf,final_premiership_placings,Archive PDF title: Final Placings,
amnd-winter-2002-inter-6,garville,,archive:amnd-winter-2002:inter-6:garville:none,Garville,3,1,,,,,,,,,,,,,archive_pdf,final_premiership_placings,Archive PDF title: Final Placings,
amnd-winter-2002-inter-6,cheerio-netball-club,,archive:amnd-winter-2002:inter-6:cheerio-netball-club:none,Cheerio,4,1,,,,,,,,,,,,,archive_pdf,final_premiership_placings,Archive PDF title: Final Placings,
amnd-winter-2002-inter-6,woods-panthers,,archive:amnd-winter-2002:inter-6:woods-panthers:none,Woods Panthers,5,0,,,,,,,,,,,,,archive_pdf,final_premiership_placings,Archive PDF title: Final Placings,
amnd-winter-2002-inter-6,glandore,,archive:amnd-winter-2002:inter-6:glandore:none,Glandore,6,0,,,,,,,,,,,,,archive_pdf,final_premiership_placings,Archive PDF title: Final Placings,
amnd-winter-2002-inter-6,michelangelo,,archive:amnd-winter-2002:inter-6:michelangelo:none,Michelangelo,7,0,,,,,,,,,,,,,archive_pdf,final_premiership_placings,Archive PDF title: Final Placings,
amnd-winter-2002-junior-1,harlequin,1,archive:amnd-winter-2002:junior-1:harlequin:1,Harlequin,1,1,,,,,,,,,,,,,archive_pdf,final_premiership_placings,Archive PDF title: Final Placings,
amnd-winter-2002-junior-1,garville,,archive:amnd-winter-2002:junior-1:garville:none,Garville,2,1,,,,,,,,,,,,,archive_pdf,final_premiership_placings,Archive PDF title: Final Placings,
amnd-winter-2002-junior-1,tango-netball-club-inc,,archive:amnd-winter-2002:junior-1:tango-netball-club-inc:none,Tango,3,1,,,,,,,,,,,,,archive_pdf,final_premiership_placings,Archive PDF title: Final Placings,
amnd-winter-2002-junior-1,matrics,,archive:amnd-winter-2002:junior-1:matrics:none,Matrics,4,1,,,,,,,,,,,,,archive_pdf,final_premiership_placings,Archive PDF title: Final Placings,
amnd-winter-2002-junior-1,contax,,archive:amnd-winter-2002:junior-1:contax:none,Contax,5,0,,,,,,,,,,,,,archive_pdf,final_premiership_placings,Archive PDF title: Final Placings,
amnd-winter-2002-junior-1,harlequin,2,archive:amnd-winter-2002:junior-1:harlequin:2,Harlequin,6,0,,,,,,,,,,,,,archive_pdf,final_premiership_placings,Archive PDF title: Final Placings,
amnd-winter-2002-junior-1,cheerio-netball-club,,archive:amnd-winter-2002:junior-1:cheerio-netball-club:none,Cheerio,7,0,,,,,,,,,,,,,archive_pdf,final_premiership_placings,Archive PDF title: Final Placings,
amnd-winter-2002-junior-1,woods-panthers,,archive:amnd-winter-2002:junior-1:woods-panthers:none,Woods Panthers,8,0,,,,,,,,,,,,,archive_pdf,final_premiership_placings,Archive PDF title: Final Placings,
amnd-winter-2002-junior-1,adelaide-cougars,,archive:amnd-winter-2002:junior-1:adelaide-cougars:none,Cougars,9,0,,,,,,,,,,,,,archive_pdf,final_premiership_placings,Archive PDF title: Final Placings,
amnd-winter-2002-junior-1,norwood-netball-club,,archive:amnd-winter-2002:junior-1:norwood-netball-club:none,Newton Jaguars,10,0,,,,,,,,,,,,,archive_pdf,final_premiership_placings,Archive PDF title: Final Placings,
amnd-winter-2002-junior-2,contax,,archive:amnd-winter-2002:junior-2:contax:none,Contax,1,1,,,,,,,,,,,,,archive_pdf,final_premiership_placings,Archive PDF title: Final Placings,
amnd-winter-2002-junior-2,adelaide-cougars,,archive:amnd-winter-2002:junior-2:adelaide-cougars:none,Cougars,2,1,,,,,,,,,,,,,archive_pdf,final_premiership_placings,Archive PDF title: Final Placings,
amnd-winter-2002-junior-2,oakdale-netball-club-sa,1,archive:amnd-winter-2002:junior-2:oakdale-netball-club-sa:1,Oakdale,3,1,,,,,,,,,,,,,archive_pdf,final_premiership_placings,Archive PDF title: Final Placings,
amnd-winter-2002-junior-2,matrics,,archive:amnd-winter-2002:junior-2:matrics:none,Matrics,4,1,,,,,,,,,,,,,archive_pdf,final_premiership_placings,Archive PDF title: Final Placings,
amnd-winter-2002-junior-2,garville,,archive:amnd-winter-2002:junior-2:garville:none,Garville,5,0,,,,,,,,,,,,,archive_pdf,final_premiership_placings,Archive PDF title: Final Placings,
amnd-winter-2002-junior-2,norwood-netball-club,,archive:amnd-winter-2002:junior-2:norwood-netball-club:none,Newton Jaguars,6,0,,,,,,,,,,,,,archive_pdf,final_premiership_placings,Archive PDF title: Final Placings,
amnd-winter-2002-junior-2,woods-panthers,,archive:amnd-winter-2002:junior-2:woods-panthers:none,Woods Panthers,7,0,,,,,,,,,,,,,archive_pdf,final_premiership_placings,Archive PDF title: Final Placings,
amnd-winter-2002-junior-2,tango-netball-club-inc,,archive:amnd-winter-2002:junior-2:tango-netball-club-inc:none,Tango,8,0,,,,,,,,,,,,,archive_pdf,final_premiership_placings,Archive PDF title: Final Placings,
amnd-winter-2002-junior-2,golden-grove,,archive:amnd-winter-2002:junior-2:golden-grove:none,Golden Grove,9,0,,,,,,,,,,,,,archive_pdf,final_premiership_placings,Archive PDF title: Final Placings,
amnd-winter-2002-junior-2,oakdale-netball-club-sa,2,archive:amnd-winter-2002:junior-2:oakdale-netball-club-sa:2,Oakdale,10,0,,,,,,,,,,,,,archive_pdf,final_premiership_placings,Archive PDF title: Final Placings,
amnd-winter-2002-junior-3,contax,1,archive:amnd-winter-2002:junior-3:contax:1,Contax,1,1,,,,,,,,,,,,,archive_pdf,final_premiership_placings,Archive PDF title: Final Placings,
amnd-winter-2002-junior-3,matrics,,archive:amnd-winter-2002:junior-3:matrics:none,Matrics,2,1,,,,,,,,,,,,,archive_pdf,final_premiership_placings,Archive PDF title: Final Placings,
amnd-winter-2002-junior-3,garville,,archive:amnd-winter-2002:junior-3:garville:none,Garville,3,1,,,,,,,,,,,,,archive_pdf,final_premiership_placings,Archive PDF title: Final Placings,
amnd-winter-2002-junior-3,harlequin,,archive:amnd-winter-2002:junior-3:harlequin:none,Harlequin,4,1,,,,,,,,,,,,,archive_pdf,final_premiership_placings,Archive PDF title: Final Placings,
amnd-winter-2002-junior-3,contax,2,archive:amnd-winter-2002:junior-3:contax:2,Contax,5,0,,,,,,,,,,,,,archive_pdf,final_premiership_placings,Archive PDF title: Final Placings,
amnd-winter-2002-junior-3,cheerio-netball-club,,archive:amnd-winter-2002:junior-3:cheerio-netball-club:none,Cheerio,6,0,,,,,,,,,,,,,archive_pdf,final_premiership_placings,Archive PDF title: Final Placings,
amnd-winter-2002-junior-3,adelaide-cougars,,archive:amnd-winter-2002:junior-3:adelaide-cougars:none,Cougars,7,0,,,,,,,,,,,,,archive_pdf,final_premiership_placings,Archive PDF title: Final Placings,
amnd-winter-2002-junior-3,woods-panthers,,archive:amnd-winter-2002:junior-3:woods-panthers:none,Woods Panthers,8,0,,,,,,,,,,,,,archive_pdf,final_premiership_placings,Archive PDF title: Final Placings,
amnd-winter-2002-junior-3,metro-magic,,archive:amnd-winter-2002:junior-3:metro-magic:none,Metro Magic,9,0,,,,,,,,,,,,,archive_pdf,final_premiership_placings,Archive PDF title: Final Placings,
amnd-winter-2002-junior-3,tango-netball-club-inc,,archive:amnd-winter-2002:junior-3:tango-netball-club-inc:none,Tango,10,0,,,,,,,,,,,,,archive_pdf,final_premiership_placings,Archive PDF title: Final Placings,
amnd-winter-2002-junior-4,matrics,,archive:amnd-winter-2002:junior-4:matrics:none,Matrics,1,1,,,,,,,,,,,,,archive_pdf,final_premiership_placings,Archive PDF title: Final Placings,
amnd-winter-2002-junior-4,contax,,archive:amnd-winter-2002:junior-4:contax:none,Contax,2,1,,,,,,,,,,,,,archive_pdf,final_premiership_placings,Archive PDF title: Final Placings,
amnd-winter-2002-junior-4,norwood-netball-club,,archive:amnd-winter-2002:junior-4:norwood-netball-club:none,Newton Jaguars,3,1,,,,,,,,,,,,,archive_pdf,final_premiership_placings,Archive PDF title: Final Placings,
amnd-winter-2002-junior-4,garville,,archive:amnd-winter-2002:junior-4:garville:none,Garville,4,1,,,,,,,,,,,,,archive_pdf,final_premiership_placings,Archive PDF title: Final Placings,
amnd-winter-2002-junior-4,woods-panthers,1,archive:amnd-winter-2002:junior-4:woods-panthers:1,Woods Panthers,5,0,,,,,,,,,,,,,archive_pdf,final_premiership_placings,Archive PDF title: Final Placings,
amnd-winter-2002-junior-4,woods-panthers,2,archive:amnd-winter-2002:junior-4:woods-panthers:2,Woods Panthers,6,0,,,,,,,,,,,,,archive_pdf,final_premiership_placings,Archive PDF title: Final Placings,
amnd-winter-2002-junior-4,harlequin,,archive:amnd-winter-2002:junior-4:harlequin:none,Harlequin,7,0,,,,,,,,,,,,,archive_pdf,final_premiership_placings,Archive PDF title: Final Placings,
amnd-winter-2002-junior-4,glandore,,archive:amnd-winter-2002:junior-4:glandore:none,Glandore,8,0,,,,,,,,,,,,,archive_pdf,final_premiership_placings,Archive PDF title: Final Placings,
amnd-winter-2002-junior-4,oakdale-netball-club-sa,,archive:amnd-winter-2002:junior-4:oakdale-netball-club-sa:none,Oakdale,9,0,,,,,,,,,,,,,archive_pdf,final_premiership_placings,Archive PDF title: Final Placings,
amnd-winter-2002-junior-5,contax,,archive:amnd-winter-2002:junior-5:contax:none,Contax,1,1,,,,,,,,,,,,,archive_pdf,final_premiership_placings,Archive PDF title: Final Placings,
amnd-winter-2002-junior-5,garville,,archive:amnd-winter-2002:junior-5:garville:none,Garville,2,1,,,,,,,,,,,,,archive_pdf,final_premiership_placings,Archive PDF title: Final Placings,
amnd-winter-2002-junior-5,norwood-netball-club,,archive:amnd-winter-2002:junior-5:norwood-netball-club:none,Newton Jaguars,3,1,,,,,,,,,,,,,archive_pdf,final_premiership_placings,Archive PDF title: Final Placings,
amnd-winter-2002-junior-5,michelangelo,,archive:amnd-winter-2002:junior-5:michelangelo:none,Michelangelo,4,1,,,,,,,,,,,,,archive_pdf,final_premiership_placings,Archive PDF title: Final Placings,
amnd-winter-2002-junior-5,cheerio-netball-club,,archive:amnd-winter-2002:junior-5:cheerio-netball-club:none,Cheerio,5,0,,,,,,,,,,,,,archive_pdf,final_premiership_placings,Archive PDF title: Final Placings,
amnd-winter-2002-junior-5,matrics,1,archive:amnd-winter-2002:junior-5:matrics:1,Matrics,6,0,,,,,,,,,,,,,archive_pdf,final_premiership_placings,Archive PDF title: Final Placings,
amnd-winter-2002-junior-5,matrics,2,archive:amnd-winter-2002:junior-5:matrics:2,Matrics,7,0,,,,,,,,,,,,,archive_pdf,final_premiership_placings,Archive PDF title: Final Placings,
amnd-winter-2002-junior-5,adelaide-cougars,,archive:amnd-winter-2002:junior-5:adelaide-cougars:none,Cougars,8,0,,,,,,,,,,,,,archive_pdf,final_premiership_placings,Archive PDF title: Final Placings,
amnd-winter-2002-junior-5,oakdale-netball-club-sa,,archive:amnd-winter-2002:junior-5:oakdale-netball-club-sa:none,Oakdale,9,0,,,,,,,,,,,,,archive_pdf,final_premiership_placings,Archive PDF title: Final Placings,
amnd-winter-2002-junior-6,contax,,archive:amnd-winter-2002:junior-6:contax:none,Contax,1,1,,,,,,,,,,,,,archive_pdf,final_premiership_placings,Archive PDF title: Final Placings,
amnd-winter-2002-junior-6,norwood-netball-club,,archive:amnd-winter-2002:junior-6:norwood-netball-club:none,Newton Jaguars,2,1,,,,,,,,,,,,,archive_pdf,final_premiership_placings,Archive PDF title: Final Placings,
amnd-winter-2002-junior-6,woods-panthers,1,archive:amnd-winter-2002:junior-6:woods-panthers:1,Woods Panthers,3,1,,,,,,,,,,,,,archive_pdf,final_premiership_placings,Archive PDF title: Final Placings,
amnd-winter-2002-junior-6,metro-magic,,archive:amnd-winter-2002:junior-6:metro-magic:none,Metro Magic,4,1,,,,,,,,,,,,,archive_pdf,final_premiership_placings,Archive PDF title: Final Placings,
amnd-winter-2002-junior-6,garville,,archive:amnd-winter-2002:junior-6:garville:none,Garville,5,0,,,,,,,,,,,,,archive_pdf,final_premiership_placings,Archive PDF title: Final Placings,
amnd-winter-2002-junior-6,glandore,,archive:amnd-winter-2002:junior-6:glandore:none,Glandore,6,0,,,,,,,,,,,,,archive_pdf,final_premiership_placings,Archive PDF title: Final Placings,
amnd-winter-2002-junior-6,clovelly-park,,archive:amnd-winter-2002:junior-6:clovelly-park:none,Clovelly Park,7,0,,,,,,,,,,,,,archive_pdf,final_premiership_placings,Archive PDF title: Final Placings,
amnd-winter-2002-junior-6,cheerio-netball-club,,archive:amnd-winter-2002:junior-6:cheerio-netball-club:none,Cheerio,8,0,,,,,,,,,,,,,archive_pdf,final_premiership_placings,Archive PDF title: Final Placings,
amnd-winter-2002-junior-6,woods-panthers,2,archive:amnd-winter-2002:junior-6:woods-panthers:2,Woods Panthers,9,0,,,,,,,,,,,,,archive_pdf,final_premiership_placings,Archive PDF title: Final Placings,
amnd-winter-2002-primary-1,woods-panthers,,archive:amnd-winter-2002:primary-1:woods-panthers:none,Woods Panthers,1,1,,,,,,,,,,,,,archive_pdf,final_premiership_placings,Archive PDF title: Final Placings,
amnd-winter-2002-primary-1,harlequin,,archive:amnd-winter-2002:primary-1:harlequin:none,Harlequin,2,1,,,,,,,,,,,,,archive_pdf,final_premiership_placings,Archive PDF title: Final Placings,
amnd-winter-2002-primary-1,contax,1,archive:amnd-winter-2002:primary-1:contax:1,Contax,3,1,,,,,,,,,,,,,archive_pdf,final_premiership_placings,Archive PDF title: Final Placings,
amnd-winter-2002-primary-1,garville,,archive:amnd-winter-2002:primary-1:garville:none,Garville,4,1,,,,,,,,,,,,,archive_pdf,final_premiership_placings,Archive PDF title: Final Placings,
amnd-winter-2002-primary-1,oakdale-netball-club-sa,,archive:amnd-winter-2002:primary-1:oakdale-netball-club-sa:none,Oakdale,5,0,,,,,,,,,,,,,archive_pdf,final_premiership_placings,Archive PDF title: Final Placings,
amnd-winter-2002-primary-1,adelaide-cougars,,archive:amnd-winter-2002:primary-1:adelaide-cougars:none,Cougars,6,0,,,,,,,,,,,,,archive_pdf,final_premiership_placings,Archive PDF title: Final Placings,
amnd-winter-2002-primary-1,contax,2,archive:amnd-winter-2002:primary-1:contax:2,Contax,7,0,,,,,,,,,,,,,archive_pdf,final_premiership_placings,Archive PDF title: Final Placings,
amnd-winter-2002-primary-1,matrics,,archive:amnd-winter-2002:primary-1:matrics:none,Matrics,8,0,,,,,,,,,,,,,archive_pdf,final_premiership_placings,Archive PDF title: Final Placings,
amnd-winter-2002-primary-2,woods-panthers,,archive:amnd-winter-2002:primary-2:woods-panthers:none,Woods Panthers,1,1,,,,,,,,,,,,,archive_pdf,final_premiership_placings,Archive PDF title: Final Placings,
amnd-winter-2002-primary-2,adelaide-cougars,,archive:amnd-winter-2002:primary-2:adelaide-cougars:none,Cougars,2,1,,,,,,,,,,,,,archive_pdf,final_premiership_placings,Archive PDF title: Final Placings,
amnd-winter-2002-primary-2,norwood-netball-club,,archive:amnd-winter-2002:primary-2:norwood-netball-club:none,Newton Jaguars,3,1,,,,,,,,,,,,,archive_pdf,final_premiership_placings,Archive PDF title: Final Placings,
amnd-winter-2002-primary-2,harlequin,,archive:amnd-winter-2002:primary-2:harlequin:none,Harlequin,4,1,,,,,,,,,,,,,archive_pdf,final_premiership_placings,Archive PDF title: Final Placings,
amnd-winter-2002-primary-2,matrics,,archive:amnd-winter-2002:primary-2:matrics:none,Matrics,5,0,,,,,,,,,,,,,archive_pdf,final_premiership_placings,Archive PDF title: Final Placings,
amnd-winter-2002-primary-2,garville,,archive:amnd-winter-2002:primary-2:garville:none,Garville,6,0,,,,,,,,,,,,,archive_pdf,final_premiership_placings,Archive PDF title: Final Placings,
amnd-winter-2002-primary-2,contax,,archive:amnd-winter-2002:primary-2:contax:none,Contax,7,0,,,,,,,,,,,,,archive_pdf,final_premiership_placings,Archive PDF title: Final Placings,
amnd-winter-2002-primary-2,oakdale-netball-club-sa,,archive:amnd-winter-2002:primary-2:oakdale-netball-club-sa:none,Oakdale,8,0,,,,,,,,,,,,,archive_pdf,final_premiership_placings,Archive PDF title: Final Placings,
amnd-winter-2002-primary-3,garville,1,archive:amnd-winter-2002:primary-3:garville:1,Garville,1,1,,,,,,,,,,,,,archive_pdf,final_premiership_placings,Archive PDF title: Final Placings,
amnd-winter-2002-primary-3,michelangelo,,archive:amnd-winter-2002:primary-3:michelangelo:none,Michelangelo,2,1,,,,,,,,,,,,,archive_pdf,final_premiership_placings,Archive PDF title: Final Placings,
amnd-winter-2002-primary-3,garville,2,archive:amnd-winter-2002:primary-3:garville:2,Garville,3,1,,,,,,,,,,,,,archive_pdf,final_premiership_placings,Archive PDF title: Final Placings,
amnd-winter-2002-primary-3,woods-panthers,,archive:amnd-winter-2002:primary-3:woods-panthers:none,Woods Panthers,4,1,,,,,,,,,,,,,archive_pdf,final_premiership_placings,Archive PDF title: Final Placings,
amnd-winter-2002-primary-3,tango-netball-club-inc,,archive:amnd-winter-2002:primary-3:tango-netball-club-inc:none,Tango,5,0,,,,,,,,,,,,,archive_pdf,final_premiership_placings,Archive PDF title: Final Placings,
amnd-winter-2002-primary-3,cheerio-netball-club,,archive:amnd-winter-2002:primary-3:cheerio-netball-club:none,Cheerio,6,0,,,,,,,,,,,,,archive_pdf,final_premiership_placings,Archive PDF title: Final Placings,
amnd-winter-2002-primary-4,adelaide-cougars,,archive:amnd-winter-2002:primary-4:adelaide-cougars:none,Cougars,1,1,,,,,,,,,,,,,archive_pdf,final_premiership_placings,Archive PDF title: Final Placings,
amnd-winter-2002-primary-4,glandore,,archive:amnd-winter-2002:primary-4:glandore:none,Glandore,2,1,,,,,,,,,,,,,archive_pdf,final_premiership_placings,Archive PDF title: Final Placings,
amnd-winter-2002-primary-4,contax,,archive:amnd-winter-2002:primary-4:contax:none,Contax,3,1,,,,,,,,,,,,,archive_pdf,final_premiership_placings,Archive PDF title: Final Placings,
amnd-winter-2002-primary-4,garville,,archive:amnd-winter-2002:primary-4:garville:none,Garville,4,1,,,,,,,,,,,,,archive_pdf,final_premiership_placings,Archive PDF title: Final Placings,
amnd-winter-2002-primary-4,tango-netball-club-inc,,archive:amnd-winter-2002:primary-4:tango-netball-club-inc:none,Tango,5,0,,,,,,,,,,,,,archive_pdf,final_premiership_placings,Archive PDF title: Final Placings,
amnd-winter-2002-primary-4,woods-panthers,,archive:amnd-winter-2002:primary-4:woods-panthers:none,Woods Panthers,6,0,,,,,,,,,,,,,archive_pdf,final_premiership_placings,Archive PDF title: Final Placings,
amnd-winter-2002-primary-5,metro-magic,,archive:amnd-winter-2002:primary-5:metro-magic:none,Metro Magic,1,1,,,,,,,,,,,,,archive_pdf,final_premiership_placings,Archive PDF title: Final Placings,
amnd-winter-2002-primary-5,oakdale-netball-club-sa,,archive:amnd-winter-2002:primary-5:oakdale-netball-club-sa:none,Oakdale,2,1,,,,,,,,,,,,,archive_pdf,final_premiership_placings,Archive PDF title: Final Placings,
amnd-winter-2002-primary-5,norwood-netball-club,,archive:amnd-winter-2002:primary-5:norwood-netball-club:none,Newton Jaguars,3,1,,,,,,,,,,,,,archive_pdf,final_premiership_placings,Archive PDF title: Final Placings,
amnd-winter-2002-primary-5,michelangelo,,archive:amnd-winter-2002:primary-5:michelangelo:none,Michelangelo,4,1,,,,,,,,,,,,,archive_pdf,final_premiership_placings,Archive PDF title: Final Placings,
amnd-winter-2002-primary-5,matrics,,archive:amnd-winter-2002:primary-5:matrics:none,Matrics,5,0,,,,,,,,,,,,,archive_pdf,final_premiership_placings,Archive PDF title: Final Placings,
amnd-winter-2002-primary-5,garville,,archive:amnd-winter-2002:primary-5:garville:none,Garville,6,0,,,,,,,,,,,,,archive_pdf,final_premiership_placings,Archive PDF title: Final Placings,
amnd-winter-2002-sub-junior-1,contax,,archive:amnd-winter-2002:sub-junior-1:contax:none,Contax,1,1,,,,,,,,,,,,,archive_pdf,final_premiership_placings,Archive PDF title: Final Placings,
amnd-winter-2002-sub-junior-1,harlequin,,archive:amnd-winter-2002:sub-junior-1:harlequin:none,Harlequin,2,1,,,,,,,,,,,,,archive_pdf,final_premiership_placings,Archive PDF title: Final Placings,
amnd-winter-2002-sub-junior-1,hallett-cove,,archive:amnd-winter-2002:sub-junior-1:hallett-cove:none,Hallett Cove,3,1,,,,,,,,,,,,,archive_pdf,final_premiership_placings,Archive PDF title: Final Placings,
amnd-winter-2002-sub-junior-1,matrics,,archive:amnd-winter-2002:sub-junior-1:matrics:none,Matrics,4,1,,,,,,,,,,,,,archive_pdf,final_premiership_placings,Archive PDF title: Final Placings,
amnd-winter-2002-sub-junior-1,woods-panthers,,archive:amnd-winter-2002:sub-junior-1:woods-panthers:none,Woods Panthers,5,0,,,,,,,,,,,,,archive_pdf,final_premiership_placings,Archive PDF title: Final Placings,
amnd-winter-2002-sub-junior-1,norwood-netball-club,,archive:amnd-winter-2002:sub-junior-1:norwood-netball-club:none,Newton Jaguars,6,0,,,,,,,,,,,,,archive_pdf,final_premiership_placings,Archive PDF title: Final Placings,
amnd-winter-2002-sub-junior-1,cheerio-netball-club,,archive:amnd-winter-2002:sub-junior-1:cheerio-netball-club:none,Cheerio,7,0,,,,,,,,,,,,,archive_pdf,final_premiership_placings,Archive PDF title: Final Placings,
amnd-winter-2002-sub-junior-1,garville,,archive:amnd-winter-2002:sub-junior-1:garville:none,Garville,8,0,,,,,,,,,,,,,archive_pdf,final_premiership_placings,Archive PDF title: Final Placings,
amnd-winter-2002-sub-junior-2,contax,2,archive:amnd-winter-2002:sub-junior-2:contax:2,Contax,1,1,,,,,,,,,,,,,archive_pdf,final_premiership_placings,Archive PDF title: Final Placings,
amnd-winter-2002-sub-junior-2,contax,1,archive:amnd-winter-2002:sub-junior-2:contax:1,Contax,2,1,,,,,,,,,,,,,archive_pdf,final_premiership_placings,Archive PDF title: Final Placings,
amnd-winter-2002-sub-junior-2,adelaide-cougars,2,archive:amnd-winter-2002:sub-junior-2:adelaide-cougars:2,Cougars,3,1,,,,,,,,,,,,,archive_pdf,final_premiership_placings,Archive PDF title: Final Placings,
amnd-winter-2002-sub-junior-2,woods-panthers,1,archive:amnd-winter-2002:sub-junior-2:woods-panthers:1,Woods Panthers,4,1,,,,,,,,,,,,,archive_pdf,final_premiership_placings,Archive PDF title: Final Placings,
amnd-winter-2002-sub-junior-2,woods-panthers,2,archive:amnd-winter-2002:sub-junior-2:woods-panthers:2,Woods Panthers,5,0,,,,,,,,,,,,,archive_pdf,final_premiership_placings,Archive PDF title: Final Placings,
amnd-winter-2002-sub-junior-2,cheerio-netball-club,,archive:amnd-winter-2002:sub-junior-2:cheerio-netball-club:none,Cheerio,6,0,,,,,,,,,,,,,archive_pdf,final_premiership_placings,Archive PDF title: Final Placings,
amnd-winter-2002-sub-junior-2,adelaide-cougars,1,archive:amnd-winter-2002:sub-junior-2:adelaide-cougars:1,Cougars,7,0,,,,,,,,,,,,,archive_pdf,final_premiership_placings,Archive PDF title: Final Placings,
amnd-winter-2002-sub-junior-2,matrics,,archive:amnd-winter-2002:sub-junior-2:matrics:none,Matrics,8,0,,,,,,,,,,,,,archive_pdf,final_premiership_placings,Archive PDF title: Final Placings,
amnd-winter-2002-sub-junior-3,harlequin,,archive:amnd-winter-2002:sub-junior-3:harlequin:none,Harlequin,1,1,,,,,,,,,,,,,archive_pdf,final_premiership_placings,Archive PDF title: Final Placings,
amnd-winter-2002-sub-junior-3,contax,,archive:amnd-winter-2002:sub-junior-3:contax:none,Contax,2,1,,,,,,,,,,,,,archive_pdf,final_premiership_placings,Archive PDF title: Final Placings,
amnd-winter-2002-sub-junior-3,tango-netball-club-inc,1,archive:amnd-winter-2002:sub-junior-3:tango-netball-club-inc:1,Tango,3,1,,,,,,,,,,,,,archive_pdf,final_premiership_placings,Archive PDF title: Final Placings,
amnd-winter-2002-sub-junior-3,oakdale-netball-club-sa,,archive:amnd-winter-2002:sub-junior-3:oakdale-netball-club-sa:none,Oakdale,4,1,,,,,,,,,,,,,archive_pdf,final_premiership_placings,Archive PDF title: Final Placings,
amnd-winter-2002-sub-junior-3,garville,,archive:amnd-winter-2002:sub-junior-3:garville:none,Garville,5,0,,,,,,,,,,,,,archive_pdf,final_premiership_placings,Archive PDF title: Final Placings,
amnd-winter-2002-sub-junior-3,matrics,,archive:amnd-winter-2002:sub-junior-3:matrics:none,Matrics,6,0,,,,,,,,,,,,,archive_pdf,final_premiership_placings,Archive PDF title: Final Placings,
amnd-winter-2002-sub-junior-3,norwood-netball-club,,archive:amnd-winter-2002:sub-junior-3:norwood-netball-club:none,Newton Jaguars,7,0,,,,,,,,,,,,,archive_pdf,final_premiership_placings,Archive PDF title: Final Placings,
amnd-winter-2002-sub-junior-3,tango-netball-club-inc,2,archive:amnd-winter-2002:sub-junior-3:tango-netball-club-inc:2,Tango,8,0,,,,,,,,,,,,,archive_pdf,final_premiership_placings,Archive PDF title: Final Placings,
amnd-winter-2002-sub-junior-4,contax,1,archive:amnd-winter-2002:sub-junior-4:contax:1,Contax,1,1,,,,,,,,,,,,,archive_pdf,final_premiership_placings,Archive PDF title: Final Placings,
amnd-winter-2002-sub-junior-4,adelaide-cougars,,archive:amnd-winter-2002:sub-junior-4:adelaide-cougars:none,Cougars,2,1,,,,,,,,,,,,,archive_pdf,final_premiership_placings,Archive PDF title: Final Placings,
amnd-winter-2002-sub-junior-4,contax,2,archive:amnd-winter-2002:sub-junior-4:contax:2,Contax,3,1,,,,,,,,,,,,,archive_pdf,final_premiership_placings,Archive PDF title: Final Placings,
amnd-winter-2002-sub-junior-4,harlequin,,archive:amnd-winter-2002:sub-junior-4:harlequin:none,Harlequin,4,1,,,,,,,,,,,,,archive_pdf,final_premiership_placings,Archive PDF title: Final Placings,
amnd-winter-2002-sub-junior-4,woods-panthers,,archive:amnd-winter-2002:sub-junior-4:woods-panthers:none,Woods Panthers,5,0,,,,,,,,,,,,,archive_pdf,final_premiership_placings,Archive PDF title: Final Placings,
amnd-winter-2002-sub-junior-4,norwood-netball-club,,archive:amnd-winter-2002:sub-junior-4:norwood-netball-club:none,Newton Jaguars,6,0,,,,,,,,,,,,,archive_pdf,final_premiership_placings,Archive PDF title: Final Placings,
amnd-winter-2002-sub-junior-4,oakdale-netball-club-sa,,archive:amnd-winter-2002:sub-junior-4:oakdale-netball-club-sa:none,Oakdale,7,0,,,,,,,,,,,,,archive_pdf,final_premiership_placings,Archive PDF title: Final Placings,
amnd-winter-2002-sub-junior-4,garville,,archive:amnd-winter-2002:sub-junior-4:garville:none,Garville,8,0,,,,,,,,,,,,,archive_pdf,final_premiership_placings,Archive PDF title: Final Placings,
amnd-winter-2002-sub-junior-5,woods-panthers,,archive:amnd-winter-2002:sub-junior-5:woods-panthers:none,Woods Panthers,1,1,,,,,,,,,,,,,archive_pdf,final_premiership_placings,Archive PDF title: Final Placings,
amnd-winter-2002-sub-junior-5,norwood-netball-club,,archive:amnd-winter-2002:sub-junior-5:norwood-netball-club:none,Newton Jaguars,2,1,,,,,,,,,,,,,archive_pdf,final_premiership_placings,Archive PDF title: Final Placings,
amnd-winter-2002-sub-junior-5,oakdale-netball-club-sa,,archive:amnd-winter-2002:sub-junior-5:oakdale-netball-club-sa:none,Oakdale,3,1,,,,,,,,,,,,,archive_pdf,final_premiership_placings,Archive PDF title: Final Placings,
amnd-winter-2002-sub-junior-5,michelangelo,,archive:amnd-winter-2002:sub-junior-5:michelangelo:none,Michelangelo,4,1,,,,,,,,,,,,,archive_pdf,final_premiership_placings,Archive PDF title: Final Placings,
amnd-winter-2002-sub-junior-5,cheerio-netball-club,,archive:amnd-winter-2002:sub-junior-5:cheerio-netball-club:none,Cheerio,5,0,,,,,,,,,,,,,archive_pdf,final_premiership_placings,Archive PDF title: Final Placings,
amnd-winter-2002-sub-junior-5,garville,,archive:amnd-winter-2002:sub-junior-5:garville:none,Garville,6,0,,,,,,,,,,,,,archive_pdf,final_premiership_placings,Archive PDF title: Final Placings,
amnd-winter-2002-sub-junior-5,metro-magic,,archive:amnd-winter-2002:sub-junior-5:metro-magic:none,M/Magic,7,0,,,,,,,,,,,,,archive_pdf,final_premiership_placings,Archive PDF title: Final Placings,
amnd-winter-2002-sub-junior-5,matrics,,archive:amnd-winter-2002:sub-junior-5:matrics:none,Matrics,8,0,,,,,,,,,,,,,archive_pdf,final_premiership_placings,Archive PDF title: Final Placings,
amnd-winter-2002-sub-junior-6,glandore,,archive:amnd-winter-2002:sub-junior-6:glandore:none,Glandore,1,1,,,,,,,,,,,,,archive_pdf,final_premiership_placings,Archive PDF title: Final Placings,
amnd-winter-2002-sub-junior-6,contax,,archive:amnd-winter-2002:sub-junior-6:contax:none,Contax,2,1,,,,,,,,,,,,,archive_pdf,final_premiership_placings,Archive PDF title: Final Placings,
amnd-winter-2002-sub-junior-6,adelaide-cougars,,archive:amnd-winter-2002:sub-junior-6:adelaide-cougars:none,Cougars,3,1,,,,,,,,,,,,,archive_pdf,final_premiership_placings,Archive PDF title: Final Placings,
amnd-winter-2002-sub-junior-6,woods-panthers,2,archive:amnd-winter-2002:sub-junior-6:woods-panthers:2,Woods Panthers,4,1,,,,,,,,,,,,,archive_pdf,final_premiership_placings,Archive PDF title: Final Placings,
amnd-winter-2002-sub-junior-6,oakdale-netball-club-sa,,archive:amnd-winter-2002:sub-junior-6:oakdale-netball-club-sa:none,Oakdale,5,0,,,,,,,,,,,,,archive_pdf,final_premiership_placings,Archive PDF title: Final Placings,
amnd-winter-2002-sub-junior-6,panthers,1,archive:amnd-winter-2002:sub-junior-6:panthers:1,Panthers,6,0,,,,,,,,,,,,,archive_pdf,final_premiership_placings,Archive PDF title: Final Placings,
amnd-winter-2002-sub-junior-6,garville,,archive:amnd-winter-2002:sub-junior-6:garville:none,Garville,7,0,,,,,,,,,,,,,archive_pdf,final_premiership_placings,Archive PDF title: Final Placings,
amnd-winter-2002-sub-junior-6,metro-magic,,archive:amnd-winter-2002:sub-junior-6:metro-magic:none,Metro Magic,8,0,,,,,,,,,,,,,archive_pdf,final_premiership_placings,Archive PDF title: Final Placings,
amnd-winter-2002-sub-junior-7,norwood-netball-club,1,archive:amnd-winter-2002:sub-junior-7:norwood-netball-club:1,Newton Jaguars,1,1,,,,,,,,,,,,,archive_pdf,final_premiership_placings,Archive PDF title: Final Placings,
amnd-winter-2002-sub-junior-7,michelangelo,,archive:amnd-winter-2002:sub-junior-7:michelangelo:none,Michelangelo,2,1,,,,,,,,,,,,,archive_pdf,final_premiership_placings,Archive PDF title: Final Placings,
amnd-winter-2002-sub-junior-7,woods-panthers,,archive:amnd-winter-2002:sub-junior-7:woods-panthers:none,Woods Panthers,3,1,,,,,,,,,,,,,archive_pdf,final_premiership_placings,Archive PDF title: Final Placings,
amnd-winter-2002-sub-junior-7,adelaide-cougars,,archive:amnd-winter-2002:sub-junior-7:adelaide-cougars:none,Cougars,4,1,,,,,,,,,,,,,archive_pdf,final_premiership_placings,Archive PDF title: Final Placings,
amnd-winter-2002-sub-junior-7,norwood-netball-club,2,archive:amnd-winter-2002:sub-junior-7:norwood-netball-club:2,Newton Jaguars,5,0,,,,,,,,,,,,,archive_pdf,final_premiership_placings,Archive PDF title: Final Placings,
amnd-winter-2002-sub-junior-7,clovelly-park,,archive:amnd-winter-2002:sub-junior-7:clovelly-park:none,Clovelly Park,6,0,,,,,,,,,,,,,archive_pdf,final_premiership_placings,Archive PDF title: Final Placings,
amnd-winter-2002-sub-junior-7,garville,,archive:amnd-winter-2002:sub-junior-7:garville:none,Garville,7,0,,,,,,,,,,,,,archive_pdf,final_premiership_placings,Archive PDF title: Final Placings,
amnd-winter-2002-sub-junior-7,glandore,,archive:amnd-winter-2002:sub-junior-7:glandore:none,Glandore,8,0,,,,,,,,,,,,,archive_pdf,final_premiership_placings,Archive PDF title: Final Placings,
amnd-winter-2003-amnd-league,matrics,,archive:amnd-winter-2003:amnd-league:matrics:none,Matrics,1,1,,,,,,,,,,,,,archive_pdf,final_premiership_placings,Archive PDF title: Final Placings,
amnd-winter-2003-amnd-league,glandore,,archive:amnd-winter-2003:amnd-league:glandore:none,Glandore,2,1,,,,,,,,,,,,,archive_pdf,final_premiership_placings,Archive PDF title: Final Placings,
amnd-winter-2003-amnd-league,contax,,archive:amnd-winter-2003:amnd-league:contax:none,Contax,3,1,,,,,,,,,,,,,archive_pdf,final_premiership_placings,Archive PDF title: Final Placings,
amnd-winter-2003-amnd-league,garville,,archive:amnd-winter-2003:amnd-league:garville:none,Garville,4,1,,,,,,,,,,,,,archive_pdf,final_premiership_placings,Archive PDF title: Final Placings,
amnd-winter-2003-amnd-league,woods-panthers,,archive:amnd-winter-2003:amnd-league:woods-panthers:none,Woods Panthers,5,0,,,,,,,,,,,,,archive_pdf,final_premiership_placings,Archive PDF title: Final Placings,
amnd-winter-2003-amnd-league,oakdale-netball-club-sa,,archive:amnd-winter-2003:amnd-league:oakdale-netball-club-sa:none,Oakdale,6,0,,,,,,,,,,,,,archive_pdf,final_premiership_placings,Archive PDF title: Final Placings,
amnd-winter-2003-amnd-league,adelaide-cougars,,archive:amnd-winter-2003:amnd-league:adelaide-cougars:none,Adelaide Cougars,7,0,,,,,,,,,,,,,archive_pdf,final_premiership_placings,Archive PDF title: Final Placings,
amnd-winter-2003-amnd-league,cheerio-netball-club,,archive:amnd-winter-2003:amnd-league:cheerio-netball-club:none,Cheerio,8,0,,,,,,,,,,,,,archive_pdf,final_premiership_placings,Archive PDF title: Final Placings,
amnd-winter-2003-amnd-league,norwood-netball-club,,archive:amnd-winter-2003:amnd-league:norwood-netball-club:none,Newton Jaguars,9,0,,,,,,,,,,,,,archive_pdf,final_premiership_placings,Archive PDF title: Final Placings,
amnd-winter-2003-amnd-league,tango-netball-club-inc,,archive:amnd-winter-2003:amnd-league:tango-netball-club-inc:none,Tango,10,0,,,,,,,,,,,,,archive_pdf,final_premiership_placings,Archive PDF title: Final Placings,
amnd-winter-2003-a-grade,harlequin,,archive:amnd-winter-2003:a-grade:harlequin:none,Harlequin,1,1,,,,,,,,,,,,,archive_pdf,final_premiership_placings,Archive PDF title: Final Placings,
amnd-winter-2003-a-grade,adelaide-cougars,,archive:amnd-winter-2003:a-grade:adelaide-cougars:none,Adelaide Cougars,2,1,,,,,,,,,,,,,archive_pdf,final_premiership_placings,Archive PDF title: Final Placings,
amnd-winter-2003-a-grade,garville,,archive:amnd-winter-2003:a-grade:garville:none,Garville,3,1,,,,,,,,,,,,,archive_pdf,final_premiership_placings,Archive PDF title: Final Placings,
amnd-winter-2003-a-grade,norwood-netball-club,,archive:amnd-winter-2003:a-grade:norwood-netball-club:none,Newton Jaguars,4,1,,,,,,,,,,,,,archive_pdf,final_premiership_placings,Archive PDF title: Final Placings,
amnd-winter-2003-a-grade,matrics,,archive:amnd-winter-2003:a-grade:matrics:none,Matrics,5,0,,,,,,,,,,,,,archive_pdf,final_premiership_placings,Archive PDF title: Final Placings,
amnd-winter-2003-a-grade,contax,,archive:amnd-winter-2003:a-grade:contax:none,Contax,6,0,,,,,,,,,,,,,archive_pdf,final_premiership_placings,Archive PDF title: Final Placings,
amnd-winter-2003-a-grade,cheerio-netball-club,,archive:amnd-winter-2003:a-grade:cheerio-netball-club:none,Cheerio,7,0,,,,,,,,,,,,,archive_pdf,final_premiership_placings,Archive PDF title: Final Placings,
amnd-winter-2003-a-grade,woods-panthers,,archive:amnd-winter-2003:a-grade:woods-panthers:none,Woods Panthers,8,0,,,,,,,,,,,,,archive_pdf,final_premiership_placings,Archive PDF title: Final Placings,
amnd-winter-2003-a-grade,tango-netball-club-inc,,archive:amnd-winter-2003:a-grade:tango-netball-club-inc:none,Tango,9,0,,,,,,,,,,,,,archive_pdf,final_premiership_placings,Archive PDF title: Final Placings,
amnd-winter-2003-a-grade,oakdale-netball-club-sa,,archive:amnd-winter-2003:a-grade:oakdale-netball-club-sa:none,Oakdale,10,0,,,,,,,,,,,,,archive_pdf,final_premiership_placings,Archive PDF title: Final Placings,
amnd-winter-2003-b-1,contax,,archive:amnd-winter-2003:b-1:contax:none,Contax,1,1,,,,,,,,,,,,,archive_pdf,final_premiership_placings,Archive PDF title: Final Placings,
amnd-winter-2003-b-1,metro-magic,,archive:amnd-winter-2003:b-1:metro-magic:none,Metro Magic,2,1,,,,,,,,,,,,,archive_pdf,final_premiership_placings,Archive PDF title: Final Placings,
amnd-winter-2003-b-1,harlequin,,archive:amnd-winter-2003:b-1:harlequin:none,Harlequin,3,1,,,,,,,,,,,,,archive_pdf,final_premiership_placings,Archive PDF title: Final Placings,
amnd-winter-2003-b-1,pembroke-o-s,,archive:amnd-winter-2003:b-1:pembroke-o-s:none,Pembroke,4,1,,,,,,,,,,,,,archive_pdf,final_premiership_placings,Archive PDF title: Final Placings,
amnd-winter-2003-b-1,sacred-heart-o-c,,archive:amnd-winter-2003:b-1:sacred-heart-o-c:none,Sacred Heart O.C.,5,0,,,,,,,,,,,,,archive_pdf,final_premiership_placings,Archive PDF title: Final Placings,
amnd-winter-2003-b-1,adelaide-university,,archive:amnd-winter-2003:b-1:adelaide-university:none,Adelaide University,6,0,,,,,,,,,,,,,archive_pdf,final_premiership_placings,Archive PDF title: Final Placings,
amnd-winter-2003-b-1,garville,,archive:amnd-winter-2003:b-1:garville:none,Garville,7,0,,,,,,,,,,,,,archive_pdf,final_premiership_placings,Archive PDF title: Final Placings,
amnd-winter-2003-b-1,oakdale-netball-club-sa,,archive:amnd-winter-2003:b-1:oakdale-netball-club-sa:none,Oakdale,8,0,,,,,,,,,,,,,archive_pdf,final_premiership_placings,Archive PDF title: Final Placings,
amnd-winter-2003-b-1,woods-panthers,,archive:amnd-winter-2003:b-1:woods-panthers:none,Woods Panthers,9,0,,,,,,,,,,,,,archive_pdf,final_premiership_placings,Archive PDF title: Final Placings,
amnd-winter-2003-b-1,cheerio-netball-club,,archive:amnd-winter-2003:b-1:cheerio-netball-club:none,Cheerio,10,0,,,,,,,,,,,,,archive_pdf,final_premiership_placings,Archive PDF title: Final Placings,
amnd-winter-2003-b-2,fielders-flames,,archive:amnd-winter-2003:b-2:fielders-flames:none,Fielders,1,1,,,,,,,,,,,,,archive_pdf,final_premiership_placings,Archive PDF title: Final Placings,
amnd-winter-2003-b-2,city-coasters,,archive:amnd-winter-2003:b-2:city-coasters:none,City Coasters,2,1,,,,,,,,,,,,,archive_pdf,final_premiership_placings,Archive PDF title: Final Placings,
amnd-winter-2003-b-2,contax,,archive:amnd-winter-2003:b-2:contax:none,Contax,3,1,,,,,,,,,,,,,archive_pdf,final_premiership_placings,Archive PDF title: Final Placings,
amnd-winter-2003-b-2,metro-magic,,archive:amnd-winter-2003:b-2:metro-magic:none,Metro Magic,4,1,,,,,,,,,,,,,archive_pdf,final_premiership_placings,Archive PDF title: Final Placings,
amnd-winter-2003-b-2,clovelly-park,,archive:amnd-winter-2003:b-2:clovelly-park:none,Clovelly Park,5,0,,,,,,,,,,,,,archive_pdf,final_premiership_placings,Archive PDF title: Final Placings,
amnd-winter-2003-b-2,glandore,,archive:amnd-winter-2003:b-2:glandore:none,Glandore,6,0,,,,,,,,,,,,,archive_pdf,final_premiership_placings,Archive PDF title: Final Placings,
amnd-winter-2003-b-2,adelaide-cougars,,archive:amnd-winter-2003:b-2:adelaide-cougars:none,Adelaide Cougars,7,0,,,,,,,,,,,,,archive_pdf,final_premiership_placings,Archive PDF title: Final Placings,
amnd-winter-2003-b-2,matrics,,archive:amnd-winter-2003:b-2:matrics:none,Matrics,8,0,,,,,,,,,,,,,archive_pdf,final_premiership_placings,Archive PDF title: Final Placings,
amnd-winter-2003-b-2,cheerio-netball-club,,archive:amnd-winter-2003:b-2:cheerio-netball-club:none,Cheerio,9,0,,,,,,,,,,,,,archive_pdf,final_premiership_placings,Archive PDF title: Final Placings,
amnd-winter-2003-b-2,harlequin,,archive:amnd-winter-2003:b-2:harlequin:none,Harlequin,10,0,,,,,,,,,,,,,archive_pdf,final_premiership_placings,Archive PDF title: Final Placings,
amnd-winter-2003-b-3,michelangelo,,archive:amnd-winter-2003:b-3:michelangelo:none,Michelangelo,1,1,,,,,,,,,,,,,archive_pdf,final_premiership_placings,Archive PDF title: Final Placings,
amnd-winter-2003-b-3,adelaide-university,,archive:amnd-winter-2003:b-3:adelaide-university:none,Adelaide University,2,1,,,,,,,,,,,,,archive_pdf,final_premiership_placings,Archive PDF title: Final Placings,
amnd-winter-2003-b-3,contax,,archive:amnd-winter-2003:b-3:contax:none,Contax,3,1,,,,,,,,,,,,,archive_pdf,final_premiership_placings,Archive PDF title: Final Placings,
amnd-winter-2003-b-3,city-coasters,,archive:amnd-winter-2003:b-3:city-coasters:none,City Coasters,4,1,,,,,,,,,,,,,archive_pdf,final_premiership_placings,Archive PDF title: Final Placings,
amnd-winter-2003-b-3,cheerio-netball-club,,archive:amnd-winter-2003:b-3:cheerio-netball-club:none,Cheerio,5,0,,,,,,,,,,,,,archive_pdf,final_premiership_placings,Archive PDF title: Final Placings,
amnd-winter-2003-b-3,pembroke-o-s,,archive:amnd-winter-2003:b-3:pembroke-o-s:none,Pembroke,6,0,,,,,,,,,,,,,archive_pdf,final_premiership_placings,Archive PDF title: Final Placings,
amnd-winter-2003-b-3,adelaide-cougars,,archive:amnd-winter-2003:b-3:adelaide-cougars:none,Adelaide Cougars,7,0,,,,,,,,,,,,,archive_pdf,final_premiership_placings,Archive PDF title: Final Placings,
amnd-winter-2003-b-3,sacred-heart-o-c,,archive:amnd-winter-2003:b-3:sacred-heart-o-c:none,Sacred Heart O.C.,8,0,,,,,,,,,,,,,archive_pdf,final_premiership_placings,Archive PDF title: Final Placings,
amnd-winter-2003-b-3,norwood-netball-club,,archive:amnd-winter-2003:b-3:norwood-netball-club:none,Newton Jaguars,9,0,,,,,,,,,,,,,archive_pdf,final_premiership_placings,Archive PDF title: Final Placings,
amnd-winter-2003-b-3,garville,,archive:amnd-winter-2003:b-3:garville:none,Garville,10,0,,,,,,,,,,,,,archive_pdf,final_premiership_placings,Archive PDF title: Final Placings,
amnd-winter-2003-b-4,flinders-university,,archive:amnd-winter-2003:b-4:flinders-university:none,Flinders University,1,1,,,,,,,,,,,,,archive_pdf,final_premiership_placings,Archive PDF title: Final Placings,
amnd-winter-2003-b-4,cove-lightning,,archive:amnd-winter-2003:b-4:cove-lightning:none,Cove Lightning,2,1,,,,,,,,,,,,,archive_pdf,final_premiership_placings,Archive PDF title: Final Placings,
amnd-winter-2003-b-4,contax,,archive:amnd-winter-2003:b-4:contax:none,Contax,3,1,,,,,,,,,,,,,archive_pdf,final_premiership_placings,Archive PDF title: Final Placings,
amnd-winter-2003-b-4,adelaide-university,,archive:amnd-winter-2003:b-4:adelaide-university:none,Adelaide University,4,1,,,,,,,,,,,,,archive_pdf,final_premiership_placings,Archive PDF title: Final Placings,
amnd-winter-2003-b-4,harlequin,,archive:amnd-winter-2003:b-4:harlequin:none,Harlequin,5,0,,,,,,,,,,,,,archive_pdf,final_premiership_placings,Archive PDF title: Final Placings,
amnd-winter-2003-b-4,matrics,,archive:amnd-winter-2003:b-4:matrics:none,Matrics,6,0,,,,,,,,,,,,,archive_pdf,final_premiership_placings,Archive PDF title: Final Placings,
amnd-winter-2003-b-4,woods-panthers,,archive:amnd-winter-2003:b-4:woods-panthers:none,Woods Panthers,7,0,,,,,,,,,,,,,archive_pdf,final_premiership_placings,Archive PDF title: Final Placings,
amnd-winter-2003-b-4,tango-netball-club-inc,,archive:amnd-winter-2003:b-4:tango-netball-club-inc:none,Tango,8,0,,,,,,,,,,,,,archive_pdf,final_premiership_placings,Archive PDF title: Final Placings,
amnd-winter-2003-b-4,oakdale-netball-club-sa,,archive:amnd-winter-2003:b-4:oakdale-netball-club-sa:none,Oakdale,9,0,,,,,,,,,,,,,archive_pdf,final_premiership_placings,Archive PDF title: Final Placings,
amnd-winter-2003-b-4,cheerio-netball-club,,archive:amnd-winter-2003:b-4:cheerio-netball-club:none,Cheerio,10,0,,,,,,,,,,,,,archive_pdf,final_premiership_placings,Archive PDF title: Final Placings,
amnd-winter-2003-c-1,westminster-o-s,,archive:amnd-winter-2003:c-1:westminster-o-s:none,Westminster O.S.,1,1,,,,,,,,,,,,,archive_pdf,final_premiership_placings,Archive PDF title: Final Placings,
amnd-winter-2003-c-1,glandore,,archive:amnd-winter-2003:c-1:glandore:none,Glandore,2,1,,,,,,,,,,,,,archive_pdf,final_premiership_placings,Archive PDF title: Final Placings,
amnd-winter-2003-c-1,adelaide-university,,archive:amnd-winter-2003:c-1:adelaide-university:none,Adelaide University,3,1,,,,,,,,,,,,,archive_pdf,final_premiership_placings,Archive PDF title: Final Placings,
amnd-winter-2003-c-1,clovelly-park,,archive:amnd-winter-2003:c-1:clovelly-park:none,Clovelly Park,4,1,,,,,,,,,,,,,archive_pdf,final_premiership_placings,Archive PDF title: Final Placings,
amnd-winter-2003-c-1,michelangelo,,archive:amnd-winter-2003:c-1:michelangelo:none,Michelangelo,5,0,,,,,,,,,,,,,archive_pdf,final_premiership_placings,Archive PDF title: Final Placings,
amnd-winter-2003-c-1,contax,,archive:amnd-winter-2003:c-1:contax:none,Contax,6,0,,,,,,,,,,,,,archive_pdf,final_premiership_placings,Archive PDF title: Final Placings,
amnd-winter-2003-c-1,pembroke-o-s,,archive:amnd-winter-2003:c-1:pembroke-o-s:none,Pembroke,7,0,,,,,,,,,,,,,archive_pdf,final_premiership_placings,Archive PDF title: Final Placings,
amnd-winter-2003-c-1,garville,,archive:amnd-winter-2003:c-1:garville:none,Garville,8,0,,,,,,,,,,,,,archive_pdf,final_premiership_placings,Archive PDF title: Final Placings,
amnd-winter-2003-c-1,city-coasters,,archive:amnd-winter-2003:c-1:city-coasters:none,City Coasters,9,0,,,,,,,,,,,,,archive_pdf,final_premiership_placings,Archive PDF title: Final Placings,
amnd-winter-2003-c-1,metro-magic,,archive:amnd-winter-2003:c-1:metro-magic:none,Metro Magic,10,0,,,,,,,,,,,,,archive_pdf,final_premiership_placings,Archive PDF title: Final Placings,
amnd-winter-2003-c-2,matrics,,archive:amnd-winter-2003:c-2:matrics:none,Matrics,1,1,,,,,,,,,,,,,archive_pdf,final_premiership_placings,Archive PDF title: Final Placings,
amnd-winter-2003-c-2,contax,,archive:amnd-winter-2003:c-2:contax:none,Contax,2,1,,,,,,,,,,,,,archive_pdf,final_premiership_placings,Archive PDF title: Final Placings,
amnd-winter-2003-c-2,adelaide-cougars,,archive:amnd-winter-2003:c-2:adelaide-cougars:none,Adelaide Cougars,3,1,,,,,,,,,,,,,archive_pdf,final_premiership_placings,Archive PDF title: Final Placings,
amnd-winter-2003-c-2,michelangelo,,archive:amnd-winter-2003:c-2:michelangelo:none,Michelangelo,4,1,,,,,,,,,,,,,archive_pdf,final_premiership_placings,Archive PDF title: Final Placings,
amnd-winter-2003-c-2,flinders-university,,archive:amnd-winter-2003:c-2:flinders-university:none,Flinders University,5,0,,,,,,,,,,,,,archive_pdf,final_premiership_placings,Archive PDF title: Final Placings,
amnd-winter-2003-c-2,adelaide-university,,archive:amnd-winter-2003:c-2:adelaide-university:none,Adelaide University,6,0,,,,,,,,,,,,,archive_pdf,final_premiership_placings,Archive PDF title: Final Placings,
amnd-winter-2003-c-2,city-coasters,,archive:amnd-winter-2003:c-2:city-coasters:none,City Coasters,7,0,,,,,,,,,,,,,archive_pdf,final_premiership_placings,Archive PDF title: Final Placings,
amnd-winter-2003-c-2,clovelly-park,,archive:amnd-winter-2003:c-2:clovelly-park:none,Clovelly Park,8,0,,,,,,,,,,,,,archive_pdf,final_premiership_placings,Archive PDF title: Final Placings,
amnd-winter-2003-c-3,semaphore,,archive:amnd-winter-2003:c-3:semaphore:none,Semaphore,1,1,,,,,,,,,,,,,archive_pdf,final_premiership_placings,Archive PDF title: Final Placings,
amnd-winter-2003-c-3,woods-panthers,,archive:amnd-winter-2003:c-3:woods-panthers:none,Woods Panthers,2,1,,,,,,,,,,,,,archive_pdf,final_premiership_placings,Archive PDF title: Final Placings,
amnd-winter-2003-c-3,adelaide-university,,archive:amnd-winter-2003:c-3:adelaide-university:none,Adelaide University,3,1,,,,,,,,,,,,,archive_pdf,final_premiership_placings,Archive PDF title: Final Placings,
amnd-winter-2003-c-3,glandore,,archive:amnd-winter-2003:c-3:glandore:none,Glandore,4,1,,,,,,,,,,,,,archive_pdf,final_premiership_placings,Archive PDF title: Final Placings,
amnd-winter-2003-c-3,matrics,,archive:amnd-winter-2003:c-3:matrics:none,Matrics,5,0,,,,,,,,,,,,,archive_pdf,final_premiership_placings,Archive PDF title: Final Placings,
amnd-winter-2003-c-3,sacred-heart-o-c,,archive:amnd-winter-2003:c-3:sacred-heart-o-c:none,Sacred Heart O.C.,6,0,,,,,,,,,,,,,archive_pdf,final_premiership_placings,Archive PDF title: Final Placings,
amnd-winter-2003-c-3,clovelly-park,,archive:amnd-winter-2003:c-3:clovelly-park:none,Clovelly Park,7,0,,,,,,,,,,,,,archive_pdf,final_premiership_placings,Archive PDF title: Final Placings,
amnd-winter-2003-c-3,pembroke-o-s,,archive:amnd-winter-2003:c-3:pembroke-o-s:none,Pembroke,8,0,,,,,,,,,,,,,archive_pdf,final_premiership_placings,Archive PDF title: Final Placings,
amnd-winter-2003-c-4,westminster-o-s,,archive:amnd-winter-2003:c-4:westminster-o-s:none,Westminster O.S.,1,1,,,,,,,,,,,,,archive_pdf,final_premiership_placings,Archive PDF title: Final Placings,
amnd-winter-2003-c-4,sacred-heart-o-c,,archive:amnd-winter-2003:c-4:sacred-heart-o-c:none,Sacred Heart O.C.,2,1,,,,,,,,,,,,,archive_pdf,final_premiership_placings,Archive PDF title: Final Placings,
amnd-winter-2003-c-4,michelangelo,,archive:amnd-winter-2003:c-4:michelangelo:none,Michelangelo,3,1,,,,,,,,,,,,,archive_pdf,final_premiership_placings,Archive PDF title: Final Placings,
amnd-winter-2003-c-4,flinders-university,,archive:amnd-winter-2003:c-4:flinders-university:none,Flinders University,4,1,,,,,,,,,,,,,archive_pdf,final_premiership_placings,Archive PDF title: Final Placings,
amnd-winter-2003-c-4,city-coasters,,archive:amnd-winter-2003:c-4:city-coasters:none,City Coasters,5,0,,,,,,,,,,,,,archive_pdf,final_premiership_placings,Archive PDF title: Final Placings,
amnd-winter-2003-c-4,pembroke-o-s,,archive:amnd-winter-2003:c-4:pembroke-o-s:none,Pembroke,6,0,,,,,,,,,,,,,archive_pdf,final_premiership_placings,Archive PDF title: Final Placings,
amnd-winter-2003-c-4,adelaide-university,,archive:amnd-winter-2003:c-4:adelaide-university:none,Adelaide University,7,0,,,,,,,,,,,,,archive_pdf,final_premiership_placings,Archive PDF title: Final Placings,
amnd-winter-2003-h-grade,matrics,,archive:amnd-winter-2003:h-grade:matrics:none,Matrics,1,1,,,,,,,,,,,,,archive_pdf,final_premiership_placings,Archive PDF title: Final Placings,
amnd-winter-2003-h-grade,norwood-netball-club,,archive:amnd-winter-2003:h-grade:norwood-netball-club:none,Jaguars,2,1,,,,,,,,,,,,,archive_pdf,final_premiership_placings,Archive PDF title: Final Placings,
amnd-winter-2003-h-grade,oakdale-netball-club-sa,,archive:amnd-winter-2003:h-grade:oakdale-netball-club-sa:none,Phoenix,3,1,,,,,,,,,,,,,archive_pdf,final_premiership_placings,Archive PDF title: Final Placings,
amnd-winter-2003-h-grade,cardijn-cats,,archive:amnd-winter-2003:h-grade:cardijn-cats:none,Cardijn Cats,4,1,,,,,,,,,,,,,archive_pdf,final_premiership_placings,Archive PDF title: Final Placings,
amnd-winter-2003-h-grade,panthers,,archive:amnd-winter-2003:h-grade:panthers:none,Panthers,5,0,,,,,,,,,,,,,archive_pdf,final_premiership_placings,Archive PDF title: Final Placings,
amnd-winter-2003-h-grade,kilburn-knights,,archive:amnd-winter-2003:h-grade:kilburn-knights:none,Kilburn Knights,6,0,,,,,,,,,,,,,archive_pdf,final_premiership_placings,Archive PDF title: Final Placings,
amnd-winter-2003-h-grade,woods-panthers,,archive:amnd-winter-2003:h-grade:woods-panthers:none,Woodspanthers,7,0,,,,,,,,,,,,,archive_pdf,final_premiership_placings,Archive PDF title: Final Placings,
amnd-winter-2003-inter-1,harlequin,,archive:amnd-winter-2003:inter-1:harlequin:none,Harlequin,1,1,,,,,,,,,,,,,archive_pdf,final_premiership_placings,Archive PDF title: Final Placings,
amnd-winter-2003-inter-1,matrics,,archive:amnd-winter-2003:inter-1:matrics:none,Matrics,2,1,,,,,,,,,,,,,archive_pdf,final_premiership_placings,Archive PDF title: Final Placings,
amnd-winter-2003-inter-1,woods-panthers,,archive:amnd-winter-2003:inter-1:woods-panthers:none,Woods Panthers,3,1,,,,,,,,,,,,,archive_pdf,final_premiership_placings,Archive PDF title: Final Placings,
amnd-winter-2003-inter-1,tango-netball-club-inc,,archive:amnd-winter-2003:inter-1:tango-netball-club-inc:none,Tango,4,1,,,,,,,,,,,,,archive_pdf,final_premiership_placings,Archive PDF title: Final Placings,
amnd-winter-2003-inter-1,garville,,archive:amnd-winter-2003:inter-1:garville:none,Garville,5,0,,,,,,,,,,,,,archive_pdf,final_premiership_placings,Archive PDF title: Final Placings,
amnd-winter-2003-inter-1,contax,1,archive:amnd-winter-2003:inter-1:contax:1,Contax,6,0,,,,,,,,,,,,,archive_pdf,final_premiership_placings,Archive PDF title: Final Placings,
amnd-winter-2003-inter-1,contax,2,archive:amnd-winter-2003:inter-1:contax:2,Contax,7,0,,,,,,,,,,,,,archive_pdf,final_premiership_placings,Archive PDF title: Final Placings,
amnd-winter-2003-inter-1,norwood-netball-club,,archive:amnd-winter-2003:inter-1:norwood-netball-club:none,Newton Jaguars,8,0,,,,,,,,,,,,,archive_pdf,final_premiership_placings,Archive PDF title: Final Placings,
amnd-winter-2003-inter-1,cheerio-netball-club,,archive:amnd-winter-2003:inter-1:cheerio-netball-club:none,Cheerio,9,0,,,,,,,,,,,,,archive_pdf,final_premiership_placings,Archive PDF title: Final Placings,
amnd-winter-2003-inter-1,oakdale-netball-club-sa,,archive:amnd-winter-2003:inter-1:oakdale-netball-club-sa:none,Oakdale,10,0,,,,,,,,,,,,,archive_pdf,final_premiership_placings,Archive PDF title: Final Placings,
amnd-winter-2003-inter-2,woods-panthers,,archive:amnd-winter-2003:inter-2:woods-panthers:none,Woods Panthers,1,1,,,,,,,,,,,,,archive_pdf,final_premiership_placings,Archive PDF title: Final Placings,
amnd-winter-2003-inter-2,matrics,,archive:amnd-winter-2003:inter-2:matrics:none,Matrics,2,1,,,,,,,,,,,,,archive_pdf,final_premiership_placings,Archive PDF title: Final Placings,
amnd-winter-2003-inter-2,adelaide-cougars,1,archive:amnd-winter-2003:inter-2:adelaide-cougars:1,Adelaide Cougars,3,1,,,,,,,,,,,,,archive_pdf,final_premiership_placings,Archive PDF title: Final Placings,
amnd-winter-2003-inter-2,garville,,archive:amnd-winter-2003:inter-2:garville:none,Garville,4,1,,,,,,,,,,,,,archive_pdf,final_premiership_placings,Archive PDF title: Final Placings,
amnd-winter-2003-inter-2,contax,,archive:amnd-winter-2003:inter-2:contax:none,Contax,5,0,,,,,,,,,,,,,archive_pdf,final_premiership_placings,Archive PDF title: Final Placings,
amnd-winter-2003-inter-2,adelaide-cougars,2,archive:amnd-winter-2003:inter-2:adelaide-cougars:2,Adelaide Cougars,6,0,,,,,,,,,,,,,archive_pdf,final_premiership_placings,Archive PDF title: Final Placings,
amnd-winter-2003-inter-2,harlequin,,archive:amnd-winter-2003:inter-2:harlequin:none,Harlequin,7,0,,,,,,,,,,,,,archive_pdf,final_premiership_placings,Archive PDF title: Final Placings,
amnd-winter-2003-inter-2,tango-netball-club-inc,,archive:amnd-winter-2003:inter-2:tango-netball-club-inc:none,Tango,8,0,,,,,,,,,,,,,archive_pdf,final_premiership_placings,Archive PDF title: Final Placings,
amnd-winter-2003-inter-3,contax,,archive:amnd-winter-2003:inter-3:contax:none,Contax,1,1,,,,,,,,,,,,,archive_pdf,final_premiership_placings,Archive PDF title: Final Placings,
amnd-winter-2003-inter-3,norwood-netball-club,,archive:amnd-winter-2003:inter-3:norwood-netball-club:none,Newton Jaguars,2,1,,,,,,,,,,,,,archive_pdf,final_premiership_placings,Archive PDF title: Final Placings,
amnd-winter-2003-inter-3,adelaide-cougars,,archive:amnd-winter-2003:inter-3:adelaide-cougars:none,Adelaide Cougars,3,1,,,,,,,,,,,,,archive_pdf,final_premiership_placings,Archive PDF title: Final Placings,
amnd-winter-2003-inter-3,harlequin,,archive:amnd-winter-2003:inter-3:harlequin:none,Harlequin,4,1,,,,,,,,,,,,,archive_pdf,final_premiership_placings,Archive PDF title: Final Placings,
amnd-winter-2003-inter-3,matrics,,archive:amnd-winter-2003:inter-3:matrics:none,Matrics,5,0,,,,,,,,,,,,,archive_pdf,final_premiership_placings,Archive PDF title: Final Placings,
amnd-winter-2003-inter-3,garville,,archive:amnd-winter-2003:inter-3:garville:none,Garville,6,0,,,,,,,,,,,,,archive_pdf,final_premiership_placings,Archive PDF title: Final Placings,
amnd-winter-2003-inter-3,cheerio-netball-club,,archive:amnd-winter-2003:inter-3:cheerio-netball-club:none,Cheerio,7,0,,,,,,,,,,,,,archive_pdf,final_premiership_placings,Archive PDF title: Final Placings,
amnd-winter-2003-inter-3,oakdale-netball-club-sa,,archive:amnd-winter-2003:inter-3:oakdale-netball-club-sa:none,Oakdale,8,0,,,,,,,,,,,,,archive_pdf,final_premiership_placings,Archive PDF title: Final Placings,
amnd-winter-2003-inter-4,cheerio-netball-club,,archive:amnd-winter-2003:inter-4:cheerio-netball-club:none,Cheerio,1,1,,,,,,,,,,,,,archive_pdf,final_premiership_placings,Archive PDF title: Final Placings,
amnd-winter-2003-inter-4,matrics,,archive:amnd-winter-2003:inter-4:matrics:none,Matrics,2,1,,,,,,,,,,,,,archive_pdf,final_premiership_placings,Archive PDF title: Final Placings,
amnd-winter-2003-inter-4,woods-panthers,,archive:amnd-winter-2003:inter-4:woods-panthers:none,Woods Panthers,3,1,,,,,,,,,,,,,archive_pdf,final_premiership_placings,Archive PDF title: Final Placings,
amnd-winter-2003-inter-4,norwood-netball-club,,archive:amnd-winter-2003:inter-4:norwood-netball-club:none,Newton Jaguars,4,1,,,,,,,,,,,,,archive_pdf,final_premiership_placings,Archive PDF title: Final Placings,
amnd-winter-2003-inter-4,contax,,archive:amnd-winter-2003:inter-4:contax:none,Contax,5,0,,,,,,,,,,,,,archive_pdf,final_premiership_placings,Archive PDF title: Final Placings,
amnd-winter-2003-inter-4,adelaide-cougars,,archive:amnd-winter-2003:inter-4:adelaide-cougars:none,Adelaide Cougars,6,0,,,,,,,,,,,,,archive_pdf,final_premiership_placings,Archive PDF title: Final Placings,
amnd-winter-2003-inter-4,oakdale-netball-club-sa,,archive:amnd-winter-2003:inter-4:oakdale-netball-club-sa:none,Oakdale,7,0,,,,,,,,,,,,,archive_pdf,final_premiership_placings,Archive PDF title: Final Placings,
amnd-winter-2003-inter-4,garville,,archive:amnd-winter-2003:inter-4:garville:none,Garville,8,0,,,,,,,,,,,,,archive_pdf,final_premiership_placings,Archive PDF title: Final Placings,
amnd-winter-2003-inter-5,woods-panthers,,archive:amnd-winter-2003:inter-5:woods-panthers:none,Woods Panthers,1,1,,,,,,,,,,,,,archive_pdf,final_premiership_placings,Archive PDF title: Final Placings,
amnd-winter-2003-inter-5,norwood-netball-club,,archive:amnd-winter-2003:inter-5:norwood-netball-club:none,Newton Jaguars,2,1,,,,,,,,,,,,,archive_pdf,final_premiership_placings,Archive PDF title: Final Placings,
amnd-winter-2003-inter-5,glandore,,archive:amnd-winter-2003:inter-5:glandore:none,Glandore,3,1,,,,,,,,,,,,,archive_pdf,final_premiership_placings,Archive PDF title: Final Placings,
amnd-winter-2003-inter-5,matrics,,archive:amnd-winter-2003:inter-5:matrics:none,Matrics,4,1,,,,,,,,,,,,,archive_pdf,final_premiership_placings,Archive PDF title: Final Placings,
amnd-winter-2003-inter-5,michelangelo,,archive:amnd-winter-2003:inter-5:michelangelo:none,Michelangelo,5,0,,,,,,,,,,,,,archive_pdf,final_premiership_placings,Archive PDF title: Final Placings,
amnd-winter-2003-inter-5,cheerio-netball-club,,archive:amnd-winter-2003:inter-5:cheerio-netball-club:none,Cheerio,6,0,,,,,,,,,,,,,archive_pdf,final_premiership_placings,Archive PDF title: Final Placings,
amnd-winter-2003-junior-1,garville,,archive:amnd-winter-2003:junior-1:garville:none,Garville,1,1,,,,,,,,,,,,,archive_pdf,final_premiership_placings,Archive PDF title: Final Placings,
amnd-winter-2003-junior-1,harlequin,1,archive:amnd-winter-2003:junior-1:harlequin:1,Harlequin,2,1,,,,,,,,,,,,,archive_pdf,final_premiership_placings,Archive PDF title: Final Placings,
amnd-winter-2003-junior-1,cheerio-netball-club,,archive:amnd-winter-2003:junior-1:cheerio-netball-club:none,Cheerio,3,1,,,,,,,,,,,,,archive_pdf,final_premiership_placings,Archive PDF title: Final Placings,
amnd-winter-2003-junior-1,tango-netball-club-inc,,archive:amnd-winter-2003:junior-1:tango-netball-club-inc:none,Tango,4,1,,,,,,,,,,,,,archive_pdf,final_premiership_placings,Archive PDF title: Final Placings,
amnd-winter-2003-junior-1,harlequin,2,archive:amnd-winter-2003:junior-1:harlequin:2,Harlequin,5,0,,,,,,,,,,,,,archive_pdf,final_premiership_placings,Archive PDF title: Final Placings,
amnd-winter-2003-junior-1,woods-panthers,,archive:amnd-winter-2003:junior-1:woods-panthers:none,Woods Panthers,6,0,,,,,,,,,,,,,archive_pdf,final_premiership_placings,Archive PDF title: Final Placings,
amnd-winter-2003-junior-1,contax,,archive:amnd-winter-2003:junior-1:contax:none,Contax,7,0,,,,,,,,,,,,,archive_pdf,final_premiership_placings,Archive PDF title: Final Placings,
amnd-winter-2003-junior-1,matrics,,archive:amnd-winter-2003:junior-1:matrics:none,Matrics,8,0,,,,,,,,,,,,,archive_pdf,final_premiership_placings,Archive PDF title: Final Placings,
amnd-winter-2003-junior-1,adelaide-cougars,,archive:amnd-winter-2003:junior-1:adelaide-cougars:none,Adelaide Cougars,9,0,,,,,,,,,,,,,archive_pdf,final_premiership_placings,Archive PDF title: Final Placings,
amnd-winter-2003-junior-1,norwood-netball-club,,archive:amnd-winter-2003:junior-1:norwood-netball-club:none,Newton Jaguars,10,0,,,,,,,,,,,,,archive_pdf,final_premiership_placings,Archive PDF title: Final Placings,
amnd-winter-2003-junior-2,contax,1,archive:amnd-winter-2003:junior-2:contax:1,Contax,1,1,,,,,,,,,,,,,archive_pdf,final_premiership_placings,Archive PDF title: Final Placings,
amnd-winter-2003-junior-2,matrics,,archive:amnd-winter-2003:junior-2:matrics:none,Matrics,2,1,,,,,,,,,,,,,archive_pdf,final_premiership_placings,Archive PDF title: Final Placings,
amnd-winter-2003-junior-2,garville,,archive:amnd-winter-2003:junior-2:garville:none,Garville,3,1,,,,,,,,,,,,,archive_pdf,final_premiership_placings,Archive PDF title: Final Placings,
amnd-winter-2003-junior-2,harlequin,,archive:amnd-winter-2003:junior-2:harlequin:none,Harlequin,4,1,,,,,,,,,,,,,archive_pdf,final_premiership_placings,Archive PDF title: Final Placings,
amnd-winter-2003-junior-2,oakdale-netball-club-sa,,archive:amnd-winter-2003:junior-2:oakdale-netball-club-sa:none,Oakdale,5,0,,,,,,,,,,,,,archive_pdf,final_premiership_placings,Archive PDF title: Final Placings,
amnd-winter-2003-junior-2,woods-panthers,,archive:amnd-winter-2003:junior-2:woods-panthers:none,Woods Panthers,6,0,,,,,,,,,,,,,archive_pdf,final_premiership_placings,Archive PDF title: Final Placings,
amnd-winter-2003-junior-2,cheerio-netball-club,,archive:amnd-winter-2003:junior-2:cheerio-netball-club:none,Cheerio,7,0,,,,,,,,,,,,,archive_pdf,final_premiership_placings,Archive PDF title: Final Placings,
amnd-winter-2003-junior-2,contax,2,archive:amnd-winter-2003:junior-2:contax:2,Contax,8,0,,,,,,,,,,,,,archive_pdf,final_premiership_placings,Archive PDF title: Final Placings,
amnd-winter-2003-junior-2,tango-netball-club-inc,,archive:amnd-winter-2003:junior-2:tango-netball-club-inc:none,Tango,9,0,,,,,,,,,,,,,archive_pdf,final_premiership_placings,Archive PDF title: Final Placings,
amnd-winter-2003-junior-2,norwood-netball-club,,archive:amnd-winter-2003:junior-2:norwood-netball-club:none,Newton Jaguars,10,0,,,,,,,,,,,,,archive_pdf,final_premiership_placings,Archive PDF title: Final Placings,
amnd-winter-2003-junior-3,contax,,archive:amnd-winter-2003:junior-3:contax:none,Contax,1,1,,,,,,,,,,,,,archive_pdf,final_premiership_placings,Archive PDF title: Final Placings,
amnd-winter-2003-junior-3,garville,1,archive:amnd-winter-2003:junior-3:garville:1,Garville,2,1,,,,,,,,,,,,,archive_pdf,final_premiership_placings,Archive PDF title: Final Placings,
amnd-winter-2003-junior-3,garville,2,archive:amnd-winter-2003:junior-3:garville:2,Garville,3,1,,,,,,,,,,,,,archive_pdf,final_premiership_placings,Archive PDF title: Final Placings,
amnd-winter-2003-junior-3,oakdale-netball-club-sa,,archive:amnd-winter-2003:junior-3:oakdale-netball-club-sa:none,Oakdale,4,1,,,,,,,,,,,,,archive_pdf,final_premiership_placings,Archive PDF title: Final Placings,
amnd-winter-2003-junior-3,northeast-zodiac,,archive:amnd-winter-2003:junior-3:northeast-zodiac:none,Northeast Zodiacs,5,0,,,,,,,,,,,,,archive_pdf,final_premiership_placings,Archive PDF title: Final Placings,
amnd-winter-2003-junior-3,metro-magic,,archive:amnd-winter-2003:junior-3:metro-magic:none,Meto Magic,6,0,,,,,,,,,,,,,archive_pdf,final_premiership_placings,Archive PDF title: Final Placings,
amnd-winter-2003-junior-3,matrics,,archive:amnd-winter-2003:junior-3:matrics:none,Matrics,7,0,,,,,,,,,,,,,archive_pdf,final_premiership_placings,Archive PDF title: Final Placings,
amnd-winter-2003-junior-3,adelaide-cougars,2,archive:amnd-winter-2003:junior-3:adelaide-cougars:2,Adelaide Cougars,8,0,,,,,,,,,,,,,archive_pdf,final_premiership_placings,Archive PDF title: Final Placings,
amnd-winter-2003-junior-3,adelaide-cougars,1,archive:amnd-winter-2003:junior-3:adelaide-cougars:1,Adelaide Cougars,9,0,,,,,,,,,,,,,archive_pdf,final_premiership_placings,Archive PDF title: Final Placings,
amnd-winter-2003-junior-3,woods-panthers,,archive:amnd-winter-2003:junior-3:woods-panthers:none,Woods Panthers,10,0,,,,,,,,,,,,,archive_pdf,final_premiership_placings,Archive PDF title: Final Placings,
amnd-winter-2003-junior-4,cheerio-netball-club,,archive:amnd-winter-2003:junior-4:cheerio-netball-club:none,Cheerio,1,1,,,,,,,,,,,,,archive_pdf,final_premiership_placings,Archive PDF title: Final Placings,
amnd-winter-2003-junior-4,garville,,archive:amnd-winter-2003:junior-4:garville:none,Garville,2,1,,,,,,,,,,,,,archive_pdf,final_premiership_placings,Archive PDF title: Final Placings,
amnd-winter-2003-junior-4,harlequin,,archive:amnd-winter-2003:junior-4:harlequin:none,Harlequin,3,1,,,,,,,,,,,,,archive_pdf,final_premiership_placings,Archive PDF title: Final Placings,
amnd-winter-2003-junior-4,contax,,archive:amnd-winter-2003:junior-4:contax:none,Contax,4,1,,,,,,,,,,,,,archive_pdf,final_premiership_placings,Archive PDF title: Final Placings,
amnd-winter-2003-junior-4,woods-panthers,,archive:amnd-winter-2003:junior-4:woods-panthers:none,Woods Panthers,5,0,,,,,,,,,,,,,archive_pdf,final_premiership_placings,Archive PDF title: Final Placings,
amnd-winter-2003-junior-4,michelangelo,,archive:amnd-winter-2003:junior-4:michelangelo:none,Michelangelo,6,0,,,,,,,,,,,,,archive_pdf,final_premiership_placings,Archive PDF title: Final Placings,
amnd-winter-2003-junior-4,tango-netball-club-inc,,archive:amnd-winter-2003:junior-4:tango-netball-club-inc:none,Tango,7,0,,,,,,,,,,,,,archive_pdf,final_premiership_placings,Archive PDF title: Final Placings,
amnd-winter-2003-junior-4,norwood-netball-club,,archive:amnd-winter-2003:junior-4:norwood-netball-club:none,Newton Jaguars,8,0,,,,,,,,,,,,,archive_pdf,final_premiership_placings,Archive PDF title: Final Placings,
amnd-winter-2003-junior-4,matrics,,archive:amnd-winter-2003:junior-4:matrics:none,Matrics,9,0,,,,,,,,,,,,,archive_pdf,final_premiership_placings,Archive PDF title: Final Placings,
amnd-winter-2003-junior-4,semaphore,,archive:amnd-winter-2003:junior-4:semaphore:none,Semaphore,10,0,,,,,,,,,,,,,archive_pdf,final_premiership_placings,Archive PDF title: Final Placings,
amnd-winter-2003-junior-5,clovelly-park,,archive:amnd-winter-2003:junior-5:clovelly-park:none,Clovelly Park,1,1,,,,,,,,,,,,,archive_pdf,final_premiership_placings,Archive PDF title: Final Placings,
amnd-winter-2003-junior-5,norwood-netball-club,,archive:amnd-winter-2003:junior-5:norwood-netball-club:none,Newton Jaguars,2,1,,,,,,,,,,,,,archive_pdf,final_premiership_placings,Archive PDF title: Final Placings,
amnd-winter-2003-junior-5,contax,1,archive:amnd-winter-2003:junior-5:contax:1,Contax,3,1,,,,,,,,,,,,,archive_pdf,final_premiership_placings,Archive PDF title: Final Placings,
amnd-winter-2003-junior-5,matrics,,archive:amnd-winter-2003:junior-5:matrics:none,Matrics,4,1,,,,,,,,,,,,,archive_pdf,final_premiership_placings,Archive PDF title: Final Placings,
amnd-winter-2003-junior-5,adelaide-cougars,,archive:amnd-winter-2003:junior-5:adelaide-cougars:none,Adelaide Cougars,5,0,,,,,,,,,,,,,archive_pdf,final_premiership_placings,Archive PDF title: Final Placings,
amnd-winter-2003-junior-5,woods-panthers,,archive:amnd-winter-2003:junior-5:woods-panthers:none,Woods Panthers,6,0,,,,,,,,,,,,,archive_pdf,final_premiership_placings,Archive PDF title: Final Placings,
amnd-winter-2003-junior-5,contax,2,archive:amnd-winter-2003:junior-5:contax:2,Contax,7,0,,,,,,,,,,,,,archive_pdf,final_premiership_placings,Archive PDF title: Final Placings,
amnd-winter-2003-junior-5,glandore,,archive:amnd-winter-2003:junior-5:glandore:none,Glandore,8,0,,,,,,,,,,,,,archive_pdf,final_premiership_placings,Archive PDF title: Final Placings,
amnd-winter-2003-junior-5,garville,,archive:amnd-winter-2003:junior-5:garville:none,Garville,9,0,,,,,,,,,,,,,archive_pdf,final_premiership_placings,Archive PDF title: Final Placings,
amnd-winter-2003-junior-5,cheerio-netball-club,,archive:amnd-winter-2003:junior-5:cheerio-netball-club:none,Cheerio,10,0,,,,,,,,,,,,,archive_pdf,final_premiership_placings,Archive PDF title: Final Placings,
amnd-winter-2003-junior-6,adelaide-cougars,,archive:amnd-winter-2003:junior-6:adelaide-cougars:none,Adelaide Cougars,1,1,,,,,,,,,,,,,archive_pdf,final_premiership_placings,Archive PDF title: Final Placings,
amnd-winter-2003-junior-6,cheerio-netball-club,,archive:amnd-winter-2003:junior-6:cheerio-netball-club:none,Cheerio,2,1,,,,,,,,,,,,,archive_pdf,final_premiership_placings,Archive PDF title: Final Placings,
amnd-winter-2003-junior-6,woods-panthers,,archive:amnd-winter-2003:junior-6:woods-panthers:none,Woods Panthers,3,1,,,,,,,,,,,,,archive_pdf,final_premiership_placings,Archive PDF title: Final Placings,
amnd-winter-2003-junior-6,matrics,,archive:amnd-winter-2003:junior-6:matrics:none,Matrics,4,1,,,,,,,,,,,,,archive_pdf,final_premiership_placings,Archive PDF title: Final Placings,
amnd-winter-2003-junior-6,garville,,archive:amnd-winter-2003:junior-6:garville:none,Garville,5,0,,,,,,,,,,,,,archive_pdf,final_premiership_placings,Archive PDF title: Final Placings,
amnd-winter-2003-junior-6,metro-magic,,archive:amnd-winter-2003:junior-6:metro-magic:none,Metro Magic,6,0,,,,,,,,,,,,,archive_pdf,final_premiership_placings,Archive PDF title: Final Placings,
amnd-winter-2003-junior-6,oakdale-netball-club-sa,,archive:amnd-winter-2003:junior-6:oakdale-netball-club-sa:none,Oakdale,7,0,,,,,,,,,,,,,archive_pdf,final_premiership_placings,Archive PDF title: Final Placings,
amnd-winter-2003-junior-6,norwood-netball-club,,archive:amnd-winter-2003:junior-6:norwood-netball-club:none,Newton Jaguars,8,0,,,,,,,,,,,,,archive_pdf,final_premiership_placings,Archive PDF title: Final Placings,
amnd-winter-2003-junior-6,michelangelo,,archive:amnd-winter-2003:junior-6:michelangelo:none,Michelangelo,9,0,,,,,,,,,,,,,archive_pdf,final_premiership_placings,Archive PDF title: Final Placings,
amnd-winter-2003-junior-6,clovelly-park,,archive:amnd-winter-2003:junior-6:clovelly-park:none,Clovelly Park,10,0,,,,,,,,,,,,,archive_pdf,final_premiership_placings,Archive PDF title: Final Placings,
amnd-winter-2003-primary-1,harlequin,,archive:amnd-winter-2003:primary-1:harlequin:none,Harlequin,1,1,,,,,,,,,,,,,archive_pdf,final_premiership_placings,Archive PDF title: Final Placings,
amnd-winter-2003-primary-1,garville,,archive:amnd-winter-2003:primary-1:garville:none,Garville,2,1,,,,,,,,,,,,,archive_pdf,final_premiership_placings,Archive PDF title: Final Placings,
amnd-winter-2003-primary-1,adelaide-cougars,,archive:amnd-winter-2003:primary-1:adelaide-cougars:none,Adelaide Cougars,3,1,,,,,,,,,,,,,archive_pdf,final_premiership_placings,Archive PDF title: Final Placings,
amnd-winter-2003-primary-1,contax,,archive:amnd-winter-2003:primary-1:contax:none,Contax,4,1,,,,,,,,,,,,,archive_pdf,final_premiership_placings,Archive PDF title: Final Placings,
amnd-winter-2003-primary-1,tango-netball-club-inc,,archive:amnd-winter-2003:primary-1:tango-netball-club-inc:none,Tango,5,0,,,,,,,,,,,,,archive_pdf,final_premiership_placings,Archive PDF title: Final Placings,
amnd-winter-2003-primary-1,matrics,,archive:amnd-winter-2003:primary-1:matrics:none,Matrics,6,0,,,,,,,,,,,,,archive_pdf,final_premiership_placings,Archive PDF title: Final Placings,
amnd-winter-2003-primary-2,woods-panthers,,archive:amnd-winter-2003:primary-2:woods-panthers:none,Woods Panthers,1,1,,,,,,,,,,,,,archive_pdf,final_premiership_placings,Archive PDF title: Final Placings,
amnd-winter-2003-primary-2,harlequin,,archive:amnd-winter-2003:primary-2:harlequin:none,Harlequin,2,1,,,,,,,,,,,,,archive_pdf,final_premiership_placings,Archive PDF title: Final Placings,
amnd-winter-2003-primary-2,michelangelo,1,archive:amnd-winter-2003:primary-2:michelangelo:1,Michelangelo,3,1,,,,,,,,,,,,,archive_pdf,final_premiership_placings,Archive PDF title: Final Placings,
amnd-winter-2003-primary-2,michelangelo,2,archive:amnd-winter-2003:primary-2:michelangelo:2,Michelangelo,4,1,,,,,,,,,,,,,archive_pdf,final_premiership_placings,Archive PDF title: Final Placings,
amnd-winter-2003-primary-2,contax,,archive:amnd-winter-2003:primary-2:contax:none,Contax,5,0,,,,,,,,,,,,,archive_pdf,final_premiership_placings,Archive PDF title: Final Placings,
amnd-winter-2003-primary-2,oakdale-netball-club-sa,,archive:amnd-winter-2003:primary-2:oakdale-netball-club-sa:none,Oakdale,6,0,,,,,,,,,,,,,archive_pdf,final_premiership_placings,Archive PDF title: Final Placings,
amnd-winter-2003-primary-3,tango-netball-club-inc,,archive:amnd-winter-2003:primary-3:tango-netball-club-inc:none,Tango,1,1,,,,,,,,,,,,,archive_pdf,final_premiership_placings,Archive PDF title: Final Placings,
amnd-winter-2003-primary-3,woods-panthers,,archive:amnd-winter-2003:primary-3:woods-panthers:none,Woods Panthers,2,1,,,,,,,,,,,,,archive_pdf,final_premiership_placings,Archive PDF title: Final Placings,
amnd-winter-2003-primary-3,garville,,archive:amnd-winter-2003:primary-3:garville:none,Garville,3,1,,,,,,,,,,,,,archive_pdf,final_premiership_placings,Archive PDF title: Final Placings,
amnd-winter-2003-primary-3,adelaide-cougars,,archive:amnd-winter-2003:primary-3:adelaide-cougars:none,Adelaide Cougars,4,1,,,,,,,,,,,,,archive_pdf,final_premiership_placings,Archive PDF title: Final Placings,
amnd-winter-2003-primary-3,norwood-netball-club,,archive:amnd-winter-2003:primary-3:norwood-netball-club:none,Newton Jaguars,5,0,,,,,,,,,,,,,archive_pdf,final_premiership_placings,Archive PDF title: Final Placings,
amnd-winter-2003-primary-3,matrics,,archive:amnd-winter-2003:primary-3:matrics:none,Matrics,6,0,,,,,,,,,,,,,archive_pdf,final_premiership_placings,Archive PDF title: Final Placings,
amnd-winter-2003-primary-4,cheerio-netball-club,,archive:amnd-winter-2003:primary-4:cheerio-netball-club:none,Cheerio,1,1,,,,,,,,,,,,,archive_pdf,final_premiership_placings,Archive PDF title: Final Placings,
amnd-winter-2003-primary-4,metro-magic,,archive:amnd-winter-2003:primary-4:metro-magic:none,Metro Magic,2,1,,,,,,,,,,,,,archive_pdf,final_premiership_placings,Archive PDF title: Final Placings,
amnd-winter-2003-primary-4,oakdale-netball-club-sa,,archive:amnd-winter-2003:primary-4:oakdale-netball-club-sa:none,Oakdale,3,1,,,,,,,,,,,,,archive_pdf,final_premiership_placings,Archive PDF title: Final Placings,
amnd-winter-2003-primary-4,garville,,archive:amnd-winter-2003:primary-4:garville:none,Garville,4,1,,,,,,,,,,,,,archive_pdf,final_premiership_placings,Archive PDF title: Final Placings,
amnd-winter-2003-primary-4,matrics,,archive:amnd-winter-2003:primary-4:matrics:none,Matrics,5,0,,,,,,,,,,,,,archive_pdf,final_premiership_placings,Archive PDF title: Final Placings,
amnd-winter-2003-primary-4,contax,,archive:amnd-winter-2003:primary-4:contax:none,Contax,6,0,,,,,,,,,,,,,archive_pdf,final_premiership_placings,Archive PDF title: Final Placings,
amnd-winter-2003-primary-5,norwood-netball-club,,archive:amnd-winter-2003:primary-5:norwood-netball-club:none,Newton Jaguars,1,1,,,,,,,,,,,,,archive_pdf,final_premiership_placings,Archive PDF title: Final Placings,
amnd-winter-2003-primary-5,adelaide-cougars,,archive:amnd-winter-2003:primary-5:adelaide-cougars:none,Adelaide Cougars,2,1,,,,,,,,,,,,,archive_pdf,final_premiership_placings,Archive PDF title: Final Placings,
amnd-winter-2003-primary-5,michelangelo,,archive:amnd-winter-2003:primary-5:michelangelo:none,Michelangelo,3,1,,,,,,,,,,,,,archive_pdf,final_premiership_placings,Archive PDF title: Final Placings,
amnd-winter-2003-primary-5,woods-panthers,,archive:amnd-winter-2003:primary-5:woods-panthers:none,Woods Panthers,4,1,,,,,,,,,,,,,archive_pdf,final_premiership_placings,Archive PDF title: Final Placings,
amnd-winter-2003-primary-5,garville,,archive:amnd-winter-2003:primary-5:garville:none,Garville,5,0,,,,,,,,,,,,,archive_pdf,final_premiership_placings,Archive PDF title: Final Placings,
amnd-winter-2003-primary-5,oakdale-netball-club-sa,,archive:amnd-winter-2003:primary-5:oakdale-netball-club-sa:none,Oakdale,6,0,,,,,,,,,,,,,archive_pdf,final_premiership_placings,Archive PDF title: Final Placings,
amnd-winter-2003-primary-6,metro-magic,,archive:amnd-winter-2003:primary-6:metro-magic:none,Metro Magic,1,1,,,,,,,,,,,,,archive_pdf,final_premiership_placings,Archive PDF title: Final Placings,
amnd-winter-2003-primary-6,garville,2,archive:amnd-winter-2003:primary-6:garville:2,Garville,2,1,,,,,,,,,,,,,archive_pdf,final_premiership_placings,Archive PDF title: Final Placings,
amnd-winter-2003-primary-6,adelaide-cougars,,archive:amnd-winter-2003:primary-6:adelaide-cougars:none,Adelaide Cougars,3,1,,,,,,,,,,,,,archive_pdf,final_premiership_placings,Archive PDF title: Final Placings,
amnd-winter-2003-primary-6,cheerio-netball-club,,archive:amnd-winter-2003:primary-6:cheerio-netball-club:none,Cheerio,4,1,,,,,,,,,,,,,archive_pdf,final_premiership_placings,Archive PDF title: Final Placings,
amnd-winter-2003-primary-6,garville,1,archive:amnd-winter-2003:primary-6:garville:1,Garville,5,0,,,,,,,,,,,,,archive_pdf,final_premiership_placings,Archive PDF title: Final Placings,
amnd-winter-2003-primary-6,michelangelo,,archive:amnd-winter-2003:primary-6:michelangelo:none,Michelangelo,6,0,,,,,,,,,,,,,archive_pdf,final_premiership_placings,Archive PDF title: Final Placings,
amnd-winter-2003-sub-junior-1,contax,1,archive:amnd-winter-2003:sub-junior-1:contax:1,Contax,1,1,,,,,,,,,,,,,archive_pdf,final_premiership_placings,Archive PDF title: Final Placings,
amnd-winter-2003-sub-junior-1,harlequin,,archive:amnd-winter-2003:sub-junior-1:harlequin:none,Harlequin,2,1,,,,,,,,,,,,,archive_pdf,final_premiership_placings,Archive PDF title: Final Placings,
amnd-winter-2003-sub-junior-1,contax,2,archive:amnd-winter-2003:sub-junior-1:contax:2,Contax,3,1,,,,,,,,,,,,,archive_pdf,final_premiership_placings,Archive PDF title: Final Placings,
amnd-winter-2003-sub-junior-1,woods-panthers,,archive:amnd-winter-2003:sub-junior-1:woods-panthers:none,Woods Panthers,4,1,,,,,,,,,,,,,archive_pdf,final_premiership_placings,Archive PDF title: Final Placings,
amnd-winter-2003-sub-junior-1,matrics,,archive:amnd-winter-2003:sub-junior-1:matrics:none,Matrics,5,0,,,,,,,,,,,,,archive_pdf,final_premiership_placings,Archive PDF title: Final Placings,
amnd-winter-2003-sub-junior-1,tango-netball-club-inc,,archive:amnd-winter-2003:sub-junior-1:tango-netball-club-inc:none,Tango,6,0,,,,,,,,,,,,,archive_pdf,final_premiership_placings,Archive PDF title: Final Placings,
amnd-winter-2003-sub-junior-1,oakdale-netball-club-sa,,archive:amnd-winter-2003:sub-junior-1:oakdale-netball-club-sa:none,Oakdale,7,0,,,,,,,,,,,,,archive_pdf,final_premiership_placings,Archive PDF title: Final Placings,
amnd-winter-2003-sub-junior-1,garville,,archive:amnd-winter-2003:sub-junior-1:garville:none,Garville,8,0,,,,,,,,,,,,,archive_pdf,final_premiership_placings,Archive PDF title: Final Placings,
amnd-winter-2003-sub-junior-2,harlequin,,archive:amnd-winter-2003:sub-junior-2:harlequin:none,Harlequin,1,1,,,,,,,,,,,,,archive_pdf,final_premiership_placings,Archive PDF title: Final Placings,
amnd-winter-2003-sub-junior-2,contax,,archive:amnd-winter-2003:sub-junior-2:contax:none,Contax,2,1,,,,,,,,,,,,,archive_pdf,final_premiership_placings,Archive PDF title: Final Placings,
amnd-winter-2003-sub-junior-2,norwood-netball-club,,archive:amnd-winter-2003:sub-junior-2:norwood-netball-club:none,Newton Jaguars,3,1,,,,,,,,,,,,,archive_pdf,final_premiership_placings,Archive PDF title: Final Placings,
amnd-winter-2003-sub-junior-2,woods-panthers,,archive:amnd-winter-2003:sub-junior-2:woods-panthers:none,Woods Panthers,4,1,,,,,,,,,,,,,archive_pdf,final_premiership_placings,Archive PDF title: Final Placings,
amnd-winter-2003-sub-junior-2,adelaide-cougars,,archive:amnd-winter-2003:sub-junior-2:adelaide-cougars:none,Adelaide Cougars,5,0,,,,,,,,,,,,,archive_pdf,final_premiership_placings,Archive PDF title: Final Placings,
amnd-winter-2003-sub-junior-2,garville,,archive:amnd-winter-2003:sub-junior-2:garville:none,Garville,6,0,,,,,,,,,,,,,archive_pdf,final_premiership_placings,Archive PDF title: Final Placings,
amnd-winter-2003-sub-junior-2,matrics,,archive:amnd-winter-2003:sub-junior-2:matrics:none,Matrics,7,0,,,,,,,,,,,,,archive_pdf,final_premiership_placings,Archive PDF title: Final Placings,
amnd-winter-2003-sub-junior-2,oakdale-netball-club-sa,,archive:amnd-winter-2003:sub-junior-2:oakdale-netball-club-sa:none,Oakdale,8,0,,,,,,,,,,,,,archive_pdf,final_premiership_placings,Archive PDF title: Final Placings,
amnd-winter-2003-sub-junior-3,woods-panthers,,archive:amnd-winter-2003:sub-junior-3:woods-panthers:none,Woods Panthers,1,1,,,,,,,,,,,,,archive_pdf,final_premiership_placings,Archive PDF title: Final Placings,
amnd-winter-2003-sub-junior-3,michelangelo,,archive:amnd-winter-2003:sub-junior-3:michelangelo:none,Michelangelo,2,1,,,,,,,,,,,,,archive_pdf,final_premiership_placings,Archive PDF title: Final Placings,
amnd-winter-2003-sub-junior-3,adelaide-cougars,,archive:amnd-winter-2003:sub-junior-3:adelaide-cougars:none,Adelaide Cougars,3,1,,,,,,,,,,,,,archive_pdf,final_premiership_placings,Archive PDF title: Final Placings,
amnd-winter-2003-sub-junior-3,norwood-netball-club,2,archive:amnd-winter-2003:sub-junior-3:norwood-netball-club:2,Newton Jaguars,4,1,,,,,,,,,,,,,archive_pdf,final_premiership_placings,Archive PDF title: Final Placings,
amnd-winter-2003-sub-junior-3,harlequin,,archive:amnd-winter-2003:sub-junior-3:harlequin:none,Harlequin,5,0,,,,,,,,,,,,,archive_pdf,final_premiership_placings,Archive PDF title: Final Placings,
amnd-winter-2003-sub-junior-3,norwood-netball-club,1,archive:amnd-winter-2003:sub-junior-3:norwood-netball-club:1,Newton Jaguars,6,0,,,,,,,,,,,,,archive_pdf,final_premiership_placings,Archive PDF title: Final Placings,
amnd-winter-2003-sub-junior-3,garville,,archive:amnd-winter-2003:sub-junior-3:garville:none,Garville,7,0,,,,,,,,,,,,,archive_pdf,final_premiership_placings,Archive PDF title: Final Placings,
amnd-winter-2003-sub-junior-3,metro-magic,,archive:amnd-winter-2003:sub-junior-3:metro-magic:none,Metro Magic,8,0,,,,,,,,,,,,,archive_pdf,final_premiership_placings,Archive PDF title: Final Placings,
amnd-winter-2003-sub-junior-4,norwood-netball-club,,archive:amnd-winter-2003:sub-junior-4:norwood-netball-club:none,Newton Jaguars,1,1,,,,,,,,,,,,,archive_pdf,final_premiership_placings,Archive PDF title: Final Placings,
amnd-winter-2003-sub-junior-4,contax,,archive:amnd-winter-2003:sub-junior-4:contax:none,Contax,2,1,,,,,,,,,,,,,archive_pdf,final_premiership_placings,Archive PDF title: Final Placings,
amnd-winter-2003-sub-junior-4,tango-netball-club-inc,,archive:amnd-winter-2003:sub-junior-4:tango-netball-club-inc:none,Tango,3,1,,,,,,,,,,,,,archive_pdf,final_premiership_placings,Archive PDF title: Final Placings,
amnd-winter-2003-sub-junior-4,oakdale-netball-club-sa,,archive:amnd-winter-2003:sub-junior-4:oakdale-netball-club-sa:none,Oakdale,4,1,,,,,,,,,,,,,archive_pdf,final_premiership_placings,Archive PDF title: Final Placings,
amnd-winter-2003-sub-junior-4,adelaide-cougars,1,archive:amnd-winter-2003:sub-junior-4:adelaide-cougars:1,Adelaide Cougars,5,0,,,,,,,,,,,,,archive_pdf,final_premiership_placings,Archive PDF title: Final Placings,
amnd-winter-2003-sub-junior-4,garville,,archive:amnd-winter-2003:sub-junior-4:garville:none,Garville,6,0,,,,,,,,,,,,,archive_pdf,final_premiership_placings,Archive PDF title: Final Placings,
amnd-winter-2003-sub-junior-4,matrics,,archive:amnd-winter-2003:sub-junior-4:matrics:none,Matrics,7,0,,,,,,,,,,,,,archive_pdf,final_premiership_placings,Archive PDF title: Final Placings,
amnd-winter-2003-sub-junior-4,adelaide-cougars,2,archive:amnd-winter-2003:sub-junior-4:adelaide-cougars:2,Adelaide Cougars,8,0,,,,,,,,,,,,,archive_pdf,final_premiership_placings,Archive PDF title: Final Placings,
amnd-winter-2003-sub-junior-5,contax,,archive:amnd-winter-2003:sub-junior-5:contax:none,Contax,1,1,,,,,,,,,,,,,archive_pdf,final_premiership_placings,Archive PDF title: Final Placings,
amnd-winter-2003-sub-junior-5,woods-panthers,,archive:amnd-winter-2003:sub-junior-5:woods-panthers:none,Woods Panthers,2,1,,,,,,,,,,,,,archive_pdf,final_premiership_placings,Archive PDF title: Final Placings,
amnd-winter-2003-sub-junior-5,oakdale-netball-club-sa,,archive:amnd-winter-2003:sub-junior-5:oakdale-netball-club-sa:none,Oakdale,3,1,,,,,,,,,,,,,archive_pdf,final_premiership_placings,Archive PDF title: Final Placings,
amnd-winter-2003-sub-junior-5,michelangelo,,archive:amnd-winter-2003:sub-junior-5:michelangelo:none,Michelangelo,4,1,,,,,,,,,,,,,archive_pdf,final_premiership_placings,Archive PDF title: Final Placings,
amnd-winter-2003-sub-junior-5,garville,,archive:amnd-winter-2003:sub-junior-5:garville:none,Garville,5,0,,,,,,,,,,,,,archive_pdf,final_premiership_placings,Archive PDF title: Final Placings,
amnd-winter-2003-sub-junior-5,metro-magic,,archive:amnd-winter-2003:sub-junior-5:metro-magic:none,Metro Magic,6,0,,,,,,,,,,,,,archive_pdf,final_premiership_placings,Archive PDF title: Final Placings,
amnd-winter-2003-sub-junior-5,adelaide-cougars,,archive:amnd-winter-2003:sub-junior-5:adelaide-cougars:none,Adelaide Cougars,7,0,,,,,,,,,,,,,archive_pdf,final_premiership_placings,Archive PDF title: Final Placings,
amnd-winter-2003-sub-junior-5,matrics,,archive:amnd-winter-2003:sub-junior-5:matrics:none,Matrics,8,0,,,,,,,,,,,,,archive_pdf,final_premiership_placings,Archive PDF title: Final Placings,
amnd-winter-2003-sub-junior-6,glandore,,archive:amnd-winter-2003:sub-junior-6:glandore:none,Glandore,1,1,,,,,,,,,,,,,archive_pdf,final_premiership_placings,Archive PDF title: Final Placings,
amnd-winter-2003-sub-junior-6,cheerio-netball-club,,archive:amnd-winter-2003:sub-junior-6:cheerio-netball-club:none,Cheerio,2,1,,,,,,,,,,,,,archive_pdf,final_premiership_placings,Archive PDF title: Final Placings,
amnd-winter-2003-sub-junior-6,contax,,archive:amnd-winter-2003:sub-junior-6:contax:none,Contax,3,1,,,,,,,,,,,,,archive_pdf,final_premiership_placings,Archive PDF title: Final Placings,
amnd-winter-2003-sub-junior-6,garville,,archive:amnd-winter-2003:sub-junior-6:garville:none,Garville,4,1,,,,,,,,,,,,,archive_pdf,final_premiership_placings,Archive PDF title: Final Placings,
amnd-winter-2003-sub-junior-6,norwood-netball-club,,archive:amnd-winter-2003:sub-junior-6:norwood-netball-club:none,Newton Jaguars,5,0,,,,,,,,,,,,,archive_pdf,final_premiership_placings,Archive PDF title: Final Placings,
amnd-winter-2003-sub-junior-6,woods-panthers,,archive:amnd-winter-2003:sub-junior-6:woods-panthers:none,Woods Panthers,6,0,,,,,,,,,,,,,archive_pdf,final_premiership_placings,Archive PDF title: Final Placings,
amnd-winter-2003-sub-junior-6,semaphore,,archive:amnd-winter-2003:sub-junior-6:semaphore:none,Semaphore,7,0,,,,,,,,,,,,,archive_pdf,final_premiership_placings,Archive PDF title: Final Placings,
amnd-winter-2003-sub-junior-6,oakdale-netball-club-sa,,archive:amnd-winter-2003:sub-junior-6:oakdale-netball-club-sa:none,Oakdale,8,0,,,,,,,,,,,,,archive_pdf,final_premiership_placings,Archive PDF title: Final Placings,
amnd-winter-2003-sub-junior-7,michelangelo,,archive:amnd-winter-2003:sub-junior-7:michelangelo:none,Michelangelo,1,1,,,,,,,,,,,,,archive_pdf,final_premiership_placings,Archive PDF title: Final Placings,
amnd-winter-2003-sub-junior-7,norwood-netball-club,,archive:amnd-winter-2003:sub-junior-7:norwood-netball-club:none,Newton Jaguars,2,1,,,,,,,,,,,,,archive_pdf,final_premiership_placings,Archive PDF title: Final Placings,
amnd-winter-2003-sub-junior-7,garville,,archive:amnd-winter-2003:sub-junior-7:garville:none,Garville,3,1,,,,,,,,,,,,,archive_pdf,final_premiership_placings,Archive PDF title: Final Placings,
amnd-winter-2003-sub-junior-7,woods-panthers,,archive:amnd-winter-2003:sub-junior-7:woods-panthers:none,Woods Panthers,4,1,,,,,,,,,,,,,archive_pdf,final_premiership_placings,Archive PDF title: Final Placings,
amnd-winter-2003-sub-junior-7,cheerio-netball-club,,archive:amnd-winter-2003:sub-junior-7:cheerio-netball-club:none,Cheerio,5,0,,,,,,,,,,,,,archive_pdf,final_premiership_placings,Archive PDF title: Final Placings,
amnd-winter-2003-sub-junior-7,glandore,,archive:amnd-winter-2003:sub-junior-7:glandore:none,Glandore,6,0,,,,,,,,,,,,,archive_pdf,final_premiership_placings,Archive PDF title: Final Placings,
amnd-winter-2004-amnd-league,glandore,,archive:amnd-winter-2004:amnd-league:glandore:none,Glandore,1,1,,,,,,,,,,,,,archive_pdf,final_premiership_placings,Archive PDF title: Final Placings,
amnd-winter-2004-amnd-league,adelaide-cougars,,archive:amnd-winter-2004:amnd-league:adelaide-cougars:none,Adelaide Cougars,2,1,,,,,,,,,,,,,archive_pdf,final_premiership_placings,Archive PDF title: Final Placings,
amnd-winter-2004-amnd-league,norwood-netball-club,,archive:amnd-winter-2004:amnd-league:norwood-netball-club:none,Newton Jaguars,3,1,,,,,,,,,,,,,archive_pdf,final_premiership_placings,Archive PDF title: Final Placings,
amnd-winter-2004-amnd-league,woods-panthers,,archive:amnd-winter-2004:amnd-league:woods-panthers:none,Woods Panthers,4,1,,,,,,,,,,,,,archive_pdf,final_premiership_placings,Archive PDF title: Final Placings,
amnd-winter-2004-amnd-league,matrics,,archive:amnd-winter-2004:amnd-league:matrics:none,Matrics,5,0,,,,,,,,,,,,,archive_pdf,final_premiership_placings,Archive PDF title: Final Placings,
amnd-winter-2004-amnd-league,contax,,archive:amnd-winter-2004:amnd-league:contax:none,Contax,6,0,,,,,,,,,,,,,archive_pdf,final_premiership_placings,Archive PDF title: Final Placings,
amnd-winter-2004-amnd-league,oakdale-netball-club-sa,,archive:amnd-winter-2004:amnd-league:oakdale-netball-club-sa:none,Oakdale,7,0,,,,,,,,,,,,,archive_pdf,final_premiership_placings,Archive PDF title: Final Placings,
amnd-winter-2004-amnd-league,cheerio-netball-club,,archive:amnd-winter-2004:amnd-league:cheerio-netball-club:none,Cheerio,8,0,,,,,,,,,,,,,archive_pdf,final_premiership_placings,Archive PDF title: Final Placings,
amnd-winter-2004-amnd-league,garville,,archive:amnd-winter-2004:amnd-league:garville:none,Garville,9,0,,,,,,,,,,,,,archive_pdf,final_premiership_placings,Archive PDF title: Final Placings,
amnd-winter-2004-amnd-league,harlequin,,archive:amnd-winter-2004:amnd-league:harlequin:none,Harlequin,10,0,,,,,,,,,,,,,archive_pdf,final_premiership_placings,Archive PDF title: Final Placings,
amnd-winter-2004-a-grade,adelaide-cougars,,archive:amnd-winter-2004:a-grade:adelaide-cougars:none,Adelaide Cougars,1,1,,,,,,,,,,,,,archive_pdf,final_premiership_placings,Archive PDF title: Final Placings,
amnd-winter-2004-a-grade,metro-magic,,archive:amnd-winter-2004:a-grade:metro-magic:none,Metro Magic,2,1,,,,,,,,,,,,,archive_pdf,final_premiership_placings,Archive PDF title: Final Placings,
amnd-winter-2004-a-grade,contax,,archive:amnd-winter-2004:a-grade:contax:none,Contax,3,1,,,,,,,,,,,,,archive_pdf,final_premiership_placings,Archive PDF title: Final Placings,
amnd-winter-2004-a-grade,cheerio-netball-club,,archive:amnd-winter-2004:a-grade:cheerio-netball-club:none,Cheerio,4,1,,,,,,,,,,,,,archive_pdf,final_premiership_placings,Archive PDF title: Final Placings,
amnd-winter-2004-a-grade,matrics,,archive:amnd-winter-2004:a-grade:matrics:none,Matrics,5,0,,,,,,,,,,,,,archive_pdf,final_premiership_placings,Archive PDF title: Final Placings,
amnd-winter-2004-a-grade,woods-panthers,,archive:amnd-winter-2004:a-grade:woods-panthers:none,Woods Panthers,6,0,,,,,,,,,,,,,archive_pdf,final_premiership_placings,Archive PDF title: Final Placings,
amnd-winter-2004-a-grade,tango-netball-club-inc,,archive:amnd-winter-2004:a-grade:tango-netball-club-inc:none,Tango,7,0,,,,,,,,,,,,,archive_pdf,final_premiership_placings,Archive PDF title: Final Placings,
amnd-winter-2004-a-grade,garville,,archive:amnd-winter-2004:a-grade:garville:none,Garville,8,0,,,,,,,,,,,,,archive_pdf,final_premiership_placings,Archive PDF title: Final Placings,
amnd-winter-2004-a-grade,norwood-netball-club,,archive:amnd-winter-2004:a-grade:norwood-netball-club:none,Newton Jaguars,9,0,,,,,,,,,,,,,archive_pdf,final_premiership_placings,Archive PDF title: Final Placings,
amnd-winter-2004-a-grade,oakdale-netball-club-sa,,archive:amnd-winter-2004:a-grade:oakdale-netball-club-sa:none,Oakdale,10,0,,,,,,,,,,,,,archive_pdf,final_premiership_placings,Archive PDF title: Final Placings,
amnd-winter-2004-b-1,fielders-flames,,archive:amnd-winter-2004:b-1:fielders-flames:none,Fielders Flames,1,1,,,,,,,,,,,,,archive_pdf,final_premiership_placings,Archive PDF title: Final Placings,
amnd-winter-2004-b-1,sacred-heart-o-c,,archive:amnd-winter-2004:b-1:sacred-heart-o-c:none,Sacred Heart O.C.,2,1,,,,,,,,,,,,,archive_pdf,final_premiership_placings,Archive PDF title: Final Placings,
amnd-winter-2004-b-1,contax,,archive:amnd-winter-2004:b-1:contax:none,Contax,3,1,,,,,,,,,,,,,archive_pdf,final_premiership_placings,Archive PDF title: Final Placings,
amnd-winter-2004-b-1,glandore,,archive:amnd-winter-2004:b-1:glandore:none,Glandore,4,1,,,,,,,,,,,,,archive_pdf,final_premiership_placings,Archive PDF title: Final Placings,
amnd-winter-2004-b-1,adelaide-university,,archive:amnd-winter-2004:b-1:adelaide-university:none,Adelaide University,5,0,,,,,,,,,,,,,archive_pdf,final_premiership_placings,Archive PDF title: Final Placings,
amnd-winter-2004-b-1,pembroke-o-s,,archive:amnd-winter-2004:b-1:pembroke-o-s:none,Pembroke O.S.,6,0,,,,,,,,,,,,,archive_pdf,final_premiership_placings,Archive PDF title: Final Placings,
amnd-winter-2004-b-1,oakdale-netball-club-sa,,archive:amnd-winter-2004:b-1:oakdale-netball-club-sa:none,Oakdale,7,0,,,,,,,,,,,,,archive_pdf,final_premiership_placings,Archive PDF title: Final Placings,
amnd-winter-2004-b-1,harlequin,,archive:amnd-winter-2004:b-1:harlequin:none,Harlequin,8,0,,,,,,,,,,,,,archive_pdf,final_premiership_placings,Archive PDF title: Final Placings,
amnd-winter-2004-b-1,garville,,archive:amnd-winter-2004:b-1:garville:none,Garville,9,0,,,,,,,,,,,,,archive_pdf,final_premiership_placings,Archive PDF title: Final Placings,
amnd-winter-2004-b-1,woods-panthers,,archive:amnd-winter-2004:b-1:woods-panthers:none,Woods Panthers,10,0,,,,,,,,,,,,,archive_pdf,final_premiership_placings,Archive PDF title: Final Placings,
amnd-winter-2004-b-2,clovelly-park,,archive:amnd-winter-2004:b-2:clovelly-park:none,Clovelly Park,1,1,,,,,,,,,,,,,archive_pdf,final_premiership_placings,Archive PDF title: Final Placings,
amnd-winter-2004-b-2,city-coasters,,archive:amnd-winter-2004:b-2:city-coasters:none,City Coasters,2,1,,,,,,,,,,,,,archive_pdf,final_premiership_placings,Archive PDF title: Final Placings,
amnd-winter-2004-b-2,michelangelo,,archive:amnd-winter-2004:b-2:michelangelo:none,Michelangelo,3,1,,,,,,,,,,,,,archive_pdf,final_premiership_placings,Archive PDF title: Final Placings,
amnd-winter-2004-b-2,metro-magic,,archive:amnd-winter-2004:b-2:metro-magic:none,Metro Magic,4,1,,,,,,,,,,,,,archive_pdf,final_premiership_placings,Archive PDF title: Final Placings,
amnd-winter-2004-b-2,contax,,archive:amnd-winter-2004:b-2:contax:none,Contax,5,0,,,,,,,,,,,,,archive_pdf,final_premiership_placings,Archive PDF title: Final Placings,
amnd-winter-2004-b-2,adelaide-cougars,,archive:amnd-winter-2004:b-2:adelaide-cougars:none,Adelaide Cougars,6,0,,,,,,,,,,,,,archive_pdf,final_premiership_placings,Archive PDF title: Final Placings,
amnd-winter-2004-b-2,matrics,,archive:amnd-winter-2004:b-2:matrics:none,Matrics,7,0,,,,,,,,,,,,,archive_pdf,final_premiership_placings,Archive PDF title: Final Placings,
amnd-winter-2004-b-2,harlequin,,archive:amnd-winter-2004:b-2:harlequin:none,Harlequin,8,0,,,,,,,,,,,,,archive_pdf,final_premiership_placings,Archive PDF title: Final Placings,
amnd-winter-2004-b-2,cheerio-netball-club,,archive:amnd-winter-2004:b-2:cheerio-netball-club:none,Cheerio,9,0,,,,,,,,,,,,,archive_pdf,final_premiership_placings,Archive PDF title: Final Placings,
amnd-winter-2004-b-2,tango-netball-club-inc,,archive:amnd-winter-2004:b-2:tango-netball-club-inc:none,Tango,10,0,,,,,,,,,,,,,archive_pdf,final_premiership_placings,Archive PDF title: Final Placings,
amnd-winter-2004-b-3,flinders-university,,archive:amnd-winter-2004:b-3:flinders-university:none,Flinders University,1,1,,,,,,,,,,,,,archive_pdf,final_premiership_placings,Archive PDF title: Final Placings,
amnd-winter-2004-b-3,adelaide-university,,archive:amnd-winter-2004:b-3:adelaide-university:none,Adelaide University,2,1,,,,,,,,,,,,,archive_pdf,final_premiership_placings,Archive PDF title: Final Placings,
amnd-winter-2004-b-3,westminster-o-s,,archive:amnd-winter-2004:b-3:westminster-o-s:none,Westminster O.S.,3,1,,,,,,,,,,,,,archive_pdf,final_premiership_placings,Archive PDF title: Final Placings,
amnd-winter-2004-b-3,adelaide-cougars,,archive:amnd-winter-2004:b-3:adelaide-cougars:none,Adelaide Cougars,4,1,,,,,,,,,,,,,archive_pdf,final_premiership_placings,Archive PDF title: Final Placings,
amnd-winter-2004-b-3,city-coasters,,archive:amnd-winter-2004:b-3:city-coasters:none,City Coasters,5,0,,,,,,,,,,,,,archive_pdf,final_premiership_placings,Archive PDF title: Final Placings,
amnd-winter-2004-b-3,cheerio-netball-club,,archive:amnd-winter-2004:b-3:cheerio-netball-club:none,Cheerio,6,0,,,,,,,,,,,,,archive_pdf,final_premiership_placings,Archive PDF title: Final Placings,
amnd-winter-2004-b-3,contax,,archive:amnd-winter-2004:b-3:contax:none,Contax,7,0,,,,,,,,,,,,,archive_pdf,final_premiership_placings,Archive PDF title: Final Placings,
amnd-winter-2004-b-3,pembroke-o-s,,archive:amnd-winter-2004:b-3:pembroke-o-s:none,Pembroke O.S.,8,0,,,,,,,,,,,,,archive_pdf,final_premiership_placings,Archive PDF title: Final Placings,
amnd-winter-2004-b-3,norwood-netball-club,,archive:amnd-winter-2004:b-3:norwood-netball-club:none,Newton Jaguars,9,0,,,,,,,,,,,,,archive_pdf,final_premiership_placings,Archive PDF title: Final Placings,
amnd-winter-2004-b-3,garville,,archive:amnd-winter-2004:b-3:garville:none,Garville,10,0,,,,,,,,,,,,,archive_pdf,final_premiership_placings,Archive PDF title: Final Placings,
amnd-winter-2004-b-4,woods-panthers,,archive:amnd-winter-2004:b-4:woods-panthers:none,Woods Panthers,1,1,,,,,,,,,,,,,archive_pdf,final_premiership_placings,Archive PDF title: Final Placings,
amnd-winter-2004-b-4,glandore,,archive:amnd-winter-2004:b-4:glandore:none,Glandore,2,1,,,,,,,,,,,,,archive_pdf,final_premiership_placings,Archive PDF title: Final Placings,
amnd-winter-2004-b-4,adelaide-university,,archive:amnd-winter-2004:b-4:adelaide-university:none,Adelaide University,3,1,,,,,,,,,,,,,archive_pdf,final_premiership_placings,Archive PDF title: Final Placings,
amnd-winter-2004-b-4,contax,,archive:amnd-winter-2004:b-4:contax:none,Contax,4,1,,,,,,,,,,,,,archive_pdf,final_premiership_placings,Archive PDF title: Final Placings,
amnd-winter-2004-b-4,sacred-heart-o-c,,archive:amnd-winter-2004:b-4:sacred-heart-o-c:none,Sacred Heart O.C.,5,0,,,,,,,,,,,,,archive_pdf,final_premiership_placings,Archive PDF title: Final Placings,
amnd-winter-2004-b-4,harlequin,,archive:amnd-winter-2004:b-4:harlequin:none,Harlequin,6,0,,,,,,,,,,,,,archive_pdf,final_premiership_placings,Archive PDF title: Final Placings,
amnd-winter-2004-b-4,matrics,,archive:amnd-winter-2004:b-4:matrics:none,Matrics,7,0,,,,,,,,,,,,,archive_pdf,final_premiership_placings,Archive PDF title: Final Placings,
amnd-winter-2004-b-4,garville,,archive:amnd-winter-2004:b-4:garville:none,Garville,8,0,,,,,,,,,,,,,archive_pdf,final_premiership_placings,Archive PDF title: Final Placings,
amnd-winter-2004-b-4,tango-netball-club-inc,,archive:amnd-winter-2004:b-4:tango-netball-club-inc:none,Tango,9,0,,,,,,,,,,,,,archive_pdf,final_premiership_placings,Archive PDF title: Final Placings,
amnd-winter-2004-b-4,cheerio-netball-club,,archive:amnd-winter-2004:b-4:cheerio-netball-club:none,Cheerio,10,0,,,,,,,,,,,,,archive_pdf,final_premiership_placings,Archive PDF title: Final Placings,
amnd-winter-2004-c-1,michelangelo,,archive:amnd-winter-2004:c-1:michelangelo:none,Michelangelo,1,1,,,,,,,,,,,,,archive_pdf,final_premiership_placings,Archive PDF title: Final Placings,
amnd-winter-2004-c-1,semaphore,,archive:amnd-winter-2004:c-1:semaphore:none,Semaphore,2,1,,,,,,,,,,,,,archive_pdf,final_premiership_placings,Archive PDF title: Final Placings,
amnd-winter-2004-c-1,adelaide-university,,archive:amnd-winter-2004:c-1:adelaide-university:none,Adelaide University,3,1,,,,,,,,,,,,,archive_pdf,final_premiership_placings,Archive PDF title: Final Placings,
amnd-winter-2004-c-1,oakdale-netball-club-sa,,archive:amnd-winter-2004:c-1:oakdale-netball-club-sa:none,Oakdale,4,1,,,,,,,,,,,,,archive_pdf,final_premiership_placings,Archive PDF title: Final Placings,
amnd-winter-2004-c-1,westminster-o-s,,archive:amnd-winter-2004:c-1:westminster-o-s:none,Westminster O.S.,5,0,,,,,,,,,,,,,archive_pdf,final_premiership_placings,Archive PDF title: Final Placings,
amnd-winter-2004-c-1,pembroke-o-s,,archive:amnd-winter-2004:c-1:pembroke-o-s:none,Pembroke O.S.,6,0,,,,,,,,,,,,,archive_pdf,final_premiership_placings,Archive PDF title: Final Placings,
amnd-winter-2004-c-1,clovelly-park,,archive:amnd-winter-2004:c-1:clovelly-park:none,Clovelly Park,7,0,,,,,,,,,,,,,archive_pdf,final_premiership_placings,Archive PDF title: Final Placings,
amnd-winter-2004-c-1,matrics,,archive:amnd-winter-2004:c-1:matrics:none,Matrics,8,0,,,,,,,,,,,,,archive_pdf,final_premiership_placings,Archive PDF title: Final Placings,
amnd-winter-2004-c-1,city-coasters,,archive:amnd-winter-2004:c-1:city-coasters:none,City Coasters,9,0,,,,,,,,,,,,,archive_pdf,final_premiership_placings,Archive PDF title: Final Placings,
amnd-winter-2004-c-1,norwood-netball-club,,archive:amnd-winter-2004:c-1:norwood-netball-club:none,Newton Jaguars,10,0,,,,,,,,,,,,,archive_pdf,final_premiership_placings,Archive PDF title: Final Placings,
amnd-winter-2004-c-2,flinders-university,,archive:amnd-winter-2004:c-2:flinders-university:none,Flinders University,1,1,,,,,,,,,,,,,archive_pdf,final_premiership_placings,Archive PDF title: Final Placings,
amnd-winter-2004-c-2,henley,,archive:amnd-winter-2004:c-2:henley:none,Henley,2,1,,,,,,,,,,,,,archive_pdf,final_premiership_placings,Archive PDF title: Final Placings,
amnd-winter-2004-c-2,adelaide-university,,archive:amnd-winter-2004:c-2:adelaide-university:none,Adelaide University,3,1,,,,,,,,,,,,,archive_pdf,final_premiership_placings,Archive PDF title: Final Placings,
amnd-winter-2004-c-2,oakdale-netball-club-sa,,archive:amnd-winter-2004:c-2:oakdale-netball-club-sa:none,Oakdale,4,1,,,,,,,,,,,,,archive_pdf,final_premiership_placings,Archive PDF title: Final Placings,
amnd-winter-2004-c-2,michelangelo,,archive:amnd-winter-2004:c-2:michelangelo:none,Michelangelo,5,0,,,,,,,,,,,,,archive_pdf,final_premiership_placings,Archive PDF title: Final Placings,
amnd-winter-2004-c-2,adelaide-cougars,,archive:amnd-winter-2004:c-2:adelaide-cougars:none,Adelaide Cougars,6,0,,,,,,,,,,,,,archive_pdf,final_premiership_placings,Archive PDF title: Final Placings,
amnd-winter-2004-c-2,woods-panthers,,archive:amnd-winter-2004:c-2:woods-panthers:none,Woods Panthers,7,0,,,,,,,,,,,,,archive_pdf,final_premiership_placings,Archive PDF title: Final Placings,
amnd-winter-2004-c-2,pembroke-o-s,,archive:amnd-winter-2004:c-2:pembroke-o-s:none,Pembroke O.S.,8,0,,,,,,,,,,,,,archive_pdf,final_premiership_placings,Archive PDF title: Final Placings,
amnd-winter-2004-c-2,glandore,,archive:amnd-winter-2004:c-2:glandore:none,Glandore,9,0,,,,,,,,,,,,,archive_pdf,final_premiership_placings,Archive PDF title: Final Placings,
amnd-winter-2004-c-3,adelaide-cougars,,archive:amnd-winter-2004:c-3:adelaide-cougars:none,Adelaide Cougars,1,1,,,,,,,,,,,,,archive_pdf,final_premiership_placings,Archive PDF title: Final Placings,
amnd-winter-2004-c-3,sacred-heart-o-c,,archive:amnd-winter-2004:c-3:sacred-heart-o-c:none,Sacred Heart O.C.,2,1,,,,,,,,,,,,,archive_pdf,final_premiership_placings,Archive PDF title: Final Placings,
amnd-winter-2004-c-3,flinders-university,,archive:amnd-winter-2004:c-3:flinders-university:none,Flinders University,3,1,,,,,,,,,,,,,archive_pdf,final_premiership_placings,Archive PDF title: Final Placings,
amnd-winter-2004-c-3,contax,,archive:amnd-winter-2004:c-3:contax:none,Contax,4,1,,,,,,,,,,,,,archive_pdf,final_premiership_placings,Archive PDF title: Final Placings,
amnd-winter-2004-c-3,adelaide-university,,archive:amnd-winter-2004:c-3:adelaide-university:none,Adelaide University,5,0,,,,,,,,,,,,,archive_pdf,final_premiership_placings,Archive PDF title: Final Placings,
amnd-winter-2004-c-3,clovelly-park,,archive:amnd-winter-2004:c-3:clovelly-park:none,Clovelly Park,6,0,,,,,,,,,,,,,archive_pdf,final_premiership_placings,Archive PDF title: Final Placings,
amnd-winter-2004-c-4,city-coasters,,archive:amnd-winter-2004:c-4:city-coasters:none,City Coasters,1,1,,,,,,,,,,,,,archive_pdf,final_premiership_placings,Archive PDF title: Final Placings,
amnd-winter-2004-c-4,sacred-heart-o-c,,archive:amnd-winter-2004:c-4:sacred-heart-o-c:none,Sacred Heart O.C.,2,1,,,,,,,,,,,,,archive_pdf,final_premiership_placings,Archive PDF title: Final Placings,
amnd-winter-2004-c-4,flinders-university,,archive:amnd-winter-2004:c-4:flinders-university:none,Flinders University,3,1,,,,,,,,,,,,,archive_pdf,final_premiership_placings,Archive PDF title: Final Placings,
amnd-winter-2004-c-4,westminster-o-s,,archive:amnd-winter-2004:c-4:westminster-o-s:none,Westminster O.S.,4,1,,,,,,,,,,,,,archive_pdf,final_premiership_placings,Archive PDF title: Final Placings,
amnd-winter-2004-c-4,adelaide-university,,archive:amnd-winter-2004:c-4:adelaide-university:none,Adelaide University,5,0,,,,,,,,,,,,,archive_pdf,final_premiership_placings,Archive PDF title: Final Placings,
amnd-winter-2004-c-4,pembroke-o-s,,archive:amnd-winter-2004:c-4:pembroke-o-s:none,Pembroke O.S.,6,0,,,,,,,,,,,,,archive_pdf,final_premiership_placings,Archive PDF title: Final Placings,
amnd-winter-2004-h-grade,norwood-netball-club,,archive:amnd-winter-2004:h-grade:norwood-netball-club:none,Jaguars,1,1,,,,,,,,,,,,,archive_pdf,final_premiership_placings,Archive PDF title: Final Placings,
amnd-winter-2004-h-grade,oakdale-netball-club-sa,,archive:amnd-winter-2004:h-grade:oakdale-netball-club-sa:none,Phoenix,2,1,,,,,,,,,,,,,archive_pdf,final_premiership_placings,Archive PDF title: Final Placings,
amnd-winter-2004-h-grade,cardijn-cats,,archive:amnd-winter-2004:h-grade:cardijn-cats:none,Cardijn Cats,3,1,,,,,,,,,,,,,archive_pdf,final_premiership_placings,Archive PDF title: Final Placings,
amnd-winter-2004-h-grade,matrics,,archive:amnd-winter-2004:h-grade:matrics:none,Matrics,4,1,,,,,,,,,,,,,archive_pdf,final_premiership_placings,Archive PDF title: Final Placings,
amnd-winter-2004-h-grade,panthers,,archive:amnd-winter-2004:h-grade:panthers:none,Panthers,5,0,,,,,,,,,,,,,archive_pdf,final_premiership_placings,Archive PDF title: Final Placings,
amnd-winter-2004-h-grade,kilburn-knights,,archive:amnd-winter-2004:h-grade:kilburn-knights:none,Kilburn Knights,6,0,,,,,,,,,,,,,archive_pdf,final_premiership_placings,Archive PDF title: Final Placings,
amnd-winter-2004-h-grade,woods-panthers,,archive:amnd-winter-2004:h-grade:woods-panthers:none,Woods Panthers,7,0,,,,,,,,,,,,,archive_pdf,final_premiership_placings,Archive PDF title: Final Placings,
amnd-winter-2004-inter-1,garville,,archive:amnd-winter-2004:inter-1:garville:none,Garville,1,1,,,,,,,,,,,,,archive_pdf,final_premiership_placings,Archive PDF title: Final Placings,
amnd-winter-2004-inter-1,matrics,,archive:amnd-winter-2004:inter-1:matrics:none,Matrics,2,1,,,,,,,,,,,,,archive_pdf,final_premiership_placings,Archive PDF title: Final Placings,
amnd-winter-2004-inter-1,harlequin,,archive:amnd-winter-2004:inter-1:harlequin:none,Harlequin,3,1,,,,,,,,,,,,,archive_pdf,final_premiership_placings,Archive PDF title: Final Placings,
amnd-winter-2004-inter-1,tango-netball-club-inc,,archive:amnd-winter-2004:inter-1:tango-netball-club-inc:none,Tango,4,1,,,,,,,,,,,,,archive_pdf,final_premiership_placings,Archive PDF title: Final Placings,
amnd-winter-2004-inter-1,contax,,archive:amnd-winter-2004:inter-1:contax:none,Contax,5,0,,,,,,,,,,,,,archive_pdf,final_premiership_placings,Archive PDF title: Final Placings,
amnd-winter-2004-inter-1,woods-panthers,,archive:amnd-winter-2004:inter-1:woods-panthers:none,Woods Panthers,6,0,,,,,,,,,,,,,archive_pdf,final_premiership_placings,Archive PDF title: Final Placings,
amnd-winter-2004-inter-1,oakdale-netball-club-sa,,archive:amnd-winter-2004:inter-1:oakdale-netball-club-sa:none,Oakdale,7,0,,,,,,,,,,,,,archive_pdf,final_premiership_placings,Archive PDF title: Final Placings,
amnd-winter-2004-inter-1,adelaide-cougars,,archive:amnd-winter-2004:inter-1:adelaide-cougars:none,Adelaide Cougars,8,0,,,,,,,,,,,,,archive_pdf,final_premiership_placings,Archive PDF title: Final Placings,
amnd-winter-2004-inter-1,norwood-netball-club,,archive:amnd-winter-2004:inter-1:norwood-netball-club:none,Newton Jaguars,9,0,,,,,,,,,,,,,archive_pdf,final_premiership_placings,Archive PDF title: Final Placings,
amnd-winter-2004-inter-1,cheerio-netball-club,,archive:amnd-winter-2004:inter-1:cheerio-netball-club:none,Cheerio,10,0,,,,,,,,,,,,,archive_pdf,final_premiership_placings,Archive PDF title: Final Placings,
amnd-winter-2004-inter-2,garville,,archive:amnd-winter-2004:inter-2:garville:none,Garville,1,1,,,,,,,,,,,,,archive_pdf,final_premiership_placings,Archive PDF title: Final Placings,
amnd-winter-2004-inter-2,harlequin,,archive:amnd-winter-2004:inter-2:harlequin:none,Harlequin,2,1,,,,,,,,,,,,,archive_pdf,final_premiership_placings,Archive PDF title: Final Placings,
amnd-winter-2004-inter-2,contax,1,archive:amnd-winter-2004:inter-2:contax:1,Contax,3,1,,,,,,,,,,,,,archive_pdf,final_premiership_placings,Archive PDF title: Final Placings,
amnd-winter-2004-inter-2,tango-netball-club-inc,,archive:amnd-winter-2004:inter-2:tango-netball-club-inc:none,Tango,4,1,,,,,,,,,,,,,archive_pdf,final_premiership_placings,Archive PDF title: Final Placings,
amnd-winter-2004-inter-2,contax,2,archive:amnd-winter-2004:inter-2:contax:2,Contax,5,0,,,,,,,,,,,,,archive_pdf,final_premiership_placings,Archive PDF title: Final Placings,
amnd-winter-2004-inter-2,matrics,,archive:amnd-winter-2004:inter-2:matrics:none,Matrics,6,0,,,,,,,,,,,,,archive_pdf,final_premiership_placings,Archive PDF title: Final Placings,
amnd-winter-2004-inter-2,adelaide-cougars,,archive:amnd-winter-2004:inter-2:adelaide-cougars:none,Adelaide Cougars,7,0,,,,,,,,,,,,,archive_pdf,final_premiership_placings,Archive PDF title: Final Placings,
amnd-winter-2004-inter-2,cheerio-netball-club,,archive:amnd-winter-2004:inter-2:cheerio-netball-club:none,Cheerio,8,0,,,,,,,,,,,,,archive_pdf,final_premiership_placings,Archive PDF title: Final Placings,
amnd-winter-2004-inter-2,woods-panthers,,archive:amnd-winter-2004:inter-2:woods-panthers:none,Woods Panthers,9,0,,,,,,,,,,,,,archive_pdf,final_premiership_placings,Archive PDF title: Final Placings,
amnd-winter-2004-inter-2,norwood-netball-club,,archive:amnd-winter-2004:inter-2:norwood-netball-club:none,Newton Jaguars,10,0,,,,,,,,,,,,,archive_pdf,final_premiership_placings,Archive PDF title: Final Placings,
amnd-winter-2004-inter-3,harlequin,,archive:amnd-winter-2004:inter-3:harlequin:none,Harlequin,1,1,,,,,,,,,,,,,archive_pdf,final_premiership_placings,Archive PDF title: Final Placings,
amnd-winter-2004-inter-3,garville,,archive:amnd-winter-2004:inter-3:garville:none,Garville,2,1,,,,,,,,,,,,,archive_pdf,final_premiership_placings,Archive PDF title: Final Placings,
amnd-winter-2004-inter-3,matrics,,archive:amnd-winter-2004:inter-3:matrics:none,Matrics,3,1,,,,,,,,,,,,,archive_pdf,final_premiership_placings,Archive PDF title: Final Placings,
amnd-winter-2004-inter-3,contax,,archive:amnd-winter-2004:inter-3:contax:none,Contax,4,1,,,,,,,,,,,,,archive_pdf,final_premiership_placings,Archive PDF title: Final Placings,
amnd-winter-2004-inter-3,adelaide-cougars,,archive:amnd-winter-2004:inter-3:adelaide-cougars:none,Adelaide Cougars,5,0,,,,,,,,,,,,,archive_pdf,final_premiership_placings,Archive PDF title: Final Placings,
amnd-winter-2004-inter-3,oakdale-netball-club-sa,,archive:amnd-winter-2004:inter-3:oakdale-netball-club-sa:none,Oakdale,6,0,,,,,,,,,,,,,archive_pdf,final_premiership_placings,Archive PDF title: Final Placings,
amnd-winter-2004-inter-4,garville,,archive:amnd-winter-2004:inter-4:garville:none,Garville,1,1,,,,,,,,,,,,,archive_pdf,final_premiership_placings,Archive PDF title: Final Placings,
amnd-winter-2004-inter-4,metro-magic,,archive:amnd-winter-2004:inter-4:metro-magic:none,Metro Magic,2,1,,,,,,,,,,,,,archive_pdf,final_premiership_placings,Archive PDF title: Final Placings,
amnd-winter-2004-inter-4,norwood-netball-club,,archive:amnd-winter-2004:inter-4:norwood-netball-club:none,Newton Jaguars,3,1,,,,,,,,,,,,,archive_pdf,final_premiership_placings,Archive PDF title: Final Placings,
amnd-winter-2004-inter-4,matrics,,archive:amnd-winter-2004:inter-4:matrics:none,Matrics,4,1,,,,,,,,,,,,,archive_pdf,final_premiership_placings,Archive PDF title: Final Placings,
amnd-winter-2004-inter-4,cheerio-netball-club,,archive:amnd-winter-2004:inter-4:cheerio-netball-club:none,Cheerio,5,0,,,,,,,,,,,,,archive_pdf,final_premiership_placings,Archive PDF title: Final Placings,
amnd-winter-2004-inter-4,woods-panthers,,archive:amnd-winter-2004:inter-4:woods-panthers:none,Woods Panthers,6,0,,,,,,,,,,,,,archive_pdf,final_premiership_placings,Archive PDF title: Final Placings,
amnd-winter-2004-inter-4,contax,,archive:amnd-winter-2004:inter-4:contax:none,Contax,7,0,,,,,,,,,,,,,archive_pdf,final_premiership_placings,Archive PDF title: Final Placings,
amnd-winter-2004-inter-4,tango-netball-club-inc,,archive:amnd-winter-2004:inter-4:tango-netball-club-inc:none,Tango,8,0,,,,,,,,,,,,,archive_pdf,final_premiership_placings,Archive PDF title: Final Placings,
amnd-winter-2004-inter-4,michelangelo,,archive:amnd-winter-2004:inter-4:michelangelo:none,Michelangelo,9,0,,,,,,,,,,,,,archive_pdf,final_premiership_placings,Archive PDF title: Final Placings,
amnd-winter-2004-inter-5,clovelly-park,,archive:amnd-winter-2004:inter-5:clovelly-park:none,Clovelly Park,1,1,,,,,,,,,,,,,archive_pdf,final_premiership_placings,Archive PDF title: Final Placings,
amnd-winter-2004-inter-5,garville,,archive:amnd-winter-2004:inter-5:garville:none,Garville,2,1,,,,,,,,,,,,,archive_pdf,final_premiership_placings,Archive PDF title: Final Placings,
amnd-winter-2004-inter-5,cheerio-netball-club,,archive:amnd-winter-2004:inter-5:cheerio-netball-club:none,Cheerio,3,1,,,,,,,,,,,,,archive_pdf,final_premiership_placings,Archive PDF title: Final Placings,
amnd-winter-2004-inter-5,semaphore,,archive:amnd-winter-2004:inter-5:semaphore:none,Semaphore,4,1,,,,,,,,,,,,,archive_pdf,final_premiership_placings,Archive PDF title: Final Placings,
amnd-winter-2004-inter-5,adelaide-cougars,,archive:amnd-winter-2004:inter-5:adelaide-cougars:none,Adelaide Cougars,5,0,,,,,,,,,,,,,archive_pdf,final_premiership_placings,Archive PDF title: Final Placings,
amnd-winter-2004-inter-5,matrics,,archive:amnd-winter-2004:inter-5:matrics:none,Matrics,6,0,,,,,,,,,,,,,archive_pdf,final_premiership_placings,Archive PDF title: Final Placings,
amnd-winter-2004-junior-1,contax,,archive:amnd-winter-2004:junior-1:contax:none,Contax,1,1,,,,,,,,,,,,,archive_pdf,final_premiership_placings,Archive PDF title: Final Placings,
amnd-winter-2004-junior-1,harlequin,,archive:amnd-winter-2004:junior-1:harlequin:none,Harlequin,2,1,,,,,,,,,,,,,archive_pdf,final_premiership_placings,Archive PDF title: Final Placings,
amnd-winter-2004-junior-1,woods-panthers,,archive:amnd-winter-2004:junior-1:woods-panthers:none,Woods Panthers,3,1,,,,,,,,,,,,,archive_pdf,final_premiership_placings,Archive PDF title: Final Placings,
amnd-winter-2004-junior-1,tango-netball-club-inc,,archive:amnd-winter-2004:junior-1:tango-netball-club-inc:none,Tango,4,1,,,,,,,,,,,,,archive_pdf,final_premiership_placings,Archive PDF title: Final Placings,
amnd-winter-2004-junior-1,garville,,archive:amnd-winter-2004:junior-1:garville:none,Garville,5,0,,,,,,,,,,,,,archive_pdf,final_premiership_placings,Archive PDF title: Final Placings,
amnd-winter-2004-junior-1,matrics,,archive:amnd-winter-2004:junior-1:matrics:none,Matrics,6,0,,,,,,,,,,,,,archive_pdf,final_premiership_placings,Archive PDF title: Final Placings,
amnd-winter-2004-junior-1,cheerio-netball-club,,archive:amnd-winter-2004:junior-1:cheerio-netball-club:none,Cheerio,7,0,,,,,,,,,,,,,archive_pdf,final_premiership_placings,Archive PDF title: Final Placings,
amnd-winter-2004-junior-1,adelaide-cougars,,archive:amnd-winter-2004:junior-1:adelaide-cougars:none,Adelaide Cougars,8,0,,,,,,,,,,,,,archive_pdf,final_premiership_placings,Archive PDF title: Final Placings,
amnd-winter-2004-junior-1,norwood-netball-club,,archive:amnd-winter-2004:junior-1:norwood-netball-club:none,Newton Jaguars,9,0,,,,,,,,,,,,,archive_pdf,final_premiership_placings,Archive PDF title: Final Placings,
amnd-winter-2004-junior-1,oakdale-netball-club-sa,,archive:amnd-winter-2004:junior-1:oakdale-netball-club-sa:none,Oakdale,10,0,,,,,,,,,,,,,archive_pdf,final_premiership_placings,Archive PDF title: Final Placings,
amnd-winter-2004-junior-2,contax,,archive:amnd-winter-2004:junior-2:contax:none,Contax,1,1,,,,,,,,,,,,,archive_pdf,final_premiership_placings,Archive PDF title: Final Placings,
amnd-winter-2004-junior-2,harlequin,1,archive:amnd-winter-2004:junior-2:harlequin:1,Harlequin,2,1,,,,,,,,,,,,,archive_pdf,final_premiership_placings,Archive PDF title: Final Placings,
amnd-winter-2004-junior-2,northeast-zodiac,,archive:amnd-winter-2004:junior-2:northeast-zodiac:none,Northeast Zodiacs,3,1,,,,,,,,,,,,,archive_pdf,final_premiership_placings,Archive PDF title: Final Placings,
amnd-winter-2004-junior-2,woods-panthers,,archive:amnd-winter-2004:junior-2:woods-panthers:none,Woods Panthers,4,1,,,,,,,,,,,,,archive_pdf,final_premiership_placings,Archive PDF title: Final Placings,
amnd-winter-2004-junior-2,harlequin,2,archive:amnd-winter-2004:junior-2:harlequin:2,Harlequin,5,0,,,,,,,,,,,,,archive_pdf,final_premiership_placings,Archive PDF title: Final Placings,
amnd-winter-2004-junior-2,adelaide-cougars,,archive:amnd-winter-2004:junior-2:adelaide-cougars:none,Adelaide Cougars,6,0,,,,,,,,,,,,,archive_pdf,final_premiership_placings,Archive PDF title: Final Placings,
amnd-winter-2004-junior-2,garville,,archive:amnd-winter-2004:junior-2:garville:none,Garville,7,0,,,,,,,,,,,,,archive_pdf,final_premiership_placings,Archive PDF title: Final Placings,
amnd-winter-2004-junior-2,cove-lightning,,archive:amnd-winter-2004:junior-2:cove-lightning:none,Cove Lightning,8,0,,,,,,,,,,,,,archive_pdf,final_premiership_placings,Archive PDF title: Final Placings,
amnd-winter-2004-junior-2,norwood-netball-club,,archive:amnd-winter-2004:junior-2:norwood-netball-club:none,Newton Jaguars,9,0,,,,,,,,,,,,,archive_pdf,final_premiership_placings,Archive PDF title: Final Placings,
amnd-winter-2004-junior-2,tango-netball-club-inc,,archive:amnd-winter-2004:junior-2:tango-netball-club-inc:none,Tango,10,0,,,,,,,,,,,,,archive_pdf,final_premiership_placings,Archive PDF title: Final Placings,
amnd-winter-2004-junior-3,contax,1,archive:amnd-winter-2004:junior-3:contax:1,Contax,1,1,,,,,,,,,,,,,archive_pdf,final_premiership_placings,Archive PDF title: Final Placings,
amnd-winter-2004-junior-3,garville,1,archive:amnd-winter-2004:junior-3:garville:1,Garville,2,1,,,,,,,,,,,,,archive_pdf,final_premiership_placings,Archive PDF title: Final Placings,
amnd-winter-2004-junior-3,harlequin,,archive:amnd-winter-2004:junior-3:harlequin:none,Harlequin,3,1,,,,,,,,,,,,,archive_pdf,final_premiership_placings,Archive PDF title: Final Placings,
amnd-winter-2004-junior-3,contax,2,archive:amnd-winter-2004:junior-3:contax:2,Contax,4,1,,,,,,,,,,,,,archive_pdf,final_premiership_placings,Archive PDF title: Final Placings,
amnd-winter-2004-junior-3,garville,2,archive:amnd-winter-2004:junior-3:garville:2,Garville,5,0,,,,,,,,,,,,,archive_pdf,final_premiership_placings,Archive PDF title: Final Placings,
amnd-winter-2004-junior-3,woods-panthers,,archive:amnd-winter-2004:junior-3:woods-panthers:none,Woods Panthers,6,0,,,,,,,,,,,,,archive_pdf,final_premiership_placings,Archive PDF title: Final Placings,
amnd-winter-2004-junior-3,metro-magic,,archive:amnd-winter-2004:junior-3:metro-magic:none,Metro Magic,7,0,,,,,,,,,,,,,archive_pdf,final_premiership_placings,Archive PDF title: Final Placings,
amnd-winter-2004-junior-3,oakdale-netball-club-sa,,archive:amnd-winter-2004:junior-3:oakdale-netball-club-sa:none,Oakdale,8,0,,,,,,,,,,,,,archive_pdf,final_premiership_placings,Archive PDF title: Final Placings,
amnd-winter-2004-junior-3,tango-netball-club-inc,,archive:amnd-winter-2004:junior-3:tango-netball-club-inc:none,Tango,9,0,,,,,,,,,,,,,archive_pdf,final_premiership_placings,Archive PDF title: Final Placings,
amnd-winter-2004-junior-3,matrics,,archive:amnd-winter-2004:junior-3:matrics:none,Matrics,10,0,,,,,,,,,,,,,archive_pdf,final_premiership_placings,Archive PDF title: Final Placings,
amnd-winter-2004-junior-4,matrics,2,archive:amnd-winter-2004:junior-4:matrics:2,Matrics,1,1,,,,,,,,,,,,,archive_pdf,final_premiership_placings,Archive PDF title: Final Placings,
amnd-winter-2004-junior-4,garville,,archive:amnd-winter-2004:junior-4:garville:none,Garville,2,1,,,,,,,,,,,,,archive_pdf,final_premiership_placings,Archive PDF title: Final Placings,
amnd-winter-2004-junior-4,norwood-netball-club,,archive:amnd-winter-2004:junior-4:norwood-netball-club:none,Newton Jaguars,3,1,,,,,,,,,,,,,archive_pdf,final_premiership_placings,Archive PDF title: Final Placings,
amnd-winter-2004-junior-4,cheerio-netball-club,,archive:amnd-winter-2004:junior-4:cheerio-netball-club:none,Cheerio,4,1,,,,,,,,,,,,,archive_pdf,final_premiership_placings,Archive PDF title: Final Placings,
amnd-winter-2004-junior-4,woods-panthers,,archive:amnd-winter-2004:junior-4:woods-panthers:none,Woods Panthers,5,0,,,,,,,,,,,,,archive_pdf,final_premiership_placings,Archive PDF title: Final Placings,
amnd-winter-2004-junior-4,adelaide-cougars,1,archive:amnd-winter-2004:junior-4:adelaide-cougars:1,Adelaide Cougars,6,0,,,,,,,,,,,,,archive_pdf,final_premiership_placings,Archive PDF title: Final Placings,
amnd-winter-2004-junior-4,michelangelo,,archive:amnd-winter-2004:junior-4:michelangelo:none,Michelangelo,7,0,,,,,,,,,,,,,archive_pdf,final_premiership_placings,Archive PDF title: Final Placings,
amnd-winter-2004-junior-4,matrics,1,archive:amnd-winter-2004:junior-4:matrics:1,Matrics,8,0,,,,,,,,,,,,,archive_pdf,final_premiership_placings,Archive PDF title: Final Placings,
amnd-winter-2004-junior-4,tango-netball-club-inc,,archive:amnd-winter-2004:junior-4:tango-netball-club-inc:none,Tango,9,0,,,,,,,,,,,,,archive_pdf,final_premiership_placings,Archive PDF title: Final Placings,
amnd-winter-2004-junior-4,adelaide-cougars,2,archive:amnd-winter-2004:junior-4:adelaide-cougars:2,Adelaide Cougars,10,0,,,,,,,,,,,,,archive_pdf,final_premiership_placings,Archive PDF title: Final Placings,
amnd-winter-2004-junior-5,contax,,archive:amnd-winter-2004:junior-5:contax:none,Contax,1,1,,,,,,,,,,,,,archive_pdf,final_premiership_placings,Archive PDF title: Final Placings,
amnd-winter-2004-junior-5,northeast-zodiac,,archive:amnd-winter-2004:junior-5:northeast-zodiac:none,Northeast Zodiacs,2,1,,,,,,,,,,,,,archive_pdf,final_premiership_placings,Archive PDF title: Final Placings,
amnd-winter-2004-junior-5,garville,,archive:amnd-winter-2004:junior-5:garville:none,Garville,3,1,,,,,,,,,,,,,archive_pdf,final_premiership_placings,Archive PDF title: Final Placings,
amnd-winter-2004-junior-5,norwood-netball-club,,archive:amnd-winter-2004:junior-5:norwood-netball-club:none,Newton Jaguars,4,1,,,,,,,,,,,,,archive_pdf,final_premiership_placings,Archive PDF title: Final Placings,
amnd-winter-2004-junior-5,glandore,,archive:amnd-winter-2004:junior-5:glandore:none,Glandore,5,0,,,,,,,,,,,,,archive_pdf,final_premiership_placings,Archive PDF title: Final Placings,
amnd-winter-2004-junior-5,woods-panthers,,archive:amnd-winter-2004:junior-5:woods-panthers:none,Woods Panthers,6,0,,,,,,,,,,,,,archive_pdf,final_premiership_placings,Archive PDF title: Final Placings,
amnd-winter-2004-junior-5,tango-netball-club-inc,,archive:amnd-winter-2004:junior-5:tango-netball-club-inc:none,Tango,7,0,,,,,,,,,,,,,archive_pdf,final_premiership_placings,Archive PDF title: Final Placings,
amnd-winter-2004-junior-5,adelaide-cougars,,archive:amnd-winter-2004:junior-5:adelaide-cougars:none,Adelaide Cougars,8,0,,,,,,,,,,,,,archive_pdf,final_premiership_placings,Archive PDF title: Final Placings,
amnd-winter-2004-junior-5,oakdale-netball-club-sa,,archive:amnd-winter-2004:junior-5:oakdale-netball-club-sa:none,Oakdale,9,0,,,,,,,,,,,,,archive_pdf,final_premiership_placings,Archive PDF title: Final Placings,
amnd-winter-2004-junior-5,matrics,,archive:amnd-winter-2004:junior-5:matrics:none,Matrics,10,0,,,,,,,,,,,,,archive_pdf,final_premiership_placings,Archive PDF title: Final Placings,
amnd-winter-2004-junior-6,woods-panthers,,archive:amnd-winter-2004:junior-6:woods-panthers:none,Woods Panthers,1,1,,,,,,,,,,,,,archive_pdf,final_premiership_placings,Archive PDF title: Final Placings,
amnd-winter-2004-junior-6,metro-magic,,archive:amnd-winter-2004:junior-6:metro-magic:none,Metro Magic,2,1,,,,,,,,,,,,,archive_pdf,final_premiership_placings,Archive PDF title: Final Placings,
amnd-winter-2004-junior-6,garville,,archive:amnd-winter-2004:junior-6:garville:none,Garville,3,1,,,,,,,,,,,,,archive_pdf,final_premiership_placings,Archive PDF title: Final Placings,
amnd-winter-2004-junior-6,cheerio-netball-club,,archive:amnd-winter-2004:junior-6:cheerio-netball-club:none,Cheerio,4,1,,,,,,,,,,,,,archive_pdf,final_premiership_placings,Archive PDF title: Final Placings,
amnd-winter-2004-junior-6,glandore,,archive:amnd-winter-2004:junior-6:glandore:none,Glandore,5,0,,,,,,,,,,,,,archive_pdf,final_premiership_placings,Archive PDF title: Final Placings,
amnd-winter-2004-junior-6,contax,,archive:amnd-winter-2004:junior-6:contax:none,Contax,6,0,,,,,,,,,,,,,archive_pdf,final_premiership_placings,Archive PDF title: Final Placings,
amnd-winter-2004-junior-6,norwood-netball-club,,archive:amnd-winter-2004:junior-6:norwood-netball-club:none,Newton Jaguars,7,0,,,,,,,,,,,,,archive_pdf,final_premiership_placings,Archive PDF title: Final Placings,
amnd-winter-2004-primary-1,harlequin,1,archive:amnd-winter-2004:primary-1:harlequin:1,Harlequin,1,1,,,,,,,,,,,,,archive_pdf,final_premiership_placings,Archive PDF title: Final Placings,
amnd-winter-2004-primary-1,michelangelo,,archive:amnd-winter-2004:primary-1:michelangelo:none,Michelangelo,2,1,,,,,,,,,,,,,archive_pdf,final_premiership_placings,Archive PDF title: Final Placings,
amnd-winter-2004-primary-1,tango-netball-club-inc,,archive:amnd-winter-2004:primary-1:tango-netball-club-inc:none,Tango,3,1,,,,,,,,,,,,,archive_pdf,final_premiership_placings,Archive PDF title: Final Placings,
amnd-winter-2004-primary-1,contax,,archive:amnd-winter-2004:primary-1:contax:none,Contax,4,1,,,,,,,,,,,,,archive_pdf,final_premiership_placings,Archive PDF title: Final Placings,
amnd-winter-2004-primary-1,harlequin,2,archive:amnd-winter-2004:primary-1:harlequin:2,Harlequin,5,0,,,,,,,,,,,,,archive_pdf,final_premiership_placings,Archive PDF title: Final Placings,
amnd-winter-2004-primary-1,woods-panthers,,archive:amnd-winter-2004:primary-1:woods-panthers:none,Woods Panthers,6,0,,,,,,,,,,,,,archive_pdf,final_premiership_placings,Archive PDF title: Final Placings,
amnd-winter-2004-primary-2,garville,,archive:amnd-winter-2004:primary-2:garville:none,Garville,1,1,,,,,,,,,,,,,archive_pdf,final_premiership_placings,Archive PDF title: Final Placings,
amnd-winter-2004-primary-2,tango-netball-club-inc,,archive:amnd-winter-2004:primary-2:tango-netball-club-inc:none,Tango,2,1,,,,,,,,,,,,,archive_pdf,final_premiership_placings,Archive PDF title: Final Placings,
amnd-winter-2004-primary-2,matrics,,archive:amnd-winter-2004:primary-2:matrics:none,Matrics,3,1,,,,,,,,,,,,,archive_pdf,final_premiership_placings,Archive PDF title: Final Placings,
amnd-winter-2004-primary-2,adelaide-cougars,,archive:amnd-winter-2004:primary-2:adelaide-cougars:none,Adelaide Cougars,4,1,,,,,,,,,,,,,archive_pdf,final_premiership_placings,Archive PDF title: Final Placings,
amnd-winter-2004-primary-2,oakdale-netball-club-sa,,archive:amnd-winter-2004:primary-2:oakdale-netball-club-sa:none,Oakdale,5,0,,,,,,,,,,,,,archive_pdf,final_premiership_placings,Archive PDF title: Final Placings,
amnd-winter-2004-primary-2,contax,,archive:amnd-winter-2004:primary-2:contax:none,Contax,6,0,,,,,,,,,,,,,archive_pdf,final_premiership_placings,Archive PDF title: Final Placings,
amnd-winter-2004-primary-3,woods-panthers,,archive:amnd-winter-2004:primary-3:woods-panthers:none,Woods Panthers,1,1,,,,,,,,,,,,,archive_pdf,final_premiership_placings,Archive PDF title: Final Placings,
amnd-winter-2004-primary-3,harlequin,,archive:amnd-winter-2004:primary-3:harlequin:none,Harlequin,2,1,,,,,,,,,,,,,archive_pdf,final_premiership_placings,Archive PDF title: Final Placings,
amnd-winter-2004-primary-3,norwood-netball-club,,archive:amnd-winter-2004:primary-3:norwood-netball-club:none,Newton Jaguars,3,1,,,,,,,,,,,,,archive_pdf,final_premiership_placings,Archive PDF title: Final Placings,
amnd-winter-2004-primary-3,cheerio-netball-club,,archive:amnd-winter-2004:primary-3:cheerio-netball-club:none,Cheerio,4,1,,,,,,,,,,,,,archive_pdf,final_premiership_placings,Archive PDF title: Final Placings,
amnd-winter-2004-primary-3,garville,,archive:amnd-winter-2004:primary-3:garville:none,Garville,5,0,,,,,,,,,,,,,archive_pdf,final_premiership_placings,Archive PDF title: Final Placings,
amnd-winter-2004-primary-3,metro-magic,,archive:amnd-winter-2004:primary-3:metro-magic:none,Metro Magic,6,0,,,,,,,,,,,,,archive_pdf,final_premiership_placings,Archive PDF title: Final Placings,
amnd-winter-2004-primary-4,adelaide-cougars,,archive:amnd-winter-2004:primary-4:adelaide-cougars:none,Adelaide Cougars,1,1,,,,,,,,,,,,,archive_pdf,final_premiership_placings,Archive PDF title: Final Placings,
amnd-winter-2004-primary-4,garville,2,archive:amnd-winter-2004:primary-4:garville:2,Garville,2,1,,,,,,,,,,,,,archive_pdf,final_premiership_placings,Archive PDF title: Final Placings,
amnd-winter-2004-primary-4,matrics,,archive:amnd-winter-2004:primary-4:matrics:none,Matrics,3,1,,,,,,,,,,,,,archive_pdf,final_premiership_placings,Archive PDF title: Final Placings,
amnd-winter-2004-primary-4,woods-panthers,,archive:amnd-winter-2004:primary-4:woods-panthers:none,Woods Panthers,4,1,,,,,,,,,,,,,archive_pdf,final_premiership_placings,Archive PDF title: Final Placings,
amnd-winter-2004-primary-4,garville,1,archive:amnd-winter-2004:primary-4:garville:1,Garville,5,0,,,,,,,,,,,,,archive_pdf,final_premiership_placings,Archive PDF title: Final Placings,
amnd-winter-2004-primary-4,michelangelo,,archive:amnd-winter-2004:primary-4:michelangelo:none,Michelangelo,6,0,,,,,,,,,,,,,archive_pdf,final_premiership_placings,Archive PDF title: Final Placings,
amnd-winter-2004-primary-5,tango-netball-club-inc,,archive:amnd-winter-2004:primary-5:tango-netball-club-inc:none,Tango,1,1,,,,,,,,,,,,,archive_pdf,final_premiership_placings,Archive PDF title: Final Placings,
amnd-winter-2004-primary-5,oakdale-netball-club-sa,,archive:amnd-winter-2004:primary-5:oakdale-netball-club-sa:none,Oakdale,2,1,,,,,,,,,,,,,archive_pdf,final_premiership_placings,Archive PDF title: Final Placings,
amnd-winter-2004-primary-5,garville,,archive:amnd-winter-2004:primary-5:garville:none,Garville,3,1,,,,,,,,,,,,,archive_pdf,final_premiership_placings,Archive PDF title: Final Placings,
amnd-winter-2004-primary-5,adelaide-cougars,,archive:amnd-winter-2004:primary-5:adelaide-cougars:none,Adelaide Cougars,4,1,,,,,,,,,,,,,archive_pdf,final_premiership_placings,Archive PDF title: Final Placings,
amnd-winter-2004-primary-5,michelangelo,,archive:amnd-winter-2004:primary-5:michelangelo:none,Michelangelo,5,0,,,,,,,,,,,,,archive_pdf,final_premiership_placings,Archive PDF title: Final Placings,
amnd-winter-2004-primary-5,contax,,archive:amnd-winter-2004:primary-5:contax:none,Contax,6,0,,,,,,,,,,,,,archive_pdf,final_premiership_placings,Archive PDF title: Final Placings,
amnd-winter-2004-primary-6,garville,,archive:amnd-winter-2004:primary-6:garville:none,Garville,1,1,,,,,,,,,,,,,archive_pdf,final_premiership_placings,Archive PDF title: Final Placings,
amnd-winter-2004-primary-6,semaphore,,archive:amnd-winter-2004:primary-6:semaphore:none,Semaphore,2,1,,,,,,,,,,,,,archive_pdf,final_premiership_placings,Archive PDF title: Final Placings,
amnd-winter-2004-primary-6,woods-panthers,1,archive:amnd-winter-2004:primary-6:woods-panthers:1,Woods Panthers,3,1,,,,,,,,,,,,,archive_pdf,final_premiership_placings,Archive PDF title: Final Placings,
amnd-winter-2004-primary-6,tango-netball-club-inc,,archive:amnd-winter-2004:primary-6:tango-netball-club-inc:none,Tango,4,1,,,,,,,,,,,,,archive_pdf,final_premiership_placings,Archive PDF title: Final Placings,
amnd-winter-2004-primary-6,woods-panthers,2,archive:amnd-winter-2004:primary-6:woods-panthers:2,Woods Panthers,5,0,,,,,,,,,,,,,archive_pdf,final_premiership_placings,Archive PDF title: Final Placings,
amnd-winter-2004-primary-6,norwood-netball-club,,archive:amnd-winter-2004:primary-6:norwood-netball-club:none,Newton Jaguars,6,0,,,,,,,,,,,,,archive_pdf,final_premiership_placings,Archive PDF title: Final Placings,
amnd-winter-2004-primary-7,contax,,archive:amnd-winter-2004:primary-7:contax:none,Contax,1,1,,,,,,,,,,,,,archive_pdf,final_premiership_placings,Archive PDF title: Final Placings,
amnd-winter-2004-primary-7,michelangelo,,archive:amnd-winter-2004:primary-7:michelangelo:none,Michelangelo,2,1,,,,,,,,,,,,,archive_pdf,final_premiership_placings,Archive PDF title: Final Placings,
amnd-winter-2004-primary-7,oakdale-netball-club-sa,,archive:amnd-winter-2004:primary-7:oakdale-netball-club-sa:none,Oakdale,3,1,,,,,,,,,,,,,archive_pdf,final_premiership_placings,Archive PDF title: Final Placings,
amnd-winter-2004-primary-7,matrics,,archive:amnd-winter-2004:primary-7:matrics:none,Matrics,4,1,,,,,,,,,,,,,archive_pdf,final_premiership_placings,Archive PDF title: Final Placings,
amnd-winter-2004-primary-7,cheerio-netball-club,,archive:amnd-winter-2004:primary-7:cheerio-netball-club:none,Cheerio,5,0,,,,,,,,,,,,,archive_pdf,final_premiership_placings,Archive PDF title: Final Placings,
amnd-winter-2004-primary-7,garville,,archive:amnd-winter-2004:primary-7:garville:none,Garville,6,0,,,,,,,,,,,,,archive_pdf,final_premiership_placings,Archive PDF title: Final Placings,
amnd-winter-2004-sub-junior-1,harlequin,,archive:amnd-winter-2004:sub-junior-1:harlequin:none,Harlequin,1,1,,,,,,,,,,,,,archive_pdf,final_premiership_placings,Archive PDF title: Final Placings,
amnd-winter-2004-sub-junior-1,contax,,archive:amnd-winter-2004:sub-junior-1:contax:none,Contax,2,1,,,,,,,,,,,,,archive_pdf,final_premiership_placings,Archive PDF title: Final Placings,
amnd-winter-2004-sub-junior-1,woods-panthers,,archive:amnd-winter-2004:sub-junior-1:woods-panthers:none,Woods Panthers,3,1,,,,,,,,,,,,,archive_pdf,final_premiership_placings,Archive PDF title: Final Placings,
amnd-winter-2004-sub-junior-1,norwood-netball-club,,archive:amnd-winter-2004:sub-junior-1:norwood-netball-club:none,Newton Jaguars,4,1,,,,,,,,,,,,,archive_pdf,final_premiership_placings,Archive PDF title: Final Placings,
amnd-winter-2004-sub-junior-1,matrics,,archive:amnd-winter-2004:sub-junior-1:matrics:none,Matrics,5,0,,,,,,,,,,,,,archive_pdf,final_premiership_placings,Archive PDF title: Final Placings,
amnd-winter-2004-sub-junior-1,tango-netball-club-inc,,archive:amnd-winter-2004:sub-junior-1:tango-netball-club-inc:none,Tango,6,0,,,,,,,,,,,,,archive_pdf,final_premiership_placings,Archive PDF title: Final Placings,
amnd-winter-2004-sub-junior-1,garville,,archive:amnd-winter-2004:sub-junior-1:garville:none,Garville,7,0,,,,,,,,,,,,,archive_pdf,final_premiership_placings,Archive PDF title: Final Placings,
amnd-winter-2004-sub-junior-1,oakdale-netball-club-sa,,archive:amnd-winter-2004:sub-junior-1:oakdale-netball-club-sa:none,Oakdale,8,0,,,,,,,,,,,,,archive_pdf,final_premiership_placings,Archive PDF title: Final Placings,
amnd-winter-2004-sub-junior-2,adelaide-cougars,,archive:amnd-winter-2004:sub-junior-2:adelaide-cougars:none,Adelaide Cougars,1,1,,,,,,,,,,,,,archive_pdf,final_premiership_placings,Archive PDF title: Final Placings,
amnd-winter-2004-sub-junior-2,contax,,archive:amnd-winter-2004:sub-junior-2:contax:none,Contax,2,1,,,,,,,,,,,,,archive_pdf,final_premiership_placings,Archive PDF title: Final Placings,
amnd-winter-2004-sub-junior-2,woods-panthers,,archive:amnd-winter-2004:sub-junior-2:woods-panthers:none,Woods Panthers,3,1,,,,,,,,,,,,,archive_pdf,final_premiership_placings,Archive PDF title: Final Placings,
amnd-winter-2004-sub-junior-2,harlequin,1,archive:amnd-winter-2004:sub-junior-2:harlequin:1,Harlequin,4,1,,,,,,,,,,,,,archive_pdf,final_premiership_placings,Archive PDF title: Final Placings,
amnd-winter-2004-sub-junior-2,harlequin,2,archive:amnd-winter-2004:sub-junior-2:harlequin:2,Harlequin,5,0,,,,,,,,,,,,,archive_pdf,final_premiership_placings,Archive PDF title: Final Placings,
amnd-winter-2004-sub-junior-2,garville,,archive:amnd-winter-2004:sub-junior-2:garville:none,Garville,6,0,,,,,,,,,,,,,archive_pdf,final_premiership_placings,Archive PDF title: Final Placings,
amnd-winter-2004-sub-junior-2,norwood-netball-club,,archive:amnd-winter-2004:sub-junior-2:norwood-netball-club:none,Newton Jaguars,7,0,,,,,,,,,,,,,archive_pdf,final_premiership_placings,Archive PDF title: Final Placings,
amnd-winter-2004-sub-junior-3,contax,,archive:amnd-winter-2004:sub-junior-3:contax:none,Contax,1,1,,,,,,,,,,,,,archive_pdf,final_premiership_placings,Archive PDF title: Final Placings,
amnd-winter-2004-sub-junior-3,northeast-zodiac,,archive:amnd-winter-2004:sub-junior-3:northeast-zodiac:none,Northeast Zodiacs,2,1,,,,,,,,,,,,,archive_pdf,final_premiership_placings,Archive PDF title: Final Placings,
amnd-winter-2004-sub-junior-3,tango-netball-club-inc,,archive:amnd-winter-2004:sub-junior-3:tango-netball-club-inc:none,Tango,3,1,,,,,,,,,,,,,archive_pdf,final_premiership_placings,Archive PDF title: Final Placings,
amnd-winter-2004-sub-junior-3,adelaide-cougars,,archive:amnd-winter-2004:sub-junior-3:adelaide-cougars:none,Adelaide Cougars,4,1,,,,,,,,,,,,,archive_pdf,final_premiership_placings,Archive PDF title: Final Placings,
amnd-winter-2004-sub-junior-3,woods-panthers,,archive:amnd-winter-2004:sub-junior-3:woods-panthers:none,Woods Panthers,5,0,,,,,,,,,,,,,archive_pdf,final_premiership_placings,Archive PDF title: Final Placings,
amnd-winter-2004-sub-junior-3,harlequin,,archive:amnd-winter-2004:sub-junior-3:harlequin:none,Harlequin,6,0,,,,,,,,,,,,,archive_pdf,final_premiership_placings,Archive PDF title: Final Placings,
amnd-winter-2004-sub-junior-3,cove-lightning,,archive:amnd-winter-2004:sub-junior-3:cove-lightning:none,Cove Lightning,7,0,,,,,,,,,,,,,archive_pdf,final_premiership_placings,Archive PDF title: Final Placings,
amnd-winter-2004-sub-junior-3,matrics,,archive:amnd-winter-2004:sub-junior-3:matrics:none,Matrics,8,0,,,,,,,,,,,,,archive_pdf,final_premiership_placings,Archive PDF title: Final Placings,
amnd-winter-2004-sub-junior-4,michelangelo,,archive:amnd-winter-2004:sub-junior-4:michelangelo:none,Michelangelo,1,1,,,,,,,,,,,,,archive_pdf,final_premiership_placings,Archive PDF title: Final Placings,
amnd-winter-2004-sub-junior-4,contax,,archive:amnd-winter-2004:sub-junior-4:contax:none,Contax,2,1,,,,,,,,,,,,,archive_pdf,final_premiership_placings,Archive PDF title: Final Placings,
amnd-winter-2004-sub-junior-4,adelaide-cougars,,archive:amnd-winter-2004:sub-junior-4:adelaide-cougars:none,Adelaide Cougars,3,1,,,,,,,,,,,,,archive_pdf,final_premiership_placings,Archive PDF title: Final Placings,
amnd-winter-2004-sub-junior-4,oakdale-netball-club-sa,,archive:amnd-winter-2004:sub-junior-4:oakdale-netball-club-sa:none,Oakdale,4,1,,,,,,,,,,,,,archive_pdf,final_premiership_placings,Archive PDF title: Final Placings,
amnd-winter-2004-sub-junior-4,garville,,archive:amnd-winter-2004:sub-junior-4:garville:none,Garville,5,0,,,,,,,,,,,,,archive_pdf,final_premiership_placings,Archive PDF title: Final Placings,
amnd-winter-2004-sub-junior-4,cheerio-netball-club,,archive:amnd-winter-2004:sub-junior-4:cheerio-netball-club:none,Cheerio,6,0,,,,,,,,,,,,,archive_pdf,final_premiership_placings,Archive PDF title: Final Placings,
amnd-winter-2004-sub-junior-4,tango-netball-club-inc,,archive:amnd-winter-2004:sub-junior-4:tango-netball-club-inc:none,Tango,7,0,,,,,,,,,,,,,archive_pdf,final_premiership_placings,Archive PDF title: Final Placings,
amnd-winter-2004-sub-junior-4,woods-panthers,,archive:amnd-winter-2004:sub-junior-4:woods-panthers:none,Woods Panthers,8,0,,,,,,,,,,,,,archive_pdf,final_premiership_placings,Archive PDF title: Final Placings,
amnd-winter-2004-sub-junior-5,norwood-netball-club,,archive:amnd-winter-2004:sub-junior-5:norwood-netball-club:none,Newton Jaguars,1,1,,,,,,,,,,,,,archive_pdf,final_premiership_placings,Archive PDF title: Final Placings,
amnd-winter-2004-sub-junior-5,michelangelo,,archive:amnd-winter-2004:sub-junior-5:michelangelo:none,Michelangelo,2,1,,,,,,,,,,,,,archive_pdf,final_premiership_placings,Archive PDF title: Final Placings,
amnd-winter-2004-sub-junior-5,woods-panthers,,archive:amnd-winter-2004:sub-junior-5:woods-panthers:none,Woods Panthers,3,1,,,,,,,,,,,,,archive_pdf,final_premiership_placings,Archive PDF title: Final Placings,
amnd-winter-2004-sub-junior-5,garville,2,archive:amnd-winter-2004:sub-junior-5:garville:2,Garville,4,1,,,,,,,,,,,,,archive_pdf,final_premiership_placings,Archive PDF title: Final Placings,
amnd-winter-2004-sub-junior-5,garville,1,archive:amnd-winter-2004:sub-junior-5:garville:1,Garville,5,0,,,,,,,,,,,,,archive_pdf,final_premiership_placings,Archive PDF title: Final Placings,
amnd-winter-2004-sub-junior-5,matrics,,archive:amnd-winter-2004:sub-junior-5:matrics:none,Matrics,6,0,,,,,,,,,,,,,archive_pdf,final_premiership_placings,Archive PDF title: Final Placings,
amnd-winter-2004-sub-junior-5,contax,,archive:amnd-winter-2004:sub-junior-5:contax:none,Contax,7,0,,,,,,,,,,,,,archive_pdf,final_premiership_placings,Archive PDF title: Final Placings,
amnd-winter-2004-sub-junior-5,metro-magic,,archive:amnd-winter-2004:sub-junior-5:metro-magic:none,Metro Magic,8,0,,,,,,,,,,,,,archive_pdf,final_premiership_placings,Archive PDF title: Final Placings,
amnd-winter-2004-sub-junior-6,tango-netball-club-inc,,archive:amnd-winter-2004:sub-junior-6:tango-netball-club-inc:none,Tango,1,1,,,,,,,,,,,,,archive_pdf,final_premiership_placings,Archive PDF title: Final Placings,
amnd-winter-2004-sub-junior-6,norwood-netball-club,,archive:amnd-winter-2004:sub-junior-6:norwood-netball-club:none,Newton Jaguars,2,1,,,,,,,,,,,,,archive_pdf,final_premiership_placings,Archive PDF title: Final Placings,
amnd-winter-2004-sub-junior-6,cheerio-netball-club,1,archive:amnd-winter-2004:sub-junior-6:cheerio-netball-club:1,Cheerio,3,1,,,,,,,,,,,,,archive_pdf,final_premiership_placings,Archive PDF title: Final Placings,
amnd-winter-2004-sub-junior-6,woods-panthers,,archive:amnd-winter-2004:sub-junior-6:woods-panthers:none,Woods Panthers,4,1,,,,,,,,,,,,,archive_pdf,final_premiership_placings,Archive PDF title: Final Placings,
amnd-winter-2004-sub-junior-6,adelaide-cougars,,archive:amnd-winter-2004:sub-junior-6:adelaide-cougars:none,Adelaide Cougars,5,0,,,,,,,,,,,,,archive_pdf,final_premiership_placings,Archive PDF title: Final Placings,
amnd-winter-2004-sub-junior-6,glandore,,archive:amnd-winter-2004:sub-junior-6:glandore:none,Glandore,6,0,,,,,,,,,,,,,archive_pdf,final_premiership_placings,Archive PDF title: Final Placings,
amnd-winter-2004-sub-junior-6,cheerio-netball-club,2,archive:amnd-winter-2004:sub-junior-6:cheerio-netball-club:2,Cheerio,7,0,,,,,,,,,,,,,archive_pdf,final_premiership_placings,Archive PDF title: Final Placings,
amnd-winter-2004-sub-junior-6,garville,,archive:amnd-winter-2004:sub-junior-6:garville:none,Garville,8,0,,,,,,,,,,,,,archive_pdf,final_premiership_placings,Archive PDF title: Final Placings,
amnd-winter-2004-sub-junior-7,semaphore,,archive:amnd-winter-2004:sub-junior-7:semaphore:none,Semaphore,1,1,,,,,,,,,,,,,archive_pdf,final_premiership_placings,Archive PDF title: Final Placings,
amnd-winter-2004-sub-junior-7,matrics,,archive:amnd-winter-2004:sub-junior-7:matrics:none,Matrics,2,1,,,,,,,,,,,,,archive_pdf,final_premiership_placings,Archive PDF title: Final Placings,
amnd-winter-2004-sub-junior-7,michelangelo,,archive:amnd-winter-2004:sub-junior-7:michelangelo:none,Michelangelo,3,1,,,,,,,,,,,,,archive_pdf,final_premiership_placings,Archive PDF title: Final Placings,
amnd-winter-2004-sub-junior-7,adelaide-cougars,,archive:amnd-winter-2004:sub-junior-7:adelaide-cougars:none,Adelaide Cougars,4,1,,,,,,,,,,,,,archive_pdf,final_premiership_placings,Archive PDF title: Final Placings,
amnd-winter-2004-sub-junior-7,oakdale-netball-club-sa,,archive:amnd-winter-2004:sub-junior-7:oakdale-netball-club-sa:none,Oakdale,5,0,,,,,,,,,,,,,archive_pdf,final_premiership_placings,Archive PDF title: Final Placings,
amnd-winter-2004-sub-junior-7,garville,,archive:amnd-winter-2004:sub-junior-7:garville:none,Garville,6,0,,,,,,,,,,,,,archive_pdf,final_premiership_placings,Archive PDF title: Final Placings,
amnd-winter-2004-sub-junior-7,metro-magic,,archive:amnd-winter-2004:sub-junior-7:metro-magic:none,Metro Magic,7,0,,,,,,,,,,,,,archive_pdf,final_premiership_placings,Archive PDF title: Final Placings,
amnd-winter-2005-amnd-league,adelaide-cougars,,archive:amnd-winter-2005:amnd-league:adelaide-cougars:none,Adelaide Cougars,1,1,,,,,,,,,,,,,archive_pdf,final_premiership_placings,Archive PDF title: Final Placings,
amnd-winter-2005-amnd-league,norwood-netball-club,,archive:amnd-winter-2005:amnd-league:norwood-netball-club:none,Newton Jaguars,2,1,,,,,,,,,,,,,archive_pdf,final_premiership_placings,Archive PDF title: Final Placings,
amnd-winter-2005-amnd-league,contax,,archive:amnd-winter-2005:amnd-league:contax:none,Contax,3,1,,,,,,,,,,,,,archive_pdf,final_premiership_placings,Archive PDF title: Final Placings,
amnd-winter-2005-amnd-league,cheerio-netball-club,,archive:amnd-winter-2005:amnd-league:cheerio-netball-club:none,Cheerio,4,1,,,,,,,,,,,,,archive_pdf,final_premiership_placings,Archive PDF title: Final Placings,
amnd-winter-2005-amnd-league,woods-panthers,,archive:amnd-winter-2005:amnd-league:woods-panthers:none,Woods Panthers,5,0,,,,,,,,,,,,,archive_pdf,final_premiership_placings,Archive PDF title: Final Placings,
amnd-winter-2005-amnd-league,oakdale-netball-club-sa,,archive:amnd-winter-2005:amnd-league:oakdale-netball-club-sa:none,Oakdale,6,0,,,,,,,,,,,,,archive_pdf,final_premiership_placings,Archive PDF title: Final Placings,
amnd-winter-2005-amnd-league,garville,,archive:amnd-winter-2005:amnd-league:garville:none,Garville,7,0,,,,,,,,,,,,,archive_pdf,final_premiership_placings,Archive PDF title: Final Placings,
amnd-winter-2005-amnd-league,harlequin,,archive:amnd-winter-2005:amnd-league:harlequin:none,Harlequin,8,0,,,,,,,,,,,,,archive_pdf,final_premiership_placings,Archive PDF title: Final Placings,
amnd-winter-2005-amnd-league,matrics,,archive:amnd-winter-2005:amnd-league:matrics:none,Matrics,9,0,,,,,,,,,,,,,archive_pdf,final_premiership_placings,Archive PDF title: Final Placings,
amnd-winter-2005-amnd-league,glandore,,archive:amnd-winter-2005:amnd-league:glandore:none,Glandore,10,0,,,,,,,,,,,,,archive_pdf,final_premiership_placings,Archive PDF title: Final Placings,
amnd-winter-2005-a-grade,fielders-flames,,archive:amnd-winter-2005:a-grade:fielders-flames:none,Flames,1,1,,,,,,,,,,,,,archive_pdf,final_premiership_placings,Archive PDF title: Final Placings,
amnd-winter-2005-a-grade,matrics,,archive:amnd-winter-2005:a-grade:matrics:none,Matrics,2,1,,,,,,,,,,,,,archive_pdf,final_premiership_placings,Archive PDF title: Final Placings,
amnd-winter-2005-a-grade,contax,,archive:amnd-winter-2005:a-grade:contax:none,Contax,3,1,,,,,,,,,,,,,archive_pdf,final_premiership_placings,Archive PDF title: Final Placings,
amnd-winter-2005-a-grade,cheerio-netball-club,,archive:amnd-winter-2005:a-grade:cheerio-netball-club:none,Cheerio,4,1,,,,,,,,,,,,,archive_pdf,final_premiership_placings,Archive PDF title: Final Placings,
amnd-winter-2005-a-grade,adelaide-cougars,,archive:amnd-winter-2005:a-grade:adelaide-cougars:none,Adelaide Cougars,5,0,,,,,,,,,,,,,archive_pdf,final_premiership_placings,Archive PDF title: Final Placings,
amnd-winter-2005-a-grade,garville,,archive:amnd-winter-2005:a-grade:garville:none,Garville,6,0,,,,,,,,,,,,,archive_pdf,final_premiership_placings,Archive PDF title: Final Placings,
amnd-winter-2005-a-grade,sacred-heart-o-c,,archive:amnd-winter-2005:a-grade:sacred-heart-o-c:none,Sacred Heart O.C.,7,0,,,,,,,,,,,,,archive_pdf,final_premiership_placings,Archive PDF title: Final Placings,
amnd-winter-2005-a-grade,woods-panthers,,archive:amnd-winter-2005:a-grade:woods-panthers:none,Woods Panthers,8,0,,,,,,,,,,,,,archive_pdf,final_premiership_placings,Archive PDF title: Final Placings,
amnd-winter-2005-a-grade,tango-netball-club-inc,,archive:amnd-winter-2005:a-grade:tango-netball-club-inc:none,Tango,9,0,,,,,,,,,,,,,archive_pdf,final_premiership_placings,Archive PDF title: Final Placings,
amnd-winter-2005-a-grade,metro-magic,,archive:amnd-winter-2005:a-grade:metro-magic:none,Metro Magic,10,0,,,,,,,,,,,,,archive_pdf,final_premiership_placings,Archive PDF title: Final Placings,
amnd-winter-2005-b-1,norwood-netball-club,,archive:amnd-winter-2005:b-1:norwood-netball-club:none,Newton Jaguars,1,1,,,,,,,,,,,,,archive_pdf,final_premiership_placings,Archive PDF title: Final Placings,
amnd-winter-2005-b-1,clovelly-park,,archive:amnd-winter-2005:b-1:clovelly-park:none,Clovelly Park,2,1,,,,,,,,,,,,,archive_pdf,final_premiership_placings,Archive PDF title: Final Placings,
amnd-winter-2005-b-1,contax,,archive:amnd-winter-2005:b-1:contax:none,Contax,3,1,,,,,,,,,,,,,archive_pdf,final_premiership_placings,Archive PDF title: Final Placings,
amnd-winter-2005-b-1,pembroke-o-s,,archive:amnd-winter-2005:b-1:pembroke-o-s:none,Pembroke O.S.,4,1,,,,,,,,,,,,,archive_pdf,final_premiership_placings,Archive PDF title: Final Placings,
amnd-winter-2005-b-1,oakdale-netball-club-sa,,archive:amnd-winter-2005:b-1:oakdale-netball-club-sa:none,Oakdale,5,0,,,,,,,,,,,,,archive_pdf,final_premiership_placings,Archive PDF title: Final Placings,
amnd-winter-2005-b-1,adelaide-university,,archive:amnd-winter-2005:b-1:adelaide-university:none,Adelaide University,6,0,,,,,,,,,,,,,archive_pdf,final_premiership_placings,Archive PDF title: Final Placings,
amnd-winter-2005-b-1,city-coasters,,archive:amnd-winter-2005:b-1:city-coasters:none,City Coasters,7,0,,,,,,,,,,,,,archive_pdf,final_premiership_placings,Archive PDF title: Final Placings,
amnd-winter-2005-b-1,garville,,archive:amnd-winter-2005:b-1:garville:none,Garville,8,0,,,,,,,,,,,,,archive_pdf,final_premiership_placings,Archive PDF title: Final Placings,
amnd-winter-2005-b-1,glandore,,archive:amnd-winter-2005:b-1:glandore:none,Glandore,9,0,,,,,,,,,,,,,archive_pdf,final_premiership_placings,Archive PDF title: Final Placings,
amnd-winter-2005-b-1,harlequin,,archive:amnd-winter-2005:b-1:harlequin:none,Harlequin,10,0,,,,,,,,,,,,,archive_pdf,final_premiership_placings,Archive PDF title: Final Placings,
amnd-winter-2005-b-2,metro-jets,,archive:amnd-winter-2005:b-2:metro-jets:none,Western Jets,1,1,,,,,,,,,,,,,archive_pdf,final_premiership_placings,Archive PDF title: Final Placings,
amnd-winter-2005-b-2,adelaide-cougars,,archive:amnd-winter-2005:b-2:adelaide-cougars:none,Adelaide Cougars,2,1,,,,,,,,,,,,,archive_pdf,final_premiership_placings,Archive PDF title: Final Placings,
amnd-winter-2005-b-2,flinders-university,,archive:amnd-winter-2005:b-2:flinders-university:none,Flinders University,3,1,,,,,,,,,,,,,archive_pdf,final_premiership_placings,Archive PDF title: Final Placings,
amnd-winter-2005-b-2,contax,,archive:amnd-winter-2005:b-2:contax:none,Contax,4,1,,,,,,,,,,,,,archive_pdf,final_premiership_placings,Archive PDF title: Final Placings,
amnd-winter-2005-b-2,oakdale-netball-club-sa,,archive:amnd-winter-2005:b-2:oakdale-netball-club-sa:none,Oakdale,5,0,,,,,,,,,,,,,archive_pdf,final_premiership_placings,Archive PDF title: Final Placings,
amnd-winter-2005-b-2,harlequin,,archive:amnd-winter-2005:b-2:harlequin:none,Harlequin,6,0,,,,,,,,,,,,,archive_pdf,final_premiership_placings,Archive PDF title: Final Placings,
amnd-winter-2005-b-2,adelaide-university,,archive:amnd-winter-2005:b-2:adelaide-university:none,Adelaide University,7,0,,,,,,,,,,,,,archive_pdf,final_premiership_placings,Archive PDF title: Final Placings,
amnd-winter-2005-b-2,matrics,,archive:amnd-winter-2005:b-2:matrics:none,Matrics,8,0,,,,,,,,,,,,,archive_pdf,final_premiership_placings,Archive PDF title: Final Placings,
amnd-winter-2005-b-2,woods-panthers,,archive:amnd-winter-2005:b-2:woods-panthers:none,Woods Panthers,9,0,,,,,,,,,,,,,archive_pdf,final_premiership_placings,Archive PDF title: Final Placings,
amnd-winter-2005-b-2,metro-magic,,archive:amnd-winter-2005:b-2:metro-magic:none,Metro Magic,10,0,,,,,,,,,,,,,archive_pdf,final_premiership_placings,Archive PDF title: Final Placings,
amnd-winter-2005-b-3,westminster-o-s,,archive:amnd-winter-2005:b-3:westminster-o-s:none,Westminster O.S.,1,1,,,,,,,,,,,,,archive_pdf,final_premiership_placings,Archive PDF title: Final Placings,
amnd-winter-2005-b-3,contax,,archive:amnd-winter-2005:b-3:contax:none,Contax,2,1,,,,,,,,,,,,,archive_pdf,final_premiership_placings,Archive PDF title: Final Placings,
amnd-winter-2005-b-3,cheerio-netball-club,,archive:amnd-winter-2005:b-3:cheerio-netball-club:none,Cheerio,3,1,,,,,,,,,,,,,archive_pdf,final_premiership_placings,Archive PDF title: Final Placings,
amnd-winter-2005-b-3,adelaide-cougars,,archive:amnd-winter-2005:b-3:adelaide-cougars:none,Adelaide Cougars,4,1,,,,,,,,,,,,,archive_pdf,final_premiership_placings,Archive PDF title: Final Placings,
amnd-winter-2005-b-3,norwood-netball-club,,archive:amnd-winter-2005:b-3:norwood-netball-club:none,Newton Jaguars,5,0,,,,,,,,,,,,,archive_pdf,final_premiership_placings,Archive PDF title: Final Placings,
amnd-winter-2005-b-3,tango-netball-club-inc,,archive:amnd-winter-2005:b-3:tango-netball-club-inc:none,Tango,6,0,,,,,,,,,,,,,archive_pdf,final_premiership_placings,Archive PDF title: Final Placings,
amnd-winter-2005-b-3,city-coasters,,archive:amnd-winter-2005:b-3:city-coasters:none,City Coasters,7,0,,,,,,,,,,,,,archive_pdf,final_premiership_placings,Archive PDF title: Final Placings,
amnd-winter-2005-b-3,woods-panthers,,archive:amnd-winter-2005:b-3:woods-panthers:none,Woods Panthers,8,0,,,,,,,,,,,,,archive_pdf,final_premiership_placings,Archive PDF title: Final Placings,
amnd-winter-2005-b-3,pembroke-o-s,,archive:amnd-winter-2005:b-3:pembroke-o-s:none,Pembroke O.S.,9,0,,,,,,,,,,,,,archive_pdf,final_premiership_placings,Archive PDF title: Final Placings,
amnd-winter-2005-b-3,glandore,,archive:amnd-winter-2005:b-3:glandore:none,Glandore,10,0,,,,,,,,,,,,,archive_pdf,final_premiership_placings,Archive PDF title: Final Placings,
amnd-winter-2005-b-4,adelaide-university,,archive:amnd-winter-2005:b-4:adelaide-university:none,Adelaide University,1,1,,,,,,,,,,,,,archive_pdf,final_premiership_placings,Archive PDF title: Final Placings,
amnd-winter-2005-b-4,semaphore,,archive:amnd-winter-2005:b-4:semaphore:none,Semaphore,2,1,,,,,,,,,,,,,archive_pdf,final_premiership_placings,Archive PDF title: Final Placings,
amnd-winter-2005-b-4,cheerio-netball-club,,archive:amnd-winter-2005:b-4:cheerio-netball-club:none,Cheerio,3,1,,,,,,,,,,,,,archive_pdf,final_premiership_placings,Archive PDF title: Final Placings,
amnd-winter-2005-b-4,contax,,archive:amnd-winter-2005:b-4:contax:none,Contax,4,1,,,,,,,,,,,,,archive_pdf,final_premiership_placings,Archive PDF title: Final Placings,
amnd-winter-2005-b-4,metro-jets,,archive:amnd-winter-2005:b-4:metro-jets:none,Western Jets,5,0,,,,,,,,,,,,,archive_pdf,final_premiership_placings,Archive PDF title: Final Placings,
amnd-winter-2005-b-4,sacred-heart-o-c,,archive:amnd-winter-2005:b-4:sacred-heart-o-c:none,Sacred Heart O.C.,6,0,,,,,,,,,,,,,archive_pdf,final_premiership_placings,Archive PDF title: Final Placings,
amnd-winter-2005-b-4,norwood-netball-club,,archive:amnd-winter-2005:b-4:norwood-netball-club:none,Newton Jaguars,7,0,,,,,,,,,,,,,archive_pdf,final_premiership_placings,Archive PDF title: Final Placings,
amnd-winter-2005-b-4,garville,,archive:amnd-winter-2005:b-4:garville:none,Garville,8,0,,,,,,,,,,,,,archive_pdf,final_premiership_placings,Archive PDF title: Final Placings,
amnd-winter-2005-b-4,harlequin,,archive:amnd-winter-2005:b-4:harlequin:none,Harlequin,9,0,,,,,,,,,,,,,archive_pdf,final_premiership_placings,Archive PDF title: Final Placings,
amnd-winter-2005-b-4,matrics,,archive:amnd-winter-2005:b-4:matrics:none,Matrics,10,0,,,,,,,,,,,,,archive_pdf,final_premiership_placings,Archive PDF title: Final Placings,
amnd-winter-2005-c-1,oakdale-netball-club-sa,,archive:amnd-winter-2005:c-1:oakdale-netball-club-sa:none,Oakdale,1,1,,,,,,,,,,,,,archive_pdf,final_premiership_placings,Archive PDF title: Final Placings,
amnd-winter-2005-c-1,flinders-university,,archive:amnd-winter-2005:c-1:flinders-university:none,Flinders University,2,1,,,,,,,,,,,,,archive_pdf,final_premiership_placings,Archive PDF title: Final Placings,
amnd-winter-2005-c-1,adelaide-university,,archive:amnd-winter-2005:c-1:adelaide-university:none,Adelaide University,3,1,,,,,,,,,,,,,archive_pdf,final_premiership_placings,Archive PDF title: Final Placings,
amnd-winter-2005-c-1,city-coasters,,archive:amnd-winter-2005:c-1:city-coasters:none,City Coasters,4,1,,,,,,,,,,,,,archive_pdf,final_premiership_placings,Archive PDF title: Final Placings,
amnd-winter-2005-c-1,garville,,archive:amnd-winter-2005:c-1:garville:none,Garville,5,0,,,,,,,,,,,,,archive_pdf,final_premiership_placings,Archive PDF title: Final Placings,
amnd-winter-2005-c-1,clovelly-park,,archive:amnd-winter-2005:c-1:clovelly-park:none,Clovelly Park,6,0,,,,,,,,,,,,,archive_pdf,final_premiership_placings,Archive PDF title: Final Placings,
amnd-winter-2005-c-1,cheerio-netball-club,,archive:amnd-winter-2005:c-1:cheerio-netball-club:none,Cheerio,7,0,,,,,,,,,,,,,archive_pdf,final_premiership_placings,Archive PDF title: Final Placings,
amnd-winter-2005-c-1,sacred-heart-o-c,,archive:amnd-winter-2005:c-1:sacred-heart-o-c:none,Sacred Heart O.C.,8,0,,,,,,,,,,,,,archive_pdf,final_premiership_placings,Archive PDF title: Final Placings,
amnd-winter-2005-c-2,seymour-o-c,,archive:amnd-winter-2005:c-2:seymour-o-c:none,Seymour O.C.,1,1,,,,,,,,,,,,,archive_pdf,final_premiership_placings,Archive PDF title: Final Placings,
amnd-winter-2005-c-2,metro-jets,,archive:amnd-winter-2005:c-2:metro-jets:none,Western Jets,2,1,,,,,,,,,,,,,archive_pdf,final_premiership_placings,Archive PDF title: Final Placings,
amnd-winter-2005-c-2,adelaide-university,1,archive:amnd-winter-2005:c-2:adelaide-university:1,Adelaide Uni.,3,1,,,,,,,,,,,,,archive_pdf,final_premiership_placings,Archive PDF title: Final Placings,
amnd-winter-2005-c-2,adelaide-cougars,,archive:amnd-winter-2005:c-2:adelaide-cougars:none,Adelaide Cougars,4,1,,,,,,,,,,,,,archive_pdf,final_premiership_placings,Archive PDF title: Final Placings,
amnd-winter-2005-c-2,flinders-university,,archive:amnd-winter-2005:c-2:flinders-university:none,Flinders University,5,0,,,,,,,,,,,,,archive_pdf,final_premiership_placings,Archive PDF title: Final Placings,
amnd-winter-2005-c-2,tango-netball-club-inc,,archive:amnd-winter-2005:c-2:tango-netball-club-inc:none,Tango,6,0,,,,,,,,,,,,,archive_pdf,final_premiership_placings,Archive PDF title: Final Placings,
amnd-winter-2005-c-2,pembroke-o-s,,archive:amnd-winter-2005:c-2:pembroke-o-s:none,Pembroke O.S.,7,0,,,,,,,,,,,,,archive_pdf,final_premiership_placings,Archive PDF title: Final Placings,
amnd-winter-2005-c-2,woods-panthers,,archive:amnd-winter-2005:c-2:woods-panthers:none,Woods Panthers,8,0,,,,,,,,,,,,,archive_pdf,final_premiership_placings,Archive PDF title: Final Placings,
amnd-winter-2005-c-2,adelaide-university,2,archive:amnd-winter-2005:c-2:adelaide-university:2,Adelaide Uni.,9,0,,,,,,,,,,,,,archive_pdf,final_premiership_placings,Archive PDF title: Final Placings,
amnd-winter-2005-c-2,sacred-heart-o-c,,archive:amnd-winter-2005:c-2:sacred-heart-o-c:none,Sacred Heart O.C.,10,0,,,,,,,,,,,,,archive_pdf,final_premiership_placings,Archive PDF title: Final Placings,
amnd-winter-2005-c-3,contax,,archive:amnd-winter-2005:c-3:contax:none,Contax,1,1,,,,,,,,,,,,,archive_pdf,final_premiership_placings,Archive PDF title: Final Placings,
amnd-winter-2005-c-3,westminster-o-s,,archive:amnd-winter-2005:c-3:westminster-o-s:none,Westminster O.S.,2,1,,,,,,,,,,,,,archive_pdf,final_premiership_placings,Archive PDF title: Final Placings,
amnd-winter-2005-c-3,clovelly-park,,archive:amnd-winter-2005:c-3:clovelly-park:none,Clovelly Park,3,1,,,,,,,,,,,,,archive_pdf,final_premiership_placings,Archive PDF title: Final Placings,
amnd-winter-2005-c-3,pembroke-o-s,,archive:amnd-winter-2005:c-3:pembroke-o-s:none,Pembroke O.S.,4,1,,,,,,,,,,,,,archive_pdf,final_premiership_placings,Archive PDF title: Final Placings,
amnd-winter-2005-c-3,flinders-university,1,archive:amnd-winter-2005:c-3:flinders-university:1,Flinders Uni.,5,0,,,,,,,,,,,,,archive_pdf,final_premiership_placings,Archive PDF title: Final Placings,
amnd-winter-2005-c-3,flinders-university,2,archive:amnd-winter-2005:c-3:flinders-university:2,Flinders Uni.,6,0,,,,,,,,,,,,,archive_pdf,final_premiership_placings,Archive PDF title: Final Placings,
amnd-winter-2005-c-3,city-coasters,,archive:amnd-winter-2005:c-3:city-coasters:none,City Coasters,7,0,,,,,,,,,,,,,archive_pdf,final_premiership_placings,Archive PDF title: Final Placings,
amnd-winter-2005-c-3,oakdale-netball-club-sa,,archive:amnd-winter-2005:c-3:oakdale-netball-club-sa:none,Oakdale,8,0,,,,,,,,,,,,,archive_pdf,final_premiership_placings,Archive PDF title: Final Placings,
amnd-winter-2005-c-3,adelaide-university,,archive:amnd-winter-2005:c-3:adelaide-university:none,Adelaide University,9,0,,,,,,,,,,,,,archive_pdf,final_premiership_placings,Archive PDF title: Final Placings,
amnd-winter-2005-c-3,sacred-heart-o-c,,archive:amnd-winter-2005:c-3:sacred-heart-o-c:none,Sacred Heart O.C.,10,0,,,,,,,,,,,,,archive_pdf,final_premiership_placings,Archive PDF title: Final Placings,
amnd-winter-2005-h-grade,norwood-netball-club,,archive:amnd-winter-2005:h-grade:norwood-netball-club:none,Jaguars,1,1,,,,,,,,,,,,,archive_pdf,final_premiership_placings,Archive PDF title: Final Placings,
amnd-winter-2005-h-grade,harlequin,,archive:amnd-winter-2005:h-grade:harlequin:none,Harlequin,2,1,,,,,,,,,,,,,archive_pdf,final_premiership_placings,Archive PDF title: Final Placings,
amnd-winter-2005-h-grade,cardijn-cats,,archive:amnd-winter-2005:h-grade:cardijn-cats:none,CardijnCats,3,1,,,,,,,,,,,,,archive_pdf,final_premiership_placings,Archive PDF title: Final Placings,
amnd-winter-2005-h-grade,oakdale-netball-club-sa,,archive:amnd-winter-2005:h-grade:oakdale-netball-club-sa:none,Phoenix,4,1,,,,,,,,,,,,,archive_pdf,final_premiership_placings,Archive PDF title: Final Placings,
amnd-winter-2005-h-grade,kilburn-knights,,archive:amnd-winter-2005:h-grade:kilburn-knights:none,Kilburn Knights,5,0,,,,,,,,,,,,,archive_pdf,final_premiership_placings,Archive PDF title: Final Placings,
amnd-winter-2005-h-grade,woods-panthers,,archive:amnd-winter-2005:h-grade:woods-panthers:none,Woods Panthers,6,0,,,,,,,,,,,,,archive_pdf,final_premiership_placings,Archive PDF title: Final Placings,
amnd-winter-2005-h-grade,panthers,,archive:amnd-winter-2005:h-grade:panthers:none,Panthers,7,0,,,,,,,,,,,,,archive_pdf,final_premiership_placings,Archive PDF title: Final Placings,
amnd-winter-2005-inter-1,norwood-netball-club,,archive:amnd-winter-2005:inter-1:norwood-netball-club:none,Newton Jaguars,1,1,,,,,,,,,,,,,archive_pdf,final_premiership_placings,Archive PDF title: Final Placings,
amnd-winter-2005-inter-1,harlequin,2,archive:amnd-winter-2005:inter-1:harlequin:2,Harlequin,2,1,,,,,,,,,,,,,archive_pdf,final_premiership_placings,Archive PDF title: Final Placings,
amnd-winter-2005-inter-1,contax,,archive:amnd-winter-2005:inter-1:contax:none,Contax,3,1,,,,,,,,,,,,,archive_pdf,final_premiership_placings,Archive PDF title: Final Placings,
amnd-winter-2005-inter-1,harlequin,1,archive:amnd-winter-2005:inter-1:harlequin:1,Harlequin,4,1,,,,,,,,,,,,,archive_pdf,final_premiership_placings,Archive PDF title: Final Placings,
amnd-winter-2005-inter-1,cheerio-netball-club,,archive:amnd-winter-2005:inter-1:cheerio-netball-club:none,Cheerio,5,0,,,,,,,,,,,,,archive_pdf,final_premiership_placings,Archive PDF title: Final Placings,
amnd-winter-2005-inter-1,garville,,archive:amnd-winter-2005:inter-1:garville:none,Garville,6,0,,,,,,,,,,,,,archive_pdf,final_premiership_placings,Archive PDF title: Final Placings,
amnd-winter-2005-inter-1,woods-panthers,,archive:amnd-winter-2005:inter-1:woods-panthers:none,Woods Panthers,7,0,,,,,,,,,,,,,archive_pdf,final_premiership_placings,Archive PDF title: Final Placings,
amnd-winter-2005-inter-1,matrics,,archive:amnd-winter-2005:inter-1:matrics:none,Matrics,8,0,,,,,,,,,,,,,archive_pdf,final_premiership_placings,Archive PDF title: Final Placings,
amnd-winter-2005-inter-1,tango-netball-club-inc,,archive:amnd-winter-2005:inter-1:tango-netball-club-inc:none,Tango,9,0,,,,,,,,,,,,,archive_pdf,final_premiership_placings,Archive PDF title: Final Placings,
amnd-winter-2005-inter-1,oakdale-netball-club-sa,,archive:amnd-winter-2005:inter-1:oakdale-netball-club-sa:none,Oakdale,10,0,,,,,,,,,,,,,archive_pdf,final_premiership_placings,Archive PDF title: Final Placings,
amnd-winter-2005-inter-2,garville,,archive:amnd-winter-2005:inter-2:garville:none,Garville,1,1,,,,,,,,,,,,,archive_pdf,final_premiership_placings,Archive PDF title: Final Placings,
amnd-winter-2005-inter-2,adelaide-cougars,1,archive:amnd-winter-2005:inter-2:adelaide-cougars:1,Adelaide Cougars,2,1,,,,,,,,,,,,,archive_pdf,final_premiership_placings,Archive PDF title: Final Placings,
amnd-winter-2005-inter-2,contax,,archive:amnd-winter-2005:inter-2:contax:none,Contax,3,1,,,,,,,,,,,,,archive_pdf,final_premiership_placings,Archive PDF title: Final Placings,
amnd-winter-2005-inter-2,woods-panthers,,archive:amnd-winter-2005:inter-2:woods-panthers:none,Woods Panthers,4,1,,,,,,,,,,,,,archive_pdf,final_premiership_placings,Archive PDF title: Final Placings,
amnd-winter-2005-inter-2,adelaide-cougars,2,archive:amnd-winter-2005:inter-2:adelaide-cougars:2,Adelaide Cougars,5,0,,,,,,,,,,,,,archive_pdf,final_premiership_placings,Archive PDF title: Final Placings,
amnd-winter-2005-inter-2,metro-magic,,archive:amnd-winter-2005:inter-2:metro-magic:none,Metro Magic,6,0,,,,,,,,,,,,,archive_pdf,final_premiership_placings,Archive PDF title: Final Placings,
amnd-winter-2005-inter-2,matrics,,archive:amnd-winter-2005:inter-2:matrics:none,Matrics,7,0,,,,,,,,,,,,,archive_pdf,final_premiership_placings,Archive PDF title: Final Placings,
amnd-winter-2005-inter-2,norwood-netball-club,,archive:amnd-winter-2005:inter-2:norwood-netball-club:none,Newton Jaguars,8,0,,,,,,,,,,,,,archive_pdf,final_premiership_placings,Archive PDF title: Final Placings,
amnd-winter-2005-inter-2,tango-netball-club-inc,,archive:amnd-winter-2005:inter-2:tango-netball-club-inc:none,Tango,9,0,,,,,,,,,,,,,archive_pdf,final_premiership_placings,Archive PDF title: Final Placings,
amnd-winter-2005-inter-2,cheerio-netball-club,,archive:amnd-winter-2005:inter-2:cheerio-netball-club:none,Cheerio,10,0,,,,,,,,,,,,,archive_pdf,final_premiership_placings,Archive PDF title: Final Placings,
amnd-winter-2005-inter-3,contax,,archive:amnd-winter-2005:inter-3:contax:none,Contax,1,1,,,,,,,,,,,,,archive_pdf,final_premiership_placings,Archive PDF title: Final Placings,
amnd-winter-2005-inter-3,harlequin,,archive:amnd-winter-2005:inter-3:harlequin:none,Harlequin,2,1,,,,,,,,,,,,,archive_pdf,final_premiership_placings,Archive PDF title: Final Placings,
amnd-winter-2005-inter-3,cove-lightning,,archive:amnd-winter-2005:inter-3:cove-lightning:none,Cove Lightning,3,1,,,,,,,,,,,,,archive_pdf,final_premiership_placings,Archive PDF title: Final Placings,
amnd-winter-2005-inter-3,norwood-netball-club,,archive:amnd-winter-2005:inter-3:norwood-netball-club:none,Newton Jaguars,4,1,,,,,,,,,,,,,archive_pdf,final_premiership_placings,Archive PDF title: Final Placings,
amnd-winter-2005-inter-3,garville,1,archive:amnd-winter-2005:inter-3:garville:1,Garville,5,0,,,,,,,,,,,,,archive_pdf,final_premiership_placings,Archive PDF title: Final Placings,
amnd-winter-2005-inter-3,clovelly-park,,archive:amnd-winter-2005:inter-3:clovelly-park:none,Clovelly Park,6,0,,,,,,,,,,,,,archive_pdf,final_premiership_placings,Archive PDF title: Final Placings,
amnd-winter-2005-inter-3,cheerio-netball-club,,archive:amnd-winter-2005:inter-3:cheerio-netball-club:none,Cheerio,7,0,,,,,,,,,,,,,archive_pdf,final_premiership_placings,Archive PDF title: Final Placings,
amnd-winter-2005-inter-3,garville,2,archive:amnd-winter-2005:inter-3:garville:2,Garville,8,0,,,,,,,,,,,,,archive_pdf,final_premiership_placings,Archive PDF title: Final Placings,
amnd-winter-2005-inter-3,matrics,,archive:amnd-winter-2005:inter-3:matrics:none,Matrics,9,0,,,,,,,,,,,,,archive_pdf,final_premiership_placings,Archive PDF title: Final Placings,
amnd-winter-2005-inter-3,adelaide-cougars,,archive:amnd-winter-2005:inter-3:adelaide-cougars:none,Adelaide Cougars,10,0,,,,,,,,,,,,,archive_pdf,final_premiership_placings,Archive PDF title: Final Placings,
amnd-winter-2005-inter-4,contax,1,archive:amnd-winter-2005:inter-4:contax:1,Contax,1,1,,,,,,,,,,,,,archive_pdf,final_premiership_placings,Archive PDF title: Final Placings,
amnd-winter-2005-inter-4,oakdale-netball-club-sa,1,archive:amnd-winter-2005:inter-4:oakdale-netball-club-sa:1,Oakdale,2,1,,,,,,,,,,,,,archive_pdf,final_premiership_placings,Archive PDF title: Final Placings,
amnd-winter-2005-inter-4,harlequin,,archive:amnd-winter-2005:inter-4:harlequin:none,Harlequin,3,1,,,,,,,,,,,,,archive_pdf,final_premiership_placings,Archive PDF title: Final Placings,
amnd-winter-2005-inter-4,woods-panthers,,archive:amnd-winter-2005:inter-4:woods-panthers:none,Woods Panthers,4,1,,,,,,,,,,,,,archive_pdf,final_premiership_placings,Archive PDF title: Final Placings,
amnd-winter-2005-inter-4,cove-lightning,,archive:amnd-winter-2005:inter-4:cove-lightning:none,Cove Lightning,5,0,,,,,,,,,,,,,archive_pdf,final_premiership_placings,Archive PDF title: Final Placings,
amnd-winter-2005-inter-4,oakdale-netball-club-sa,2,archive:amnd-winter-2005:inter-4:oakdale-netball-club-sa:2,Oakdale,6,0,,,,,,,,,,,,,archive_pdf,final_premiership_placings,Archive PDF title: Final Placings,
amnd-winter-2005-inter-4,contax,2,archive:amnd-winter-2005:inter-4:contax:2,Contax,7,0,,,,,,,,,,,,,archive_pdf,final_premiership_placings,Archive PDF title: Final Placings,
amnd-winter-2005-inter-4,garville,,archive:amnd-winter-2005:inter-4:garville:none,Garville,8,0,,,,,,,,,,,,,archive_pdf,final_premiership_placings,Archive PDF title: Final Placings,
amnd-winter-2005-inter-4,matrics,,archive:amnd-winter-2005:inter-4:matrics:none,Matrics,9,0,,,,,,,,,,,,,archive_pdf,final_premiership_placings,Archive PDF title: Final Placings,
amnd-winter-2005-inter-4,metro-magic,,archive:amnd-winter-2005:inter-4:metro-magic:none,Metro Magic,10,0,,,,,,,,,,,,,archive_pdf,final_premiership_placings,Archive PDF title: Final Placings,
amnd-winter-2005-inter-5,metro-jets,,archive:amnd-winter-2005:inter-5:metro-jets:none,Western Jets,1,1,,,,,,,,,,,,,archive_pdf,final_premiership_placings,Archive PDF title: Final Placings,
amnd-winter-2005-inter-5,adelaide-cougars,,archive:amnd-winter-2005:inter-5:adelaide-cougars:none,Adelaide Cougars,2,1,,,,,,,,,,,,,archive_pdf,final_premiership_placings,Archive PDF title: Final Placings,
amnd-winter-2005-inter-5,woods-panthers,,archive:amnd-winter-2005:inter-5:woods-panthers:none,Woods Panthers,3,1,,,,,,,,,,,,,archive_pdf,final_premiership_placings,Archive PDF title: Final Placings,
amnd-winter-2005-inter-5,garville,,archive:amnd-winter-2005:inter-5:garville:none,Garville,4,1,,,,,,,,,,,,,archive_pdf,final_premiership_placings,Archive PDF title: Final Placings,
amnd-winter-2005-inter-5,tango-netball-club-inc,,archive:amnd-winter-2005:inter-5:tango-netball-club-inc:none,Tango,5,0,,,,,,,,,,,,,archive_pdf,final_premiership_placings,Archive PDF title: Final Placings,
amnd-winter-2005-inter-5,cheerio-netball-club,,archive:amnd-winter-2005:inter-5:cheerio-netball-club:none,Cheerio,6,0,,,,,,,,,,,,,archive_pdf,final_premiership_placings,Archive PDF title: Final Placings,
amnd-winter-2005-inter-5,flinders-park,1,archive:amnd-winter-2005:inter-5:flinders-park:1,Flinders Park,7,0,,,,,,,,,,,,,archive_pdf,final_premiership_placings,Archive PDF title: Final Placings,
amnd-winter-2005-inter-5,flinders-park,2,archive:amnd-winter-2005:inter-5:flinders-park:2,Flinders Park,8,0,,,,,,,,,,,,,archive_pdf,final_premiership_placings,Archive PDF title: Final Placings,
amnd-winter-2005-inter-5,norwood-netball-club,,archive:amnd-winter-2005:inter-5:norwood-netball-club:none,Newton Jaguars,9,0,,,,,,,,,,,,,archive_pdf,final_premiership_placings,Archive PDF title: Final Placings,
amnd-winter-2005-junior-1,harlequin,1,archive:amnd-winter-2005:junior-1:harlequin:1,Harlequin,1,1,,,,,,,,,,,,,archive_pdf,final_premiership_placings,Archive PDF title: Final Placings,
amnd-winter-2005-junior-1,contax,1,archive:amnd-winter-2005:junior-1:contax:1,Contax,2,1,,,,,,,,,,,,,archive_pdf,final_premiership_placings,Archive PDF title: Final Placings,
amnd-winter-2005-junior-1,contax,2,archive:amnd-winter-2005:junior-1:contax:2,Contax,3,1,,,,,,,,,,,,,archive_pdf,final_premiership_placings,Archive PDF title: Final Placings,
amnd-winter-2005-junior-1,tango-netball-club-inc,,archive:amnd-winter-2005:junior-1:tango-netball-club-inc:none,Tango,4,1,,,,,,,,,,,,,archive_pdf,final_premiership_placings,Archive PDF title: Final Placings,
amnd-winter-2005-junior-1,woods-panthers,,archive:amnd-winter-2005:junior-1:woods-panthers:none,Woods Panthers,5,0,,,,,,,,,,,,,archive_pdf,final_premiership_placings,Archive PDF title: Final Placings,
amnd-winter-2005-junior-1,harlequin,2,archive:amnd-winter-2005:junior-1:harlequin:2,Harlequin,6,0,,,,,,,,,,,,,archive_pdf,final_premiership_placings,Archive PDF title: Final Placings,
amnd-winter-2005-junior-1,adelaide-cougars,,archive:amnd-winter-2005:junior-1:adelaide-cougars:none,Adelaide Cougars,7,0,,,,,,,,,,,,,archive_pdf,final_premiership_placings,Archive PDF title: Final Placings,
amnd-winter-2005-junior-1,oakdale-netball-club-sa,,archive:amnd-winter-2005:junior-1:oakdale-netball-club-sa:none,Oakdale,8,0,,,,,,,,,,,,,archive_pdf,final_premiership_placings,Archive PDF title: Final Placings,
amnd-winter-2005-junior-1,garville,,archive:amnd-winter-2005:junior-1:garville:none,Garville,9,0,,,,,,,,,,,,,archive_pdf,final_premiership_placings,Archive PDF title: Final Placings,
amnd-winter-2005-junior-1,norwood-netball-club,,archive:amnd-winter-2005:junior-1:norwood-netball-club:none,Newton Jaguars,10,0,,,,,,,,,,,,,archive_pdf,final_premiership_placings,Archive PDF title: Final Placings,
amnd-winter-2005-junior-2,woods-panthers,,archive:amnd-winter-2005:junior-2:woods-panthers:none,Woods Panthers,1,1,,,,,,,,,,,,,archive_pdf,final_premiership_placings,Archive PDF title: Final Placings,
amnd-winter-2005-junior-2,contax,2,archive:amnd-winter-2005:junior-2:contax:2,Contax,2,1,,,,,,,,,,,,,archive_pdf,final_premiership_placings,Archive PDF title: Final Placings,
amnd-winter-2005-junior-2,contax,1,archive:amnd-winter-2005:junior-2:contax:1,Contax,3,1,,,,,,,,,,,,,archive_pdf,final_premiership_placings,Archive PDF title: Final Placings,
amnd-winter-2005-junior-2,garville,,archive:amnd-winter-2005:junior-2:garville:none,Garville,4,1,,,,,,,,,,,,,archive_pdf,final_premiership_placings,Archive PDF title: Final Placings,
amnd-winter-2005-junior-2,matrics,2,archive:amnd-winter-2005:junior-2:matrics:2,Matrics,5,0,,,,,,,,,,,,,archive_pdf,final_premiership_placings,Archive PDF title: Final Placings,
amnd-winter-2005-junior-2,norwood-netball-club,2,archive:amnd-winter-2005:junior-2:norwood-netball-club:2,Newton Jaguars,6,0,,,,,,,,,,,,,archive_pdf,final_premiership_placings,Archive PDF title: Final Placings,
amnd-winter-2005-junior-2,tango-netball-club-inc,,archive:amnd-winter-2005:junior-2:tango-netball-club-inc:none,Tango,7,0,,,,,,,,,,,,,archive_pdf,final_premiership_placings,Archive PDF title: Final Placings,
amnd-winter-2005-junior-2,harlequin,,archive:amnd-winter-2005:junior-2:harlequin:none,Harlequin,8,0,,,,,,,,,,,,,archive_pdf,final_premiership_placings,Archive PDF title: Final Placings,
amnd-winter-2005-junior-2,norwood-netball-club,1,archive:amnd-winter-2005:junior-2:norwood-netball-club:1,Newton Jaguars,9,0,,,,,,,,,,,,,archive_pdf,final_premiership_placings,Archive PDF title: Final Placings,
amnd-winter-2005-junior-2,matrics,1,archive:amnd-winter-2005:junior-2:matrics:1,Matrics,10,0,,,,,,,,,,,,,archive_pdf,final_premiership_placings,Archive PDF title: Final Placings,
amnd-winter-2005-junior-3,contax,,archive:amnd-winter-2005:junior-3:contax:none,Contax,1,1,,,,,,,,,,,,,archive_pdf,final_premiership_placings,Archive PDF title: Final Placings,
amnd-winter-2005-junior-3,oakdale-netball-club-sa,,archive:amnd-winter-2005:junior-3:oakdale-netball-club-sa:none,Oakdale,2,1,,,,,,,,,,,,,archive_pdf,final_premiership_placings,Archive PDF title: Final Placings,
amnd-winter-2005-junior-3,woods-panthers,,archive:amnd-winter-2005:junior-3:woods-panthers:none,Woods Panthers,3,1,,,,,,,,,,,,,archive_pdf,final_premiership_placings,Archive PDF title: Final Placings,
amnd-winter-2005-junior-3,metro-jets,,archive:amnd-winter-2005:junior-3:metro-jets:none,Western Jets,4,1,,,,,,,,,,,,,archive_pdf,final_premiership_placings,Archive PDF title: Final Placings,
amnd-winter-2005-junior-3,norwood-netball-club,,archive:amnd-winter-2005:junior-3:norwood-netball-club:none,Newton Jaguars,5,0,,,,,,,,,,,,,archive_pdf,final_premiership_placings,Archive PDF title: Final Placings,
amnd-winter-2005-junior-3,tango-netball-club-inc,,archive:amnd-winter-2005:junior-3:tango-netball-club-inc:none,Tango,6,0,,,,,,,,,,,,,archive_pdf,final_premiership_placings,Archive PDF title: Final Placings,
amnd-winter-2005-junior-3,harlequin,,archive:amnd-winter-2005:junior-3:harlequin:none,Harlequin,7,0,,,,,,,,,,,,,archive_pdf,final_premiership_placings,Archive PDF title: Final Placings,
amnd-winter-2005-junior-3,adelaide-cougars,1,archive:amnd-winter-2005:junior-3:adelaide-cougars:1,Adelaide Cougars,8,0,,,,,,,,,,,,,archive_pdf,final_premiership_placings,Archive PDF title: Final Placings,
amnd-winter-2005-junior-3,garville,,archive:amnd-winter-2005:junior-3:garville:none,Garville,9,0,,,,,,,,,,,,,archive_pdf,final_premiership_placings,Archive PDF title: Final Placings,
amnd-winter-2005-junior-3,adelaide-cougars,2,archive:amnd-winter-2005:junior-3:adelaide-cougars:2,Adelaide Cougars,10,0,,,,,,,,,,,,,archive_pdf,final_premiership_placings,Archive PDF title: Final Placings,
amnd-winter-2005-junior-4,norwood-netball-club,,archive:amnd-winter-2005:junior-4:norwood-netball-club:none,Newton Jaguars,1,1,,,,,,,,,,,,,archive_pdf,final_premiership_placings,Archive PDF title: Final Placings,
amnd-winter-2005-junior-4,tango-netball-club-inc,,archive:amnd-winter-2005:junior-4:tango-netball-club-inc:none,Tango,2,1,,,,,,,,,,,,,archive_pdf,final_premiership_placings,Archive PDF title: Final Placings,
amnd-winter-2005-junior-4,glandore,,archive:amnd-winter-2005:junior-4:glandore:none,Glandore,3,1,,,,,,,,,,,,,archive_pdf,final_premiership_placings,Archive PDF title: Final Placings,
amnd-winter-2005-junior-4,woods-panthers,,archive:amnd-winter-2005:junior-4:woods-panthers:none,Woods Panthers,4,1,,,,,,,,,,,,,archive_pdf,final_premiership_placings,Archive PDF title: Final Placings,
amnd-winter-2005-junior-4,oakdale-netball-club-sa,,archive:amnd-winter-2005:junior-4:oakdale-netball-club-sa:none,Oakdale,5,0,,,,,,,,,,,,,archive_pdf,final_premiership_placings,Archive PDF title: Final Placings,
amnd-winter-2005-junior-4,garville,,archive:amnd-winter-2005:junior-4:garville:none,Garville,6,0,,,,,,,,,,,,,archive_pdf,final_premiership_placings,Archive PDF title: Final Placings,
amnd-winter-2005-junior-4,metro-magic,,archive:amnd-winter-2005:junior-4:metro-magic:none,Metro Magic,7,0,,,,,,,,,,,,,archive_pdf,final_premiership_placings,Archive PDF title: Final Placings,
amnd-winter-2005-junior-4,adelaide-cougars,,archive:amnd-winter-2005:junior-4:adelaide-cougars:none,Adelaide Cougars,8,0,,,,,,,,,,,,,archive_pdf,final_premiership_placings,Archive PDF title: Final Placings,
amnd-winter-2005-junior-4,cheerio-netball-club,,archive:amnd-winter-2005:junior-4:cheerio-netball-club:none,Cheerio,9,0,,,,,,,,,,,,,archive_pdf,final_premiership_placings,Archive PDF title: Final Placings,
amnd-winter-2005-junior-5,woods-panthers,1,archive:amnd-winter-2005:junior-5:woods-panthers:1,Woods Panthers,1,1,,,,,,,,,,,,,archive_pdf,final_premiership_placings,Archive PDF title: Final Placings,
amnd-winter-2005-junior-5,contax,1,archive:amnd-winter-2005:junior-5:contax:1,Contax,2,1,,,,,,,,,,,,,archive_pdf,final_premiership_placings,Archive PDF title: Final Placings,
amnd-winter-2005-junior-5,norwood-netball-club,,archive:amnd-winter-2005:junior-5:norwood-netball-club:none,Newton Jaguars,3,1,,,,,,,,,,,,,archive_pdf,final_premiership_placings,Archive PDF title: Final Placings,
amnd-winter-2005-junior-5,woods-panthers,2,archive:amnd-winter-2005:junior-5:woods-panthers:2,Woods Panthers,4,1,,,,,,,,,,,,,archive_pdf,final_premiership_placings,Archive PDF title: Final Placings,
amnd-winter-2005-junior-5,garville,,archive:amnd-winter-2005:junior-5:garville:none,Garville,5,0,,,,,,,,,,,,,archive_pdf,final_premiership_placings,Archive PDF title: Final Placings,
amnd-winter-2005-junior-5,contax,2,archive:amnd-winter-2005:junior-5:contax:2,Contax,6,0,,,,,,,,,,,,,archive_pdf,final_premiership_placings,Archive PDF title: Final Placings,
amnd-winter-2005-junior-5,tango-netball-club-inc,,archive:amnd-winter-2005:junior-5:tango-netball-club-inc:none,Tango,7,0,,,,,,,,,,,,,archive_pdf,final_premiership_placings,Archive PDF title: Final Placings,
amnd-winter-2005-junior-5,matrics,,archive:amnd-winter-2005:junior-5:matrics:none,Matrics,8,0,,,,,,,,,,,,,archive_pdf,final_premiership_placings,Archive PDF title: Final Placings,
amnd-winter-2005-junior-5,cheerio-netball-club,,archive:amnd-winter-2005:junior-5:cheerio-netball-club:none,Cheerio,9,0,,,,,,,,,,,,,archive_pdf,final_premiership_placings,Archive PDF title: Final Placings,
amnd-winter-2005-junior-5,oakdale-netball-club-sa,,archive:amnd-winter-2005:junior-5:oakdale-netball-club-sa:none,Oakdale,10,0,,,,,,,,,,,,,archive_pdf,final_premiership_placings,Archive PDF title: Final Placings,
amnd-winter-2005-junior-6,norwood-netball-club,,archive:amnd-winter-2005:junior-6:norwood-netball-club:none,Newton Jaguars,1,1,,,,,,,,,,,,,archive_pdf,final_premiership_placings,Archive PDF title: Final Placings,
amnd-winter-2005-junior-6,garville,,archive:amnd-winter-2005:junior-6:garville:none,Garville,2,1,,,,,,,,,,,,,archive_pdf,final_premiership_placings,Archive PDF title: Final Placings,
amnd-winter-2005-junior-6,tango-netball-club-inc,,archive:amnd-winter-2005:junior-6:tango-netball-club-inc:none,Tango,3,1,,,,,,,,,,,,,archive_pdf,final_premiership_placings,Archive PDF title: Final Placings,
amnd-winter-2005-junior-6,metro-jets,,archive:amnd-winter-2005:junior-6:metro-jets:none,Western Jets,4,1,,,,,,,,,,,,,archive_pdf,final_premiership_placings,Archive PDF title: Final Placings,
amnd-winter-2005-junior-6,adelaide-cougars,,archive:amnd-winter-2005:junior-6:adelaide-cougars:none,Adelaide Cougars,5,0,,,,,,,,,,,,,archive_pdf,final_premiership_placings,Archive PDF title: Final Placings,
amnd-winter-2005-junior-6,semaphore,,archive:amnd-winter-2005:junior-6:semaphore:none,Semaphore,6,0,,,,,,,,,,,,,archive_pdf,final_premiership_placings,Archive PDF title: Final Placings,
amnd-winter-2005-junior-6,glandore,,archive:amnd-winter-2005:junior-6:glandore:none,Glandore,7,0,,,,,,,,,,,,,archive_pdf,final_premiership_placings,Archive PDF title: Final Placings,
amnd-winter-2005-junior-6,woods-panthers,,archive:amnd-winter-2005:junior-6:woods-panthers:none,Woods Panthers,8,0,,,,,,,,,,,,,archive_pdf,final_premiership_placings,Archive PDF title: Final Placings,
amnd-winter-2005-junior-6,cheerio-netball-club,,archive:amnd-winter-2005:junior-6:cheerio-netball-club:none,Cheerio,9,0,,,,,,,,,,,,,archive_pdf,final_premiership_placings,Archive PDF title: Final Placings,
amnd-winter-2005-primary-1,harlequin,1,archive:amnd-winter-2005:primary-1:harlequin:1,Harlequin,1,1,,,,,,,,,,,,,archive_pdf,final_premiership_placings,Archive PDF title: Final Placings,
amnd-winter-2005-primary-1,contax,,archive:amnd-winter-2005:primary-1:contax:none,Contax,2,1,,,,,,,,,,,,,archive_pdf,final_premiership_placings,Archive PDF title: Final Placings,
amnd-winter-2005-primary-1,tango-netball-club-inc,,archive:amnd-winter-2005:primary-1:tango-netball-club-inc:none,Tango,3,1,,,,,,,,,,,,,archive_pdf,final_premiership_placings,Archive PDF title: Final Placings,
amnd-winter-2005-primary-1,garville,,archive:amnd-winter-2005:primary-1:garville:none,Garville,4,1,,,,,,,,,,,,,archive_pdf,final_premiership_placings,Archive PDF title: Final Placings,
amnd-winter-2005-primary-1,harlequin,2,archive:amnd-winter-2005:primary-1:harlequin:2,Harlequin,5,0,,,,,,,,,,,,,archive_pdf,final_premiership_placings,Archive PDF title: Final Placings,
amnd-winter-2005-primary-1,matrics,,archive:amnd-winter-2005:primary-1:matrics:none,Matrics,6,0,,,,,,,,,,,,,archive_pdf,final_premiership_placings,Archive PDF title: Final Placings,
amnd-winter-2005-primary-2,woods-panthers,,archive:amnd-winter-2005:primary-2:woods-panthers:none,Woods Panthers,1,1,,,,,,,,,,,,,archive_pdf,final_premiership_placings,Archive PDF title: Final Placings,
amnd-winter-2005-primary-2,norwood-netball-club,,archive:amnd-winter-2005:primary-2:norwood-netball-club:none,Newton Jaguars,2,1,,,,,,,,,,,,,archive_pdf,final_premiership_placings,Archive PDF title: Final Placings,
amnd-winter-2005-primary-2,garville,,archive:amnd-winter-2005:primary-2:garville:none,Garville,3,1,,,,,,,,,,,,,archive_pdf,final_premiership_placings,Archive PDF title: Final Placings,
amnd-winter-2005-primary-2,adelaide-cougars,,archive:amnd-winter-2005:primary-2:adelaide-cougars:none,Adelaide Cougars,4,1,,,,,,,,,,,,,archive_pdf,final_premiership_placings,Archive PDF title: Final Placings,
amnd-winter-2005-primary-2,contax,,archive:amnd-winter-2005:primary-2:contax:none,Contax,5,0,,,,,,,,,,,,,archive_pdf,final_premiership_placings,Archive PDF title: Final Placings,
amnd-winter-2005-primary-2,oakdale-netball-club-sa,,archive:amnd-winter-2005:primary-2:oakdale-netball-club-sa:none,Oakdale,6,0,,,,,,,,,,,,,archive_pdf,final_premiership_placings,Archive PDF title: Final Placings,
amnd-winter-2005-primary-3,oakdale-netball-club-sa,,archive:amnd-winter-2005:primary-3:oakdale-netball-club-sa:none,Oakdale,1,1,,,,,,,,,,,,,archive_pdf,final_premiership_placings,Archive PDF title: Final Placings,
amnd-winter-2005-primary-3,harlequin,,archive:amnd-winter-2005:primary-3:harlequin:none,Harlequin,2,1,,,,,,,,,,,,,archive_pdf,final_premiership_placings,Archive PDF title: Final Placings,
amnd-winter-2005-primary-3,tango-netball-club-inc,,archive:amnd-winter-2005:primary-3:tango-netball-club-inc:none,Tango,3,1,,,,,,,,,,,,,archive_pdf,final_premiership_placings,Archive PDF title: Final Placings,
amnd-winter-2005-primary-3,matrics,,archive:amnd-winter-2005:primary-3:matrics:none,Matrics,4,1,,,,,,,,,,,,,archive_pdf,final_premiership_placings,Archive PDF title: Final Placings,
amnd-winter-2005-primary-3,garville,,archive:amnd-winter-2005:primary-3:garville:none,Garville,5,0,,,,,,,,,,,,,archive_pdf,final_premiership_placings,Archive PDF title: Final Placings,
amnd-winter-2005-primary-3,contax,,archive:amnd-winter-2005:primary-3:contax:none,Contax,6,0,,,,,,,,,,,,,archive_pdf,final_premiership_placings,Archive PDF title: Final Placings,
amnd-winter-2005-primary-3,metro-jets,,archive:amnd-winter-2005:primary-3:metro-jets:none,Western Jets,7,0,,,,,,,,,,,,,archive_pdf,final_premiership_placings,Archive PDF title: Final Placings,
amnd-winter-2005-primary-3,woods-panthers,,archive:amnd-winter-2005:primary-3:woods-panthers:none,Woods Panthers,8,0,,,,,,,,,,,,,archive_pdf,final_premiership_placings,Archive PDF title: Final Placings,
amnd-winter-2005-primary-4,garville,,archive:amnd-winter-2005:primary-4:garville:none,Garville,1,1,,,,,,,,,,,,,archive_pdf,final_premiership_placings,Archive PDF title: Final Placings,
amnd-winter-2005-primary-4,woods-panthers,,archive:amnd-winter-2005:primary-4:woods-panthers:none,Woods Panthers,2,1,,,,,,,,,,,,,archive_pdf,final_premiership_placings,Archive PDF title: Final Placings,
amnd-winter-2005-primary-4,adelaide-cougars,1,archive:amnd-winter-2005:primary-4:adelaide-cougars:1,Adelaide Cougars,3,1,,,,,,,,,,,,,archive_pdf,final_premiership_placings,Archive PDF title: Final Placings,
amnd-winter-2005-primary-4,adelaide-cougars,2,archive:amnd-winter-2005:primary-4:adelaide-cougars:2,Adelaide Cougars,4,1,,,,,,,,,,,,,archive_pdf,final_premiership_placings,Archive PDF title: Final Placings,
amnd-winter-2005-primary-4,contax,,archive:amnd-winter-2005:primary-4:contax:none,Contax,5,0,,,,,,,,,,,,,archive_pdf,final_premiership_placings,Archive PDF title: Final Placings,
amnd-winter-2005-primary-4,norwood-netball-club,,archive:amnd-winter-2005:primary-4:norwood-netball-club:none,Newton Jaguars,6,0,,,,,,,,,,,,,archive_pdf,final_premiership_placings,Archive PDF title: Final Placings,
amnd-winter-2005-primary-5,semaphore,,archive:amnd-winter-2005:primary-5:semaphore:none,Semaphore,1,1,,,,,,,,,,,,,archive_pdf,final_premiership_placings,Archive PDF title: Final Placings,
amnd-winter-2005-primary-5,cheerio-netball-club,,archive:amnd-winter-2005:primary-5:cheerio-netball-club:none,Cheerio,2,1,,,,,,,,,,,,,archive_pdf,final_premiership_placings,Archive PDF title: Final Placings,
amnd-winter-2005-primary-5,tango-netball-club-inc,,archive:amnd-winter-2005:primary-5:tango-netball-club-inc:none,Tango,3,1,,,,,,,,,,,,,archive_pdf,final_premiership_placings,Archive PDF title: Final Placings,
amnd-winter-2005-primary-5,garville,,archive:amnd-winter-2005:primary-5:garville:none,Garville,4,1,,,,,,,,,,,,,archive_pdf,final_premiership_placings,Archive PDF title: Final Placings,
amnd-winter-2005-primary-5,matrics,1,archive:amnd-winter-2005:primary-5:matrics:1,Matrics,5,0,,,,,,,,,,,,,archive_pdf,final_premiership_placings,Archive PDF title: Final Placings,
amnd-winter-2005-primary-5,matrics,2,archive:amnd-winter-2005:primary-5:matrics:2,Matrics,6,0,,,,,,,,,,,,,archive_pdf,final_premiership_placings,Archive PDF title: Final Placings,
amnd-winter-2005-primary-6,metro-jets,,archive:amnd-winter-2005:primary-6:metro-jets:none,Western Jets,1,1,,,,,,,,,,,,,archive_pdf,final_premiership_placings,Archive PDF title: Final Placings,
amnd-winter-2005-primary-6,metro-magic,,archive:amnd-winter-2005:primary-6:metro-magic:none,Metro Magic,2,1,,,,,,,,,,,,,archive_pdf,final_premiership_placings,Archive PDF title: Final Placings,
amnd-winter-2005-primary-6,tango-netball-club-inc,,archive:amnd-winter-2005:primary-6:tango-netball-club-inc:none,Tango,3,1,,,,,,,,,,,,,archive_pdf,final_premiership_placings,Archive PDF title: Final Placings,
amnd-winter-2005-primary-6,garville,,archive:amnd-winter-2005:primary-6:garville:none,Garville,4,1,,,,,,,,,,,,,archive_pdf,final_premiership_placings,Archive PDF title: Final Placings,
amnd-winter-2005-primary-6,oakdale-netball-club-sa,,archive:amnd-winter-2005:primary-6:oakdale-netball-club-sa:none,Oakdale,5,0,,,,,,,,,,,,,archive_pdf,final_premiership_placings,Archive PDF title: Final Placings,
amnd-winter-2005-primary-6,contax,,archive:amnd-winter-2005:primary-6:contax:none,Contax,6,0,,,,,,,,,,,,,archive_pdf,final_premiership_placings,Archive PDF title: Final Placings,
amnd-winter-2005-primary-6,woods-panthers,,archive:amnd-winter-2005:primary-6:woods-panthers:none,Woods Panthers,7,0,,,,,,,,,,,,,archive_pdf,final_premiership_placings,Archive PDF title: Final Placings,
amnd-winter-2005-primary-6,norwood-netball-club,,archive:amnd-winter-2005:primary-6:norwood-netball-club:none,Newton Jaguars,8,0,,,,,,,,,,,,,archive_pdf,final_premiership_placings,Archive PDF title: Final Placings,
amnd-winter-2005-sub-junior-1,contax,,archive:amnd-winter-2005:sub-junior-1:contax:none,Contax,1,1,,,,,,,,,,,,,archive_pdf,final_premiership_placings,Archive PDF title: Final Placings,
amnd-winter-2005-sub-junior-1,harlequin,1,archive:amnd-winter-2005:sub-junior-1:harlequin:1,Harlequin,2,1,,,,,,,,,,,,,archive_pdf,final_premiership_placings,Archive PDF title: Final Placings,
amnd-winter-2005-sub-junior-1,woods-panthers,,archive:amnd-winter-2005:sub-junior-1:woods-panthers:none,Woods Panthers,3,1,,,,,,,,,,,,,archive_pdf,final_premiership_placings,Archive PDF title: Final Placings,
amnd-winter-2005-sub-junior-1,harlequin,2,archive:amnd-winter-2005:sub-junior-1:harlequin:2,Harlequin,4,1,,,,,,,,,,,,,archive_pdf,final_premiership_placings,Archive PDF title: Final Placings,
amnd-winter-2005-sub-junior-1,metro-jets,,archive:amnd-winter-2005:sub-junior-1:metro-jets:none,Western Jets,5,0,,,,,,,,,,,,,archive_pdf,final_premiership_placings,Archive PDF title: Final Placings,
amnd-winter-2005-sub-junior-1,adelaide-cougars,,archive:amnd-winter-2005:sub-junior-1:adelaide-cougars:none,Adelaide Cougars,6,0,,,,,,,,,,,,,archive_pdf,final_premiership_placings,Archive PDF title: Final Placings,
amnd-winter-2005-sub-junior-1,tango-netball-club-inc,,archive:amnd-winter-2005:sub-junior-1:tango-netball-club-inc:none,Tango,7,0,,,,,,,,,,,,,archive_pdf,final_premiership_placings,Archive PDF title: Final Placings,
amnd-winter-2005-sub-junior-1,garville,,archive:amnd-winter-2005:sub-junior-1:garville:none,Garville,8,0,,,,,,,,,,,,,archive_pdf,final_premiership_placings,Archive PDF title: Final Placings,
amnd-winter-2005-sub-junior-2,matrics,,archive:amnd-winter-2005:sub-junior-2:matrics:none,Matrics,1,1,,,,,,,,,,,,,archive_pdf,final_premiership_placings,Archive PDF title: Final Placings,
amnd-winter-2005-sub-junior-2,contax,,archive:amnd-winter-2005:sub-junior-2:contax:none,Contax,2,1,,,,,,,,,,,,,archive_pdf,final_premiership_placings,Archive PDF title: Final Placings,
amnd-winter-2005-sub-junior-2,metro-jets,,archive:amnd-winter-2005:sub-junior-2:metro-jets:none,Western Jets,3,1,,,,,,,,,,,,,archive_pdf,final_premiership_placings,Archive PDF title: Final Placings,
amnd-winter-2005-sub-junior-2,woods-panthers,,archive:amnd-winter-2005:sub-junior-2:woods-panthers:none,Woods Panthers,4,1,,,,,,,,,,,,,archive_pdf,final_premiership_placings,Archive PDF title: Final Placings,
amnd-winter-2005-sub-junior-2,tango-netball-club-inc,,archive:amnd-winter-2005:sub-junior-2:tango-netball-club-inc:none,Tango,5,0,,,,,,,,,,,,,archive_pdf,final_premiership_placings,Archive PDF title: Final Placings,
amnd-winter-2005-sub-junior-2,garville,,archive:amnd-winter-2005:sub-junior-2:garville:none,Garville,6,0,,,,,,,,,,,,,archive_pdf,final_premiership_placings,Archive PDF title: Final Placings,
amnd-winter-2005-sub-junior-2,oakdale-netball-club-sa,,archive:amnd-winter-2005:sub-junior-2:oakdale-netball-club-sa:none,Oakdale,7,0,,,,,,,,,,,,,archive_pdf,final_premiership_placings,Archive PDF title: Final Placings,
amnd-winter-2005-sub-junior-2,norwood-netball-club,,archive:amnd-winter-2005:sub-junior-2:norwood-netball-club:none,Newton Jaguars,8,0,,,,,,,,,,,,,archive_pdf,final_premiership_placings,Archive PDF title: Final Placings,
amnd-winter-2005-sub-junior-3,contax,,archive:amnd-winter-2005:sub-junior-3:contax:none,Contax,1,1,,,,,,,,,,,,,archive_pdf,final_premiership_placings,Archive PDF title: Final Placings,
amnd-winter-2005-sub-junior-3,metro-jets,,archive:amnd-winter-2005:sub-junior-3:metro-jets:none,Western Jets,2,1,,,,,,,,,,,,,archive_pdf,final_premiership_placings,Archive PDF title: Final Placings,
amnd-winter-2005-sub-junior-3,woods-panthers,,archive:amnd-winter-2005:sub-junior-3:woods-panthers:none,Woods Panthers,3,1,,,,,,,,,,,,,archive_pdf,final_premiership_placings,Archive PDF title: Final Placings,
amnd-winter-2005-sub-junior-3,harlequin,,archive:amnd-winter-2005:sub-junior-3:harlequin:none,Harlequin,4,1,,,,,,,,,,,,,archive_pdf,final_premiership_placings,Archive PDF title: Final Placings,
amnd-winter-2005-sub-junior-3,tango-netball-club-inc,,archive:amnd-winter-2005:sub-junior-3:tango-netball-club-inc:none,Tango,5,0,,,,,,,,,,,,,archive_pdf,final_premiership_placings,Archive PDF title: Final Placings,
amnd-winter-2005-sub-junior-3,adelaide-cougars,,archive:amnd-winter-2005:sub-junior-3:adelaide-cougars:none,Adelaide Cougars,6,0,,,,,,,,,,,,,archive_pdf,final_premiership_placings,Archive PDF title: Final Placings,
amnd-winter-2005-sub-junior-3,norwood-netball-club,,archive:amnd-winter-2005:sub-junior-3:norwood-netball-club:none,Newton Jaguars,7,0,,,,,,,,,,,,,archive_pdf,final_premiership_placings,Archive PDF title: Final Placings,
amnd-winter-2005-sub-junior-3,oakdale-netball-club-sa,,archive:amnd-winter-2005:sub-junior-3:oakdale-netball-club-sa:none,Oakdale,8,0,,,,,,,,,,,,,archive_pdf,final_premiership_placings,Archive PDF title: Final Placings,
amnd-winter-2005-sub-junior-4,tango-netball-club-inc,,archive:amnd-winter-2005:sub-junior-4:tango-netball-club-inc:none,Tango,1,1,,,,,,,,,,,,,archive_pdf,final_premiership_placings,Archive PDF title: Final Placings,
amnd-winter-2005-sub-junior-4,harlequin,,archive:amnd-winter-2005:sub-junior-4:harlequin:none,Harlequin,2,1,,,,,,,,,,,,,archive_pdf,final_premiership_placings,Archive PDF title: Final Placings,
amnd-winter-2005-sub-junior-4,contax,,archive:amnd-winter-2005:sub-junior-4:contax:none,Contax,3,1,,,,,,,,,,,,,archive_pdf,final_premiership_placings,Archive PDF title: Final Placings,
amnd-winter-2005-sub-junior-4,garville,2,archive:amnd-winter-2005:sub-junior-4:garville:2,Garville,4,1,,,,,,,,,,,,,archive_pdf,final_premiership_placings,Archive PDF title: Final Placings,
amnd-winter-2005-sub-junior-4,adelaide-cougars,,archive:amnd-winter-2005:sub-junior-4:adelaide-cougars:none,Adelaide Cougars,5,0,,,,,,,,,,,,,archive_pdf,final_premiership_placings,Archive PDF title: Final Placings,
amnd-winter-2005-sub-junior-4,matrics,,archive:amnd-winter-2005:sub-junior-4:matrics:none,Matrics,6,0,,,,,,,,,,,,,archive_pdf,final_premiership_placings,Archive PDF title: Final Placings,
amnd-winter-2005-sub-junior-4,woods-panthers,,archive:amnd-winter-2005:sub-junior-4:woods-panthers:none,Woods Panthers,7,0,,,,,,,,,,,,,archive_pdf,final_premiership_placings,Archive PDF title: Final Placings,
amnd-winter-2005-sub-junior-4,garville,1,archive:amnd-winter-2005:sub-junior-4:garville:1,Garville,8,0,,,,,,,,,,,,,archive_pdf,final_premiership_placings,Archive PDF title: Final Placings,
amnd-winter-2005-sub-junior-5,cheerio-netball-club,1,archive:amnd-winter-2005:sub-junior-5:cheerio-netball-club:1,Cheerio,1,1,,,,,,,,,,,,,archive_pdf,final_premiership_placings,Archive PDF title: Final Placings,
amnd-winter-2005-sub-junior-5,woods-panthers,,archive:amnd-winter-2005:sub-junior-5:woods-panthers:none,Woods Panthers,2,1,,,,,,,,,,,,,archive_pdf,final_premiership_placings,Archive PDF title: Final Placings,
amnd-winter-2005-sub-junior-5,cheerio-netball-club,2,archive:amnd-winter-2005:sub-junior-5:cheerio-netball-club:2,Cheerio,3,1,,,,,,,,,,,,,archive_pdf,final_premiership_placings,Archive PDF title: Final Placings,
amnd-winter-2005-sub-junior-5,metro-jets,,archive:amnd-winter-2005:sub-junior-5:metro-jets:none,Western Jets,4,1,,,,,,,,,,,,,archive_pdf,final_premiership_placings,Archive PDF title: Final Placings,
amnd-winter-2005-sub-junior-5,adelaide-cougars,,archive:amnd-winter-2005:sub-junior-5:adelaide-cougars:none,Adelaide Cougars,5,0,,,,,,,,,,,,,archive_pdf,final_premiership_placings,Archive PDF title: Final Placings,
amnd-winter-2005-sub-junior-5,metro-magic,,archive:amnd-winter-2005:sub-junior-5:metro-magic:none,Metro Magic,6,0,,,,,,,,,,,,,archive_pdf,final_premiership_placings,Archive PDF title: Final Placings,
amnd-winter-2005-sub-junior-5,norwood-netball-club,,archive:amnd-winter-2005:sub-junior-5:norwood-netball-club:none,Newton Jaguars,7,0,,,,,,,,,,,,,archive_pdf,final_premiership_placings,Archive PDF title: Final Placings,
amnd-winter-2005-sub-junior-5,contax,,archive:amnd-winter-2005:sub-junior-5:contax:none,Contax,8,0,,,,,,,,,,,,,archive_pdf,final_premiership_placings,Archive PDF title: Final Placings,
amnd-winter-2005-sub-junior-6,tango-netball-club-inc,2,archive:amnd-winter-2005:sub-junior-6:tango-netball-club-inc:2,Tango,1,1,,,,,,,,,,,,,archive_pdf,final_premiership_placings,Archive PDF title: Final Placings,
amnd-winter-2005-sub-junior-6,oakdale-netball-club-sa,,archive:amnd-winter-2005:sub-junior-6:oakdale-netball-club-sa:none,Oakdale,2,1,,,,,,,,,,,,,archive_pdf,final_premiership_placings,Archive PDF title: Final Placings,
amnd-winter-2005-sub-junior-6,woods-panthers,1,archive:amnd-winter-2005:sub-junior-6:woods-panthers:1,Woods Panthers,3,1,,,,,,,,,,,,,archive_pdf,final_premiership_placings,Archive PDF title: Final Placings,
amnd-winter-2005-sub-junior-6,matrics,,archive:amnd-winter-2005:sub-junior-6:matrics:none,Matrics,4,1,,,,,,,,,,,,,archive_pdf,final_premiership_placings,Archive PDF title: Final Placings,
amnd-winter-2005-sub-junior-6,woods-panthers,2,archive:amnd-winter-2005:sub-junior-6:woods-panthers:2,Woods Panthers,5,0,,,,,,,,,,,,,archive_pdf,final_premiership_placings,Archive PDF title: Final Placings,
amnd-winter-2005-sub-junior-6,tango-netball-club-inc,1,archive:amnd-winter-2005:sub-junior-6:tango-netball-club-inc:1,Tango,6,0,,,,,,,,,,,,,archive_pdf,final_premiership_placings,Archive PDF title: Final Placings,
amnd-winter-2005-sub-junior-6,metro-magic,,archive:amnd-winter-2005:sub-junior-6:metro-magic:none,Metro Magic,7,0,,,,,,,,,,,,,archive_pdf,final_premiership_placings,Archive PDF title: Final Placings,
amnd-winter-2005-sub-junior-6,semaphore,,archive:amnd-winter-2005:sub-junior-6:semaphore:none,Semaphore,8,0,,,,,,,,,,,,,archive_pdf,final_premiership_placings,Archive PDF title: Final Placings,
amnd-winter-2005-sub-junior-7,glandore,,archive:amnd-winter-2005:sub-junior-7:glandore:none,Glandore,1,1,,,,,,,,,,,,,archive_pdf,final_premiership_placings,Archive PDF title: Final Placings,
amnd-winter-2005-sub-junior-7,garville,1,archive:amnd-winter-2005:sub-junior-7:garville:1,Garville,2,1,,,,,,,,,,,,,archive_pdf,final_premiership_placings,Archive PDF title: Final Placings,
amnd-winter-2005-sub-junior-7,metro-jets,,archive:amnd-winter-2005:sub-junior-7:metro-jets:none,Western Jets,3,1,,,,,,,,,,,,,archive_pdf,final_premiership_placings,Archive PDF title: Final Placings,
amnd-winter-2005-sub-junior-7,garville,2,archive:amnd-winter-2005:sub-junior-7:garville:2,Garville,4,1,,,,,,,,,,,,,archive_pdf,final_premiership_placings,Archive PDF title: Final Placings,
amnd-winter-2005-sub-junior-7,cheerio-netball-club,,archive:amnd-winter-2005:sub-junior-7:cheerio-netball-club:none,Cheerio,5,0,,,,,,,,,,,,,archive_pdf,final_premiership_placings,Archive PDF title: Final Placings,
amnd-winter-2005-sub-junior-7,norwood-netball-club,,archive:amnd-winter-2005:sub-junior-7:norwood-netball-club:none,Newton Jaguars,6,0,,,,,,,,,,,,,archive_pdf,final_premiership_placings,Archive PDF title: Final Placings,
amnd-winter-2006-amnd-league,oakdale-netball-club-sa,,archive:amnd-winter-2006:amnd-league:oakdale-netball-club-sa:none,Oakdale,1,1,,,,,,,,,,,,,archive_pdf,final_premiership_placings,,
amnd-winter-2006-amnd-league,woods-panthers,,archive:amnd-winter-2006:amnd-league:woods-panthers:none,Woods Panthers,2,1,,,,,,,,,,,,,archive_pdf,final_premiership_placings,,
amnd-winter-2006-amnd-league,harlequin,,archive:amnd-winter-2006:amnd-league:harlequin:none,Harlequin,3,1,,,,,,,,,,,,,archive_pdf,final_premiership_placings,,
amnd-winter-2006-amnd-league,cheerio-netball-club,,archive:amnd-winter-2006:amnd-league:cheerio-netball-club:none,Cheerio,4,1,,,,,,,,,,,,,archive_pdf,final_premiership_placings,,
amnd-winter-2006-amnd-league,contax,,archive:amnd-winter-2006:amnd-league:contax:none,Contax,5,0,,,,,,,,,,,,,archive_pdf,final_premiership_placings,,
amnd-winter-2006-amnd-league,glandore-clovelly-park,,archive:amnd-winter-2006:amnd-league:glandore-clovelly-park:none,Glandore/Clov.Pk,6,0,,,,,,,,,,,,,archive_pdf,final_premiership_placings,,
amnd-winter-2006-amnd-league,norwood-netball-club,,archive:amnd-winter-2006:amnd-league:norwood-netball-club:none,Newton Jaguars,7,0,,,,,,,,,,,,,archive_pdf,final_premiership_placings,,
amnd-winter-2006-amnd-league,garville,,archive:amnd-winter-2006:amnd-league:garville:none,Garville,8,0,,,,,,,,,,,,,archive_pdf,final_premiership_placings,,
amnd-winter-2006-amnd-league,matrics,,archive:amnd-winter-2006:amnd-league:matrics:none,Matrics,9,0,,,,,,,,,,,,,archive_pdf,final_premiership_placings,,
amnd-winter-2006-amnd-league,adelaide-cougars,,archive:amnd-winter-2006:amnd-league:adelaide-cougars:none,Adelaide Cougars,10,0,,,,,,,,,,,,,archive_pdf,final_premiership_placings,,
amnd-winter-2006-a-grade,norwood-netball-club,,archive:amnd-winter-2006:a-grade:norwood-netball-club:none,Newton Jaguars,1,1,,,,,,,,,,,,,archive_pdf,final_premiership_placings,,
amnd-winter-2006-a-grade,sacred-heart-o-c,,archive:amnd-winter-2006:a-grade:sacred-heart-o-c:none,Sacred Heart O.C.,2,1,,,,,,,,,,,,,archive_pdf,final_premiership_placings,,
amnd-winter-2006-a-grade,cheerio-netball-club,,archive:amnd-winter-2006:a-grade:cheerio-netball-club:none,Cheerio,3,1,,,,,,,,,,,,,archive_pdf,final_premiership_placings,,
amnd-winter-2006-a-grade,contax,,archive:amnd-winter-2006:a-grade:contax:none,Contax,4,1,,,,,,,,,,,,,archive_pdf,final_premiership_placings,,
amnd-winter-2006-a-grade,fielders-flames,,archive:amnd-winter-2006:a-grade:fielders-flames:none,Flames,5,0,,,,,,,,,,,,,archive_pdf,final_premiership_placings,,
amnd-winter-2006-a-grade,adelaide-cougars,,archive:amnd-winter-2006:a-grade:adelaide-cougars:none,Adelaide Cougars,6,0,,,,,,,,,,,,,archive_pdf,final_premiership_placings,,
amnd-winter-2006-a-grade,woods-panthers,,archive:amnd-winter-2006:a-grade:woods-panthers:none,Woods Panthers,7,0,,,,,,,,,,,,,archive_pdf,final_premiership_placings,,
amnd-winter-2006-a-grade,glandore-clovelly-park,,archive:amnd-winter-2006:a-grade:glandore-clovelly-park:none,Glandore/Clov.Pk,8,0,,,,,,,,,,,,,archive_pdf,final_premiership_placings,,
amnd-winter-2006-a-grade,garville,,archive:amnd-winter-2006:a-grade:garville:none,Garville,9,0,,,,,,,,,,,,,archive_pdf,final_premiership_placings,,
amnd-winter-2006-a-grade,matrics,,archive:amnd-winter-2006:a-grade:matrics:none,Matrics,10,0,,,,,,,,,,,,,archive_pdf,final_premiership_placings,,
amnd-winter-2006-b-1,contax,,archive:amnd-winter-2006:b-1:contax:none,Contax,1,1,,,,,,,,,,,,,archive_pdf,final_premiership_placings,,
amnd-winter-2006-b-1,adelaide-university,,archive:amnd-winter-2006:b-1:adelaide-university:none,Adelaide Uni.,2,1,,,,,,,,,,,,,archive_pdf,final_premiership_placings,,
amnd-winter-2006-b-1,metro-jets,,archive:amnd-winter-2006:b-1:metro-jets:none,Western Jets,3,1,,,,,,,,,,,,,archive_pdf,final_premiership_placings,,
amnd-winter-2006-b-1,city-coasters,,archive:amnd-winter-2006:b-1:city-coasters:none,City Coasters,4,1,,,,,,,,,,,,,archive_pdf,final_premiership_placings,,
amnd-winter-2006-b-1,tango-netball-club-inc,,archive:amnd-winter-2006:b-1:tango-netball-club-inc:none,Tango,5,0,,,,,,,,,,,,,archive_pdf,final_premiership_placings,,
amnd-winter-2006-b-1,oakdale-netball-club-sa,,archive:amnd-winter-2006:b-1:oakdale-netball-club-sa:none,Oakdale,6,0,,,,,,,,,,,,,archive_pdf,final_premiership_placings,,
amnd-winter-2006-b-1,harlequin,,archive:amnd-winter-2006:b-1:harlequin:none,Harlequin,7,0,,,,,,,,,,,,,archive_pdf,final_premiership_placings,,
amnd-winter-2006-b-1,pembroke-o-s,,archive:amnd-winter-2006:b-1:pembroke-o-s:none,Pembroke O.S.,8,0,,,,,,,,,,,,,archive_pdf,final_premiership_placings,,
amnd-winter-2006-b-1,adelaide-cougars,,archive:amnd-winter-2006:b-1:adelaide-cougars:none,Adelaide Cougars,9,0,,,,,,,,,,,,,archive_pdf,final_premiership_placings,,
amnd-winter-2006-b-1,garville,,archive:amnd-winter-2006:b-1:garville:none,Garville,10,0,,,,,,,,,,,,,archive_pdf,final_premiership_placings,,
amnd-winter-2006-b-2,westminster-o-s,,archive:amnd-winter-2006:b-2:westminster-o-s:none,Westminster O.S.,1,1,,,,,,,,,,,,,archive_pdf,final_premiership_placings,,
amnd-winter-2006-b-2,flinders-university,,archive:amnd-winter-2006:b-2:flinders-university:none,Flinders Uni.,2,1,,,,,,,,,,,,,archive_pdf,final_premiership_placings,,
amnd-winter-2006-b-2,contax,,archive:amnd-winter-2006:b-2:contax:none,Contax,3,1,,,,,,,,,,,,,archive_pdf,final_premiership_placings,,
amnd-winter-2006-b-2,cheerio-netball-club,,archive:amnd-winter-2006:b-2:cheerio-netball-club:none,Cheerio,4,1,,,,,,,,,,,,,archive_pdf,final_premiership_placings,,
amnd-winter-2006-b-2,woods-panthers,,archive:amnd-winter-2006:b-2:woods-panthers:none,Woods Panthers,5,0,,,,,,,,,,,,,archive_pdf,final_premiership_placings,,
amnd-winter-2006-b-2,glandore-clovelly-park,,archive:amnd-winter-2006:b-2:glandore-clovelly-park:none,Glandore/Clov.Pk,6,0,,,,,,,,,,,,,archive_pdf,final_premiership_placings,,
amnd-winter-2006-b-2,harlequin,,archive:amnd-winter-2006:b-2:harlequin:none,Harlequin,7,0,,,,,,,,,,,,,archive_pdf,final_premiership_placings,,
amnd-winter-2006-b-2,adelaide-university,,archive:amnd-winter-2006:b-2:adelaide-university:none,Adelaide Uni.,8,0,,,,,,,,,,,,,archive_pdf,final_premiership_placings,,
amnd-winter-2006-b-2,oakdale-netball-club-sa,,archive:amnd-winter-2006:b-2:oakdale-netball-club-sa:none,Oakdale,9,0,,,,,,,,,,,,,archive_pdf,final_premiership_placings,,
amnd-winter-2006-b-2,matrics,,archive:amnd-winter-2006:b-2:matrics:none,Matrics,10,0,,,,,,,,,,,,,archive_pdf,final_premiership_placings,,
amnd-winter-2006-b-3,adelaide-university,,archive:amnd-winter-2006:b-3:adelaide-university:none,Adelaide Uni.,1,1,,,,,,,,,,,,,archive_pdf,final_premiership_placings,,
amnd-winter-2006-b-3,contax,,archive:amnd-winter-2006:b-3:contax:none,Contax,2,1,,,,,,,,,,,,,archive_pdf,final_premiership_placings,,
amnd-winter-2006-b-3,semaphore,,archive:amnd-winter-2006:b-3:semaphore:none,Semaphore,3,1,,,,,,,,,,,,,archive_pdf,final_premiership_placings,,
amnd-winter-2006-b-3,norwood-netball-club,,archive:amnd-winter-2006:b-3:norwood-netball-club:none,Newton Jaguars,4,1,,,,,,,,,,,,,archive_pdf,final_premiership_placings,,
amnd-winter-2006-b-3,tango-netball-club-inc,,archive:amnd-winter-2006:b-3:tango-netball-club-inc:none,Tango,5,0,,,,,,,,,,,,,archive_pdf,final_premiership_placings,,
amnd-winter-2006-b-3,cheerio-netball-club,,archive:amnd-winter-2006:b-3:cheerio-netball-club:none,Cheerio,6,0,,,,,,,,,,,,,archive_pdf,final_premiership_placings,,
amnd-winter-2006-b-3,woods-panthers,,archive:amnd-winter-2006:b-3:woods-panthers:none,Woods Panthers,7,0,,,,,,,,,,,,,archive_pdf,final_premiership_placings,,
amnd-winter-2006-b-3,adelaide-cougars,,archive:amnd-winter-2006:b-3:adelaide-cougars:none,Adelaide Cougars,8,0,,,,,,,,,,,,,archive_pdf,final_premiership_placings,,
amnd-winter-2006-b-3,glandore-clovelly-park,,archive:amnd-winter-2006:b-3:glandore-clovelly-park:none,Glandore/Clov.Pk,9,0,,,,,,,,,,,,,archive_pdf,final_premiership_placings,,
amnd-winter-2006-b-3,city-coasters,,archive:amnd-winter-2006:b-3:city-coasters:none,City Coasters,10,0,,,,,,,,,,,,,archive_pdf,final_premiership_placings,,
amnd-winter-2006-b-4,noarlunga,,archive:amnd-winter-2006:b-4:noarlunga:none,Noarlunga,1,1,,,,,,,,,,,,,archive_pdf,final_premiership_placings,,
amnd-winter-2006-b-4,flinders-university,,archive:amnd-winter-2006:b-4:flinders-university:none,Flinders Uni.,2,1,,,,,,,,,,,,,archive_pdf,final_premiership_placings,,
amnd-winter-2006-b-4,contax,,archive:amnd-winter-2006:b-4:contax:none,Contax,3,1,,,,,,,,,,,,,archive_pdf,final_premiership_placings,,
amnd-winter-2006-b-4,sacred-heart-o-c,,archive:amnd-winter-2006:b-4:sacred-heart-o-c:none,Sacred Heart O.C.,4,1,,,,,,,,,,,,,archive_pdf,final_premiership_placings,,
amnd-winter-2006-b-4,harlequin,,archive:amnd-winter-2006:b-4:harlequin:none,Harlequin,5,0,,,,,,,,,,,,,archive_pdf,final_premiership_placings,,
amnd-winter-2006-b-4,metro-jets,,archive:amnd-winter-2006:b-4:metro-jets:none,Western Jets,6,0,,,,,,,,,,,,,archive_pdf,final_premiership_placings,,
amnd-winter-2006-b-4,garville,,archive:amnd-winter-2006:b-4:garville:none,Garville,7,0,,,,,,,,,,,,,archive_pdf,final_premiership_placings,,
amnd-winter-2006-b-4,norwood-netball-club,,archive:amnd-winter-2006:b-4:norwood-netball-club:none,Newton Jaguars,8,0,,,,,,,,,,,,,archive_pdf,final_premiership_placings,,
amnd-winter-2006-b-4,oakdale-netball-club-sa,,archive:amnd-winter-2006:b-4:oakdale-netball-club-sa:none,Oakdale,9,0,,,,,,,,,,,,,archive_pdf,final_premiership_placings,,
amnd-winter-2006-b-4,pembroke-o-s,,archive:amnd-winter-2006:b-4:pembroke-o-s:none,Pembroke O.S.,10,0,,,,,,,,,,,,,archive_pdf,final_premiership_placings,,
amnd-winter-2006-c-1,seymour-o-c,,archive:amnd-winter-2006:c-1:seymour-o-c:none,Seymour O.C.,1,1,,,,,,,,,,,,,archive_pdf,final_premiership_placings,,
amnd-winter-2006-c-1,scotch-old-scholars,,archive:amnd-winter-2006:c-1:scotch-old-scholars:none,Scotch College O.S.,2,1,,,,,,,,,,,,,archive_pdf,final_premiership_placings,,
amnd-winter-2006-c-1,fielders-flames,,archive:amnd-winter-2006:c-1:fielders-flames:none,Flames,3,1,,,,,,,,,,,,,archive_pdf,final_premiership_placings,,
amnd-winter-2006-c-1,cove-lightning,,archive:amnd-winter-2006:c-1:cove-lightning:none,Cove Lightning,4,1,,,,,,,,,,,,,archive_pdf,final_premiership_placings,,
amnd-winter-2006-c-1,garville,,archive:amnd-winter-2006:c-1:garville:none,Garville,5,0,,,,,,,,,,,,,archive_pdf,final_premiership_placings,,
amnd-winter-2006-c-1,tango-netball-club-inc,,archive:amnd-winter-2006:c-1:tango-netball-club-inc:none,Tango,6,0,,,,,,,,,,,,,archive_pdf,final_premiership_placings,,
amnd-winter-2006-c-1,adelaide-university,,archive:amnd-winter-2006:c-1:adelaide-university:none,Adelaide Uni.,7,0,,,,,,,,,,,,,archive_pdf,final_premiership_placings,,
amnd-winter-2006-c-1,city-coasters,,archive:amnd-winter-2006:c-1:city-coasters:none,City Coasters,8,0,,,,,,,,,,,,,archive_pdf,final_premiership_placings,,
amnd-winter-2006-c-1,matrics,,archive:amnd-winter-2006:c-1:matrics:none,Matrics,9,0,,,,,,,,,,,,,archive_pdf,final_premiership_placings,,
amnd-winter-2006-c-1,glandore-clovelly-park,,archive:amnd-winter-2006:c-1:glandore-clovelly-park:none,Glandore/Clov.Pk,10,0,,,,,,,,,,,,,archive_pdf,final_premiership_placings,,
amnd-winter-2006-c-2,adelaide-cougars,,archive:amnd-winter-2006:c-2:adelaide-cougars:none,Adelaide Cougars,1,1,,,,,,,,,,,,,archive_pdf,final_premiership_placings,,
amnd-winter-2006-c-2,woods-panthers,,archive:amnd-winter-2006:c-2:woods-panthers:none,Woods Panthers,2,1,,,,,,,,,,,,,archive_pdf,final_premiership_placings,,
amnd-winter-2006-c-2,cheerio-netball-club,,archive:amnd-winter-2006:c-2:cheerio-netball-club:none,Cheerio,3,1,,,,,,,,,,,,,archive_pdf,final_premiership_placings,,
amnd-winter-2006-c-2,westminster-o-s,,archive:amnd-winter-2006:c-2:westminster-o-s:none,Westminster O.S.,4,1,,,,,,,,,,,,,archive_pdf,final_premiership_placings,,
amnd-winter-2006-c-2,flinders-university,,archive:amnd-winter-2006:c-2:flinders-university:none,Flinders Uni.,5,0,,,,,,,,,,,,,archive_pdf,final_premiership_placings,,
amnd-winter-2006-c-2,adelaide-university,2,archive:amnd-winter-2006:c-2:adelaide-university:2,Adelaide Uni.,6,0,,,,,,,,,,,,,archive_pdf,final_premiership_placings,,
amnd-winter-2006-c-2,metro-jets,,archive:amnd-winter-2006:c-2:metro-jets:none,Western Jets,7,0,,,,,,,,,,,,,archive_pdf,final_premiership_placings,,
amnd-winter-2006-c-2,adelaide-university,1,archive:amnd-winter-2006:c-2:adelaide-university:1,Adelaide Uni.,8,0,,,,,,,,,,,,,archive_pdf,final_premiership_placings,,
amnd-winter-2006-c-2,contax,,archive:amnd-winter-2006:c-2:contax:none,Contax,9,0,,,,,,,,,,,,,archive_pdf,final_premiership_placings,,
amnd-winter-2006-c-2,glandore-clovelly-park,,archive:amnd-winter-2006:c-2:glandore-clovelly-park:none,Glandore/Clov.Pk,10,0,,,,,,,,,,,,,archive_pdf,final_premiership_placings,,
amnd-winter-2006-c-3,harlequin,,archive:amnd-winter-2006:c-3:harlequin:none,Harlequin,1,1,,,,,,,,,,,,,archive_pdf,final_premiership_placings,,
amnd-winter-2006-c-3,flinders-university,,archive:amnd-winter-2006:c-3:flinders-university:none,Flinders Uni.,2,1,,,,,,,,,,,,,archive_pdf,final_premiership_placings,,
amnd-winter-2006-c-3,semaphore,,archive:amnd-winter-2006:c-3:semaphore:none,Semaphore,3,1,,,,,,,,,,,,,archive_pdf,final_premiership_placings,,
amnd-winter-2006-c-3,sacred-heart-o-c,,archive:amnd-winter-2006:c-3:sacred-heart-o-c:none,Sacred Heart O.S.,4,1,,,,,,,,,,,,,archive_pdf,final_premiership_placings,,
amnd-winter-2006-c-3,adelaide-university,,archive:amnd-winter-2006:c-3:adelaide-university:none,Adelaide Uni.,5,0,,,,,,,,,,,,,archive_pdf,final_premiership_placings,,
amnd-winter-2006-c-3,cheerio-netball-club,,archive:amnd-winter-2006:c-3:cheerio-netball-club:none,Cheerio,6,0,,,,,,,,,,,,,archive_pdf,final_premiership_placings,,
amnd-winter-2006-c-4,woods-panthers,,archive:amnd-winter-2006:c-4:woods-panthers:none,Woods Panthers,1,1,,,,,,,,,,,,,archive_pdf,final_premiership_placings,,
amnd-winter-2006-c-4,tango-netball-club-inc,,archive:amnd-winter-2006:c-4:tango-netball-club-inc:none,Tango,2,1,,,,,,,,,,,,,archive_pdf,final_premiership_placings,,
amnd-winter-2006-c-4,sacred-heart-o-c,,archive:amnd-winter-2006:c-4:sacred-heart-o-c:none,Sacred Heart O.C.,3,1,,,,,,,,,,,,,archive_pdf,final_premiership_placings,,
amnd-winter-2006-c-4,glandore-clovelly-park,,archive:amnd-winter-2006:c-4:glandore-clovelly-park:none,Glandore/Clov.Pk,4,1,,,,,,,,,,,,,archive_pdf,final_premiership_placings,,
amnd-winter-2006-c-4,city-coasters,,archive:amnd-winter-2006:c-4:city-coasters:none,City Coasters,5,0,,,,,,,,,,,,,archive_pdf,final_premiership_placings,,
amnd-winter-2006-c-4,flinders-university,,archive:amnd-winter-2006:c-4:flinders-university:none,Flinders Uni.,6,0,,,,,,,,,,,,,archive_pdf,final_premiership_placings,,
amnd-winter-2006-c-4,pembroke-o-s,,archive:amnd-winter-2006:c-4:pembroke-o-s:none,Pembroke O.S.,7,0,,,,,,,,,,,,,archive_pdf,final_premiership_placings,,
amnd-winter-2006-c-4,adelaide-university,,archive:amnd-winter-2006:c-4:adelaide-university:none,Adelaide Uni.,8,0,,,,,,,,,,,,,archive_pdf,final_premiership_placings,,
amnd-winter-2006-h-grade,norwood-netball-club,,archive:amnd-winter-2006:h-grade:norwood-netball-club:none,Jaguars,1,1,,,,,,,,,,,,,archive_pdf,final_premiership_placings,,
amnd-winter-2006-h-grade,metro-jets,,archive:amnd-winter-2006:h-grade:metro-jets:none,Western Jets,2,1,,,,,,,,,,,,,archive_pdf,final_premiership_placings,,
amnd-winter-2006-h-grade,harlequin,,archive:amnd-winter-2006:h-grade:harlequin:none,Harlequin,3,1,,,,,,,,,,,,,archive_pdf,final_premiership_placings,,
amnd-winter-2006-h-grade,kilburn-knights,,archive:amnd-winter-2006:h-grade:kilburn-knights:none,Kilburn Knights,4,1,,,,,,,,,,,,,archive_pdf,final_premiership_placings,,
amnd-winter-2006-h-grade,panthers,,archive:amnd-winter-2006:h-grade:panthers:none,Panthers,5,0,,,,,,,,,,,,,archive_pdf,final_premiership_placings,,
amnd-winter-2006-inter-1,oakdale-netball-club-sa,,archive:amnd-winter-2006:inter-1:oakdale-netball-club-sa:none,Oakdale,1,1,,,,,,,,,,,,,archive_pdf,final_premiership_placings,,
amnd-winter-2006-inter-1,harlequin,,archive:amnd-winter-2006:inter-1:harlequin:none,Harlequin,2,1,,,,,,,,,,,,,archive_pdf,final_premiership_placings,,
amnd-winter-2006-inter-1,contax,,archive:amnd-winter-2006:inter-1:contax:none,Contax,3,1,,,,,,,,,,,,,archive_pdf,final_premiership_placings,,
amnd-winter-2006-inter-1,norwood-netball-club,,archive:amnd-winter-2006:inter-1:norwood-netball-club:none,Newton Jaguars,4,1,,,,,,,,,,,,,archive_pdf,final_premiership_placings,,
amnd-winter-2006-inter-1,woods-panthers,,archive:amnd-winter-2006:inter-1:woods-panthers:none,Woods Panthers,5,0,,,,,,,,,,,,,archive_pdf,final_premiership_placings,,
amnd-winter-2006-inter-1,tango-netball-club-inc,,archive:amnd-winter-2006:inter-1:tango-netball-club-inc:none,Tango,6,0,,,,,,,,,,,,,archive_pdf,final_premiership_placings,,
amnd-winter-2006-inter-1,matrics,,archive:amnd-winter-2006:inter-1:matrics:none,Matrics,7,0,,,,,,,,,,,,,archive_pdf,final_premiership_placings,,
amnd-winter-2006-inter-1,cheerio-netball-club,,archive:amnd-winter-2006:inter-1:cheerio-netball-club:none,Cheerio,8,0,,,,,,,,,,,,,archive_pdf,final_premiership_placings,,
amnd-winter-2006-inter-1,garville,,archive:amnd-winter-2006:inter-1:garville:none,Garville,9,0,,,,,,,,,,,,,archive_pdf,final_premiership_placings,,
amnd-winter-2006-inter-1,adelaide-cougars,,archive:amnd-winter-2006:inter-1:adelaide-cougars:none,Adelaide Cougars,10,0,,,,,,,,,,,,,archive_pdf,final_premiership_placings,,
amnd-winter-2006-inter-2,harlequin,,archive:amnd-winter-2006:inter-2:harlequin:none,Harlequin,1,1,,,,,,,,,,,,,archive_pdf,final_premiership_placings,,
amnd-winter-2006-inter-2,contax,,archive:amnd-winter-2006:inter-2:contax:none,Contax,2,1,,,,,,,,,,,,,archive_pdf,final_premiership_placings,,
amnd-winter-2006-inter-2,woods-panthers,,archive:amnd-winter-2006:inter-2:woods-panthers:none,Woods Panthers,3,1,,,,,,,,,,,,,archive_pdf,final_premiership_placings,,
amnd-winter-2006-inter-2,norwood-netball-club,,archive:amnd-winter-2006:inter-2:norwood-netball-club:none,Newton Jaguars,4,1,,,,,,,,,,,,,archive_pdf,final_premiership_placings,,
amnd-winter-2006-inter-2,adelaide-cougars,,archive:amnd-winter-2006:inter-2:adelaide-cougars:none,Adelaide Cougars,5,0,,,,,,,,,,,,,archive_pdf,final_premiership_placings,,
amnd-winter-2006-inter-2,garville,,archive:amnd-winter-2006:inter-2:garville:none,Garville,6,0,,,,,,,,,,,,,archive_pdf,final_premiership_placings,,
amnd-winter-2006-inter-2,oakdale-netball-club-sa,,archive:amnd-winter-2006:inter-2:oakdale-netball-club-sa:none,Oakdale,7,0,,,,,,,,,,,,,archive_pdf,final_premiership_placings,,
amnd-winter-2006-inter-2,tango-netball-club-inc,,archive:amnd-winter-2006:inter-2:tango-netball-club-inc:none,Tango,8,0,,,,,,,,,,,,,archive_pdf,final_premiership_placings,,
amnd-winter-2006-inter-2,matrics,,archive:amnd-winter-2006:inter-2:matrics:none,Matrics,9,0,,,,,,,,,,,,,archive_pdf,final_premiership_placings,,
amnd-winter-2006-inter-2,metro-jets,,archive:amnd-winter-2006:inter-2:metro-jets:none,Western Jets,10,0,,,,,,,,,,,,,archive_pdf,final_premiership_placings,,
amnd-winter-2006-inter-3,heatwave,,archive:amnd-winter-2006:inter-3:heatwave:none,Heatwave,1,1,,,,,,,,,,,,,archive_pdf,final_premiership_placings,,
amnd-winter-2006-inter-3,contax,1,archive:amnd-winter-2006:inter-3:contax:1,Contax,2,1,,,,,,,,,,,,,archive_pdf,final_premiership_placings,,
amnd-winter-2006-inter-3,woods-panthers,,archive:amnd-winter-2006:inter-3:woods-panthers:none,Woods Panthers,3,1,,,,,,,,,,,,,archive_pdf,final_premiership_placings,,
amnd-winter-2006-inter-3,northeast-zodiac,,archive:amnd-winter-2006:inter-3:northeast-zodiac:none,Northeast Zodiacs,4,1,,,,,,,,,,,,,archive_pdf,final_premiership_placings,,
amnd-winter-2006-inter-3,contax,2,archive:amnd-winter-2006:inter-3:contax:2,Contax,5,0,,,,,,,,,,,,,archive_pdf,final_premiership_placings,,
amnd-winter-2006-inter-3,norwood-netball-club,,archive:amnd-winter-2006:inter-3:norwood-netball-club:none,Newton Jaguars,6,0,,,,,,,,,,,,,archive_pdf,final_premiership_placings,,
amnd-winter-2006-inter-3,harlequin,,archive:amnd-winter-2006:inter-3:harlequin:none,Harlequin,7,0,,,,,,,,,,,,,archive_pdf,final_premiership_placings,,
amnd-winter-2006-inter-3,glandore-clovelly-park,,archive:amnd-winter-2006:inter-3:glandore-clovelly-park:none,Glandore/Clov.Pk,8,0,,,,,,,,,,,,,archive_pdf,final_premiership_placings,,
amnd-winter-2006-inter-3,garville,,archive:amnd-winter-2006:inter-3:garville:none,Garville,9,0,,,,,,,,,,,,,archive_pdf,final_premiership_placings,,
amnd-winter-2006-inter-3,adelaide-cougars,,archive:amnd-winter-2006:inter-3:adelaide-cougars:none,Adelaide Cougars,10,0,,,,,,,,,,,,,archive_pdf,final_premiership_placings,,
amnd-winter-2006-inter-4,matrics,,archive:amnd-winter-2006:inter-4:matrics:none,Matrics,1,1,,,,,,,,,,,,,archive_pdf,final_premiership_placings,,
amnd-winter-2006-inter-4,woods-panthers,,archive:amnd-winter-2006:inter-4:woods-panthers:none,Woods Panthers,2,1,,,,,,,,,,,,,archive_pdf,final_premiership_placings,,
amnd-winter-2006-inter-4,adelaide-cougars,,archive:amnd-winter-2006:inter-4:adelaide-cougars:none,Adelaide Cougars,3,1,,,,,,,,,,,,,archive_pdf,final_premiership_placings,,
amnd-winter-2006-inter-4,norwood-netball-club,,archive:amnd-winter-2006:inter-4:norwood-netball-club:none,Newton Jaguars,4,1,,,,,,,,,,,,,archive_pdf,final_premiership_placings,,
amnd-winter-2006-inter-4,cheerio-netball-club,,archive:amnd-winter-2006:inter-4:cheerio-netball-club:none,Cheerio,5,0,,,,,,,,,,,,,archive_pdf,final_premiership_placings,,
amnd-winter-2006-inter-4,oakdale-netball-club-sa,,archive:amnd-winter-2006:inter-4:oakdale-netball-club-sa:none,Oakdale,6,0,,,,,,,,,,,,,archive_pdf,final_premiership_placings,,
amnd-winter-2006-inter-4,garville,,archive:amnd-winter-2006:inter-4:garville:none,Garville,7,0,,,,,,,,,,,,,archive_pdf,final_premiership_placings,,
amnd-winter-2006-inter-4,metro-jets,,archive:amnd-winter-2006:inter-4:metro-jets:none,Western Jets,8,0,,,,,,,,,,,,,archive_pdf,final_premiership_placings,,
amnd-winter-2006-inter-5,tango-netball-club-inc,,archive:amnd-winter-2006:inter-5:tango-netball-club-inc:none,Tango,1,1,,,,,,,,,,,,,archive_pdf,final_premiership_placings,,
amnd-winter-2006-inter-5,norwood-netball-club,,archive:amnd-winter-2006:inter-5:norwood-netball-club:none,Newton Jaguars,2,1,,,,,,,,,,,,,archive_pdf,final_premiership_placings,,
amnd-winter-2006-inter-5,contax,,archive:amnd-winter-2006:inter-5:contax:none,Contax,3,1,,,,,,,,,,,,,archive_pdf,final_premiership_placings,,
amnd-winter-2006-inter-5,garville,,archive:amnd-winter-2006:inter-5:garville:none,Garville,4,1,,,,,,,,,,,,,archive_pdf,final_premiership_placings,,
amnd-winter-2006-inter-5,woods-panthers,,archive:amnd-winter-2006:inter-5:woods-panthers:none,Woods Panthers,5,0,,,,,,,,,,,,,archive_pdf,final_premiership_placings,,
amnd-winter-2006-inter-5,cheerio-netball-club,,archive:amnd-winter-2006:inter-5:cheerio-netball-club:none,Cheerio,6,0,,,,,,,,,,,,,archive_pdf,final_premiership_placings,,
amnd-winter-2006-inter-5,glandore-clovelly-park,,archive:amnd-winter-2006:inter-5:glandore-clovelly-park:none,Glandore/Clov.Pk,7,0,,,,,,,,,,,,,archive_pdf,final_premiership_placings,,
amnd-winter-2006-junior-1,harlequin,,archive:amnd-winter-2006:junior-1:harlequin:none,Harlequin,1,1,,,,,,,,,,,,,archive_pdf,final_premiership_placings,,
amnd-winter-2006-junior-1,contax,,archive:amnd-winter-2006:junior-1:contax:none,Contax,2,1,,,,,,,,,,,,,archive_pdf,final_premiership_placings,,
amnd-winter-2006-junior-1,adelaide-cougars,,archive:amnd-winter-2006:junior-1:adelaide-cougars:none,Adelaide Cougars,3,1,,,,,,,,,,,,,archive_pdf,final_premiership_placings,,
amnd-winter-2006-junior-1,woods-panthers,1,archive:amnd-winter-2006:junior-1:woods-panthers:1,Woods Panthers,4,1,,,,,,,,,,,,,archive_pdf,final_premiership_placings,,
amnd-winter-2006-junior-1,woods-panthers,2,archive:amnd-winter-2006:junior-1:woods-panthers:2,Woods Panthers,5,0,,,,,,,,,,,,,archive_pdf,final_premiership_placings,,
amnd-winter-2006-junior-1,tango-netball-club-inc,,archive:amnd-winter-2006:junior-1:tango-netball-club-inc:none,Tango,6,0,,,,,,,,,,,,,archive_pdf,final_premiership_placings,,
amnd-winter-2006-junior-1,oakdale-netball-club-sa,,archive:amnd-winter-2006:junior-1:oakdale-netball-club-sa:none,Oakdale,7,0,,,,,,,,,,,,,archive_pdf,final_premiership_placings,,
amnd-winter-2006-junior-1,norwood-netball-club,,archive:amnd-winter-2006:junior-1:norwood-netball-club:none,Newton Jaguars,8,0,,,,,,,,,,,,,archive_pdf,final_premiership_placings,,
amnd-winter-2006-junior-1,matrics,,archive:amnd-winter-2006:junior-1:matrics:none,Matrics,9,0,,,,,,,,,,,,,archive_pdf,final_premiership_placings,,
amnd-winter-2006-junior-1,garville,,archive:amnd-winter-2006:junior-1:garville:none,Garville,10,0,,,,,,,,,,,,,archive_pdf,final_premiership_placings,,
amnd-winter-2006-junior-2,harlequin,1,archive:amnd-winter-2006:junior-2:harlequin:1,Harlequin,1,1,,,,,,,,,,,,,archive_pdf,final_premiership_placings,,
amnd-winter-2006-junior-2,contax,,archive:amnd-winter-2006:junior-2:contax:none,Contax,2,1,,,,,,,,,,,,,archive_pdf,final_premiership_placings,,
amnd-winter-2006-junior-2,adelaide-cougars,,archive:amnd-winter-2006:junior-2:adelaide-cougars:none,Adelaide Cougars,3,1,,,,,,,,,,,,,archive_pdf,final_premiership_placings,,
amnd-winter-2006-junior-2,harlequin,2,archive:amnd-winter-2006:junior-2:harlequin:2,Harlequin,4,1,,,,,,,,,,,,,archive_pdf,final_premiership_placings,,
amnd-winter-2006-junior-2,metro-jets,,archive:amnd-winter-2006:junior-2:metro-jets:none,Western Jets,5,0,,,,,,,,,,,,,archive_pdf,final_premiership_placings,,
amnd-winter-2006-junior-2,garville,,archive:amnd-winter-2006:junior-2:garville:none,Garville,6,0,,,,,,,,,,,,,archive_pdf,final_premiership_placings,,
amnd-winter-2006-junior-2,norwood-netball-club,,archive:amnd-winter-2006:junior-2:norwood-netball-club:none,Newton Jaguars,7,0,,,,,,,,,,,,,archive_pdf,final_premiership_placings,,
amnd-winter-2006-junior-2,tango-netball-club-inc,,archive:amnd-winter-2006:junior-2:tango-netball-club-inc:none,Tango,8,0,,,,,,,,,,,,,archive_pdf,final_premiership_placings,,
amnd-winter-2006-junior-2,woods-panthers,,archive:amnd-winter-2006:junior-2:woods-panthers:none,Woods Panthers,9,0,,,,,,,,,,,,,archive_pdf,final_premiership_placings,,
amnd-winter-2006-junior-2,cheerio-netball-club,,archive:amnd-winter-2006:junior-2:cheerio-netball-club:none,Cheerio,10,0,,,,,,,,,,,,,archive_pdf,final_premiership_placings,,
amnd-winter-2006-junior-3,contax,2,archive:amnd-winter-2006:junior-3:contax:2,Contax,1,1,,,,,,,,,,,,,archive_pdf,final_premiership_placings,,
amnd-winter-2006-junior-3,tango-netball-club-inc,,archive:amnd-winter-2006:junior-3:tango-netball-club-inc:none,Tango,2,1,,,,,,,,,,,,,archive_pdf,final_premiership_placings,,
amnd-winter-2006-junior-3,metro-jets,,archive:amnd-winter-2006:junior-3:metro-jets:none,Western Jets,3,1,,,,,,,,,,,,,archive_pdf,final_premiership_placings,,
amnd-winter-2006-junior-3,contax,1,archive:amnd-winter-2006:junior-3:contax:1,Contax,4,1,,,,,,,,,,,,,archive_pdf,final_premiership_placings,,
amnd-winter-2006-junior-3,oakdale-netball-club-sa,,archive:amnd-winter-2006:junior-3:oakdale-netball-club-sa:none,Oakdale,5,0,,,,,,,,,,,,,archive_pdf,final_premiership_placings,,
amnd-winter-2006-junior-3,harlequin,,archive:amnd-winter-2006:junior-3:harlequin:none,Harlequin,6,0,,,,,,,,,,,,,archive_pdf,final_premiership_placings,,
amnd-winter-2006-junior-3,adelaide-cougars,,archive:amnd-winter-2006:junior-3:adelaide-cougars:none,Adelaide Cougars,7,0,,,,,,,,,,,,,archive_pdf,final_premiership_placings,,
amnd-winter-2006-junior-3,garville,,archive:amnd-winter-2006:junior-3:garville:none,Garville,8,0,,,,,,,,,,,,,archive_pdf,final_premiership_placings,,
amnd-winter-2006-junior-3,norwood-netball-club,,archive:amnd-winter-2006:junior-3:norwood-netball-club:none,Newton Jaguars,9,0,,,,,,,,,,,,,archive_pdf,final_premiership_placings,,
amnd-winter-2006-junior-3,matrics,,archive:amnd-winter-2006:junior-3:matrics:none,Matrics,10,0,,,,,,,,,,,,,archive_pdf,final_premiership_placings,,
amnd-winter-2006-junior-4,contax,1,archive:amnd-winter-2006:junior-4:contax:1,Contax,1,1,,,,,,,,,,,,,archive_pdf,final_premiership_placings,,
amnd-winter-2006-junior-4,metro-jets,,archive:amnd-winter-2006:junior-4:metro-jets:none,Western Jets,2,1,,,,,,,,,,,,,archive_pdf,final_premiership_placings,,
amnd-winter-2006-junior-4,contax,2,archive:amnd-winter-2006:junior-4:contax:2,Contax,3,1,,,,,,,,,,,,,archive_pdf,final_premiership_placings,,
amnd-winter-2006-junior-4,northeast-zodiac,,archive:amnd-winter-2006:junior-4:northeast-zodiac:none,Northeast Zodiacs,4,1,,,,,,,,,,,,,archive_pdf,final_premiership_placings,,
amnd-winter-2006-junior-4,tango-netball-club-inc,,archive:amnd-winter-2006:junior-4:tango-netball-club-inc:none,Tango,5,0,,,,,,,,,,,,,archive_pdf,final_premiership_placings,,
amnd-winter-2006-junior-4,adelaide-cougars,,archive:amnd-winter-2006:junior-4:adelaide-cougars:none,Adelaide Cougars,6,0,,,,,,,,,,,,,archive_pdf,final_premiership_placings,,
amnd-winter-2006-junior-4,woods-panthers,,archive:amnd-winter-2006:junior-4:woods-panthers:none,Woods Panthers,7,0,,,,,,,,,,,,,archive_pdf,final_premiership_placings,,
amnd-winter-2006-junior-4,cheerio-netball-club,,archive:amnd-winter-2006:junior-4:cheerio-netball-club:none,Cheerio,8,0,,,,,,,,,,,,,archive_pdf,final_premiership_placings,,
amnd-winter-2006-junior-5,garville,,archive:amnd-winter-2006:junior-5:garville:none,Garville,1,1,,,,,,,,,,,,,archive_pdf,final_premiership_placings,,
amnd-winter-2006-junior-5,noarlunga,,archive:amnd-winter-2006:junior-5:noarlunga:none,Noarlunga,2,1,,,,,,,,,,,,,archive_pdf,final_premiership_placings,,
amnd-winter-2006-junior-5,norwood-netball-club,,archive:amnd-winter-2006:junior-5:norwood-netball-club:none,Newton Jaguars,3,1,,,,,,,,,,,,,archive_pdf,final_premiership_placings,,
amnd-winter-2006-junior-5,metro-jets,,archive:amnd-winter-2006:junior-5:metro-jets:none,Western Jets,4,1,,,,,,,,,,,,,archive_pdf,final_premiership_placings,,
amnd-winter-2006-junior-5,tango-netball-club-inc,,archive:amnd-winter-2006:junior-5:tango-netball-club-inc:none,Tango,5,0,,,,,,,,,,,,,archive_pdf,final_premiership_placings,,
amnd-winter-2006-junior-5,adelaide-cougars,,archive:amnd-winter-2006:junior-5:adelaide-cougars:none,Adelaide Cougars,6,0,,,,,,,,,,,,,archive_pdf,final_premiership_placings,,
amnd-winter-2006-junior-5,woods-panthers,,archive:amnd-winter-2006:junior-5:woods-panthers:none,Woods Panthers,7,0,,,,,,,,,,,,,archive_pdf,final_premiership_placings,,
amnd-winter-2006-junior-5,semaphore,,archive:amnd-winter-2006:junior-5:semaphore:none,Semaphore,8,0,,,,,,,,,,,,,archive_pdf,final_premiership_placings,,
amnd-winter-2006-junior-6,contax,,archive:amnd-winter-2006:junior-6:contax:none,Contax,1,1,,,,,,,,,,,,,archive_pdf,final_premiership_placings,,
amnd-winter-2006-junior-6,garville,,archive:amnd-winter-2006:junior-6:garville:none,Garville,2,1,,,,,,,,,,,,,archive_pdf,final_premiership_placings,,
amnd-winter-2006-junior-6,tango-netball-club-inc,,archive:amnd-winter-2006:junior-6:tango-netball-club-inc:none,Tango,3,1,,,,,,,,,,,,,archive_pdf,final_premiership_placings,,
amnd-winter-2006-junior-6,woods-panthers,,archive:amnd-winter-2006:junior-6:woods-panthers:none,Woods Panthers,4,1,,,,,,,,,,,,,archive_pdf,final_premiership_placings,,
amnd-winter-2006-junior-6,norwood-netball-club,,archive:amnd-winter-2006:junior-6:norwood-netball-club:none,Newton Jaguars,5,0,,,,,,,,,,,,,archive_pdf,final_premiership_placings,,
amnd-winter-2006-junior-6,cheerio-netball-club,,archive:amnd-winter-2006:junior-6:cheerio-netball-club:none,Cheerio,6,0,,,,,,,,,,,,,archive_pdf,final_premiership_placings,,
amnd-winter-2006-junior-6,matrics,,archive:amnd-winter-2006:junior-6:matrics:none,Matrics,7,0,,,,,,,,,,,,,archive_pdf,final_premiership_placings,,
amnd-winter-2006-junior-6,oakdale-netball-club-sa,,archive:amnd-winter-2006:junior-6:oakdale-netball-club-sa:none,Oakdale,8,0,,,,,,,,,,,,,archive_pdf,final_premiership_placings,,
amnd-winter-2006-junior-7,glandore-clovelly-park,,archive:amnd-winter-2006:junior-7:glandore-clovelly-park:none,Glandore/Clov.Pk,1,1,,,,,,,,,,,,,archive_pdf,final_premiership_placings,,
amnd-winter-2006-junior-7,norwood-netball-club,,archive:amnd-winter-2006:junior-7:norwood-netball-club:none,Newton Jaguars,2,1,,,,,,,,,,,,,archive_pdf,final_premiership_placings,,
amnd-winter-2006-junior-7,adelaide-cougars,,archive:amnd-winter-2006:junior-7:adelaide-cougars:none,Adelaide Cougars,3,1,,,,,,,,,,,,,archive_pdf,final_premiership_placings,,
amnd-winter-2006-junior-7,woods-panthers,,archive:amnd-winter-2006:junior-7:woods-panthers:none,Woods Panthers,4,1,,,,,,,,,,,,,archive_pdf,final_premiership_placings,,
amnd-winter-2006-junior-7,garville,,archive:amnd-winter-2006:junior-7:garville:none,Garville,5,0,,,,,,,,,,,,,archive_pdf,final_premiership_placings,,
amnd-winter-2006-junior-7,cheerio-netball-club,,archive:amnd-winter-2006:junior-7:cheerio-netball-club:none,Cheerio,6,0,,,,,,,,,,,,,archive_pdf,final_premiership_placings,,
amnd-winter-2006-junior-7,metro-jets,,archive:amnd-winter-2006:junior-7:metro-jets:none,Western Jets,7,0,,,,,,,,,,,,,archive_pdf,final_premiership_placings,,
amnd-winter-2006-junior-7,tango-netball-club-inc,,archive:amnd-winter-2006:junior-7:tango-netball-club-inc:none,Tango,8,0,,,,,,,,,,,,,archive_pdf,final_premiership_placings,,
amnd-winter-2006-primary-1,harlequin,,archive:amnd-winter-2006:primary-1:harlequin:none,Harlequin,1,1,,,,,,,,,,,,,archive_pdf,final_premiership_placings,,
amnd-winter-2006-primary-1,tango-netball-club-inc,,archive:amnd-winter-2006:primary-1:tango-netball-club-inc:none,Tango,2,1,,,,,,,,,,,,,archive_pdf,final_premiership_placings,,
amnd-winter-2006-primary-1,contax,,archive:amnd-winter-2006:primary-1:contax:none,Contax,3,1,,,,,,,,,,,,,archive_pdf,final_premiership_placings,,
amnd-winter-2006-primary-1,matrics,,archive:amnd-winter-2006:primary-1:matrics:none,Matrics,4,1,,,,,,,,,,,,,archive_pdf,final_premiership_placings,,
amnd-winter-2006-primary-1,northeast-zodiac,,archive:amnd-winter-2006:primary-1:northeast-zodiac:none,Northeast Zodiacs,5,0,,,,,,,,,,,,,archive_pdf,final_premiership_placings,,
amnd-winter-2006-primary-1,oakdale-netball-club-sa,,archive:amnd-winter-2006:primary-1:oakdale-netball-club-sa:none,Oakdale,6,0,,,,,,,,,,,,,archive_pdf,final_premiership_placings,,
amnd-winter-2006-primary-2,metro-jets,,archive:amnd-winter-2006:primary-2:metro-jets:none,Western Jets,1,1,,,,,,,,,,,,,archive_pdf,final_premiership_placings,,
amnd-winter-2006-primary-2,garville,,archive:amnd-winter-2006:primary-2:garville:none,Garville,2,1,,,,,,,,,,,,,archive_pdf,final_premiership_placings,,
amnd-winter-2006-primary-2,tango-netball-club-inc,,archive:amnd-winter-2006:primary-2:tango-netball-club-inc:none,Tango,3,1,,,,,,,,,,,,,archive_pdf,final_premiership_placings,,
amnd-winter-2006-primary-2,norwood-netball-club,,archive:amnd-winter-2006:primary-2:norwood-netball-club:none,Newton Jaguars,4,1,,,,,,,,,,,,,archive_pdf,final_premiership_placings,,
amnd-winter-2006-primary-2,contax,,archive:amnd-winter-2006:primary-2:contax:none,Contax,5,0,,,,,,,,,,,,,archive_pdf,final_premiership_placings,,
amnd-winter-2006-primary-2,oakdale-netball-club-sa,,archive:amnd-winter-2006:primary-2:oakdale-netball-club-sa:none,Oakdale,6,0,,,,,,,,,,,,,archive_pdf,final_premiership_placings,,
amnd-winter-2006-primary-2,adelaide-cougars,,archive:amnd-winter-2006:primary-2:adelaide-cougars:none,Adelaide Cougars,7,0,,,,,,,,,,,,,archive_pdf,final_premiership_placings,,
amnd-winter-2006-primary-2,woods-panthers,,archive:amnd-winter-2006:primary-2:woods-panthers:none,Woods Panthers,8,0,,,,,,,,,,,,,archive_pdf,final_premiership_placings,,
amnd-winter-2006-primary-2,harlequin,,archive:amnd-winter-2006:primary-2:harlequin:none,Harlequin,9,0,,,,,,,,,,,,,archive_pdf,final_premiership_placings,,
amnd-winter-2006-primary-3,contax,1,archive:amnd-winter-2006:primary-3:contax:1,Contax,1,1,,,,,,,,,,,,,archive_pdf,final_premiership_placings,,
amnd-winter-2006-primary-3,woods-panthers,,archive:amnd-winter-2006:primary-3:woods-panthers:none,Woods Panthers,2,1,,,,,,,,,,,,,archive_pdf,final_premiership_placings,,
amnd-winter-2006-primary-3,tango-netball-club-inc,,archive:amnd-winter-2006:primary-3:tango-netball-club-inc:none,Tango,3,1,,,,,,,,,,,,,archive_pdf,final_premiership_placings,,
amnd-winter-2006-primary-3,harlequin,,archive:amnd-winter-2006:primary-3:harlequin:none,Harlequin,4,1,,,,,,,,,,,,,archive_pdf,final_premiership_placings,,
amnd-winter-2006-primary-3,garville,,archive:amnd-winter-2006:primary-3:garville:none,Garville,5,0,,,,,,,,,,,,,archive_pdf,final_premiership_placings,,
amnd-winter-2006-primary-3,metro-jets,,archive:amnd-winter-2006:primary-3:metro-jets:none,Western Jets,6,0,,,,,,,,,,,,,archive_pdf,final_premiership_placings,,
amnd-winter-2006-primary-3,contax,2,archive:amnd-winter-2006:primary-3:contax:2,Contax,7,0,,,,,,,,,,,,,archive_pdf,final_premiership_placings,,
amnd-winter-2006-primary-3,norwood-netball-club,,archive:amnd-winter-2006:primary-3:norwood-netball-club:none,Newton Jaguars,8,0,,,,,,,,,,,,,archive_pdf,final_premiership_placings,,
amnd-winter-2006-primary-4,adelaide-cougars,,archive:amnd-winter-2006:primary-4:adelaide-cougars:none,Adelaide Cougars,1,1,,,,,,,,,,,,,archive_pdf,final_premiership_placings,,
amnd-winter-2006-primary-4,tango-netball-club-inc,,archive:amnd-winter-2006:primary-4:tango-netball-club-inc:none,Tango,2,1,,,,,,,,,,,,,archive_pdf,final_premiership_placings,,
amnd-winter-2006-primary-4,semaphore,,archive:amnd-winter-2006:primary-4:semaphore:none,Semaphore,3,1,,,,,,,,,,,,,archive_pdf,final_premiership_placings,,
amnd-winter-2006-primary-4,matrics,,archive:amnd-winter-2006:primary-4:matrics:none,Matrics,4,1,,,,,,,,,,,,,archive_pdf,final_premiership_placings,,
amnd-winter-2006-primary-4,woods-panthers,,archive:amnd-winter-2006:primary-4:woods-panthers:none,Woods Panthers,5,0,,,,,,,,,,,,,archive_pdf,final_premiership_placings,,
amnd-winter-2006-primary-4,contax,,archive:amnd-winter-2006:primary-4:contax:none,Contax,6,0,,,,,,,,,,,,,archive_pdf,final_premiership_placings,,
amnd-winter-2006-primary-6,metro-jets,,archive:amnd-winter-2006:primary-6:metro-jets:none,Western Jets,1,1,,,,,,,,,,,,,archive_pdf,final_premiership_placings,,
amnd-winter-2006-primary-6,semaphore,,archive:amnd-winter-2006:primary-6:semaphore:none,Semaphore,2,1,,,,,,,,,,,,,archive_pdf,final_premiership_placings,,
amnd-winter-2006-primary-6,adelaide-cougars,,archive:amnd-winter-2006:primary-6:adelaide-cougars:none,Adelaide Cougars,3,1,,,,,,,,,,,,,archive_pdf,final_premiership_placings,,
amnd-winter-2006-primary-6,matrics,,archive:amnd-winter-2006:primary-6:matrics:none,Matrics,4,1,,,,,,,,,,,,,archive_pdf,final_premiership_placings,,
amnd-winter-2006-primary-6,oakdale-netball-club-sa,,archive:amnd-winter-2006:primary-6:oakdale-netball-club-sa:none,Oakdale,5,0,,,,,,,,,,,,,archive_pdf,final_premiership_placings,,
amnd-winter-2006-primary-6,garville,,archive:amnd-winter-2006:primary-6:garville:none,Garville,6,0,,,,,,,,,,,,,archive_pdf,final_premiership_placings,,
amnd-winter-2006-primary-6,cheerio-netball-club,,archive:amnd-winter-2006:primary-6:cheerio-netball-club:none,Cheerio,7,0,,,,,,,,,,,,,archive_pdf,final_premiership_placings,,
amnd-winter-2006-primary-6,woods-panthers,,archive:amnd-winter-2006:primary-6:woods-panthers:none,Woods Panthers,8,0,,,,,,,,,,,,,archive_pdf,final_premiership_placings,,
amnd-winter-2006-sub-junior-1,harlequin,,archive:amnd-winter-2006:sub-junior-1:harlequin:none,Harlequin,1,1,,,,,,,,,,,,,archive_pdf,final_premiership_placings,,
amnd-winter-2006-sub-junior-1,tango-netball-club-inc,,archive:amnd-winter-2006:sub-junior-1:tango-netball-club-inc:none,Tango,2,1,,,,,,,,,,,,,archive_pdf,final_premiership_placings,,
amnd-winter-2006-sub-junior-1,contax,1,archive:amnd-winter-2006:sub-junior-1:contax:1,Contax,3,1,,,,,,,,,,,,,archive_pdf,final_premiership_placings,,
amnd-winter-2006-sub-junior-1,metro-jets,,archive:amnd-winter-2006:sub-junior-1:metro-jets:none,Western Jets,4,1,,,,,,,,,,,,,archive_pdf,final_premiership_placings,,
amnd-winter-2006-sub-junior-1,woods-panthers,,archive:amnd-winter-2006:sub-junior-1:woods-panthers:none,Woods Panthers,5,0,,,,,,,,,,,,,archive_pdf,final_premiership_placings,,
amnd-winter-2006-sub-junior-1,matrics,,archive:amnd-winter-2006:sub-junior-1:matrics:none,Matrics,6,0,,,,,,,,,,,,,archive_pdf,final_premiership_placings,,
amnd-winter-2006-sub-junior-1,garville,,archive:amnd-winter-2006:sub-junior-1:garville:none,Garville,7,0,,,,,,,,,,,,,archive_pdf,final_premiership_placings,,
amnd-winter-2006-sub-junior-1,contax,2,archive:amnd-winter-2006:sub-junior-1:contax:2,Contax,8,0,,,,,,,,,,,,,archive_pdf,final_premiership_placings,,
amnd-winter-2006-sub-junior-2,harlequin,1,archive:amnd-winter-2006:sub-junior-2:harlequin:1,Harlequin,1,1,,,,,,,,,,,,,archive_pdf,final_premiership_placings,,
amnd-winter-2006-sub-junior-2,woods-panthers,,archive:amnd-winter-2006:sub-junior-2:woods-panthers:none,Woods Panthers,2,1,,,,,,,,,,,,,archive_pdf,final_premiership_placings,,
amnd-winter-2006-sub-junior-2,harlequin,2,archive:amnd-winter-2006:sub-junior-2:harlequin:2,Harlequin,3,1,,,,,,,,,,,,,archive_pdf,final_premiership_placings,,
amnd-winter-2006-sub-junior-2,tango-netball-club-inc,,archive:amnd-winter-2006:sub-junior-2:tango-netball-club-inc:none,Tango,4,1,,,,,,,,,,,,,archive_pdf,final_premiership_placings,,
amnd-winter-2006-sub-junior-2,metro-jets,,archive:amnd-winter-2006:sub-junior-2:metro-jets:none,Western Jets,5,0,,,,,,,,,,,,,archive_pdf,final_premiership_placings,,
amnd-winter-2006-sub-junior-2,norwood-netball-club,,archive:amnd-winter-2006:sub-junior-2:norwood-netball-club:none,Newton Jaguars,6,0,,,,,,,,,,,,,archive_pdf,final_premiership_placings,,
amnd-winter-2006-sub-junior-2,adelaide-cougars,,archive:amnd-winter-2006:sub-junior-2:adelaide-cougars:none,Adelaide Cougars,7,0,,,,,,,,,,,,,archive_pdf,final_premiership_placings,,
amnd-winter-2006-sub-junior-2,oakdale-netball-club-sa,,archive:amnd-winter-2006:sub-junior-2:oakdale-netball-club-sa:none,Oakdale,8,0,,,,,,,,,,,,,archive_pdf,final_premiership_placings,,
amnd-winter-2006-sub-junior-3,woods-panthers,,archive:amnd-winter-2006:sub-junior-3:woods-panthers:none,Woods Panthers,1,1,,,,,,,,,,,,,archive_pdf,final_premiership_placings,,
amnd-winter-2006-sub-junior-3,northeast-zodiac,,archive:amnd-winter-2006:sub-junior-3:northeast-zodiac:none,Northeast Zodiacs,2,1,,,,,,,,,,,,,archive_pdf,final_premiership_placings,,
amnd-winter-2006-sub-junior-3,tango-netball-club-inc,,archive:amnd-winter-2006:sub-junior-3:tango-netball-club-inc:none,Tango,3,1,,,,,,,,,,,,,archive_pdf,final_premiership_placings,,
amnd-winter-2006-sub-junior-3,contax,,archive:amnd-winter-2006:sub-junior-3:contax:none,Contax,4,1,,,,,,,,,,,,,archive_pdf,final_premiership_placings,,
amnd-winter-2006-sub-junior-3,matrics,,archive:amnd-winter-2006:sub-junior-3:matrics:none,Matrics,5,0,,,,,,,,,,,,,archive_pdf,final_premiership_placings,,
amnd-winter-2006-sub-junior-3,garville,1,archive:amnd-winter-2006:sub-junior-3:garville:1,Garville,6,0,,,,,,,,,,,,,archive_pdf,final_premiership_placings,,
amnd-winter-2006-sub-junior-3,garville,2,archive:amnd-winter-2006:sub-junior-3:garville:2,Garville,7,0,,,,,,,,,,,,,archive_pdf,final_premiership_placings,,
amnd-winter-2006-sub-junior-3,norwood-netball-club,,archive:amnd-winter-2006:sub-junior-3:norwood-netball-club:none,Newton Jaguars,8,0,,,,,,,,,,,,,archive_pdf,final_premiership_placings,,
amnd-winter-2006-sub-junior-4,woods-panthers,,archive:amnd-winter-2006:sub-junior-4:woods-panthers:none,Woods Panthers,1,1,,,,,,,,,,,,,archive_pdf,final_premiership_placings,,
amnd-winter-2006-sub-junior-4,contax,,archive:amnd-winter-2006:sub-junior-4:contax:none,Contax,2,1,,,,,,,,,,,,,archive_pdf,final_premiership_placings,,
amnd-winter-2006-sub-junior-4,garville,,archive:amnd-winter-2006:sub-junior-4:garville:none,Garville,3,1,,,,,,,,,,,,,archive_pdf,final_premiership_placings,,
amnd-winter-2006-sub-junior-4,metro-jets,,archive:amnd-winter-2006:sub-junior-4:metro-jets:none,Western Jets,4,1,,,,,,,,,,,,,archive_pdf,final_premiership_placings,,
amnd-winter-2006-sub-junior-4,harlequin,,archive:amnd-winter-2006:sub-junior-4:harlequin:none,Harlequin,5,0,,,,,,,,,,,,,archive_pdf,final_premiership_placings,,
amnd-winter-2006-sub-junior-4,matrics,,archive:amnd-winter-2006:sub-junior-4:matrics:none,Matrics,6,0,,,,,,,,,,,,,archive_pdf,final_premiership_placings,,
amnd-winter-2006-sub-junior-4,adelaide-cougars,,archive:amnd-winter-2006:sub-junior-4:adelaide-cougars:none,Adelaide Cougars,7,0,,,,,,,,,,,,,archive_pdf,final_premiership_placings,,
amnd-winter-2006-sub-junior-4,oakdale-netball-club-sa,,archive:amnd-winter-2006:sub-junior-4:oakdale-netball-club-sa:none,Oakdale,8,0,,,,,,,,,,,,,archive_pdf,final_premiership_placings,,
amnd-winter-2006-sub-junior-5,semaphore,,archive:amnd-winter-2006:sub-junior-5:semaphore:none,Semaphore,1,1,,,,,,,,,,,,,archive_pdf,final_premiership_placings,,
amnd-winter-2006-sub-junior-5,tango-netball-club-inc,,archive:amnd-winter-2006:sub-junior-5:tango-netball-club-inc:none,Tango,2,1,,,,,,,,,,,,,archive_pdf,final_premiership_placings,,
amnd-winter-2006-sub-junior-5,cheerio-netball-club,,archive:amnd-winter-2006:sub-junior-5:cheerio-netball-club:none,Cheerio,3,1,,,,,,,,,,,,,archive_pdf,final_premiership_placings,,
amnd-winter-2006-sub-junior-5,woods-panthers,,archive:amnd-winter-2006:sub-junior-5:woods-panthers:none,Woods Panthers,4,1,,,,,,,,,,,,,archive_pdf,final_premiership_placings,,
amnd-winter-2006-sub-junior-5,norwood-netball-club,,archive:amnd-winter-2006:sub-junior-5:norwood-netball-club:none,Newton Jaguars,5,0,,,,,,,,,,,,,archive_pdf,final_premiership_placings,,
amnd-winter-2006-sub-junior-5,glandore-clovelly-park,,archive:amnd-winter-2006:sub-junior-5:glandore-clovelly-park:none,Glandore/Clov.Pk,6,0,,,,,,,,,,,,,archive_pdf,final_premiership_placings,,
amnd-winter-2006-sub-junior-5,metro-jets,,archive:amnd-winter-2006:sub-junior-5:metro-jets:none,Western Jets,7,0,,,,,,,,,,,,,archive_pdf,final_premiership_placings,,
amnd-winter-2006-sub-junior-5,garville,,archive:amnd-winter-2006:sub-junior-5:garville:none,Garville,8,0,,,,,,,,,,,,,archive_pdf,final_premiership_placings,,
amnd-winter-2006-sub-junior-6,tango-netball-club-inc,,archive:amnd-winter-2006:sub-junior-6:tango-netball-club-inc:none,Tango,1,1,,,,,,,,,,,,,archive_pdf,final_premiership_placings,,
amnd-winter-2006-sub-junior-6,devils-sports,,archive:amnd-winter-2006:sub-junior-6:devils-sports:none,Devils,2,1,,,,,,,,,,,,,archive_pdf,final_premiership_placings,,
amnd-winter-2006-sub-junior-6,norwood-netball-club,,archive:amnd-winter-2006:sub-junior-6:norwood-netball-club:none,Newton Jaguars,3,1,,,,,,,,,,,,,archive_pdf,final_premiership_placings,,
amnd-winter-2006-sub-junior-6,contax,,archive:amnd-winter-2006:sub-junior-6:contax:none,Contax,4,1,,,,,,,,,,,,,archive_pdf,final_premiership_placings,,
amnd-winter-2006-sub-junior-6,woods-panthers,,archive:amnd-winter-2006:sub-junior-6:woods-panthers:none,Woods Panthers,5,0,,,,,,,,,,,,,archive_pdf,final_premiership_placings,,
amnd-winter-2006-sub-junior-6,adelaide-cougars,,archive:amnd-winter-2006:sub-junior-6:adelaide-cougars:none,Adelaide Cougars,6,0,,,,,,,,,,,,,archive_pdf,final_premiership_placings,,
amnd-winter-2006-sub-junior-7,oakdale-netball-club-sa,,archive:amnd-winter-2006:sub-junior-7:oakdale-netball-club-sa:none,Oakdale,1,1,,,,,,,,,,,,,archive_pdf,final_premiership_placings,,
amnd-winter-2006-sub-junior-7,woods-panthers,,archive:amnd-winter-2006:sub-junior-7:woods-panthers:none,Woods Panthers,2,1,,,,,,,,,,,,,archive_pdf,final_premiership_placings,,
amnd-winter-2006-sub-junior-7,cheerio-netball-club,,archive:amnd-winter-2006:sub-junior-7:cheerio-netball-club:none,Cheerio,3,1,,,,,,,,,,,,,archive_pdf,final_premiership_placings,,
amnd-winter-2006-sub-junior-7,matrics,,archive:amnd-winter-2006:sub-junior-7:matrics:none,Matrics,4,1,,,,,,,,,,,,,archive_pdf,final_premiership_placings,,
amnd-winter-2006-sub-junior-7,tango-netball-club-inc,,archive:amnd-winter-2006:sub-junior-7:tango-netball-club-inc:none,Tango,5,0,,,,,,,,,,,,,archive_pdf,final_premiership_placings,,
amnd-winter-2006-sub-junior-7,garville,,archive:amnd-winter-2006:sub-junior-7:garville:none,Garville,6,0,,,,,,,,,,,,,archive_pdf,final_premiership_placings,,
amnd-winter-2006-sub-junior-8,woods-panthers,,archive:amnd-winter-2006:sub-junior-8:woods-panthers:none,Woods Panthers,1,1,,,,,,,,,,,,,archive_pdf,final_premiership_placings,,
amnd-winter-2006-sub-junior-8,semaphore,,archive:amnd-winter-2006:sub-junior-8:semaphore:none,Semaphore,2,1,,,,,,,,,,,,,archive_pdf,final_premiership_placings,,
amnd-winter-2006-sub-junior-8,cheerio-netball-club,,archive:amnd-winter-2006:sub-junior-8:cheerio-netball-club:none,Cheerio,3,1,,,,,,,,,,,,,archive_pdf,final_premiership_placings,,
amnd-winter-2006-sub-junior-8,matrics,,archive:amnd-winter-2006:sub-junior-8:matrics:none,Matrics,4,1,,,,,,,,,,,,,archive_pdf,final_premiership_placings,,
amnd-winter-2006-sub-junior-8,metro-jets,,archive:amnd-winter-2006:sub-junior-8:metro-jets:none,Western Jets,5,0,,,,,,,,,,,,,archive_pdf,final_premiership_placings,,
amnd-winter-2006-sub-junior-8,garville,,archive:amnd-winter-2006:sub-junior-8:garville:none,Garville,6,0,,,,,,,,,,,,,archive_pdf,final_premiership_placings,,
amnd-winter-2006-sub-junior-8,oakdale-netball-club-sa,,archive:amnd-winter-2006:sub-junior-8:oakdale-netball-club-sa:none,Oakdale,7,0,,,,,,,,,,,,,archive_pdf,final_premiership_placings,,
amnd-winter-2007-a-grade,fielders-flames,,archive:amnd-winter-2007:a-grade:fielders-flames:none,Flames,1,1,,,,,,,,,,,,,archive_pdf,final_premiership_placings,,
amnd-winter-2007-a-grade,sacred-heart-o-c,,archive:amnd-winter-2007:a-grade:sacred-heart-o-c:none,Sacred Heart O.C.,2,1,,,,,,,,,,,,,archive_pdf,final_premiership_placings,,
amnd-winter-2007-a-grade,contax,,archive:amnd-winter-2007:a-grade:contax:none,Contax,3,1,,,,,,,,,,,,,archive_pdf,final_premiership_placings,,
amnd-winter-2007-a-grade,norwood-netball-club,,archive:amnd-winter-2007:a-grade:norwood-netball-club:none,Newton Jaguars,4,1,,,,,,,,,,,,,archive_pdf,final_premiership_placings,,
amnd-winter-2007-a-grade,garville,,archive:amnd-winter-2007:a-grade:garville:none,Garville,5,0,,,,,,,,,,,,,archive_pdf,final_premiership_placings,,
amnd-winter-2007-a-grade,cheerio-netball-club,,archive:amnd-winter-2007:a-grade:cheerio-netball-club:none,Cheerio,6,0,,,,,,,,,,,,,archive_pdf,final_premiership_placings,,
amnd-winter-2007-a-grade,adelaide-wildcats,,archive:amnd-winter-2007:a-grade:adelaide-wildcats:none,Adelaide Wildcats,7,0,,,,,,,,,,,,,archive_pdf,final_premiership_placings,,
amnd-winter-2007-a-grade,woods-panthers,,archive:amnd-winter-2007:a-grade:woods-panthers:none,Woods Panthers,8,0,,,,,,,,,,,,,archive_pdf,final_premiership_placings,,
amnd-winter-2007-amnd-league,norwood-netball-club,,archive:amnd-winter-2007:amnd-league:norwood-netball-club:none,Newton Jaguars,1,1,,,,,,,,,,,,,archive_pdf,final_premiership_placings,,
amnd-winter-2007-amnd-league,adelaide-wildcats,,archive:amnd-winter-2007:amnd-league:adelaide-wildcats:none,Adelaide Wildcats,2,1,,,,,,,,,,,,,archive_pdf,final_premiership_placings,,
amnd-winter-2007-amnd-league,contax,,archive:amnd-winter-2007:amnd-league:contax:none,Contax,3,1,,,,,,,,,,,,,archive_pdf,final_premiership_placings,,
amnd-winter-2007-amnd-league,cheerio-netball-club,,archive:amnd-winter-2007:amnd-league:cheerio-netball-club:none,Cheerio,4,1,,,,,,,,,,,,,archive_pdf,final_premiership_placings,,
amnd-winter-2007-amnd-league,harlequin,,archive:amnd-winter-2007:amnd-league:harlequin:none,Harlequin,5,0,,,,,,,,,,,,,archive_pdf,final_premiership_placings,,
amnd-winter-2007-amnd-league,woods-panthers,,archive:amnd-winter-2007:amnd-league:woods-panthers:none,Woods Panthers,6,0,,,,,,,,,,,,,archive_pdf,final_premiership_placings,,
amnd-winter-2007-amnd-league,matrics,,archive:amnd-winter-2007:amnd-league:matrics:none,Matrics,7,0,,,,,,,,,,,,,archive_pdf,final_premiership_placings,,
amnd-winter-2007-amnd-league,adelaide-cougars,,archive:amnd-winter-2007:amnd-league:adelaide-cougars:none,Adelaide Cougars,8,0,,,,,,,,,,,,,archive_pdf,final_premiership_placings,,
amnd-winter-2007-amnd-league,oakdale-netball-club-sa,,archive:amnd-winter-2007:amnd-league:oakdale-netball-club-sa:none,Oakdale,9,0,,,,,,,,,,,,,archive_pdf,final_premiership_placings,,
amnd-winter-2007-amnd-league,garville,,archive:amnd-winter-2007:amnd-league:garville:none,Garville,10,0,,,,,,,,,,,,,archive_pdf,final_premiership_placings,,
amnd-winter-2007-b-1,city-coasters,,archive:amnd-winter-2007:b-1:city-coasters:none,City Coasters,1,1,,,,,,,,,,,,,archive_pdf,final_premiership_placings,,
amnd-winter-2007-b-1,adelaide-university,,archive:amnd-winter-2007:b-1:adelaide-university:none,Adelaide Uniiversity,2,1,,,,,,,,,,,,,archive_pdf,final_premiership_placings,,
amnd-winter-2007-b-1,metro-jets,,archive:amnd-winter-2007:b-1:metro-jets:none,Western Jets,3,1,,,,,,,,,,,,,archive_pdf,final_premiership_placings,,
amnd-winter-2007-b-1,harlequin,,archive:amnd-winter-2007:b-1:harlequin:none,Harlequin,4,1,,,,,,,,,,,,,archive_pdf,final_premiership_placings,,
amnd-winter-2007-b-1,tango-netball-club-inc,,archive:amnd-winter-2007:b-1:tango-netball-club-inc:none,Tango,5,0,,,,,,,,,,,,,archive_pdf,final_premiership_placings,,
amnd-winter-2007-b-1,contax,,archive:amnd-winter-2007:b-1:contax:none,Contax,6,0,,,,,,,,,,,,,archive_pdf,final_premiership_placings,,
amnd-winter-2007-b-1,westminster-o-s,,archive:amnd-winter-2007:b-1:westminster-o-s:none,Westminster O.S.,7,0,,,,,,,,,,,,,archive_pdf,final_premiership_placings,,
amnd-winter-2007-b-1,oakdale-netball-club-sa,,archive:amnd-winter-2007:b-1:oakdale-netball-club-sa:none,Oakdale,8,0,,,,,,,,,,,,,archive_pdf,final_premiership_placings,,
amnd-winter-2007-b-1,matrics,,archive:amnd-winter-2007:b-1:matrics:none,Matrics,9,0,,,,,,,,,,,,,archive_pdf,final_premiership_placings,,
amnd-winter-2007-b-1,adelaide-cougars,,archive:amnd-winter-2007:b-1:adelaide-cougars:none,Adelaide Cougars,10,0,,,,,,,,,,,,,archive_pdf,final_premiership_placings,,
amnd-winter-2007-b-2,scotch-old-scholars,,archive:amnd-winter-2007:b-2:scotch-old-scholars:none,Scotch O.S.,1,1,,,,,,,,,,,,,archive_pdf,final_premiership_placings,,
amnd-winter-2007-b-2,adelaide-swish,,archive:amnd-winter-2007:b-2:adelaide-swish:none,Adelaide Swish,2,1,,,,,,,,,,,,,archive_pdf,final_premiership_placings,,
amnd-winter-2007-b-2,contax,,archive:amnd-winter-2007:b-2:contax:none,Contax,3,1,,,,,,,,,,,,,archive_pdf,final_premiership_placings,,
amnd-winter-2007-b-2,adelaide-cougars,,archive:amnd-winter-2007:b-2:adelaide-cougars:none,Adelaide Cougars,4,1,,,,,,,,,,,,,archive_pdf,final_premiership_placings,,
amnd-winter-2007-b-2,cheerio-netball-club,,archive:amnd-winter-2007:b-2:cheerio-netball-club:none,Cheerio,5,0,,,,,,,,,,,,,archive_pdf,final_premiership_placings,,
amnd-winter-2007-b-2,adelaide-wildcats,,archive:amnd-winter-2007:b-2:adelaide-wildcats:none,Adelaide Wildcats,6,0,,,,,,,,,,,,,archive_pdf,final_premiership_placings,,
amnd-winter-2007-b-2,woods-panthers,,archive:amnd-winter-2007:b-2:woods-panthers:none,Woods Panthers,7,0,,,,,,,,,,,,,archive_pdf,final_premiership_placings,,
amnd-winter-2007-b-2,harlequin,,archive:amnd-winter-2007:b-2:harlequin:none,Harlequin,8,0,,,,,,,,,,,,,archive_pdf,final_premiership_placings,,
amnd-winter-2007-b-2,adelaide-university,,archive:amnd-winter-2007:b-2:adelaide-university:none,Adelaide Uniiversity,9,0,,,,,,,,,,,,,archive_pdf,final_premiership_placings,,
amnd-winter-2007-b-2,garville,,archive:amnd-winter-2007:b-2:garville:none,Garville,10,0,,,,,,,,,,,,,archive_pdf,final_premiership_placings,,
amnd-winter-2007-b-3,contax,,archive:amnd-winter-2007:b-3:contax:none,Contax,1,1,,,,,,,,,,,,,archive_pdf,final_premiership_placings,,
amnd-winter-2007-b-3,semaphore,,archive:amnd-winter-2007:b-3:semaphore:none,Semaphore,2,1,,,,,,,,,,,,,archive_pdf,final_premiership_placings,,
amnd-winter-2007-b-3,noarlunga,,archive:amnd-winter-2007:b-3:noarlunga:none,Noarlunga,3,1,,,,,,,,,,,,,archive_pdf,final_premiership_placings,,
amnd-winter-2007-b-3,pembroke-o-s,,archive:amnd-winter-2007:b-3:pembroke-o-s:none,Pembroke O.S.,4,1,,,,,,,,,,,,,archive_pdf,final_premiership_placings,,
amnd-winter-2007-b-3,flinders-university,,archive:amnd-winter-2007:b-3:flinders-university:none,Flinders University,5,0,,,,,,,,,,,,,archive_pdf,final_premiership_placings,,
amnd-winter-2007-b-3,tango-netball-club-inc,,archive:amnd-winter-2007:b-3:tango-netball-club-inc:none,Tango,6,0,,,,,,,,,,,,,archive_pdf,final_premiership_placings,,
amnd-winter-2007-b-3,cheerio-netball-club,,archive:amnd-winter-2007:b-3:cheerio-netball-club:none,Cheerio,7,0,,,,,,,,,,,,,archive_pdf,final_premiership_placings,,
amnd-winter-2007-b-3,matrics,,archive:amnd-winter-2007:b-3:matrics:none,Matrics,8,0,,,,,,,,,,,,,archive_pdf,final_premiership_placings,,
amnd-winter-2007-b-3,norwood-netball-club,,archive:amnd-winter-2007:b-3:norwood-netball-club:none,Newton Jaguars,9,0,,,,,,,,,,,,,archive_pdf,final_premiership_placings,,
amnd-winter-2007-b-3,adelaide-cougars,,archive:amnd-winter-2007:b-3:adelaide-cougars:none,Adelaide Cougars,10,0,,,,,,,,,,,,,archive_pdf,final_premiership_placings,,
amnd-winter-2007-b-4,seymour-o-c,,archive:amnd-winter-2007:b-4:seymour-o-c:none,Seymour O.C.,1,1,,,,,,,,,,,,,archive_pdf,final_premiership_placings,,
amnd-winter-2007-b-4,contax,,archive:amnd-winter-2007:b-4:contax:none,Contax,2,1,,,,,,,,,,,,,archive_pdf,final_premiership_placings,,
amnd-winter-2007-b-4,garville,,archive:amnd-winter-2007:b-4:garville:none,Garville,3,1,,,,,,,,,,,,,archive_pdf,final_premiership_placings,,
amnd-winter-2007-b-4,sacred-heart-o-c,,archive:amnd-winter-2007:b-4:sacred-heart-o-c:none,Sacred Heart O.C.,4,1,,,,,,,,,,,,,archive_pdf,final_premiership_placings,,
amnd-winter-2007-b-4,harlequin,,archive:amnd-winter-2007:b-4:harlequin:none,Harlequin,5,0,,,,,,,,,,,,,archive_pdf,final_premiership_placings,,
amnd-winter-2007-b-4,metro-jets,,archive:amnd-winter-2007:b-4:metro-jets:none,Western Jets,6,0,,,,,,,,,,,,,archive_pdf,final_premiership_placings,,
amnd-winter-2007-b-4,flinders-university,,archive:amnd-winter-2007:b-4:flinders-university:none,Flinders University,7,0,,,,,,,,,,,,,archive_pdf,final_premiership_placings,,
amnd-winter-2007-b-4,adelaide-university,,archive:amnd-winter-2007:b-4:adelaide-university:none,Adelaide University,8,0,,,,,,,,,,,,,archive_pdf,final_premiership_placings,,
amnd-winter-2007-b-4,oakdale-netball-club-sa,,archive:amnd-winter-2007:b-4:oakdale-netball-club-sa:none,Oakdale,9,0,,,,,,,,,,,,,archive_pdf,final_premiership_placings,,
amnd-winter-2007-b-4,norwood-netball-club,,archive:amnd-winter-2007:b-4:norwood-netball-club:none,Newton Jaguars,10,0,,,,,,,,,,,,,archive_pdf,final_premiership_placings,,
amnd-winter-2007-c-1,city-coasters,,archive:amnd-winter-2007:c-1:city-coasters:none,City Coasters,1,1,,,,,,,,,,,,,archive_pdf,final_premiership_placings,,
amnd-winter-2007-c-1,westminster-o-s,,archive:amnd-winter-2007:c-1:westminster-o-s:none,Westminster O.S.,2,1,,,,,,,,,,,,,archive_pdf,final_premiership_placings,,
amnd-winter-2007-c-1,woods-panthers,,archive:amnd-winter-2007:c-1:woods-panthers:none,Woods Panthers,3,1,,,,,,,,,,,,,archive_pdf,final_premiership_placings,,
amnd-winter-2007-c-1,adelaide-cougars,,archive:amnd-winter-2007:c-1:adelaide-cougars:none,Adelaide Cougars,4,1,,,,,,,,,,,,,archive_pdf,final_premiership_placings,,
amnd-winter-2007-c-1,tango-netball-club-inc,,archive:amnd-winter-2007:c-1:tango-netball-club-inc:none,Tango,5,0,,,,,,,,,,,,,archive_pdf,final_premiership_placings,,
amnd-winter-2007-c-1,adelaide-wildcats,,archive:amnd-winter-2007:c-1:adelaide-wildcats:none,Adelaide Wildcats,6,0,,,,,,,,,,,,,archive_pdf,final_premiership_placings,,
amnd-winter-2007-c-1,metro-jets,,archive:amnd-winter-2007:c-1:metro-jets:none,Western Jets,7,0,,,,,,,,,,,,,archive_pdf,final_premiership_placings,,
amnd-winter-2007-c-1,matrics,,archive:amnd-winter-2007:c-1:matrics:none,Matrics,8,0,,,,,,,,,,,,,archive_pdf,final_premiership_placings,,
amnd-winter-2007-c-1,garville,,archive:amnd-winter-2007:c-1:garville:none,Garville,9,0,,,,,,,,,,,,,archive_pdf,final_premiership_placings,,
amnd-winter-2007-c-2,cheerio-netball-club,,archive:amnd-winter-2007:c-2:cheerio-netball-club:none,Cheerio,1,1,,,,,,,,,,,,,archive_pdf,final_premiership_placings,,
amnd-winter-2007-c-2,tango-netball-club-inc,,archive:amnd-winter-2007:c-2:tango-netball-club-inc:none,Tango,2,1,,,,,,,,,,,,,archive_pdf,final_premiership_placings,,
amnd-winter-2007-c-2,woods-panthers,,archive:amnd-winter-2007:c-2:woods-panthers:none,Woods Panthers,3,1,,,,,,,,,,,,,archive_pdf,final_premiership_placings,,
amnd-winter-2007-c-2,semaphore,,archive:amnd-winter-2007:c-2:semaphore:none,Semaphore,4,1,,,,,,,,,,,,,archive_pdf,final_premiership_placings,,
amnd-winter-2007-c-2,harlequin,,archive:amnd-winter-2007:c-2:harlequin:none,Harlequin,5,0,,,,,,,,,,,,,archive_pdf,final_premiership_placings,,
amnd-winter-2007-c-2,adelaide-university,,archive:amnd-winter-2007:c-2:adelaide-university:none,Adelaide University,6,0,,,,,,,,,,,,,archive_pdf,final_premiership_placings,,
amnd-winter-2007-c-2,pembroke-o-s,,archive:amnd-winter-2007:c-2:pembroke-o-s:none,Pembroke O.S.,7,0,,,,,,,,,,,,,archive_pdf,final_premiership_placings,,
amnd-winter-2007-c-2,flinders-university,,archive:amnd-winter-2007:c-2:flinders-university:none,Flinders University,8,0,,,,,,,,,,,,,archive_pdf,final_premiership_placings,,
amnd-winter-2007-c-2,sacred-heart-o-c,,archive:amnd-winter-2007:c-2:sacred-heart-o-c:none,Sacred Heart O.C.,9,0,,,,,,,,,,,,,archive_pdf,final_premiership_placings,,
amnd-winter-2007-c-3,city-coasters,,archive:amnd-winter-2007:c-3:city-coasters:none,City Coasters,1,1,,,,,,,,,,,,,archive_pdf,final_premiership_placings,,
amnd-winter-2007-c-3,old-ignatians,,archive:amnd-winter-2007:c-3:old-ignatians:none,Old Ignatian,2,1,,,,,,,,,,,,,archive_pdf,final_premiership_placings,,
amnd-winter-2007-c-3,annesley-o-s,,archive:amnd-winter-2007:c-3:annesley-o-s:none,Annesley O.S.,3,1,,,,,,,,,,,,,archive_pdf,final_premiership_placings,,
amnd-winter-2007-c-3,westminster-o-s,,archive:amnd-winter-2007:c-3:westminster-o-s:none,Westminster O.S.,4,1,,,,,,,,,,,,,archive_pdf,final_premiership_placings,,
amnd-winter-2007-c-3,woods-panthers,,archive:amnd-winter-2007:c-3:woods-panthers:none,Woods Panthers,5,0,,,,,,,,,,,,,archive_pdf,final_premiership_placings,,
amnd-winter-2007-c-3,sacred-heart-o-c,,archive:amnd-winter-2007:c-3:sacred-heart-o-c:none,Sacred Heart O.C.,6,0,,,,,,,,,,,,,archive_pdf,final_premiership_placings,,
amnd-winter-2007-c-3,adelaide-university,,archive:amnd-winter-2007:c-3:adelaide-university:none,Adelaide University,7,0,,,,,,,,,,,,,archive_pdf,final_premiership_placings,,
amnd-winter-2007-c-3,contax,,archive:amnd-winter-2007:c-3:contax:none,Contax,8,0,,,,,,,,,,,,,archive_pdf,final_premiership_placings,,
amnd-winter-2007-c-3,flinders-university,,archive:amnd-winter-2007:c-3:flinders-university:none,Flinders University,9,0,,,,,,,,,,,,,archive_pdf,final_premiership_placings,,
amnd-winter-2007-c-4,city-coasters,,archive:amnd-winter-2007:c-4:city-coasters:none,City Coasters,1,1,,,,,,,,,,,,,archive_pdf,final_premiership_placings,,
amnd-winter-2007-c-4,westminster-o-s,,archive:amnd-winter-2007:c-4:westminster-o-s:none,Westminster O.S.,2,1,,,,,,,,,,,,,archive_pdf,final_premiership_placings,,
amnd-winter-2007-c-4,semaphore,,archive:amnd-winter-2007:c-4:semaphore:none,Semaphore,3,1,,,,,,,,,,,,,archive_pdf,final_premiership_placings,,
amnd-winter-2007-c-4,flinders-university,,archive:amnd-winter-2007:c-4:flinders-university:none,Flinders University,4,1,,,,,,,,,,,,,archive_pdf,final_premiership_placings,,
amnd-winter-2007-c-4,tango-netball-club-inc,,archive:amnd-winter-2007:c-4:tango-netball-club-inc:none,Tango,5,0,,,,,,,,,,,,,archive_pdf,final_premiership_placings,,
amnd-winter-2007-c-4,cheerio-netball-club,,archive:amnd-winter-2007:c-4:cheerio-netball-club:none,Cheerio,6,0,,,,,,,,,,,,,archive_pdf,final_premiership_placings,,
amnd-winter-2007-c-4,annesley-o-s,,archive:amnd-winter-2007:c-4:annesley-o-s:none,Annesley O.S.,7,0,,,,,,,,,,,,,archive_pdf,final_premiership_placings,,
amnd-winter-2007-c-4,sacred-heart-o-c,,archive:amnd-winter-2007:c-4:sacred-heart-o-c:none,Sacred Heart O.C.,8,0,,,,,,,,,,,,,archive_pdf,final_premiership_placings,,
amnd-winter-2007-h-grade,norwood-netball-club,,archive:amnd-winter-2007:h-grade:norwood-netball-club:none,Newton Jaguars,1,1,,,,,,,,,,,,,archive_pdf,final_premiership_placings,,
amnd-winter-2007-h-grade,metro-jets,,archive:amnd-winter-2007:h-grade:metro-jets:none,Western Jets,2,1,,,,,,,,,,,,,archive_pdf,final_premiership_placings,,
amnd-winter-2007-h-grade,harlequin,,archive:amnd-winter-2007:h-grade:harlequin:none,Harlequin,3,1,,,,,,,,,,,,,archive_pdf,final_premiership_placings,,
amnd-winter-2007-h-grade,contax,,archive:amnd-winter-2007:h-grade:contax:none,Contax,4,1,,,,,,,,,,,,,archive_pdf,final_premiership_placings,,
amnd-winter-2007-h-grade,woods-panthers,,archive:amnd-winter-2007:h-grade:woods-panthers:none,Woods Panthers,5,0,,,,,,,,,,,,,archive_pdf,final_premiership_placings,,
amnd-winter-2007-inter-1,harlequin,,archive:amnd-winter-2007:inter-1:harlequin:none,Harlequin,1,1,,,,,,,,,,,,,archive_pdf,final_premiership_placings,,
amnd-winter-2007-inter-1,oakdale-netball-club-sa,,archive:amnd-winter-2007:inter-1:oakdale-netball-club-sa:none,Oakdale,2,1,,,,,,,,,,,,,archive_pdf,final_premiership_placings,,
amnd-winter-2007-inter-1,contax,,archive:amnd-winter-2007:inter-1:contax:none,Contax,3,1,,,,,,,,,,,,,archive_pdf,final_premiership_placings,,
amnd-winter-2007-inter-1,adelaide-cougars,,archive:amnd-winter-2007:inter-1:adelaide-cougars:none,Adelaide Cougars,4,1,,,,,,,,,,,,,archive_pdf,final_premiership_placings,,
amnd-winter-2007-inter-1,norwood-netball-club,,archive:amnd-winter-2007:inter-1:norwood-netball-club:none,Newton Jaguars,5,0,,,,,,,,,,,,,archive_pdf,final_premiership_placings,,
amnd-winter-2007-inter-1,matrics,,archive:amnd-winter-2007:inter-1:matrics:none,Matrics,6,0,,,,,,,,,,,,,archive_pdf,final_premiership_placings,,
amnd-winter-2007-inter-1,tango-netball-club-inc,,archive:amnd-winter-2007:inter-1:tango-netball-club-inc:none,Tango,7,0,,,,,,,,,,,,,archive_pdf,final_premiership_placings,,
amnd-winter-2007-inter-1,woods-panthers,,archive:amnd-winter-2007:inter-1:woods-panthers:none,Woods Panthers,8,0,,,,,,,,,,,,,archive_pdf,final_premiership_placings,,
amnd-winter-2007-inter-1,heatwave,,archive:amnd-winter-2007:inter-1:heatwave:none,Heatwave,9,0,,,,,,,,,,,,,archive_pdf,final_premiership_placings,,
amnd-winter-2007-inter-1,garville,,archive:amnd-winter-2007:inter-1:garville:none,Garville,10,0,,,,,,,,,,,,,archive_pdf,final_premiership_placings,,
amnd-winter-2007-inter-2,woods-panthers,1,archive:amnd-winter-2007:inter-2:woods-panthers:1,Woods Panthers,1,1,,,,,,,,,,,,,archive_pdf,final_premiership_placings,,
amnd-winter-2007-inter-2,harlequin,,archive:amnd-winter-2007:inter-2:harlequin:none,Harlequin,2,1,,,,,,,,,,,,,archive_pdf,final_premiership_placings,,
amnd-winter-2007-inter-2,contax,1,archive:amnd-winter-2007:inter-2:contax:1,Contax,3,1,,,,,,,,,,,,,archive_pdf,final_premiership_placings,,
amnd-winter-2007-inter-2,contax,2,archive:amnd-winter-2007:inter-2:contax:2,Contax,4,1,,,,,,,,,,,,,archive_pdf,final_premiership_placings,,
amnd-winter-2007-inter-2,oakdale-netball-club-sa,,archive:amnd-winter-2007:inter-2:oakdale-netball-club-sa:none,Oakdale,5,0,,,,,,,,,,,,,archive_pdf,final_premiership_placings,,
amnd-winter-2007-inter-2,norwood-netball-club,,archive:amnd-winter-2007:inter-2:norwood-netball-club:none,Newton Jaguars,6,0,,,,,,,,,,,,,archive_pdf,final_premiership_placings,,
amnd-winter-2007-inter-2,woods-panthers,2,archive:amnd-winter-2007:inter-2:woods-panthers:2,Woods Panthers,7,0,,,,,,,,,,,,,archive_pdf,final_premiership_placings,,
amnd-winter-2007-inter-2,matrics,,archive:amnd-winter-2007:inter-2:matrics:none,Matrics,8,0,,,,,,,,,,,,,archive_pdf,final_premiership_placings,,
amnd-winter-2007-inter-2,tango-netball-club-inc,,archive:amnd-winter-2007:inter-2:tango-netball-club-inc:none,Tango,9,0,,,,,,,,,,,,,archive_pdf,final_premiership_placings,,
amnd-winter-2007-inter-2,metro-jets,,archive:amnd-winter-2007:inter-2:metro-jets:none,Western Jets,10,0,,,,,,,,,,,,,archive_pdf,final_premiership_placings,,
amnd-winter-2007-inter-3,oakdale-netball-club-sa,,archive:amnd-winter-2007:inter-3:oakdale-netball-club-sa:none,Oakdale,1,1,,,,,,,,,,,,,archive_pdf,final_premiership_placings,,
amnd-winter-2007-inter-3,norwood-netball-club,,archive:amnd-winter-2007:inter-3:norwood-netball-club:none,Newton Jaguars,2,1,,,,,,,,,,,,,archive_pdf,final_premiership_placings,,
amnd-winter-2007-inter-3,cheerio-netball-club,,archive:amnd-winter-2007:inter-3:cheerio-netball-club:none,Cheerio,3,1,,,,,,,,,,,,,archive_pdf,final_premiership_placings,,
amnd-winter-2007-inter-3,adelaide-wildcats,,archive:amnd-winter-2007:inter-3:adelaide-wildcats:none,Adelaide Wildcats,4,1,,,,,,,,,,,,,archive_pdf,final_premiership_placings,,
amnd-winter-2007-inter-3,garville,1,archive:amnd-winter-2007:inter-3:garville:1,Garville,5,0,,,,,,,,,,,,,archive_pdf,final_premiership_placings,,
amnd-winter-2007-inter-3,harlequin,,archive:amnd-winter-2007:inter-3:harlequin:none,Harlequin,6,0,,,,,,,,,,,,,archive_pdf,final_premiership_placings,,
amnd-winter-2007-inter-3,adelaide-cougars,1,archive:amnd-winter-2007:inter-3:adelaide-cougars:1,Adelaide Cougars,7,0,,,,,,,,,,,,,archive_pdf,final_premiership_placings,,
amnd-winter-2007-inter-3,garville,2,archive:amnd-winter-2007:inter-3:garville:2,Garville,8,0,,,,,,,,,,,,,archive_pdf,final_premiership_placings,,
amnd-winter-2007-inter-3,adelaide-cougars,2,archive:amnd-winter-2007:inter-3:adelaide-cougars:2,Adelaide Cougars,9,0,,,,,,,,,,,,,archive_pdf,final_premiership_placings,,
amnd-winter-2007-inter-3,noarlunga,,archive:amnd-winter-2007:inter-3:noarlunga:none,Noarlunga,10,0,,,,,,,,,,,,,archive_pdf,final_premiership_placings,,
amnd-winter-2007-inter-4,contax,1,archive:amnd-winter-2007:inter-4:contax:1,Contax,1,1,,,,,,,,,,,,,archive_pdf,final_premiership_placings,,
amnd-winter-2007-inter-4,garville,,archive:amnd-winter-2007:inter-4:garville:none,Garville,2,1,,,,,,,,,,,,,archive_pdf,final_premiership_placings,,
amnd-winter-2007-inter-4,contax,2,archive:amnd-winter-2007:inter-4:contax:2,Contax,3,1,,,,,,,,,,,,,archive_pdf,final_premiership_placings,,
amnd-winter-2007-inter-4,norwood-netball-club,,archive:amnd-winter-2007:inter-4:norwood-netball-club:none,Newton Jaguars,4,1,,,,,,,,,,,,,archive_pdf,final_premiership_placings,,
amnd-winter-2007-inter-4,oakdale-netball-club-sa,,archive:amnd-winter-2007:inter-4:oakdale-netball-club-sa:none,Oakdale,5,0,,,,,,,,,,,,,archive_pdf,final_premiership_placings,,
amnd-winter-2007-inter-4,metro-jets,,archive:amnd-winter-2007:inter-4:metro-jets:none,Western Jets,6,0,,,,,,,,,,,,,archive_pdf,final_premiership_placings,,
amnd-winter-2007-inter-4,camden,,archive:amnd-winter-2007:inter-4:camden:none,Camden,7,0,,,,,,,,,,,,,archive_pdf,final_premiership_placings,,
amnd-winter-2007-inter-4,tango-netball-club-inc,,archive:amnd-winter-2007:inter-4:tango-netball-club-inc:none,Tango,8,0,,,,,,,,,,,,,archive_pdf,final_premiership_placings,,
amnd-winter-2007-inter-4,matrics,,archive:amnd-winter-2007:inter-4:matrics:none,Matrics,9,0,,,,,,,,,,,,,archive_pdf,final_premiership_placings,,
amnd-winter-2007-inter-5,norwood-netball-club,,archive:amnd-winter-2007:inter-5:norwood-netball-club:none,Newton Jaguars,1,1,,,,,,,,,,,,,archive_pdf,final_premiership_placings,,
amnd-winter-2007-inter-5,cheerio-netball-club,,archive:amnd-winter-2007:inter-5:cheerio-netball-club:none,Cheerio,2,1,,,,,,,,,,,,,archive_pdf,final_premiership_placings,,
amnd-winter-2007-inter-5,woods-panthers,,archive:amnd-winter-2007:inter-5:woods-panthers:none,Woods Panthers,3,1,,,,,,,,,,,,,archive_pdf,final_premiership_placings,,
amnd-winter-2007-inter-5,adelaide-cougars,,archive:amnd-winter-2007:inter-5:adelaide-cougars:none,Adelaide Cougars,4,1,,,,,,,,,,,,,archive_pdf,final_premiership_placings,,
amnd-winter-2007-inter-5,tango-netball-club-inc,,archive:amnd-winter-2007:inter-5:tango-netball-club-inc:none,Tango,5,0,,,,,,,,,,,,,archive_pdf,final_premiership_placings,,
amnd-winter-2007-inter-5,metro-jets,,archive:amnd-winter-2007:inter-5:metro-jets:none,Western Jets,6,0,,,,,,,,,,,,,archive_pdf,final_premiership_placings,,
amnd-winter-2007-inter-5,garville,,archive:amnd-winter-2007:inter-5:garville:none,Garville,7,0,,,,,,,,,,,,,archive_pdf,final_premiership_placings,,
amnd-winter-2007-inter-5,adelaide-wildcats,,archive:amnd-winter-2007:inter-5:adelaide-wildcats:none,Adelaide Wildcats,8,0,,,,,,,,,,,,,archive_pdf,final_premiership_placings,,
amnd-winter-2007-junior-1,contax,,archive:amnd-winter-2007:junior-1:contax:none,Contax,1,1,,,,,,,,,,,,,archive_pdf,final_premiership_placings,,
amnd-winter-2007-junior-1,adelaide-cougars,,archive:amnd-winter-2007:junior-1:adelaide-cougars:none,Adelaide Cougars,2,1,,,,,,,,,,,,,archive_pdf,final_premiership_placings,,
amnd-winter-2007-junior-1,tango-netball-club-inc,,archive:amnd-winter-2007:junior-1:tango-netball-club-inc:none,Tango,3,1,,,,,,,,,,,,,archive_pdf,final_premiership_placings,,
amnd-winter-2007-junior-1,harlequin,1,archive:amnd-winter-2007:junior-1:harlequin:1,Harlequin,4,1,,,,,,,,,,,,,archive_pdf,final_premiership_placings,,
amnd-winter-2007-junior-1,metro-jets,,archive:amnd-winter-2007:junior-1:metro-jets:none,Western Jets,5,0,,,,,,,,,,,,,archive_pdf,final_premiership_placings,,
amnd-winter-2007-junior-1,oakdale-netball-club-sa,,archive:amnd-winter-2007:junior-1:oakdale-netball-club-sa:none,Oakdale,6,0,,,,,,,,,,,,,archive_pdf,final_premiership_placings,,
amnd-winter-2007-junior-1,garville,,archive:amnd-winter-2007:junior-1:garville:none,Garville,7,0,,,,,,,,,,,,,archive_pdf,final_premiership_placings,,
amnd-winter-2007-junior-1,matrics,,archive:amnd-winter-2007:junior-1:matrics:none,Matrics,8,0,,,,,,,,,,,,,archive_pdf,final_premiership_placings,,
amnd-winter-2007-junior-1,harlequin,2,archive:amnd-winter-2007:junior-1:harlequin:2,Harlequin,9,0,,,,,,,,,,,,,archive_pdf,final_premiership_placings,,
amnd-winter-2007-junior-1,norwood-netball-club,,archive:amnd-winter-2007:junior-1:norwood-netball-club:none,Newton Jaguars,10,0,,,,,,,,,,,,,archive_pdf,final_premiership_placings,,
amnd-winter-2007-junior-2,metro-jets,,archive:amnd-winter-2007:junior-2:metro-jets:none,Western Jets,1,1,,,,,,,,,,,,,archive_pdf,final_premiership_placings,,
amnd-winter-2007-junior-2,contax,,archive:amnd-winter-2007:junior-2:contax:none,Contax,2,1,,,,,,,,,,,,,archive_pdf,final_premiership_placings,,
amnd-winter-2007-junior-2,tango-netball-club-inc,2,archive:amnd-winter-2007:junior-2:tango-netball-club-inc:2,Tango,3,1,,,,,,,,,,,,,archive_pdf,final_premiership_placings,,
amnd-winter-2007-junior-2,tango-netball-club-inc,1,archive:amnd-winter-2007:junior-2:tango-netball-club-inc:1,Tango,4,1,,,,,,,,,,,,,archive_pdf,final_premiership_placings,,
amnd-winter-2007-junior-2,woods-panthers,2,archive:amnd-winter-2007:junior-2:woods-panthers:2,Woods Panthers,5,0,,,,,,,,,,,,,archive_pdf,final_premiership_placings,,
amnd-winter-2007-junior-2,woods-panthers,1,archive:amnd-winter-2007:junior-2:woods-panthers:1,Woods Panthers,6,0,,,,,,,,,,,,,archive_pdf,final_premiership_placings,,
amnd-winter-2007-junior-2,matrics,,archive:amnd-winter-2007:junior-2:matrics:none,Matrics,7,0,,,,,,,,,,,,,archive_pdf,final_premiership_placings,,
amnd-winter-2007-junior-2,harlequin,,archive:amnd-winter-2007:junior-2:harlequin:none,Harlequin,8,0,,,,,,,,,,,,,archive_pdf,final_premiership_placings,,
amnd-winter-2007-junior-2,adelaide-cougars,,archive:amnd-winter-2007:junior-2:adelaide-cougars:none,Adelaide Cougars,9,0,,,,,,,,,,,,,archive_pdf,final_premiership_placings,,
amnd-winter-2007-junior-2,norwood-netball-club,,archive:amnd-winter-2007:junior-2:norwood-netball-club:none,Newton Jaguars,10,0,,,,,,,,,,,,,archive_pdf,final_premiership_placings,,
amnd-winter-2007-junior-3,noarlunga,,archive:amnd-winter-2007:junior-3:noarlunga:none,Noarlunga,1,1,,,,,,,,,,,,,archive_pdf,final_premiership_placings,,
amnd-winter-2007-junior-3,contax,,archive:amnd-winter-2007:junior-3:contax:none,Contax,2,1,,,,,,,,,,,,,archive_pdf,final_premiership_placings,,
amnd-winter-2007-junior-3,metro-jets,1,archive:amnd-winter-2007:junior-3:metro-jets:1,Western Jets,3,1,,,,,,,,,,,,,archive_pdf,final_premiership_placings,,
amnd-winter-2007-junior-3,metro-jets,2,archive:amnd-winter-2007:junior-3:metro-jets:2,Western Jets,4,1,,,,,,,,,,,,,archive_pdf,final_premiership_placings,,
amnd-winter-2007-junior-3,garville,,archive:amnd-winter-2007:junior-3:garville:none,Garville,5,0,,,,,,,,,,,,,archive_pdf,final_premiership_placings,,
amnd-winter-2007-junior-3,cheerio-netball-club,,archive:amnd-winter-2007:junior-3:cheerio-netball-club:none,Cheerio,6,0,,,,,,,,,,,,,archive_pdf,final_premiership_placings,,
amnd-winter-2007-junior-3,harlequin,,archive:amnd-winter-2007:junior-3:harlequin:none,Harlequin,7,0,,,,,,,,,,,,,archive_pdf,final_premiership_placings,,
amnd-winter-2007-junior-3,norwood-netball-club,,archive:amnd-winter-2007:junior-3:norwood-netball-club:none,Newton Jaguars,8,0,,,,,,,,,,,,,archive_pdf,final_premiership_placings,,
amnd-winter-2007-junior-3,adelaide-cougars,,archive:amnd-winter-2007:junior-3:adelaide-cougars:none,Adelaide Cougars,9,0,,,,,,,,,,,,,archive_pdf,final_premiership_placings,,
amnd-winter-2007-junior-3,woods-panthers,,archive:amnd-winter-2007:junior-3:woods-panthers:none,Woods Panthers,10,0,,,,,,,,,,,,,archive_pdf,final_premiership_placings,,
amnd-winter-2007-junior-4,contax,1,archive:amnd-winter-2007:junior-4:contax:1,Contax,1,1,,,,,,,,,,,,,archive_pdf,final_premiership_placings,,
amnd-winter-2007-junior-4,contax,2,archive:amnd-winter-2007:junior-4:contax:2,Contax,2,1,,,,,,,,,,,,,archive_pdf,final_premiership_placings,,
amnd-winter-2007-junior-4,tango-netball-club-inc,,archive:amnd-winter-2007:junior-4:tango-netball-club-inc:none,Tango,3,1,,,,,,,,,,,,,archive_pdf,final_premiership_placings,,
amnd-winter-2007-junior-4,northeast-zodiac,,archive:amnd-winter-2007:junior-4:northeast-zodiac:none,Northeast Zodiacs,4,1,,,,,,,,,,,,,archive_pdf,final_premiership_placings,,
amnd-winter-2007-junior-4,oakdale-netball-club-sa,,archive:amnd-winter-2007:junior-4:oakdale-netball-club-sa:none,Oakdale,5,0,,,,,,,,,,,,,archive_pdf,final_premiership_placings,,
amnd-winter-2007-junior-4,garville,2,archive:amnd-winter-2007:junior-4:garville:2,Garville,6,0,,,,,,,,,,,,,archive_pdf,final_premiership_placings,,
amnd-winter-2007-junior-4,woods-panthers,,archive:amnd-winter-2007:junior-4:woods-panthers:none,Woods Panthers,7,0,,,,,,,,,,,,,archive_pdf,final_premiership_placings,,
amnd-winter-2007-junior-4,matrics,,archive:amnd-winter-2007:junior-4:matrics:none,Matrics,8,0,,,,,,,,,,,,,archive_pdf,final_premiership_placings,,
amnd-winter-2007-junior-4,norwood-netball-club,,archive:amnd-winter-2007:junior-4:norwood-netball-club:none,Newton Jaguars,9,0,,,,,,,,,,,,,archive_pdf,final_premiership_placings,,
amnd-winter-2007-junior-4,garville,1,archive:amnd-winter-2007:junior-4:garville:1,Garville,10,0,,,,,,,,,,,,,archive_pdf,final_premiership_placings,,
amnd-winter-2007-junior-5,tango-netball-club-inc,1,archive:amnd-winter-2007:junior-5:tango-netball-club-inc:1,Tango,1,1,,,,,,,,,,,,,archive_pdf,final_premiership_placings,,
amnd-winter-2007-junior-5,adelaide-wildcats,,archive:amnd-winter-2007:junior-5:adelaide-wildcats:none,Adelaide Wildcats,2,1,,,,,,,,,,,,,archive_pdf,final_premiership_placings,,
amnd-winter-2007-junior-5,tango-netball-club-inc,2,archive:amnd-winter-2007:junior-5:tango-netball-club-inc:2,Tango,3,1,,,,,,,,,,,,,archive_pdf,final_premiership_placings,,
amnd-winter-2007-junior-5,metro-jets,,archive:amnd-winter-2007:junior-5:metro-jets:none,Western Jets,4,1,,,,,,,,,,,,,archive_pdf,final_premiership_placings,,
amnd-winter-2007-junior-5,woods-panthers,,archive:amnd-winter-2007:junior-5:woods-panthers:none,Woods Panthers,5,0,,,,,,,,,,,,,archive_pdf,final_premiership_placings,,
amnd-winter-2007-junior-5,devils-sports,,archive:amnd-winter-2007:junior-5:devils-sports:none,Devils Sports,6,0,,,,,,,,,,,,,archive_pdf,final_premiership_placings,,
amnd-winter-2007-junior-5,adelaide-cougars,,archive:amnd-winter-2007:junior-5:adelaide-cougars:none,Adelaide Cougars,7,0,,,,,,,,,,,,,archive_pdf,final_premiership_placings,,
amnd-winter-2007-junior-5,semaphore,,archive:amnd-winter-2007:junior-5:semaphore:none,Semaphore,8,0,,,,,,,,,,,,,archive_pdf,final_premiership_placings,,
amnd-winter-2007-junior-5,cheerio-netball-club,,archive:amnd-winter-2007:junior-5:cheerio-netball-club:none,Cheerio,9,0,,,,,,,,,,,,,archive_pdf,final_premiership_placings,,
amnd-winter-2007-junior-6,contax,,archive:amnd-winter-2007:junior-6:contax:none,Contax,1,1,,,,,,,,,,,,,archive_pdf,final_premiership_placings,,
amnd-winter-2007-junior-6,cheerio-netball-club,,archive:amnd-winter-2007:junior-6:cheerio-netball-club:none,Cheerio,2,1,,,,,,,,,,,,,archive_pdf,final_premiership_placings,,
amnd-winter-2007-junior-6,woods-panthers,,archive:amnd-winter-2007:junior-6:woods-panthers:none,Woods Panthers,3,1,,,,,,,,,,,,,archive_pdf,final_premiership_placings,,
amnd-winter-2007-junior-6,metro-jets,,archive:amnd-winter-2007:junior-6:metro-jets:none,Western Jets,4,1,,,,,,,,,,,,,archive_pdf,final_premiership_placings,,
amnd-winter-2007-junior-6,garville,,archive:amnd-winter-2007:junior-6:garville:none,Garville,5,0,,,,,,,,,,,,,archive_pdf,final_premiership_placings,,
amnd-winter-2007-junior-6,matrics,,archive:amnd-winter-2007:junior-6:matrics:none,Matrics,6,0,,,,,,,,,,,,,archive_pdf,final_premiership_placings,,
amnd-winter-2007-junior-6,norwood-netball-club,,archive:amnd-winter-2007:junior-6:norwood-netball-club:none,Newton Jaguars,7,0,,,,,,,,,,,,,archive_pdf,final_premiership_placings,,
amnd-winter-2007-junior-6,oakdale-netball-club-sa,,archive:amnd-winter-2007:junior-6:oakdale-netball-club-sa:none,Oakdale,8,0,,,,,,,,,,,,,archive_pdf,final_premiership_placings,,
amnd-winter-2007-junior-7,adelaide-wildcats,,archive:amnd-winter-2007:junior-7:adelaide-wildcats:none,Adelaide Wildcats,1,1,,,,,,,,,,,,,archive_pdf,final_premiership_placings,,
amnd-winter-2007-junior-7,metro-jets,,archive:amnd-winter-2007:junior-7:metro-jets:none,Western Jets,2,1,,,,,,,,,,,,,archive_pdf,final_premiership_placings,,
amnd-winter-2007-junior-7,woods-panthers,1,archive:amnd-winter-2007:junior-7:woods-panthers:1,Woods Panthers,3,1,,,,,,,,,,,,,archive_pdf,final_premiership_placings,,
amnd-winter-2007-junior-7,semaphore,,archive:amnd-winter-2007:junior-7:semaphore:none,Semaphore,4,1,,,,,,,,,,,,,archive_pdf,final_premiership_placings,,
amnd-winter-2007-junior-7,garville,,archive:amnd-winter-2007:junior-7:garville:none,Garville,5,0,,,,,,,,,,,,,archive_pdf,final_premiership_placings,,
amnd-winter-2007-junior-7,tango-netball-club-inc,,archive:amnd-winter-2007:junior-7:tango-netball-club-inc:none,Tango,6,0,,,,,,,,,,,,,archive_pdf,final_premiership_placings,,
amnd-winter-2007-junior-7,cheerio-netball-club,1,archive:amnd-winter-2007:junior-7:cheerio-netball-club:1,Cheerio,7,0,,,,,,,,,,,,,archive_pdf,final_premiership_placings,,
amnd-winter-2007-junior-7,woods-panthers,2,archive:amnd-winter-2007:junior-7:woods-panthers:2,Woods Panthers,8,0,,,,,,,,,,,,,archive_pdf,final_premiership_placings,,
amnd-winter-2007-junior-7,matrics,,archive:amnd-winter-2007:junior-7:matrics:none,Matrics,9,0,,,,,,,,,,,,,archive_pdf,final_premiership_placings,,
amnd-winter-2007-junior-7,cheerio-netball-club,2,archive:amnd-winter-2007:junior-7:cheerio-netball-club:2,Cheerio,10,0,,,,,,,,,,,,,archive_pdf,final_premiership_placings,,
amnd-winter-2007-primary-1,tango-netball-club-inc,1,archive:amnd-winter-2007:primary-1:tango-netball-club-inc:1,Tango,1,1,,,,,,,,,,,,,archive_pdf,final_premiership_placings,,
amnd-winter-2007-primary-1,contax,1,archive:amnd-winter-2007:primary-1:contax:1,Contax,2,1,,,,,,,,,,,,,archive_pdf,final_premiership_placings,,
amnd-winter-2007-primary-1,matrics,,archive:amnd-winter-2007:primary-1:matrics:none,Matrics,3,1,,,,,,,,,,,,,archive_pdf,final_premiership_placings,,
amnd-winter-2007-primary-1,woods-panthers,,archive:amnd-winter-2007:primary-1:woods-panthers:none,Woods Panthers,4,1,,,,,,,,,,,,,archive_pdf,final_premiership_placings,,
amnd-winter-2007-primary-1,harlequin,,archive:amnd-winter-2007:primary-1:harlequin:none,Harlequin,5,0,,,,,,,,,,,,,archive_pdf,final_premiership_placings,,
amnd-winter-2007-primary-1,tango-netball-club-inc,2,archive:amnd-winter-2007:primary-1:tango-netball-club-inc:2,Tango,6,0,,,,,,,,,,,,,archive_pdf,final_premiership_placings,,
amnd-winter-2007-primary-1,contax,2,archive:amnd-winter-2007:primary-1:contax:2,Contax,7,0,,,,,,,,,,,,,archive_pdf,final_premiership_placings,,
amnd-winter-2007-primary-1,norwood-netball-club,,archive:amnd-winter-2007:primary-1:norwood-netball-club:none,Newton Jaguars,8,0,,,,,,,,,,,,,archive_pdf,final_premiership_placings,,
amnd-winter-2007-primary-2,adelaide-cougars,,archive:amnd-winter-2007:primary-2:adelaide-cougars:none,Adelaide Cougars,1,1,,,,,,,,,,,,,archive_pdf,final_premiership_placings,,
amnd-winter-2007-primary-2,metro-jets,,archive:amnd-winter-2007:primary-2:metro-jets:none,Western Jets,2,1,,,,,,,,,,,,,archive_pdf,final_premiership_placings,,
amnd-winter-2007-primary-2,contax,,archive:amnd-winter-2007:primary-2:contax:none,Contax,3,1,,,,,,,,,,,,,archive_pdf,final_premiership_placings,,
amnd-winter-2007-primary-2,garville,,archive:amnd-winter-2007:primary-2:garville:none,Garville,4,1,,,,,,,,,,,,,archive_pdf,final_premiership_placings,,
amnd-winter-2007-primary-2,oakdale-netball-club-sa,,archive:amnd-winter-2007:primary-2:oakdale-netball-club-sa:none,Oakdale,5,0,,,,,,,,,,,,,archive_pdf,final_premiership_placings,,
amnd-winter-2007-primary-2,woods-panthers,,archive:amnd-winter-2007:primary-2:woods-panthers:none,Woods Panthers,6,0,,,,,,,,,,,,,archive_pdf,final_premiership_placings,,
amnd-winter-2007-primary-2,harlequin,,archive:amnd-winter-2007:primary-2:harlequin:none,Harlequin,7,0,,,,,,,,,,,,,archive_pdf,final_premiership_placings,,
amnd-winter-2007-primary-2,matrics,,archive:amnd-winter-2007:primary-2:matrics:none,Matrics,8,0,,,,,,,,,,,,,archive_pdf,final_premiership_placings,,
amnd-winter-2007-primary-3,contax,1,archive:amnd-winter-2007:primary-3:contax:1,Contax,1,1,,,,,,,,,,,,,archive_pdf,final_premiership_placings,,
amnd-winter-2007-primary-3,tango-netball-club-inc,,archive:amnd-winter-2007:primary-3:tango-netball-club-inc:none,Tango,2,1,,,,,,,,,,,,,archive_pdf,final_premiership_placings,,
amnd-winter-2007-primary-3,metro-jets,1,archive:amnd-winter-2007:primary-3:metro-jets:1,Western Jets,3,1,,,,,,,,,,,,,archive_pdf,final_premiership_placings,,
amnd-winter-2007-primary-3,contax,2,archive:amnd-winter-2007:primary-3:contax:2,Contax,4,1,,,,,,,,,,,,,archive_pdf,final_premiership_placings,,
amnd-winter-2007-primary-3,garville,,archive:amnd-winter-2007:primary-3:garville:none,Garville,5,0,,,,,,,,,,,,,archive_pdf,final_premiership_placings,,
amnd-winter-2007-primary-3,metro-jets,2,archive:amnd-winter-2007:primary-3:metro-jets:2,Western Jets,6,0,,,,,,,,,,,,,archive_pdf,final_premiership_placings,,
amnd-winter-2007-primary-4,cheerio-netball-club,,archive:amnd-winter-2007:primary-4:cheerio-netball-club:none,Cheerio,1,1,,,,,,,,,,,,,archive_pdf,final_premiership_placings,,
amnd-winter-2007-primary-4,oakdale-netball-club-sa,,archive:amnd-winter-2007:primary-4:oakdale-netball-club-sa:none,Oakdale,2,1,,,,,,,,,,,,,archive_pdf,final_premiership_placings,,
amnd-winter-2007-primary-4,matrics,1,archive:amnd-winter-2007:primary-4:matrics:1,Matrics,3,1,,,,,,,,,,,,,archive_pdf,final_premiership_placings,,
amnd-winter-2007-primary-4,norwood-netball-club,,archive:amnd-winter-2007:primary-4:norwood-netball-club:none,Newton Jaguars,4,1,,,,,,,,,,,,,archive_pdf,final_premiership_placings,,
amnd-winter-2007-primary-4,matrics,2,archive:amnd-winter-2007:primary-4:matrics:2,Matrics,5,0,,,,,,,,,,,,,archive_pdf,final_premiership_placings,,
amnd-winter-2007-primary-4,harlequin,,archive:amnd-winter-2007:primary-4:harlequin:none,Harlequin,6,0,,,,,,,,,,,,,archive_pdf,final_premiership_placings,,
amnd-winter-2007-primary-5,woods-panthers,1,archive:amnd-winter-2007:primary-5:woods-panthers:1,Woods Panthers,1,1,,,,,,,,,,,,,archive_pdf,final_premiership_placings,,
amnd-winter-2007-primary-5,contax,,archive:amnd-winter-2007:primary-5:contax:none,Contax,2,1,,,,,,,,,,,,,archive_pdf,final_premiership_placings,,
amnd-winter-2007-primary-5,woods-panthers,2,archive:amnd-winter-2007:primary-5:woods-panthers:2,Woods Panthers,3,1,,,,,,,,,,,,,archive_pdf,final_premiership_placings,,
amnd-winter-2007-primary-5,metro-jets,2,archive:amnd-winter-2007:primary-5:metro-jets:2,Western Jets,4,1,,,,,,,,,,,,,archive_pdf,final_premiership_placings,,
amnd-winter-2007-primary-5,metro-jets,1,archive:amnd-winter-2007:primary-5:metro-jets:1,Western Jets,5,0,,,,,,,,,,,,,archive_pdf,final_premiership_placings,,
amnd-winter-2007-primary-5,norwood-netball-club,,archive:amnd-winter-2007:primary-5:norwood-netball-club:none,Newton Jaguars,6,0,,,,,,,,,,,,,archive_pdf,final_premiership_placings,,
amnd-winter-2007-primary-5,adelaide-cougars,,archive:amnd-winter-2007:primary-5:adelaide-cougars:none,Adelaide Cougars,7,0,,,,,,,,,,,,,archive_pdf,final_premiership_placings,,
amnd-winter-2007-primary-5,garville,,archive:amnd-winter-2007:primary-5:garville:none,Garville,8,0,,,,,,,,,,,,,archive_pdf,final_premiership_placings,,
amnd-winter-2007-primary-6,metro-jets,,archive:amnd-winter-2007:primary-6:metro-jets:none,Western Jets,1,1,,,,,,,,,,,,,archive_pdf,final_premiership_placings,,
amnd-winter-2007-primary-6,semaphore,,archive:amnd-winter-2007:primary-6:semaphore:none,Semaphore,2,1,,,,,,,,,,,,,archive_pdf,final_premiership_placings,,
amnd-winter-2007-primary-6,tango-netball-club-inc,,archive:amnd-winter-2007:primary-6:tango-netball-club-inc:none,Tango,3,1,,,,,,,,,,,,,archive_pdf,final_premiership_placings,,
amnd-winter-2007-primary-6,matrics,,archive:amnd-winter-2007:primary-6:matrics:none,Matrics,4,1,,,,,,,,,,,,,archive_pdf,final_premiership_placings,,
amnd-winter-2007-primary-6,garville,,archive:amnd-winter-2007:primary-6:garville:none,Garville,5,0,,,,,,,,,,,,,archive_pdf,final_premiership_placings,,
amnd-winter-2007-primary-6,cheerio-netball-club,,archive:amnd-winter-2007:primary-6:cheerio-netball-club:none,Cheerio,6,0,,,,,,,,,,,,,archive_pdf,final_premiership_placings,,
amnd-winter-2007-sub-junior-1,harlequin,,archive:amnd-winter-2007:sub-junior-1:harlequin:none,Harlequin,1,1,,,,,,,,,,,,,archive_pdf,final_premiership_placings,,
amnd-winter-2007-sub-junior-1,contax,,archive:amnd-winter-2007:sub-junior-1:contax:none,Contax,2,1,,,,,,,,,,,,,archive_pdf,final_premiership_placings,,
amnd-winter-2007-sub-junior-1,tango-netball-club-inc,,archive:amnd-winter-2007:sub-junior-1:tango-netball-club-inc:none,Tango,3,1,,,,,,,,,,,,,archive_pdf,final_premiership_placings,,
amnd-winter-2007-sub-junior-1,woods-panthers,,archive:amnd-winter-2007:sub-junior-1:woods-panthers:none,Woods Panthers,4,1,,,,,,,,,,,,,archive_pdf,final_premiership_placings,,
amnd-winter-2007-sub-junior-1,matrics,,archive:amnd-winter-2007:sub-junior-1:matrics:none,Matrics,5,0,,,,,,,,,,,,,archive_pdf,final_premiership_placings,,
amnd-winter-2007-sub-junior-1,garville,,archive:amnd-winter-2007:sub-junior-1:garville:none,Garville,6,0,,,,,,,,,,,,,archive_pdf,final_premiership_placings,,
amnd-winter-2007-sub-junior-2,tango-netball-club-inc,,archive:amnd-winter-2007:sub-junior-2:tango-netball-club-inc:none,Tango,1,1,,,,,,,,,,,,,archive_pdf,final_premiership_placings,,
amnd-winter-2007-sub-junior-2,northeast-zodiac,,archive:amnd-winter-2007:sub-junior-2:northeast-zodiac:none,Northeast Zodiacs,2,1,,,,,,,,,,,,,archive_pdf,final_premiership_placings,,
amnd-winter-2007-sub-junior-2,contax,,archive:amnd-winter-2007:sub-junior-2:contax:none,Contax,3,1,,,,,,,,,,,,,archive_pdf,final_premiership_placings,,
amnd-winter-2007-sub-junior-2,matrics,,archive:amnd-winter-2007:sub-junior-2:matrics:none,Matrics,4,1,,,,,,,,,,,,,archive_pdf,final_premiership_placings,,
amnd-winter-2007-sub-junior-2,oakdale-netball-club-sa,,archive:amnd-winter-2007:sub-junior-2:oakdale-netball-club-sa:none,Oakdale,5,0,,,,,,,,,,,,,archive_pdf,final_premiership_placings,,
amnd-winter-2007-sub-junior-2,harlequin,,archive:amnd-winter-2007:sub-junior-2:harlequin:none,Harlequin,6,0,,,,,,,,,,,,,archive_pdf,final_premiership_placings,,
amnd-winter-2007-sub-junior-3,contax,,archive:amnd-winter-2007:sub-junior-3:contax:none,Contax,1,1,,,,,,,,,,,,,archive_pdf,final_premiership_placings,,
amnd-winter-2007-sub-junior-3,tango-netball-club-inc,,archive:amnd-winter-2007:sub-junior-3:tango-netball-club-inc:none,Tango,2,1,,,,,,,,,,,,,archive_pdf,final_premiership_placings,,
amnd-winter-2007-sub-junior-3,metro-jets,,archive:amnd-winter-2007:sub-junior-3:metro-jets:none,Western Jets,3,1,,,,,,,,,,,,,archive_pdf,final_premiership_placings,,
amnd-winter-2007-sub-junior-3,garville,,archive:amnd-winter-2007:sub-junior-3:garville:none,Garville,4,1,,,,,,,,,,,,,archive_pdf,final_premiership_placings,,
amnd-winter-2007-sub-junior-3,norwood-netball-club,,archive:amnd-winter-2007:sub-junior-3:norwood-netball-club:none,Newton Jaguars,5,0,,,,,,,,,,,,,archive_pdf,final_premiership_placings,,
amnd-winter-2007-sub-junior-3,woods-panthers,,archive:amnd-winter-2007:sub-junior-3:woods-panthers:none,Woods Panthers,6,0,,,,,,,,,,,,,archive_pdf,final_premiership_placings,,
amnd-winter-2007-sub-junior-4,tango-netball-club-inc,,archive:amnd-winter-2007:sub-junior-4:tango-netball-club-inc:none,Tango,1,1,,,,,,,,,,,,,archive_pdf,final_premiership_placings,,
amnd-winter-2007-sub-junior-4,adelaide-cougars,,archive:amnd-winter-2007:sub-junior-4:adelaide-cougars:none,Adelaide Cougars,2,1,,,,,,,,,,,,,archive_pdf,final_premiership_placings,,
amnd-winter-2007-sub-junior-4,northeast-zodiac,,archive:amnd-winter-2007:sub-junior-4:northeast-zodiac:none,Northeast Zodiacs,3,1,,,,,,,,,,,,,archive_pdf,final_premiership_placings,,
amnd-winter-2007-sub-junior-4,garville,,archive:amnd-winter-2007:sub-junior-4:garville:none,Garville,4,1,,,,,,,,,,,,,archive_pdf,final_premiership_placings,,
amnd-winter-2007-sub-junior-4,harlequin,,archive:amnd-winter-2007:sub-junior-4:harlequin:none,Harlequin,5,0,,,,,,,,,,,,,archive_pdf,final_premiership_placings,,
amnd-winter-2007-sub-junior-4,oakdale-netball-club-sa,,archive:amnd-winter-2007:sub-junior-4:oakdale-netball-club-sa:none,Oakdale,6,0,,,,,,,,,,,,,archive_pdf,final_premiership_placings,,
amnd-winter-2007-sub-junior-4,metro-jets,,archive:amnd-winter-2007:sub-junior-4:metro-jets:none,Western Jets,7,0,,,,,,,,,,,,,archive_pdf,final_premiership_placings,,
amnd-winter-2007-sub-junior-4,norwood-netball-club,,archive:amnd-winter-2007:sub-junior-4:norwood-netball-club:none,Newton Jaguars,8,0,,,,,,,,,,,,,archive_pdf,final_premiership_placings,,
amnd-winter-2007-sub-junior-5,contax,,archive:amnd-winter-2007:sub-junior-5:contax:none,Contax,1,1,,,,,,,,,,,,,archive_pdf,final_premiership_placings,,
amnd-winter-2007-sub-junior-5,woods-panthers,,archive:amnd-winter-2007:sub-junior-5:woods-panthers:none,Woods Panthers,2,1,,,,,,,,,,,,,archive_pdf,final_premiership_placings,,
amnd-winter-2007-sub-junior-5,matrics,,archive:amnd-winter-2007:sub-junior-5:matrics:none,Matrics,3,1,,,,,,,,,,,,,archive_pdf,final_premiership_placings,,
amnd-winter-2007-sub-junior-5,oakdale-netball-club-sa,,archive:amnd-winter-2007:sub-junior-5:oakdale-netball-club-sa:none,Oakdale,4,1,,,,,,,,,,,,,archive_pdf,final_premiership_placings,,
amnd-winter-2007-sub-junior-5,metro-jets,,archive:amnd-winter-2007:sub-junior-5:metro-jets:none,Western Jets,5,0,,,,,,,,,,,,,archive_pdf,final_premiership_placings,,
amnd-winter-2007-sub-junior-5,adelaide-cougars,,archive:amnd-winter-2007:sub-junior-5:adelaide-cougars:none,Adelaide Cougars,6,0,,,,,,,,,,,,,archive_pdf,final_premiership_placings,,
amnd-winter-2007-sub-junior-5,garville,,archive:amnd-winter-2007:sub-junior-5:garville:none,Garville,7,0,,,,,,,,,,,,,archive_pdf,final_premiership_placings,,
amnd-winter-2007-sub-junior-5,norwood-netball-club,,archive:amnd-winter-2007:sub-junior-5:norwood-netball-club:none,Newton Jaguars,8,0,,,,,,,,,,,,,archive_pdf,final_premiership_placings,,
amnd-winter-2007-sub-junior-6,noarlunga,,archive:amnd-winter-2007:sub-junior-6:noarlunga:none,Noarlunga,1,1,,,,,,,,,,,,,archive_pdf,final_premiership_placings,,
amnd-winter-2007-sub-junior-6,woods-panthers,,archive:amnd-winter-2007:sub-junior-6:woods-panthers:none,Woods Panthers,2,1,,,,,,,,,,,,,archive_pdf,final_premiership_placings,,
amnd-winter-2007-sub-junior-6,contax,,archive:amnd-winter-2007:sub-junior-6:contax:none,Contax,3,1,,,,,,,,,,,,,archive_pdf,final_premiership_placings,,
amnd-winter-2007-sub-junior-6,cheerio-netball-club,,archive:amnd-winter-2007:sub-junior-6:cheerio-netball-club:none,Cheerio,4,1,,,,,,,,,,,,,archive_pdf,final_premiership_placings,,
amnd-winter-2007-sub-junior-6,tango-netball-club-inc,,archive:amnd-winter-2007:sub-junior-6:tango-netball-club-inc:none,Tango,5,0,,,,,,,,,,,,,archive_pdf,final_premiership_placings,,
amnd-winter-2007-sub-junior-6,harlequin,,archive:amnd-winter-2007:sub-junior-6:harlequin:none,Harlequin,6,0,,,,,,,,,,,,,archive_pdf,final_premiership_placings,,
amnd-winter-2007-sub-junior-6,adelaide-wildcats,,archive:amnd-winter-2007:sub-junior-6:adelaide-wildcats:none,Adelaide Wildcats,7,0,,,,,,,,,,,,,archive_pdf,final_premiership_placings,,
amnd-winter-2007-sub-junior-6,adelaide-cougars,,archive:amnd-winter-2007:sub-junior-6:adelaide-cougars:none,Adelaide Cougars,8,0,,,,,,,,,,,,,archive_pdf,final_premiership_placings,,
amnd-winter-2007-sub-junior-7,semaphore,,archive:amnd-winter-2007:sub-junior-7:semaphore:none,Semaphore,1,1,,,,,,,,,,,,,archive_pdf,final_premiership_placings,,
amnd-winter-2007-sub-junior-7,garville,,archive:amnd-winter-2007:sub-junior-7:garville:none,Garville,2,1,,,,,,,,,,,,,archive_pdf,final_premiership_placings,,
amnd-winter-2007-sub-junior-7,matrics,,archive:amnd-winter-2007:sub-junior-7:matrics:none,Matrics,3,1,,,,,,,,,,,,,archive_pdf,final_premiership_placings,,
amnd-winter-2007-sub-junior-7,woods-panthers,,archive:amnd-winter-2007:sub-junior-7:woods-panthers:none,Woods Panthers,4,1,,,,,,,,,,,,,archive_pdf,final_premiership_placings,,
amnd-winter-2007-sub-junior-7,contax,,archive:amnd-winter-2007:sub-junior-7:contax:none,Contax,5,0,,,,,,,,,,,,,archive_pdf,final_premiership_placings,,
amnd-winter-2007-sub-junior-7,tango-netball-club-inc,,archive:amnd-winter-2007:sub-junior-7:tango-netball-club-inc:none,Tango,6,0,,,,,,,,,,,,,archive_pdf,final_premiership_placings,,
amnd-winter-2007-sub-junior-8,garville,,archive:amnd-winter-2007:sub-junior-8:garville:none,Garville,1,1,,,,,,,,,,,,,archive_pdf,final_premiership_placings,,
amnd-winter-2007-sub-junior-8,metro-jets,,archive:amnd-winter-2007:sub-junior-8:metro-jets:none,Western Jets,2,1,,,,,,,,,,,,,archive_pdf,final_premiership_placings,,
amnd-winter-2007-sub-junior-8,heatwave,,archive:amnd-winter-2007:sub-junior-8:heatwave:none,Heatwave,3,1,,,,,,,,,,,,,archive_pdf,final_premiership_placings,,
amnd-winter-2007-sub-junior-8,matrics,,archive:amnd-winter-2007:sub-junior-8:matrics:none,Matrics,4,1,,,,,,,,,,,,,archive_pdf,final_premiership_placings,,
amnd-winter-2007-sub-junior-8,oakdale-netball-club-sa,,archive:amnd-winter-2007:sub-junior-8:oakdale-netball-club-sa:none,Oakdale,5,0,,,,,,,,,,,,,archive_pdf,final_premiership_placings,,
amnd-winter-2007-sub-junior-8,woods-panthers,,archive:amnd-winter-2007:sub-junior-8:woods-panthers:none,Woods Panthers,6,0,,,,,,,,,,,,,archive_pdf,final_premiership_placings,,
amnd-winter-2007-sub-junior-8,adelaide-cougars,,archive:amnd-winter-2007:sub-junior-8:adelaide-cougars:none,Adelaide Cougars,7,0,,,,,,,,,,,,,archive_pdf,final_premiership_placings,,
amnd-winter-2007-sub-junior-9,norwood-netball-club,1,archive:amnd-winter-2007:sub-junior-9:norwood-netball-club:1,Newton Jaguars,1,1,,,,,,,,,,,,,archive_pdf,final_premiership_placings,,
amnd-winter-2007-sub-junior-9,cheerio-netball-club,,archive:amnd-winter-2007:sub-junior-9:cheerio-netball-club:none,Cheerio,2,1,,,,,,,,,,,,,archive_pdf,final_premiership_placings,,
amnd-winter-2007-sub-junior-9,semaphore,,archive:amnd-winter-2007:sub-junior-9:semaphore:none,Semaphore,3,1,,,,,,,,,,,,,archive_pdf,final_premiership_placings,,
amnd-winter-2007-sub-junior-9,garville,,archive:amnd-winter-2007:sub-junior-9:garville:none,Garville,4,1,,,,,,,,,,,,,archive_pdf,final_premiership_placings,,
amnd-winter-2007-sub-junior-9,metro-jets,,archive:amnd-winter-2007:sub-junior-9:metro-jets:none,Western Jets,5,0,,,,,,,,,,,,,archive_pdf,final_premiership_placings,,
amnd-winter-2007-sub-junior-9,woods-panthers,,archive:amnd-winter-2007:sub-junior-9:woods-panthers:none,Woods Panthers,6,0,,,,,,,,,,,,,archive_pdf,final_premiership_placings,,
amnd-winter-2007-sub-junior-9,norwood-netball-club,2,archive:amnd-winter-2007:sub-junior-9:norwood-netball-club:2,Newton Jaguars,7,0,,,,,,,,,,,,,archive_pdf,final_premiership_placings,,
amnd-winter-2007-sub-junior-9,matrics,,archive:amnd-winter-2007:sub-junior-9:matrics:none,Matrics,8,0,,,,,,,,,,,,,archive_pdf,final_premiership_placings,,
amnd-winter-2008-a-grade,fielders-flames,,archive:amnd-winter-2008:a-grade:fielders-flames:none,Flames,1,1,,,,,,,,,,,,,archive_pdf,final_premiership_placings,,
amnd-winter-2008-a-grade,sacred-heart-o-c,,archive:amnd-winter-2008:a-grade:sacred-heart-o-c:none,Sacred Heart O.C.,2,1,,,,,,,,,,,,,archive_pdf,final_premiership_placings,,
amnd-winter-2008-a-grade,contax,,archive:amnd-winter-2008:a-grade:contax:none,Contax,3,1,,,,,,,,,,,,,archive_pdf,final_premiership_placings,,
amnd-winter-2008-a-grade,adelaide-wildcats,,archive:amnd-winter-2008:a-grade:adelaide-wildcats:none,Adelaide Wildcats,4,1,,,,,,,,,,,,,archive_pdf,final_premiership_placings,,
amnd-winter-2008-a-grade,norwood-netball-club,,archive:amnd-winter-2008:a-grade:norwood-netball-club:none,Newton Jaguars,5,0,,,,,,,,,,,,,archive_pdf,final_premiership_placings,,
amnd-winter-2008-a-grade,cheerio-netball-club,,archive:amnd-winter-2008:a-grade:cheerio-netball-club:none,Cheerio,6,0,,,,,,,,,,,,,archive_pdf,final_premiership_placings,,
amnd-winter-2008-a-grade,woods-panthers,,archive:amnd-winter-2008:a-grade:woods-panthers:none,Woods Panthers,7,0,,,,,,,,,,,,,archive_pdf,final_premiership_placings,,
amnd-winter-2008-a-grade,garville,,archive:amnd-winter-2008:a-grade:garville:none,Garville,8,0,,,,,,,,,,,,,archive_pdf,final_premiership_placings,,
amnd-winter-2008-amnd-league,adelaide-wildcats,,archive:amnd-winter-2008:amnd-league:adelaide-wildcats:none,Adelaide Wildcats,1,1,,,,,,,,,,,,,archive_pdf,final_premiership_placings,,
amnd-winter-2008-amnd-league,contax,,archive:amnd-winter-2008:amnd-league:contax:none,Contax,2,1,,,,,,,,,,,,,archive_pdf,final_premiership_placings,,
amnd-winter-2008-amnd-league,oakdale-netball-club-sa,,archive:amnd-winter-2008:amnd-league:oakdale-netball-club-sa:none,Oakdale,3,1,,,,,,,,,,,,,archive_pdf,final_premiership_placings,,
amnd-winter-2008-amnd-league,norwood-netball-club,,archive:amnd-winter-2008:amnd-league:norwood-netball-club:none,Newton Jaguars,4,1,,,,,,,,,,,,,archive_pdf,final_premiership_placings,,
amnd-winter-2008-amnd-league,woods-panthers,,archive:amnd-winter-2008:amnd-league:woods-panthers:none,Woods Panthers,5,0,,,,,,,,,,,,,archive_pdf,final_premiership_placings,,
amnd-winter-2008-amnd-league,harlequin,,archive:amnd-winter-2008:amnd-league:harlequin:none,Harlequin,6,0,,,,,,,,,,,,,archive_pdf,final_premiership_placings,,
amnd-winter-2008-amnd-league,cheerio-netball-club,,archive:amnd-winter-2008:amnd-league:cheerio-netball-club:none,Cheerio,7,0,,,,,,,,,,,,,archive_pdf,final_premiership_placings,,
amnd-winter-2008-amnd-league,adelaide-cougars,,archive:amnd-winter-2008:amnd-league:adelaide-cougars:none,Adelaide Cougars,8,0,,,,,,,,,,,,,archive_pdf,final_premiership_placings,,
amnd-winter-2008-amnd-league,matrics,,archive:amnd-winter-2008:amnd-league:matrics:none,Matrics,9,0,,,,,,,,,,,,,archive_pdf,final_premiership_placings,,
amnd-winter-2008-amnd-league,garville,,archive:amnd-winter-2008:amnd-league:garville:none,Garville,10,0,,,,,,,,,,,,,archive_pdf,final_premiership_placings,,
amnd-winter-2008-b-1,harlequin,,archive:amnd-winter-2008:b-1:harlequin:none,Harlequin,1,1,,,,,,,,,,,,,archive_pdf,final_premiership_placings,,
amnd-winter-2008-b-1,adelaide-university,,archive:amnd-winter-2008:b-1:adelaide-university:none,Adelaide University,2,1,,,,,,,,,,,,,archive_pdf,final_premiership_placings,,
amnd-winter-2008-b-1,scotch-old-scholars,,archive:amnd-winter-2008:b-1:scotch-old-scholars:none,Scotch O.S.,3,1,,,,,,,,,,,,,archive_pdf,final_premiership_placings,,
amnd-winter-2008-b-1,city-coasters,,archive:amnd-winter-2008:b-1:city-coasters:none,City Coasters,4,1,,,,,,,,,,,,,archive_pdf,final_premiership_placings,,
amnd-winter-2008-b-1,adelaide-swish,,archive:amnd-winter-2008:b-1:adelaide-swish:none,Adelaide Swish,5,0,,,,,,,,,,,,,archive_pdf,final_premiership_placings,,
amnd-winter-2008-b-1,contax,,archive:amnd-winter-2008:b-1:contax:none,Contax,6,0,,,,,,,,,,,,,archive_pdf,final_premiership_placings,,
amnd-winter-2008-b-1,westminster-o-s,,archive:amnd-winter-2008:b-1:westminster-o-s:none,Westminster O.S.,7,0,,,,,,,,,,,,,archive_pdf,final_premiership_placings,,
amnd-winter-2008-b-1,oakdale-netball-club-sa,,archive:amnd-winter-2008:b-1:oakdale-netball-club-sa:none,Oakdale,8,0,,,,,,,,,,,,,archive_pdf,final_premiership_placings,,
amnd-winter-2008-b-1,tango-netball-club-inc,,archive:amnd-winter-2008:b-1:tango-netball-club-inc:none,Tango,9,0,,,,,,,,,,,,,archive_pdf,final_premiership_placings,,
amnd-winter-2008-b-1,metro-jets,,archive:amnd-winter-2008:b-1:metro-jets:none,Western Jets,10,0,,,,,,,,,,,,,archive_pdf,final_premiership_placings,,
amnd-winter-2008-b-2,adelaide-wildcats,,archive:amnd-winter-2008:b-2:adelaide-wildcats:none,Adelaide Wildcats,1,1,,,,,,,,,,,,,archive_pdf,final_premiership_placings,,
amnd-winter-2008-b-2,cheerio-netball-club,,archive:amnd-winter-2008:b-2:cheerio-netball-club:none,Cheerio,2,1,,,,,,,,,,,,,archive_pdf,final_premiership_placings,,
amnd-winter-2008-b-2,sacred-heart-o-c,,archive:amnd-winter-2008:b-2:sacred-heart-o-c:none,Sacred Heart O.C.,3,1,,,,,,,,,,,,,archive_pdf,final_premiership_placings,,
amnd-winter-2008-b-2,semaphore,,archive:amnd-winter-2008:b-2:semaphore:none,Semaphore,4,1,,,,,,,,,,,,,archive_pdf,final_premiership_placings,,
amnd-winter-2008-b-2,contax,,archive:amnd-winter-2008:b-2:contax:none,Contax,5,0,,,,,,,,,,,,,archive_pdf,final_premiership_placings,,
amnd-winter-2008-b-2,matrics,,archive:amnd-winter-2008:b-2:matrics:none,Matrics,6,0,,,,,,,,,,,,,archive_pdf,final_premiership_placings,,
amnd-winter-2008-b-2,pembroke-o-s,,archive:amnd-winter-2008:b-2:pembroke-o-s:none,Pembroke O.S.,7,0,,,,,,,,,,,,,archive_pdf,final_premiership_placings,,
amnd-winter-2008-b-2,woods-panthers,,archive:amnd-winter-2008:b-2:woods-panthers:none,Woods Panthers,8,0,,,,,,,,,,,,,archive_pdf,final_premiership_placings,,
amnd-winter-2008-b-2,harlequin,,archive:amnd-winter-2008:b-2:harlequin:none,Harlequin,9,0,,,,,,,,,,,,,archive_pdf,final_premiership_placings,,
amnd-winter-2008-b-2,adelaide-cougars,,archive:amnd-winter-2008:b-2:adelaide-cougars:none,Adelaide Cougars,10,0,,,,,,,,,,,,,archive_pdf,final_premiership_placings,,
amnd-winter-2008-b-3,norwood-netball-club,,archive:amnd-winter-2008:b-3:norwood-netball-club:none,Newton Jaguars,1,1,,,,,,,,,,,,,archive_pdf,final_premiership_placings,,
amnd-winter-2008-b-3,contax,,archive:amnd-winter-2008:b-3:contax:none,Contax,2,1,,,,,,,,,,,,,archive_pdf,final_premiership_placings,,
amnd-winter-2008-b-3,noarlunga,,archive:amnd-winter-2008:b-3:noarlunga:none,Noarlunga,3,1,,,,,,,,,,,,,archive_pdf,final_premiership_placings,,
amnd-winter-2008-b-3,heatwave,,archive:amnd-winter-2008:b-3:heatwave:none,Heatwave,4,1,,,,,,,,,,,,,archive_pdf,final_premiership_placings,,
amnd-winter-2008-b-3,seymour-o-c,,archive:amnd-winter-2008:b-3:seymour-o-c:none,Seymour O.C.,5,0,,,,,,,,,,,,,archive_pdf,final_premiership_placings,,
amnd-winter-2008-b-3,matrics,,archive:amnd-winter-2008:b-3:matrics:none,Matrics,6,0,,,,,,,,,,,,,archive_pdf,final_premiership_placings,,
amnd-winter-2008-b-4,adelaide-university,,archive:amnd-winter-2008:b-4:adelaide-university:none,Adelaide University,1,1,,,,,,,,,,,,,archive_pdf,final_premiership_placings,,
amnd-winter-2008-b-4,adelaide-cougars,,archive:amnd-winter-2008:b-4:adelaide-cougars:none,Adelaide Cougars,2,1,,,,,,,,,,,,,archive_pdf,final_premiership_placings,,
amnd-winter-2008-b-4,cheerio-netball-club,,archive:amnd-winter-2008:b-4:cheerio-netball-club:none,Cheerio,3,1,,,,,,,,,,,,,archive_pdf,final_premiership_placings,,
amnd-winter-2008-b-4,tango-netball-club-inc,,archive:amnd-winter-2008:b-4:tango-netball-club-inc:none,Tango,4,1,,,,,,,,,,,,,archive_pdf,final_premiership_placings,,
amnd-winter-2008-b-4,flinders-university,,archive:amnd-winter-2008:b-4:flinders-university:none,Flinders University,5,0,,,,,,,,,,,,,archive_pdf,final_premiership_placings,,
amnd-winter-2008-b-4,garville,,archive:amnd-winter-2008:b-4:garville:none,Garville,6,0,,,,,,,,,,,,,archive_pdf,final_premiership_placings,,
amnd-winter-2008-b-5,city-coasters,,archive:amnd-winter-2008:b-5:city-coasters:none,City Coasters,1,1,,,,,,,,,,,,,archive_pdf,final_premiership_placings,,
amnd-winter-2008-b-5,sacred-heart-o-c,,archive:amnd-winter-2008:b-5:sacred-heart-o-c:none,Sacred Heart O.C.,2,1,,,,,,,,,,,,,archive_pdf,final_premiership_placings,,
amnd-winter-2008-b-5,adelaide-university,,archive:amnd-winter-2008:b-5:adelaide-university:none,Adelaide University,3,1,,,,,,,,,,,,,archive_pdf,final_premiership_placings,,
amnd-winter-2008-b-5,flinders-university,,archive:amnd-winter-2008:b-5:flinders-university:none,Flinders University,4,1,,,,,,,,,,,,,archive_pdf,final_premiership_placings,,
amnd-winter-2008-b-5,garville,,archive:amnd-winter-2008:b-5:garville:none,Garville,5,0,,,,,,,,,,,,,archive_pdf,final_premiership_placings,,
amnd-winter-2008-b-5,harlequin,,archive:amnd-winter-2008:b-5:harlequin:none,Harlequin,6,0,,,,,,,,,,,,,archive_pdf,final_premiership_placings,,
amnd-winter-2008-b-5,contax,,archive:amnd-winter-2008:b-5:contax:none,Contax,7,0,,,,,,,,,,,,,archive_pdf,final_premiership_placings,,
amnd-winter-2008-b-5,metro-jets,,archive:amnd-winter-2008:b-5:metro-jets:none,Western Jets,8,0,,,,,,,,,,,,,archive_pdf,final_premiership_placings,,
amnd-winter-2008-c-1,westminster-o-s,,archive:amnd-winter-2008:c-1:westminster-o-s:none,Westminster O.S.,1,1,,,,,,,,,,,,,archive_pdf,final_premiership_placings,,
amnd-winter-2008-c-1,woods-panthers,,archive:amnd-winter-2008:c-1:woods-panthers:none,Woods Panthers,2,1,,,,,,,,,,,,,archive_pdf,final_premiership_placings,,
amnd-winter-2008-c-1,old-ignatians,,archive:amnd-winter-2008:c-1:old-ignatians:none,Old Ignatians,3,1,,,,,,,,,,,,,archive_pdf,final_premiership_placings,,
amnd-winter-2008-c-1,norwood-netball-club,,archive:amnd-winter-2008:c-1:norwood-netball-club:none,Newton Jaguars,4,1,,,,,,,,,,,,,archive_pdf,final_premiership_placings,,
amnd-winter-2008-c-1,oakdale-netball-club-sa,,archive:amnd-winter-2008:c-1:oakdale-netball-club-sa:none,Oakdale,5,0,,,,,,,,,,,,,archive_pdf,final_premiership_placings,,
amnd-winter-2008-c-1,semaphore,,archive:amnd-winter-2008:c-1:semaphore:none,Semaphore,6,0,,,,,,,,,,,,,archive_pdf,final_premiership_placings,,
amnd-winter-2008-c-1,adelaide-wildcats,,archive:amnd-winter-2008:c-1:adelaide-wildcats:none,Adelaide Wildcats,7,0,,,,,,,,,,,,,archive_pdf,final_premiership_placings,,
amnd-winter-2008-c-1,cheerio-netball-club,,archive:amnd-winter-2008:c-1:cheerio-netball-club:none,Cheerio,8,0,,,,,,,,,,,,,archive_pdf,final_premiership_placings,,
amnd-winter-2008-c-1,adelaide-cougars,,archive:amnd-winter-2008:c-1:adelaide-cougars:none,Adelaide Cougars,9,0,,,,,,,,,,,,,archive_pdf,final_premiership_placings,,
amnd-winter-2008-c-1,matrics,,archive:amnd-winter-2008:c-1:matrics:none,Matrics,10,0,,,,,,,,,,,,,archive_pdf,final_premiership_placings,,
amnd-winter-2008-c-2,city-coasters,,archive:amnd-winter-2008:c-2:city-coasters:none,City Coasters,1,1,,,,,,,,,,,,,archive_pdf,final_premiership_placings,,
amnd-winter-2008-c-2,westminster-o-s,,archive:amnd-winter-2008:c-2:westminster-o-s:none,Westminster O.S.,2,1,,,,,,,,,,,,,archive_pdf,final_premiership_placings,,
amnd-winter-2008-c-2,pembroke-o-s,,archive:amnd-winter-2008:c-2:pembroke-o-s:none,Pembroke O.S.,3,1,,,,,,,,,,,,,archive_pdf,final_premiership_placings,,
amnd-winter-2008-c-2,woods-panthers,,archive:amnd-winter-2008:c-2:woods-panthers:none,Woods Panthers,4,1,,,,,,,,,,,,,archive_pdf,final_premiership_placings,,
amnd-winter-2008-c-2,adelaide-university,2,archive:amnd-winter-2008:c-2:adelaide-university:2,Adelaide Uni.,5,0,,,,,,,,,,,,,archive_pdf,final_premiership_placings,,
amnd-winter-2008-c-2,norwood-netball-club,,archive:amnd-winter-2008:c-2:norwood-netball-club:none,Newton Jaguars,6,0,,,,,,,,,,,,,archive_pdf,final_premiership_placings,,
amnd-winter-2008-c-2,immanuel-doves,,archive:amnd-winter-2008:c-2:immanuel-doves:none,Immanuel,7,0,,,,,,,,,,,,,archive_pdf,final_premiership_placings,,
amnd-winter-2008-c-2,adelaide-university,1,archive:amnd-winter-2008:c-2:adelaide-university:1,Adelaide Uni.,8,0,,,,,,,,,,,,,archive_pdf,final_premiership_placings,,
amnd-winter-2008-c-2,metro-jets,,archive:amnd-winter-2008:c-2:metro-jets:none,Western Jets,9,0,,,,,,,,,,,,,archive_pdf,final_premiership_placings,,
amnd-winter-2008-c-3,sa-ladybirds,,archive:amnd-winter-2008:c-3:sa-ladybirds:none,Ladybirds,1,1,,,,,,,,,,,,,archive_pdf,final_premiership_placings,,
amnd-winter-2008-c-3,adelaide-wildcats,,archive:amnd-winter-2008:c-3:adelaide-wildcats:none,Adelaide Wildcats,2,1,,,,,,,,,,,,,archive_pdf,final_premiership_placings,,
amnd-winter-2008-c-3,annesley-o-s,,archive:amnd-winter-2008:c-3:annesley-o-s:none,Annesley O.S.,3,1,,,,,,,,,,,,,archive_pdf,final_premiership_placings,,
amnd-winter-2008-c-3,adelaide-swish,,archive:amnd-winter-2008:c-3:adelaide-swish:none,Adelaide Swish,4,1,,,,,,,,,,,,,archive_pdf,final_premiership_placings,,
amnd-winter-2008-c-3,cheerio-netball-club,,archive:amnd-winter-2008:c-3:cheerio-netball-club:none,Cheerio,5,0,,,,,,,,,,,,,archive_pdf,final_premiership_placings,,
amnd-winter-2008-c-3,flinders-university,,archive:amnd-winter-2008:c-3:flinders-university:none,Flinders University,6,0,,,,,,,,,,,,,archive_pdf,final_premiership_placings,,
amnd-winter-2008-c-3,sacred-heart-o-c,,archive:amnd-winter-2008:c-3:sacred-heart-o-c:none,Sacred Heart O.C.,7,0,,,,,,,,,,,,,archive_pdf,final_premiership_placings,,
amnd-winter-2008-c-3,pembroke-o-s,,archive:amnd-winter-2008:c-3:pembroke-o-s:none,Pembroke O.S.,8,0,,,,,,,,,,,,,archive_pdf,final_premiership_placings,,
amnd-winter-2008-c-3,adelaide-university,,archive:amnd-winter-2008:c-3:adelaide-university:none,Adelaide University,9,0,,,,,,,,,,,,,archive_pdf,final_premiership_placings,,
amnd-winter-2008-c-4,cheerio-netball-club,,archive:amnd-winter-2008:c-4:cheerio-netball-club:none,Cheerio,1,1,,,,,,,,,,,,,archive_pdf,final_premiership_placings,,
amnd-winter-2008-c-4,westminster-o-s,,archive:amnd-winter-2008:c-4:westminster-o-s:none,Westminster O.S.,2,1,,,,,,,,,,,,,archive_pdf,final_premiership_placings,,
amnd-winter-2008-c-4,semaphore,,archive:amnd-winter-2008:c-4:semaphore:none,Semaphore,3,1,,,,,,,,,,,,,archive_pdf,final_premiership_placings,,
amnd-winter-2008-c-4,city-coasters,,archive:amnd-winter-2008:c-4:city-coasters:none,City Coasters,4,1,,,,,,,,,,,,,archive_pdf,final_premiership_placings,,
amnd-winter-2008-c-4,matrics,,archive:amnd-winter-2008:c-4:matrics:none,Matrics,5,0,,,,,,,,,,,,,archive_pdf,final_premiership_placings,,
amnd-winter-2008-c-4,flinders-university,,archive:amnd-winter-2008:c-4:flinders-university:none,Flinders University,6,0,,,,,,,,,,,,,archive_pdf,final_premiership_placings,,
amnd-winter-2008-c-4,pembroke-o-s,,archive:amnd-winter-2008:c-4:pembroke-o-s:none,Pembroke O.S.,7,0,,,,,,,,,,,,,archive_pdf,final_premiership_placings,,
amnd-winter-2008-c-4,sacred-heart-o-c,,archive:amnd-winter-2008:c-4:sacred-heart-o-c:none,Sacred Heart O.C.,8,0,,,,,,,,,,,,,archive_pdf,final_premiership_placings,,
amnd-winter-2008-c-4,adelaide-university,,archive:amnd-winter-2008:c-4:adelaide-university:none,Adelaide University,9,0,,,,,,,,,,,,,archive_pdf,final_premiership_placings,,
amnd-winter-2008-h-grade,norwood-netball-club,,archive:amnd-winter-2008:h-grade:norwood-netball-club:none,Jaguars,1,1,,,,,,,,,,,,,archive_pdf,final_premiership_placings,,
amnd-winter-2008-h-grade,matrics,,archive:amnd-winter-2008:h-grade:matrics:none,Matrics,2,1,,,,,,,,,,,,,archive_pdf,final_premiership_placings,,
amnd-winter-2008-h-grade,metro-jets,,archive:amnd-winter-2008:h-grade:metro-jets:none,Western Jets,3,1,,,,,,,,,,,,,archive_pdf,final_premiership_placings,,
amnd-winter-2008-h-grade,harlequin,,archive:amnd-winter-2008:h-grade:harlequin:none,Harlequin,4,1,,,,,,,,,,,,,archive_pdf,final_premiership_placings,,
amnd-winter-2008-h-grade,contax,,archive:amnd-winter-2008:h-grade:contax:none,Contax,5,0,,,,,,,,,,,,,archive_pdf,final_premiership_placings,,
amnd-winter-2008-h-grade,woods-panthers,,archive:amnd-winter-2008:h-grade:woods-panthers:none,Woods Panthers,6,0,,,,,,,,,,,,,archive_pdf,final_premiership_placings,,
amnd-winter-2008-inter-1,adelaide-cougars,,archive:amnd-winter-2008:inter-1:adelaide-cougars:none,Adelaide Cougars,1,1,,,,,,,,,,,,,archive_pdf,final_premiership_placings,,
amnd-winter-2008-inter-1,contax,,archive:amnd-winter-2008:inter-1:contax:none,Contax,2,1,,,,,,,,,,,,,archive_pdf,final_premiership_placings,,
amnd-winter-2008-inter-1,oakdale-netball-club-sa,,archive:amnd-winter-2008:inter-1:oakdale-netball-club-sa:none,Oakdale,3,1,,,,,,,,,,,,,archive_pdf,final_premiership_placings,,
amnd-winter-2008-inter-1,harlequin,1,archive:amnd-winter-2008:inter-1:harlequin:1,Harlequin,4,1,,,,,,,,,,,,,archive_pdf,final_premiership_placings,,
amnd-winter-2008-inter-1,norwood-netball-club,,archive:amnd-winter-2008:inter-1:norwood-netball-club:none,Newton Jaguars,5,0,,,,,,,,,,,,,archive_pdf,final_premiership_placings,,
amnd-winter-2008-inter-1,woods-panthers,,archive:amnd-winter-2008:inter-1:woods-panthers:none,Woods Panthers,6,0,,,,,,,,,,,,,archive_pdf,final_premiership_placings,,
amnd-winter-2008-inter-1,harlequin,2,archive:amnd-winter-2008:inter-1:harlequin:2,Harlequin,7,0,,,,,,,,,,,,,archive_pdf,final_premiership_placings,,
amnd-winter-2008-inter-1,tango-netball-club-inc,,archive:amnd-winter-2008:inter-1:tango-netball-club-inc:none,Tango,8,0,,,,,,,,,,,,,archive_pdf,final_premiership_placings,,
amnd-winter-2008-inter-1,matrics,,archive:amnd-winter-2008:inter-1:matrics:none,Matrics,9,0,,,,,,,,,,,,,archive_pdf,final_premiership_placings,,
amnd-winter-2008-inter-1,garville,,archive:amnd-winter-2008:inter-1:garville:none,Garville,10,0,,,,,,,,,,,,,archive_pdf,final_premiership_placings,,
amnd-winter-2008-inter-2,metro-jets,1,archive:amnd-winter-2008:inter-2:metro-jets:1,Western Jets,1,1,,,,,,,,,,,,,archive_pdf,final_premiership_placings,,
amnd-winter-2008-inter-2,oakdale-netball-club-sa,,archive:amnd-winter-2008:inter-2:oakdale-netball-club-sa:none,Oakdale,2,1,,,,,,,,,,,,,archive_pdf,final_premiership_placings,,
amnd-winter-2008-inter-2,contax,1,archive:amnd-winter-2008:inter-2:contax:1,Contax,3,1,,,,,,,,,,,,,archive_pdf,final_premiership_placings,,
amnd-winter-2008-inter-2,metro-jets,2,archive:amnd-winter-2008:inter-2:metro-jets:2,Western Jets,4,1,,,,,,,,,,,,,archive_pdf,final_premiership_placings,,
amnd-winter-2008-inter-2,adelaide-cougars,,archive:amnd-winter-2008:inter-2:adelaide-cougars:none,Adelaide Cougars,5,0,,,,,,,,,,,,,archive_pdf,final_premiership_placings,,
amnd-winter-2008-inter-2,woods-panthers,,archive:amnd-winter-2008:inter-2:woods-panthers:none,Woods Panthers,6,0,,,,,,,,,,,,,archive_pdf,final_premiership_placings,,
amnd-winter-2008-inter-2,contax,2,archive:amnd-winter-2008:inter-2:contax:2,Contax,7,0,,,,,,,,,,,,,archive_pdf,final_premiership_placings,,
amnd-winter-2008-inter-2,norwood-netball-club,,archive:amnd-winter-2008:inter-2:norwood-netball-club:none,Newton Jaguars,8,0,,,,,,,,,,,,,archive_pdf,final_premiership_placings,,
amnd-winter-2008-inter-2,garville,,archive:amnd-winter-2008:inter-2:garville:none,Garville,9,0,,,,,,,,,,,,,archive_pdf,final_premiership_placings,,
amnd-winter-2008-inter-3,tango-netball-club-inc,1,archive:amnd-winter-2008:inter-3:tango-netball-club-inc:1,Tango,1,1,,,,,,,,,,,,,archive_pdf,final_premiership_placings,,
amnd-winter-2008-inter-3,matrics,,archive:amnd-winter-2008:inter-3:matrics:none,Matrics,2,1,,,,,,,,,,,,,archive_pdf,final_premiership_placings,,
amnd-winter-2008-inter-3,harlequin,,archive:amnd-winter-2008:inter-3:harlequin:none,Harlequin,3,1,,,,,,,,,,,,,archive_pdf,final_premiership_placings,,
amnd-winter-2008-inter-3,metro-jets,,archive:amnd-winter-2008:inter-3:metro-jets:none,Western Jets,4,1,,,,,,,,,,,,,archive_pdf,final_premiership_placings,,
amnd-winter-2008-inter-3,cheerio-netball-club,,archive:amnd-winter-2008:inter-3:cheerio-netball-club:none,Cheerio,5,0,,,,,,,,,,,,,archive_pdf,final_premiership_placings,,
amnd-winter-2008-inter-3,contax,,archive:amnd-winter-2008:inter-3:contax:none,Contax,6,0,,,,,,,,,,,,,archive_pdf,final_premiership_placings,,
amnd-winter-2008-inter-3,woods-panthers,,archive:amnd-winter-2008:inter-3:woods-panthers:none,Woods Panthers,7,0,,,,,,,,,,,,,archive_pdf,final_premiership_placings,,
amnd-winter-2008-inter-3,norwood-netball-club,,archive:amnd-winter-2008:inter-3:norwood-netball-club:none,Newton Jaguars,8,0,,,,,,,,,,,,,archive_pdf,final_premiership_placings,,
amnd-winter-2008-inter-3,tango-netball-club-inc,2,archive:amnd-winter-2008:inter-3:tango-netball-club-inc:2,Tango,9,0,,,,,,,,,,,,,archive_pdf,final_premiership_placings,,
amnd-winter-2008-inter-3,oakdale-netball-club-sa,,archive:amnd-winter-2008:inter-3:oakdale-netball-club-sa:none,Oakdale,10,0,,,,,,,,,,,,,archive_pdf,final_premiership_placings,,
amnd-winter-2008-inter-4,adelaide-cougars,1,archive:amnd-winter-2008:inter-4:adelaide-cougars:1,Adelaide Cougars,1,1,,,,,,,,,,,,,archive_pdf,final_premiership_placings,,
amnd-winter-2008-inter-4,cheerio-netball-club,,archive:amnd-winter-2008:inter-4:cheerio-netball-club:none,Cheerio,2,1,,,,,,,,,,,,,archive_pdf,final_premiership_placings,,
amnd-winter-2008-inter-4,garville,,archive:amnd-winter-2008:inter-4:garville:none,Garville,3,1,,,,,,,,,,,,,archive_pdf,final_premiership_placings,,
amnd-winter-2008-inter-4,woods-panthers,,archive:amnd-winter-2008:inter-4:woods-panthers:none,Woods Panthers,4,1,,,,,,,,,,,,,archive_pdf,final_premiership_placings,,
amnd-winter-2008-inter-4,tango-netball-club-inc,,archive:amnd-winter-2008:inter-4:tango-netball-club-inc:none,Tango,5,0,,,,,,,,,,,,,archive_pdf,final_premiership_placings,,
amnd-winter-2008-inter-4,norwood-netball-club,,archive:amnd-winter-2008:inter-4:norwood-netball-club:none,Newton Jaguars,6,0,,,,,,,,,,,,,archive_pdf,final_premiership_placings,,
amnd-winter-2008-inter-4,contax,,archive:amnd-winter-2008:inter-4:contax:none,Contax,7,0,,,,,,,,,,,,,archive_pdf,final_premiership_placings,,
amnd-winter-2008-inter-4,matrics,,archive:amnd-winter-2008:inter-4:matrics:none,Matrics,8,0,,,,,,,,,,,,,archive_pdf,final_premiership_placings,,
amnd-winter-2008-inter-4,metro-jets,,archive:amnd-winter-2008:inter-4:metro-jets:none,Western Jets,9,0,,,,,,,,,,,,,archive_pdf,final_premiership_placings,,
amnd-winter-2008-inter-4,adelaide-cougars,2,archive:amnd-winter-2008:inter-4:adelaide-cougars:2,Adelaide Cougars,10,0,,,,,,,,,,,,,archive_pdf,final_premiership_placings,,
amnd-winter-2008-inter-5,garville,,archive:amnd-winter-2008:inter-5:garville:none,Garville,1,1,,,,,,,,,,,,,archive_pdf,final_premiership_placings,,
amnd-winter-2008-inter-5,sa-ladybirds,,archive:amnd-winter-2008:inter-5:sa-ladybirds:none,Ladybirds,2,1,,,,,,,,,,,,,archive_pdf,final_premiership_placings,,
amnd-winter-2008-inter-5,semaphore,,archive:amnd-winter-2008:inter-5:semaphore:none,Semaphore,3,1,,,,,,,,,,,,,archive_pdf,final_premiership_placings,,
amnd-winter-2008-inter-5,norwood-netball-club,,archive:amnd-winter-2008:inter-5:norwood-netball-club:none,Newton Jaguars,4,1,,,,,,,,,,,,,archive_pdf,final_premiership_placings,,
amnd-winter-2008-inter-5,metro-jets,,archive:amnd-winter-2008:inter-5:metro-jets:none,Western Jets,5,0,,,,,,,,,,,,,archive_pdf,final_premiership_placings,,
amnd-winter-2008-inter-5,adelaide-wildcats,,archive:amnd-winter-2008:inter-5:adelaide-wildcats:none,Adelaide Wildcats,6,0,,,,,,,,,,,,,archive_pdf,final_premiership_placings,,
amnd-winter-2008-inter-5,woods-panthers,,archive:amnd-winter-2008:inter-5:woods-panthers:none,Woods Panthers,7,0,,,,,,,,,,,,,archive_pdf,final_premiership_placings,,
amnd-winter-2008-inter-5,cheerio-netball-club,,archive:amnd-winter-2008:inter-5:cheerio-netball-club:none,Cheerio,8,0,,,,,,,,,,,,,archive_pdf,final_premiership_placings,,
amnd-winter-2008-junior-1,contax,,archive:amnd-winter-2008:junior-1:contax:none,Contax,1,1,,,,,,,,,,,,,archive_pdf,final_premiership_placings,,
amnd-winter-2008-junior-1,tango-netball-club-inc,,archive:amnd-winter-2008:junior-1:tango-netball-club-inc:none,Tango,2,1,,,,,,,,,,,,,archive_pdf,final_premiership_placings,,
amnd-winter-2008-junior-1,adelaide-cougars,,archive:amnd-winter-2008:junior-1:adelaide-cougars:none,Adelaide Cougars,3,1,,,,,,,,,,,,,archive_pdf,final_premiership_placings,,
amnd-winter-2008-junior-1,metro-jets,,archive:amnd-winter-2008:junior-1:metro-jets:none,Western Jets,4,1,,,,,,,,,,,,,archive_pdf,final_premiership_placings,,
amnd-winter-2008-junior-1,harlequin,,archive:amnd-winter-2008:junior-1:harlequin:none,Harlequin,5,0,,,,,,,,,,,,,archive_pdf,final_premiership_placings,,
amnd-winter-2008-junior-1,matrics,,archive:amnd-winter-2008:junior-1:matrics:none,Matrics,6,0,,,,,,,,,,,,,archive_pdf,final_premiership_placings,,
amnd-winter-2008-junior-1,norwood-netball-club,,archive:amnd-winter-2008:junior-1:norwood-netball-club:none,Newton Jaguars,7,0,,,,,,,,,,,,,archive_pdf,final_premiership_placings,,
amnd-winter-2008-junior-1,woods-panthers,,archive:amnd-winter-2008:junior-1:woods-panthers:none,Woods Panthers,8,0,,,,,,,,,,,,,archive_pdf,final_premiership_placings,,
amnd-winter-2008-junior-2,contax,,archive:amnd-winter-2008:junior-2:contax:none,Contax,1,1,,,,,,,,,,,,,archive_pdf,final_premiership_placings,,
amnd-winter-2008-junior-2,adelaide-wildcats,,archive:amnd-winter-2008:junior-2:adelaide-wildcats:none,Adelaide Wildcats,2,1,,,,,,,,,,,,,archive_pdf,final_premiership_placings,,
amnd-winter-2008-junior-2,metro-jets,1,archive:amnd-winter-2008:junior-2:metro-jets:1,Western Jets,3,1,,,,,,,,,,,,,archive_pdf,final_premiership_placings,,
amnd-winter-2008-junior-2,tango-netball-club-inc,,archive:amnd-winter-2008:junior-2:tango-netball-club-inc:none,Tango,4,1,,,,,,,,,,,,,archive_pdf,final_premiership_placings,,
amnd-winter-2008-junior-2,harlequin,,archive:amnd-winter-2008:junior-2:harlequin:none,Harlequin,5,0,,,,,,,,,,,,,archive_pdf,final_premiership_placings,,
amnd-winter-2008-junior-2,garville,,archive:amnd-winter-2008:junior-2:garville:none,Garville,6,0,,,,,,,,,,,,,archive_pdf,final_premiership_placings,,
amnd-winter-2008-junior-2,oakdale-netball-club-sa,,archive:amnd-winter-2008:junior-2:oakdale-netball-club-sa:none,Oakdale,7,0,,,,,,,,,,,,,archive_pdf,final_premiership_placings,,
amnd-winter-2008-junior-2,metro-jets,2,archive:amnd-winter-2008:junior-2:metro-jets:2,Western Jets,8,0,,,,,,,,,,,,,archive_pdf,final_premiership_placings,,
amnd-winter-2008-junior-3,contax,2,archive:amnd-winter-2008:junior-3:contax:2,Contax,1,1,,,,,,,,,,,,,archive_pdf,final_premiership_placings,,
amnd-winter-2008-junior-3,garville,,archive:amnd-winter-2008:junior-3:garville:none,Garville,2,1,,,,,,,,,,,,,archive_pdf,final_premiership_placings,,
amnd-winter-2008-junior-3,contax,1,archive:amnd-winter-2008:junior-3:contax:1,Contax,3,1,,,,,,,,,,,,,archive_pdf,final_premiership_placings,,
amnd-winter-2008-junior-3,northeast-zodiac,,archive:amnd-winter-2008:junior-3:northeast-zodiac:none,Northeast Zodiacs,4,1,,,,,,,,,,,,,archive_pdf,final_premiership_placings,,
amnd-winter-2008-junior-3,norwood-netball-club,,archive:amnd-winter-2008:junior-3:norwood-netball-club:none,Newton Jaguars,5,0,,,,,,,,,,,,,archive_pdf,final_premiership_placings,,
amnd-winter-2008-junior-3,matrics,,archive:amnd-winter-2008:junior-3:matrics:none,Matrics,6,0,,,,,,,,,,,,,archive_pdf,final_premiership_placings,,
amnd-winter-2008-junior-3,tango-netball-club-inc,,archive:amnd-winter-2008:junior-3:tango-netball-club-inc:none,Tango,7,0,,,,,,,,,,,,,archive_pdf,final_premiership_placings,,
amnd-winter-2008-junior-3,woods-panthers,1,archive:amnd-winter-2008:junior-3:woods-panthers:1,Woods Panthers,8,0,,,,,,,,,,,,,archive_pdf,final_premiership_placings,,
amnd-winter-2008-junior-3,woods-panthers,2,archive:amnd-winter-2008:junior-3:woods-panthers:2,Woods Panthers,9,0,,,,,,,,,,,,,archive_pdf,final_premiership_placings,,
amnd-winter-2008-junior-3,adelaide-cougars,,archive:amnd-winter-2008:junior-3:adelaide-cougars:none,Adelaide Cougars,10,0,,,,,,,,,,,,,archive_pdf,final_premiership_placings,,
amnd-winter-2008-junior-4,oakdale-netball-club-sa,,archive:amnd-winter-2008:junior-4:oakdale-netball-club-sa:none,Oakdale,1,1,,,,,,,,,,,,,archive_pdf,final_premiership_placings,,
amnd-winter-2008-junior-4,tango-netball-club-inc,,archive:amnd-winter-2008:junior-4:tango-netball-club-inc:none,Tango,2,1,,,,,,,,,,,,,archive_pdf,final_premiership_placings,,
amnd-winter-2008-junior-4,contax,,archive:amnd-winter-2008:junior-4:contax:none,Contax,3,1,,,,,,,,,,,,,archive_pdf,final_premiership_placings,,
amnd-winter-2008-junior-4,garville,,archive:amnd-winter-2008:junior-4:garville:none,Garville,4,1,,,,,,,,,,,,,archive_pdf,final_premiership_placings,,
amnd-winter-2008-junior-4,woods-panthers,,archive:amnd-winter-2008:junior-4:woods-panthers:none,Woods Panthers,5,0,,,,,,,,,,,,,archive_pdf,final_premiership_placings,,
amnd-winter-2008-junior-4,harlequin,,archive:amnd-winter-2008:junior-4:harlequin:none,Harlequin,6,0,,,,,,,,,,,,,archive_pdf,final_premiership_placings,,
amnd-winter-2008-junior-4,norwood-netball-club,,archive:amnd-winter-2008:junior-4:norwood-netball-club:none,Newton Jaguars,7,0,,,,,,,,,,,,,archive_pdf,final_premiership_placings,,
amnd-winter-2008-junior-4,matrics,,archive:amnd-winter-2008:junior-4:matrics:none,Matrics,8,0,,,,,,,,,,,,,archive_pdf,final_premiership_placings,,
amnd-winter-2008-junior-4,cheerio-netball-club,,archive:amnd-winter-2008:junior-4:cheerio-netball-club:none,Cheerio,9,0,,,,,,,,,,,,,archive_pdf,final_premiership_placings,,
amnd-winter-2008-junior-4,metro-jets,,archive:amnd-winter-2008:junior-4:metro-jets:none,Western Jets,10,0,,,,,,,,,,,,,archive_pdf,final_premiership_placings,,
amnd-winter-2008-junior-5,woods-panthers,1,archive:amnd-winter-2008:junior-5:woods-panthers:1,Woods Panthers,1,1,,,,,,,,,,,,,archive_pdf,final_premiership_placings,,
amnd-winter-2008-junior-5,woods-panthers,2,archive:amnd-winter-2008:junior-5:woods-panthers:2,Woods Panthers,2,1,,,,,,,,,,,,,archive_pdf,final_premiership_placings,,
amnd-winter-2008-junior-5,cheerio-netball-club,,archive:amnd-winter-2008:junior-5:cheerio-netball-club:none,Cheerio,3,1,,,,,,,,,,,,,archive_pdf,final_premiership_placings,,
amnd-winter-2008-junior-5,adelaide-cougars,,archive:amnd-winter-2008:junior-5:adelaide-cougars:none,Adelaide Cougars,4,1,,,,,,,,,,,,,archive_pdf,final_premiership_placings,,
amnd-winter-2008-junior-5,semaphore,,archive:amnd-winter-2008:junior-5:semaphore:none,Semaphore,5,0,,,,,,,,,,,,,archive_pdf,final_premiership_placings,,
amnd-winter-2008-junior-5,adelaide-wildcats,,archive:amnd-winter-2008:junior-5:adelaide-wildcats:none,Adelaide Wildcats,6,0,,,,,,,,,,,,,archive_pdf,final_premiership_placings,,
amnd-winter-2008-junior-5,garville,,archive:amnd-winter-2008:junior-5:garville:none,Garville,7,0,,,,,,,,,,,,,archive_pdf,final_premiership_placings,,
amnd-winter-2008-junior-5,sa-ladybirds,,archive:amnd-winter-2008:junior-5:sa-ladybirds:none,Ladybirds,8,0,,,,,,,,,,,,,archive_pdf,final_premiership_placings,,
amnd-winter-2008-junior-5,metro-jets,,archive:amnd-winter-2008:junior-5:metro-jets:none,Western Jets,9,0,,,,,,,,,,,,,archive_pdf,final_premiership_placings,,
amnd-winter-2008-junior-5,tango-netball-club-inc,,archive:amnd-winter-2008:junior-5:tango-netball-club-inc:none,Tango,10,0,,,,,,,,,,,,,archive_pdf,final_premiership_placings,,
amnd-winter-2008-junior-6,norwood-netball-club,1,archive:amnd-winter-2008:junior-6:norwood-netball-club:1,Newton Jaguars,1,1,,,,,,,,,,,,,archive_pdf,final_premiership_placings,,
amnd-winter-2008-junior-6,oakdale-netball-club-sa,1,archive:amnd-winter-2008:junior-6:oakdale-netball-club-sa:1,Oakdale,2,1,,,,,,,,,,,,,archive_pdf,final_premiership_placings,,
amnd-winter-2008-junior-6,oakdale-netball-club-sa,2,archive:amnd-winter-2008:junior-6:oakdale-netball-club-sa:2,Oakdale,3,1,,,,,,,,,,,,,archive_pdf,final_premiership_placings,,
amnd-winter-2008-junior-6,garville,,archive:amnd-winter-2008:junior-6:garville:none,Garville,4,1,,,,,,,,,,,,,archive_pdf,final_premiership_placings,,
amnd-winter-2008-junior-6,woods-panthers,1,archive:amnd-winter-2008:junior-6:woods-panthers:1,Woods Panthers,5,0,,,,,,,,,,,,,archive_pdf,final_premiership_placings,,
amnd-winter-2008-junior-6,contax,,archive:amnd-winter-2008:junior-6:contax:none,Contax,6,0,,,,,,,,,,,,,archive_pdf,final_premiership_placings,,
amnd-winter-2008-junior-6,matrics,,archive:amnd-winter-2008:junior-6:matrics:none,Matrics,7,0,,,,,,,,,,,,,archive_pdf,final_premiership_placings,,
amnd-winter-2008-junior-6,norwood-netball-club,2,archive:amnd-winter-2008:junior-6:norwood-netball-club:2,Newton Jaguars,8,0,,,,,,,,,,,,,archive_pdf,final_premiership_placings,,
amnd-winter-2008-junior-6,woods-panthers,2,archive:amnd-winter-2008:junior-6:woods-panthers:2,Woods Panthers,9,0,,,,,,,,,,,,,archive_pdf,final_premiership_placings,,
amnd-winter-2008-junior-6,semaphore,,archive:amnd-winter-2008:junior-6:semaphore:none,Semaphore,10,0,,,,,,,,,,,,,archive_pdf,final_premiership_placings,,
amnd-winter-2008-junior-7,cheerio-netball-club,1,archive:amnd-winter-2008:junior-7:cheerio-netball-club:1,Cheerio,1,1,,,,,,,,,,,,,archive_pdf,final_premiership_placings,,
amnd-winter-2008-junior-7,adelaide-wildcats,,archive:amnd-winter-2008:junior-7:adelaide-wildcats:none,Adelaide Wildcats,2,1,,,,,,,,,,,,,archive_pdf,final_premiership_placings,,
amnd-winter-2008-junior-7,garville,,archive:amnd-winter-2008:junior-7:garville:none,Garville,3,1,,,,,,,,,,,,,archive_pdf,final_premiership_placings,,
amnd-winter-2008-junior-7,metro-jets,2,archive:amnd-winter-2008:junior-7:metro-jets:2,Western Jets,4,1,,,,,,,,,,,,,archive_pdf,final_premiership_placings,,
amnd-winter-2008-junior-7,matrics,1,archive:amnd-winter-2008:junior-7:matrics:1,Matrics,5,0,,,,,,,,,,,,,archive_pdf,final_premiership_placings,,
amnd-winter-2008-junior-7,metro-jets,1,archive:amnd-winter-2008:junior-7:metro-jets:1,Western Jets,6,0,,,,,,,,,,,,,archive_pdf,final_premiership_placings,,
amnd-winter-2008-junior-7,cheerio-netball-club,2,archive:amnd-winter-2008:junior-7:cheerio-netball-club:2,Cheerio,7,0,,,,,,,,,,,,,archive_pdf,final_premiership_placings,,
amnd-winter-2008-junior-7,norwood-netball-club,,archive:amnd-winter-2008:junior-7:norwood-netball-club:none,Newton Jaguars,8,0,,,,,,,,,,,,,archive_pdf,final_premiership_placings,,
amnd-winter-2008-junior-7,adelaide-cougars,,archive:amnd-winter-2008:junior-7:adelaide-cougars:none,Adelaide Cougars,9,0,,,,,,,,,,,,,archive_pdf,final_premiership_placings,,
amnd-winter-2008-junior-7,matrics,2,archive:amnd-winter-2008:junior-7:matrics:2,Matrics,10,0,,,,,,,,,,,,,archive_pdf,final_premiership_placings,,
amnd-winter-2008-primary-1,contax,1,archive:amnd-winter-2008:primary-1:contax:1,Contax,1,1,,,,,,,,,,,,,archive_pdf,final_premiership_placings,,
amnd-winter-2008-primary-1,matrics,,archive:amnd-winter-2008:primary-1:matrics:none,Matrics,2,1,,,,,,,,,,,,,archive_pdf,final_premiership_placings,,
amnd-winter-2008-primary-1,tango-netball-club-inc,,archive:amnd-winter-2008:primary-1:tango-netball-club-inc:none,Tango,3,1,,,,,,,,,,,,,archive_pdf,final_premiership_placings,,
amnd-winter-2008-primary-1,metro-jets,,archive:amnd-winter-2008:primary-1:metro-jets:none,Western Jets,4,1,,,,,,,,,,,,,archive_pdf,final_premiership_placings,,
amnd-winter-2008-primary-1,woods-panthers,,archive:amnd-winter-2008:primary-1:woods-panthers:none,Woods Panthers,5,0,,,,,,,,,,,,,archive_pdf,final_premiership_placings,,
amnd-winter-2008-primary-1,contax,2,archive:amnd-winter-2008:primary-1:contax:2,Contax,6,0,,,,,,,,,,,,,archive_pdf,final_premiership_placings,,
amnd-winter-2008-primary-2,harlequin,,archive:amnd-winter-2008:primary-2:harlequin:none,Harlequin,1,1,,,,,,,,,,,,,archive_pdf,final_premiership_placings,,
amnd-winter-2008-primary-2,metro-jets,,archive:amnd-winter-2008:primary-2:metro-jets:none,Western Jets,2,1,,,,,,,,,,,,,archive_pdf,final_premiership_placings,,
amnd-winter-2008-primary-2,norwood-netball-club,,archive:amnd-winter-2008:primary-2:norwood-netball-club:none,Newton Jaguars,3,1,,,,,,,,,,,,,archive_pdf,final_premiership_placings,,
amnd-winter-2008-primary-2,garville,,archive:amnd-winter-2008:primary-2:garville:none,Garville,4,1,,,,,,,,,,,,,archive_pdf,final_premiership_placings,,
amnd-winter-2008-primary-2,woods-panthers,,archive:amnd-winter-2008:primary-2:woods-panthers:none,Woods Panthers,5,0,,,,,,,,,,,,,archive_pdf,final_premiership_placings,,
amnd-winter-2008-primary-2,matrics,,archive:amnd-winter-2008:primary-2:matrics:none,Matrics,6,0,,,,,,,,,,,,,archive_pdf,final_premiership_placings,,
amnd-winter-2008-primary-2,oakdale-netball-club-sa,,archive:amnd-winter-2008:primary-2:oakdale-netball-club-sa:none,Oakdale,7,0,,,,,,,,,,,,,archive_pdf,final_premiership_placings,,
amnd-winter-2008-primary-3,woods-panthers,,archive:amnd-winter-2008:primary-3:woods-panthers:none,Woods Panthers,1,1,,,,,,,,,,,,,archive_pdf,final_premiership_placings,,
amnd-winter-2008-primary-3,adelaide-cougars,,archive:amnd-winter-2008:primary-3:adelaide-cougars:none,Adelaide Cougars,2,1,,,,,,,,,,,,,archive_pdf,final_premiership_placings,,
amnd-winter-2008-primary-3,contax,,archive:amnd-winter-2008:primary-3:contax:none,Contax,3,1,,,,,,,,,,,,,archive_pdf,final_premiership_placings,,
amnd-winter-2008-primary-3,cheerio-netball-club,,archive:amnd-winter-2008:primary-3:cheerio-netball-club:none,Cheerio,4,1,,,,,,,,,,,,,archive_pdf,final_premiership_placings,,
amnd-winter-2008-primary-3,tango-netball-club-inc,,archive:amnd-winter-2008:primary-3:tango-netball-club-inc:none,Tango,5,0,,,,,,,,,,,,,archive_pdf,final_premiership_placings,,
amnd-winter-2008-primary-3,metro-jets,,archive:amnd-winter-2008:primary-3:metro-jets:none,Western Jets,6,0,,,,,,,,,,,,,archive_pdf,final_premiership_placings,,
amnd-winter-2008-primary-4,norwood-netball-club,,archive:amnd-winter-2008:primary-4:norwood-netball-club:none,Newton Jaguars,1,1,,,,,,,,,,,,,archive_pdf,final_premiership_placings,,
amnd-winter-2008-primary-4,garville,,archive:amnd-winter-2008:primary-4:garville:none,Garville,2,1,,,,,,,,,,,,,archive_pdf,final_premiership_placings,,
amnd-winter-2008-primary-4,matrics,,archive:amnd-winter-2008:primary-4:matrics:none,Matrics,3,1,,,,,,,,,,,,,archive_pdf,final_premiership_placings,,
amnd-winter-2008-primary-4,metro-jets,,archive:amnd-winter-2008:primary-4:metro-jets:none,Western Jets,4,1,,,,,,,,,,,,,archive_pdf,final_premiership_placings,,
amnd-winter-2008-primary-4,tango-netball-club-inc,,archive:amnd-winter-2008:primary-4:tango-netball-club-inc:none,Tango,5,0,,,,,,,,,,,,,archive_pdf,final_premiership_placings,,
amnd-winter-2008-primary-4,adelaide-cougars,,archive:amnd-winter-2008:primary-4:adelaide-cougars:none,Adelaide Cougars,6,0,,,,,,,,,,,,,archive_pdf,final_premiership_placings,,
amnd-winter-2008-primary-4,contax,,archive:amnd-winter-2008:primary-4:contax:none,Contax,7,0,,,,,,,,,,,,,archive_pdf,final_premiership_placings,,
amnd-winter-2008-primary-4,harlequin,,archive:amnd-winter-2008:primary-4:harlequin:none,Harlequin,8,0,,,,,,,,,,,,,archive_pdf,final_premiership_placings,,
amnd-winter-2008-primary-5,semaphore,,archive:amnd-winter-2008:primary-5:semaphore:none,Semaphore,1,1,,,,,,,,,,,,,archive_pdf,final_premiership_placings,,
amnd-winter-2008-primary-5,norwood-netball-club,,archive:amnd-winter-2008:primary-5:norwood-netball-club:none,Newton Jaguars,2,1,,,,,,,,,,,,,archive_pdf,final_premiership_placings,,
amnd-winter-2008-primary-5,oakdale-netball-club-sa,,archive:amnd-winter-2008:primary-5:oakdale-netball-club-sa:none,Oakdale,3,1,,,,,,,,,,,,,archive_pdf,final_premiership_placings,,
amnd-winter-2008-primary-5,sa-ladybirds,,archive:amnd-winter-2008:primary-5:sa-ladybirds:none,Ladybirds,4,1,,,,,,,,,,,,,archive_pdf,final_premiership_placings,,
amnd-winter-2008-primary-5,contax,,archive:amnd-winter-2008:primary-5:contax:none,Contax,5,0,,,,,,,,,,,,,archive_pdf,final_premiership_placings,,
amnd-winter-2008-primary-5,metro-jets,,archive:amnd-winter-2008:primary-5:metro-jets:none,Western Jets,6,0,,,,,,,,,,,,,archive_pdf,final_premiership_placings,,
amnd-winter-2008-primary-6,woods-panthers,,archive:amnd-winter-2008:primary-6:woods-panthers:none,Woods Panthers,1,1,,,,,,,,,,,,,archive_pdf,final_premiership_placings,,
amnd-winter-2008-primary-6,contax,,archive:amnd-winter-2008:primary-6:contax:none,Contax,2,1,,,,,,,,,,,,,archive_pdf,final_premiership_placings,,
amnd-winter-2008-primary-6,matrics,,archive:amnd-winter-2008:primary-6:matrics:none,Matrics,3,1,,,,,,,,,,,,,archive_pdf,final_premiership_placings,,
amnd-winter-2008-primary-6,cheerio-netball-club,,archive:amnd-winter-2008:primary-6:cheerio-netball-club:none,Cheerio,4,1,,,,,,,,,,,,,archive_pdf,final_premiership_placings,,
amnd-winter-2008-primary-6,norwood-netball-club,,archive:amnd-winter-2008:primary-6:norwood-netball-club:none,Newton Jaguars,5,0,,,,,,,,,,,,,archive_pdf,final_premiership_placings,,
amnd-winter-2008-primary-6,metro-jets,,archive:amnd-winter-2008:primary-6:metro-jets:none,Western Jets,6,0,,,,,,,,,,,,,archive_pdf,final_premiership_placings,,
amnd-winter-2008-primary-6,adelaide-cougars,,archive:amnd-winter-2008:primary-6:adelaide-cougars:none,Adelaide Cougars,7,0,,,,,,,,,,,,,archive_pdf,final_premiership_placings,,
amnd-winter-2008-primary-6,harlequin,,archive:amnd-winter-2008:primary-6:harlequin:none,Harlequin,8,0,,,,,,,,,,,,,archive_pdf,final_premiership_placings,,
amnd-winter-2008-primary-7,garville,,archive:amnd-winter-2008:primary-7:garville:none,Garville,1,1,,,,,,,,,,,,,archive_pdf,final_premiership_placings,,
amnd-winter-2008-primary-7,matrics,,archive:amnd-winter-2008:primary-7:matrics:none,Matrics,2,1,,,,,,,,,,,,,archive_pdf,final_premiership_placings,,
amnd-winter-2008-primary-7,contax,,archive:amnd-winter-2008:primary-7:contax:none,Contax,3,1,,,,,,,,,,,,,archive_pdf,final_premiership_placings,,
amnd-winter-2008-primary-7,tango-netball-club-inc,,archive:amnd-winter-2008:primary-7:tango-netball-club-inc:none,Tango,4,1,,,,,,,,,,,,,archive_pdf,final_premiership_placings,,
amnd-winter-2008-primary-7,cheerio-netball-club,,archive:amnd-winter-2008:primary-7:cheerio-netball-club:none,Cheerio,5,0,,,,,,,,,,,,,archive_pdf,final_premiership_placings,,
amnd-winter-2008-primary-7,metro-jets,,archive:amnd-winter-2008:primary-7:metro-jets:none,Western Jets,6,0,,,,,,,,,,,,,archive_pdf,final_premiership_placings,,
amnd-winter-2008-primary-7,woods-panthers,,archive:amnd-winter-2008:primary-7:woods-panthers:none,Woods Panthers,7,0,,,,,,,,,,,,,archive_pdf,final_premiership_placings,,
amnd-winter-2008-primary-7,oakdale-netball-club-sa,,archive:amnd-winter-2008:primary-7:oakdale-netball-club-sa:none,Oakdale,8,0,,,,,,,,,,,,,archive_pdf,final_premiership_placings,,
amnd-winter-2008-sub-junior-1,tango-netball-club-inc,,archive:amnd-winter-2008:sub-junior-1:tango-netball-club-inc:none,Tango,1,1,,,,,,,,,,,,,archive_pdf,final_premiership_placings,,
amnd-winter-2008-sub-junior-1,harlequin,,archive:amnd-winter-2008:sub-junior-1:harlequin:none,Harlequin,2,1,,,,,,,,,,,,,archive_pdf,final_premiership_placings,,
amnd-winter-2008-sub-junior-1,contax,,archive:amnd-winter-2008:sub-junior-1:contax:none,Contax,3,1,,,,,,,,,,,,,archive_pdf,final_premiership_placings,,
amnd-winter-2008-sub-junior-1,matrics,,archive:amnd-winter-2008:sub-junior-1:matrics:none,Matrics,4,1,,,,,,,,,,,,,archive_pdf,final_premiership_placings,,
amnd-winter-2008-sub-junior-1,garville,,archive:amnd-winter-2008:sub-junior-1:garville:none,Garville,5,0,,,,,,,,,,,,,archive_pdf,final_premiership_placings,,
amnd-winter-2008-sub-junior-1,woods-panthers,,archive:amnd-winter-2008:sub-junior-1:woods-panthers:none,Woods Panthers,6,0,,,,,,,,,,,,,archive_pdf,final_premiership_placings,,
amnd-winter-2008-sub-junior-2,tango-netball-club-inc,,archive:amnd-winter-2008:sub-junior-2:tango-netball-club-inc:none,Tango,1,1,,,,,,,,,,,,,archive_pdf,final_premiership_placings,,
amnd-winter-2008-sub-junior-2,oakdale-netball-club-sa,,archive:amnd-winter-2008:sub-junior-2:oakdale-netball-club-sa:none,Oakdale,2,1,,,,,,,,,,,,,archive_pdf,final_premiership_placings,,
amnd-winter-2008-sub-junior-2,contax,,archive:amnd-winter-2008:sub-junior-2:contax:none,Contax,3,1,,,,,,,,,,,,,archive_pdf,final_premiership_placings,,
amnd-winter-2008-sub-junior-2,norwood-netball-club,,archive:amnd-winter-2008:sub-junior-2:norwood-netball-club:none,Newton Jaguars,4,1,,,,,,,,,,,,,archive_pdf,final_premiership_placings,,
amnd-winter-2008-sub-junior-2,metro-jets,,archive:amnd-winter-2008:sub-junior-2:metro-jets:none,Western Jets,5,0,,,,,,,,,,,,,archive_pdf,final_premiership_placings,,
amnd-winter-2008-sub-junior-2,adelaide-cougars,,archive:amnd-winter-2008:sub-junior-2:adelaide-cougars:none,Adelaide Cougars,6,0,,,,,,,,,,,,,archive_pdf,final_premiership_placings,,
amnd-winter-2008-sub-junior-3,tango-netball-club-inc,,archive:amnd-winter-2008:sub-junior-3:tango-netball-club-inc:none,Tango,1,1,,,,,,,,,,,,,archive_pdf,final_premiership_placings,,
amnd-winter-2008-sub-junior-3,contax,,archive:amnd-winter-2008:sub-junior-3:contax:none,Contax,2,1,,,,,,,,,,,,,archive_pdf,final_premiership_placings,,
amnd-winter-2008-sub-junior-3,woods-panthers,,archive:amnd-winter-2008:sub-junior-3:woods-panthers:none,Woods Panthers,3,1,,,,,,,,,,,,,archive_pdf,final_premiership_placings,,
amnd-winter-2008-sub-junior-3,harlequin,,archive:amnd-winter-2008:sub-junior-3:harlequin:none,Harlequin,4,1,,,,,,,,,,,,,archive_pdf,final_premiership_placings,,
amnd-winter-2008-sub-junior-3,garville,,archive:amnd-winter-2008:sub-junior-3:garville:none,Garville,5,0,,,,,,,,,,,,,archive_pdf,final_premiership_placings,,
amnd-winter-2008-sub-junior-3,oakdale-netball-club-sa,,archive:amnd-winter-2008:sub-junior-3:oakdale-netball-club-sa:none,Oakdale,6,0,,,,,,,,,,,,,archive_pdf,final_premiership_placings,,
amnd-winter-2008-sub-junior-3,metro-jets,,archive:amnd-winter-2008:sub-junior-3:metro-jets:none,Western Jets,7,0,,,,,,,,,,,,,archive_pdf,final_premiership_placings,,
amnd-winter-2008-sub-junior-3,adelaide-cougars,,archive:amnd-winter-2008:sub-junior-3:adelaide-cougars:none,Adelaide Cougars,8,0,,,,,,,,,,,,,archive_pdf,final_premiership_placings,,
amnd-winter-2008-sub-junior-4,norwood-netball-club,,archive:amnd-winter-2008:sub-junior-4:norwood-netball-club:none,Newton Jaguars,1,1,,,,,,,,,,,,,archive_pdf,final_premiership_placings,,
amnd-winter-2008-sub-junior-4,matrics,,archive:amnd-winter-2008:sub-junior-4:matrics:none,Matrics,2,1,,,,,,,,,,,,,archive_pdf,final_premiership_placings,,
amnd-winter-2008-sub-junior-4,harlequin,,archive:amnd-winter-2008:sub-junior-4:harlequin:none,Harlequin,3,1,,,,,,,,,,,,,archive_pdf,final_premiership_placings,,
amnd-winter-2008-sub-junior-4,woods-panthers,1,archive:amnd-winter-2008:sub-junior-4:woods-panthers:1,Woods Panthers,4,1,,,,,,,,,,,,,archive_pdf,final_premiership_placings,,
amnd-winter-2008-sub-junior-4,contax,,archive:amnd-winter-2008:sub-junior-4:contax:none,Contax,5,0,,,,,,,,,,,,,archive_pdf,final_premiership_placings,,
amnd-winter-2008-sub-junior-4,semaphore,,archive:amnd-winter-2008:sub-junior-4:semaphore:none,Semaphore,6,0,,,,,,,,,,,,,archive_pdf,final_premiership_placings,,
amnd-winter-2008-sub-junior-4,tango-netball-club-inc,,archive:amnd-winter-2008:sub-junior-4:tango-netball-club-inc:none,Tango,7,0,,,,,,,,,,,,,archive_pdf,final_premiership_placings,,
amnd-winter-2008-sub-junior-4,woods-panthers,2,archive:amnd-winter-2008:sub-junior-4:woods-panthers:2,Woods Panthers,8,0,,,,,,,,,,,,,archive_pdf,final_premiership_placings,,
amnd-winter-2008-sub-junior-5,norwood-netball-club,,archive:amnd-winter-2008:sub-junior-5:norwood-netball-club:none,Newton Jaguars,1,1,,,,,,,,,,,,,archive_pdf,final_premiership_placings,,
amnd-winter-2008-sub-junior-5,sa-ladybirds,,archive:amnd-winter-2008:sub-junior-5:sa-ladybirds:none,Ladybirds,2,1,,,,,,,,,,,,,archive_pdf,final_premiership_placings,,
amnd-winter-2008-sub-junior-5,contax,,archive:amnd-winter-2008:sub-junior-5:contax:none,Contax,3,1,,,,,,,,,,,,,archive_pdf,final_premiership_placings,,
amnd-winter-2008-sub-junior-5,heatwave,,archive:amnd-winter-2008:sub-junior-5:heatwave:none,Heatwave,4,1,,,,,,,,,,,,,archive_pdf,final_premiership_placings,,
amnd-winter-2008-sub-junior-5,harlequin,,archive:amnd-winter-2008:sub-junior-5:harlequin:none,Harlequin,5,0,,,,,,,,,,,,,archive_pdf,final_premiership_placings,,
amnd-winter-2008-sub-junior-5,metro-jets,,archive:amnd-winter-2008:sub-junior-5:metro-jets:none,Western Jets,6,0,,,,,,,,,,,,,archive_pdf,final_premiership_placings,,
amnd-winter-2008-sub-junior-5,adelaide-cougars,,archive:amnd-winter-2008:sub-junior-5:adelaide-cougars:none,Adelaide Cougars,7,0,,,,,,,,,,,,,archive_pdf,final_premiership_placings,,
amnd-winter-2008-sub-junior-5,garville,,archive:amnd-winter-2008:sub-junior-5:garville:none,Garville,8,0,,,,,,,,,,,,,archive_pdf,final_premiership_placings,,
amnd-winter-2008-sub-junior-6,woods-panthers,2,archive:amnd-winter-2008:sub-junior-6:woods-panthers:2,Woods Panthers,1,1,,,,,,,,,,,,,archive_pdf,final_premiership_placings,,
amnd-winter-2008-sub-junior-6,woods-panthers,1,archive:amnd-winter-2008:sub-junior-6:woods-panthers:1,Woods Panthers,2,1,,,,,,,,,,,,,archive_pdf,final_premiership_placings,,
amnd-winter-2008-sub-junior-6,norwood-netball-club,,archive:amnd-winter-2008:sub-junior-6:norwood-netball-club:none,Newton Jaguars,3,1,,,,,,,,,,,,,archive_pdf,final_premiership_placings,,
amnd-winter-2008-sub-junior-6,matrics,,archive:amnd-winter-2008:sub-junior-6:matrics:none,Matrics,4,1,,,,,,,,,,,,,archive_pdf,final_premiership_placings,,
amnd-winter-2008-sub-junior-6,garville,,archive:amnd-winter-2008:sub-junior-6:garville:none,Garville,5,0,,,,,,,,,,,,,archive_pdf,final_premiership_placings,,
amnd-winter-2008-sub-junior-6,metro-jets,,archive:amnd-winter-2008:sub-junior-6:metro-jets:none,Western Jets,6,0,,,,,,,,,,,,,archive_pdf,final_premiership_placings,,
amnd-winter-2008-sub-junior-7,oakdale-netball-club-sa,,archive:amnd-winter-2008:sub-junior-7:oakdale-netball-club-sa:none,Oakdale,1,1,,,,,,,,,,,,,archive_pdf,final_premiership_placings,,
amnd-winter-2008-sub-junior-7,tango-netball-club-inc,,archive:amnd-winter-2008:sub-junior-7:tango-netball-club-inc:none,Tango,2,1,,,,,,,,,,,,,archive_pdf,final_premiership_placings,,
amnd-winter-2008-sub-junior-7,cheerio-netball-club,,archive:amnd-winter-2008:sub-junior-7:cheerio-netball-club:none,Cheerio,3,1,,,,,,,,,,,,,archive_pdf,final_premiership_placings,,
amnd-winter-2008-sub-junior-7,sa-ladybirds,,archive:amnd-winter-2008:sub-junior-7:sa-ladybirds:none,Ladybirds,4,1,,,,,,,,,,,,,archive_pdf,final_premiership_placings,,
amnd-winter-2008-sub-junior-7,norwood-netball-club,1,archive:amnd-winter-2008:sub-junior-7:norwood-netball-club:1,Newton Jaguars,5,0,,,,,,,,,,,,,archive_pdf,final_premiership_placings,,
amnd-winter-2008-sub-junior-7,woods-panthers,,archive:amnd-winter-2008:sub-junior-7:woods-panthers:none,Woods Panthers,6,0,,,,,,,,,,,,,archive_pdf,final_premiership_placings,,
amnd-winter-2008-sub-junior-7,norwood-netball-club,2,archive:amnd-winter-2008:sub-junior-7:norwood-netball-club:2,Newton Jaguars,7,0,,,,,,,,,,,,,archive_pdf,final_premiership_placings,,
amnd-winter-2008-sub-junior-7,metro-jets,,archive:amnd-winter-2008:sub-junior-7:metro-jets:none,Western Jets,8,0,,,,,,,,,,,,,archive_pdf,final_premiership_placings,,
amnd-winter-2008-sub-junior-8,garville,,archive:amnd-winter-2008:sub-junior-8:garville:none,Garville,1,1,,,,,,,,,,,,,archive_pdf,final_premiership_placings,,
amnd-winter-2008-sub-junior-8,semaphore,,archive:amnd-winter-2008:sub-junior-8:semaphore:none,Semaphore,2,1,,,,,,,,,,,,,archive_pdf,final_premiership_placings,,
amnd-winter-2008-sub-junior-8,woods-panthers,,archive:amnd-winter-2008:sub-junior-8:woods-panthers:none,Woods Panthers,3,1,,,,,,,,,,,,,archive_pdf,final_premiership_placings,,
amnd-winter-2008-sub-junior-8,cheerio-netball-club,,archive:amnd-winter-2008:sub-junior-8:cheerio-netball-club:none,Cheerio,4,1,,,,,,,,,,,,,archive_pdf,final_premiership_placings,,
amnd-winter-2008-sub-junior-8,matrics,,archive:amnd-winter-2008:sub-junior-8:matrics:none,Matrics,5,0,,,,,,,,,,,,,archive_pdf,final_premiership_placings,,
amnd-winter-2008-sub-junior-8,adelaide-cougars,,archive:amnd-winter-2008:sub-junior-8:adelaide-cougars:none,Adelaide Cougars,6,0,,,,,,,,,,,,,archive_pdf,final_premiership_placings,,
amnd-winter-2009-a-grade,fielders-flames,,archive:amnd-winter-2009:a-grade:fielders-flames:none,Flames,1,1,,,,,,,,,,,,,archive_pdf,final_premiership_placings,,
amnd-winter-2009-a-grade,contax,,archive:amnd-winter-2009:a-grade:contax:none,Contax,2,1,,,,,,,,,,,,,archive_pdf,final_premiership_placings,,
amnd-winter-2009-a-grade,sacred-heart-o-c,,archive:amnd-winter-2009:a-grade:sacred-heart-o-c:none,Sacred Heart O.C.,3,1,,,,,,,,,,,,,archive_pdf,final_premiership_placings,,
amnd-winter-2009-a-grade,adelaide-wildcats,,archive:amnd-winter-2009:a-grade:adelaide-wildcats:none,Adelaide Wildcats,4,1,,,,,,,,,,,,,archive_pdf,final_premiership_placings,,
amnd-winter-2009-a-grade,cheerio-netball-club,,archive:amnd-winter-2009:a-grade:cheerio-netball-club:none,Cheerio,5,0,,,,,,,,,,,,,archive_pdf,final_premiership_placings,,
amnd-winter-2009-a-grade,woods-panthers,,archive:amnd-winter-2009:a-grade:woods-panthers:none,Woods Panthers,6,0,,,,,,,,,,,,,archive_pdf,final_premiership_placings,,
amnd-winter-2009-a-grade,norwood-netball-club,,archive:amnd-winter-2009:a-grade:norwood-netball-club:none,Newton Jaguars,7,0,,,,,,,,,,,,,archive_pdf,final_premiership_placings,,
amnd-winter-2009-a-grade,oakdale-netball-club-sa,,archive:amnd-winter-2009:a-grade:oakdale-netball-club-sa:none,Oakdale,8,0,,,,,,,,,,,,,archive_pdf,final_premiership_placings,,
amnd-winter-2009-a-grade,harlequin,,archive:amnd-winter-2009:a-grade:harlequin:none,Harlequin,9,0,,,,,,,,,,,,,archive_pdf,final_premiership_placings,,
amnd-winter-2009-a-grade,garville,,archive:amnd-winter-2009:a-grade:garville:none,Garville,10,0,,,,,,,,,,,,,archive_pdf,final_premiership_placings,,
amnd-winter-2009-amnd-league,oakdale-netball-club-sa,,archive:amnd-winter-2009:amnd-league:oakdale-netball-club-sa:none,Oakdale,1,1,,,,,,,,,,,,,archive_pdf,final_premiership_placings,,
amnd-winter-2009-amnd-league,contax,,archive:amnd-winter-2009:amnd-league:contax:none,Contax,2,1,,,,,,,,,,,,,archive_pdf,final_premiership_placings,,
amnd-winter-2009-amnd-league,adelaide-wildcats,,archive:amnd-winter-2009:amnd-league:adelaide-wildcats:none,Adelaide Wildcats,3,1,,,,,,,,,,,,,archive_pdf,final_premiership_placings,,
amnd-winter-2009-amnd-league,adelaide-cougars,,archive:amnd-winter-2009:amnd-league:adelaide-cougars:none,Adelaide Cougars,4,1,,,,,,,,,,,,,archive_pdf,final_premiership_placings,,
amnd-winter-2009-amnd-league,norwood-netball-club,,archive:amnd-winter-2009:amnd-league:norwood-netball-club:none,Newton Jaguars,5,0,,,,,,,,,,,,,archive_pdf,final_premiership_placings,,
amnd-winter-2009-amnd-league,cheerio-netball-club,,archive:amnd-winter-2009:amnd-league:cheerio-netball-club:none,Cheerio,6,0,,,,,,,,,,,,,archive_pdf,final_premiership_placings,,
amnd-winter-2009-amnd-league,matrics,,archive:amnd-winter-2009:amnd-league:matrics:none,Matrics,7,0,,,,,,,,,,,,,archive_pdf,final_premiership_placings,,
amnd-winter-2009-amnd-league,woods-panthers,,archive:amnd-winter-2009:amnd-league:woods-panthers:none,Woods Panthers,8,0,,,,,,,,,,,,,archive_pdf,final_premiership_placings,,
amnd-winter-2009-amnd-league,harlequin,,archive:amnd-winter-2009:amnd-league:harlequin:none,Harlequin,9,0,,,,,,,,,,,,,archive_pdf,final_premiership_placings,,
amnd-winter-2009-amnd-league,garville,,archive:amnd-winter-2009:amnd-league:garville:none,Garville,10,0,,,,,,,,,,,,,archive_pdf,final_premiership_placings,,
amnd-winter-2009-b-1,city-coasters,,archive:amnd-winter-2009:b-1:city-coasters:none,City Coasters,1,1,,,,,,,,,,,,,archive_pdf,final_premiership_placings,,
amnd-winter-2009-b-1,adelaide-university,,archive:amnd-winter-2009:b-1:adelaide-university:none,Adelaide University,2,1,,,,,,,,,,,,,archive_pdf,final_premiership_placings,,
amnd-winter-2009-b-1,adelaide-swish,,archive:amnd-winter-2009:b-1:adelaide-swish:none,Adelaide Swish,3,1,,,,,,,,,,,,,archive_pdf,final_premiership_placings,,
amnd-winter-2009-b-1,contax,,archive:amnd-winter-2009:b-1:contax:none,Contax,4,1,,,,,,,,,,,,,archive_pdf,final_premiership_placings,,
amnd-winter-2009-b-1,westminster-o-s,,archive:amnd-winter-2009:b-1:westminster-o-s:none,Westminster O.S.,5,0,,,,,,,,,,,,,archive_pdf,final_premiership_placings,,
amnd-winter-2009-b-1,adelaide-wildcats,,archive:amnd-winter-2009:b-1:adelaide-wildcats:none,Adelaide Wildcats,6,0,,,,,,,,,,,,,archive_pdf,final_premiership_placings,,
amnd-winter-2009-b-1,scotch-old-scholars,,archive:amnd-winter-2009:b-1:scotch-old-scholars:none,Scotch O.S.,7,0,,,,,,,,,,,,,archive_pdf,final_premiership_placings,,
amnd-winter-2009-b-1,cheerio-netball-club,,archive:amnd-winter-2009:b-1:cheerio-netball-club:none,Cheerio,8,0,,,,,,,,,,,,,archive_pdf,final_premiership_placings,,
amnd-winter-2009-b-1,metro-jets,,archive:amnd-winter-2009:b-1:metro-jets:none,Western Jets,9,0,,,,,,,,,,,,,archive_pdf,final_premiership_placings,,
amnd-winter-2009-b-1,tango-netball-club-inc,,archive:amnd-winter-2009:b-1:tango-netball-club-inc:none,Tango,10,0,,,,,,,,,,,,,archive_pdf,final_premiership_placings,,
amnd-winter-2009-b-2,contax,,archive:amnd-winter-2009:b-2:contax:none,Contax,1,1,,,,,,,,,,,,,archive_pdf,final_premiership_placings,,
amnd-winter-2009-b-2,adelaide-cougars,,archive:amnd-winter-2009:b-2:adelaide-cougars:none,Adelaide Cougars,2,1,,,,,,,,,,,,,archive_pdf,final_premiership_placings,,
amnd-winter-2009-b-2,pembroke-o-s,,archive:amnd-winter-2009:b-2:pembroke-o-s:none,Pembroke O.S.,3,1,,,,,,,,,,,,,archive_pdf,final_premiership_placings,,
amnd-winter-2009-b-2,noarlunga,,archive:amnd-winter-2009:b-2:noarlunga:none,Noarlunga,4,1,,,,,,,,,,,,,archive_pdf,final_premiership_placings,,
amnd-winter-2009-b-2,semaphore,,archive:amnd-winter-2009:b-2:semaphore:none,Semaphore,5,0,,,,,,,,,,,,,archive_pdf,final_premiership_placings,,
amnd-winter-2009-b-2,woods-panthers,,archive:amnd-winter-2009:b-2:woods-panthers:none,Woods Panthers,6,0,,,,,,,,,,,,,archive_pdf,final_premiership_placings,,
amnd-winter-2009-b-2,norwood-netball-club,,archive:amnd-winter-2009:b-2:norwood-netball-club:none,Newton Jaguars,7,0,,,,,,,,,,,,,archive_pdf,final_premiership_placings,,
amnd-winter-2009-b-2,oakdale-netball-club-sa,,archive:amnd-winter-2009:b-2:oakdale-netball-club-sa:none,Oakdale,8,0,,,,,,,,,,,,,archive_pdf,final_premiership_placings,,
amnd-winter-2009-b-2,matrics,,archive:amnd-winter-2009:b-2:matrics:none,Matrics,9,0,,,,,,,,,,,,,archive_pdf,final_premiership_placings,,
amnd-winter-2009-b-2,harlequin,,archive:amnd-winter-2009:b-2:harlequin:none,Harlequin,10,0,,,,,,,,,,,,,archive_pdf,final_premiership_placings,,
amnd-winter-2009-b-3,woods-panthers,,archive:amnd-winter-2009:b-3:woods-panthers:none,Woods Panthers,1,1,,,,,,,,,,,,,archive_pdf,final_premiership_placings,,
amnd-winter-2009-b-3,adelaide-university,,archive:amnd-winter-2009:b-3:adelaide-university:none,Adelaide University,2,1,,,,,,,,,,,,,archive_pdf,final_premiership_placings,,
amnd-winter-2009-b-3,contax,,archive:amnd-winter-2009:b-3:contax:none,Contax,3,1,,,,,,,,,,,,,archive_pdf,final_premiership_placings,,
amnd-winter-2009-b-3,adelaide-cougars,,archive:amnd-winter-2009:b-3:adelaide-cougars:none,Adelaide Cougars,4,1,,,,,,,,,,,,,archive_pdf,final_premiership_placings,,
amnd-winter-2009-b-3,seymour-o-c,,archive:amnd-winter-2009:b-3:seymour-o-c:none,Seymour O.C.,5,0,,,,,,,,,,,,,archive_pdf,final_premiership_placings,,
amnd-winter-2009-b-3,cheerio-netball-club,,archive:amnd-winter-2009:b-3:cheerio-netball-club:none,Cheerio,6,0,,,,,,,,,,,,,archive_pdf,final_premiership_placings,,
amnd-winter-2009-b-3,heatwave,,archive:amnd-winter-2009:b-3:heatwave:none,Heatwave,7,0,,,,,,,,,,,,,archive_pdf,final_premiership_placings,,
amnd-winter-2009-b-3,flinders-university,,archive:amnd-winter-2009:b-3:flinders-university:none,Flinders University,8,0,,,,,,,,,,,,,archive_pdf,final_premiership_placings,,
amnd-winter-2009-b-3,sacred-heart-o-c,,archive:amnd-winter-2009:b-3:sacred-heart-o-c:none,Sacred Heart O.C.,9,0,,,,,,,,,,,,,archive_pdf,final_premiership_placings,,
amnd-winter-2009-b-3,tango-netball-club-inc,,archive:amnd-winter-2009:b-3:tango-netball-club-inc:none,Tango,10,0,,,,,,,,,,,,,archive_pdf,final_premiership_placings,,
amnd-winter-2009-b-4,old-ignatians,,archive:amnd-winter-2009:b-4:old-ignatians:none,Old Ignatians,1,1,,,,,,,,,,,,,archive_pdf,final_premiership_placings,,
amnd-winter-2009-b-4,adelaide-university,,archive:amnd-winter-2009:b-4:adelaide-university:none,Adelaide University,2,1,,,,,,,,,,,,,archive_pdf,final_premiership_placings,,
amnd-winter-2009-b-4,city-coasters,,archive:amnd-winter-2009:b-4:city-coasters:none,City Coasters,3,1,,,,,,,,,,,,,archive_pdf,final_premiership_placings,,
amnd-winter-2009-b-4,contax,,archive:amnd-winter-2009:b-4:contax:none,Contax,4,1,,,,,,,,,,,,,archive_pdf,final_premiership_placings,,
amnd-winter-2009-b-4,westminster-o-s,,archive:amnd-winter-2009:b-4:westminster-o-s:none,Westminster O.S.,5,0,,,,,,,,,,,,,archive_pdf,final_premiership_placings,,
amnd-winter-2009-b-4,flinders-university,,archive:amnd-winter-2009:b-4:flinders-university:none,Flinders University,6,0,,,,,,,,,,,,,archive_pdf,final_premiership_placings,,
amnd-winter-2009-b-4,sacred-heart-o-c,,archive:amnd-winter-2009:b-4:sacred-heart-o-c:none,Sacred Heart O.C.,7,0,,,,,,,,,,,,,archive_pdf,final_premiership_placings,,
amnd-winter-2009-b-4,harlequin,,archive:amnd-winter-2009:b-4:harlequin:none,Harlequin,8,0,,,,,,,,,,,,,archive_pdf,final_premiership_placings,,
amnd-winter-2009-b-4,metro-jets,,archive:amnd-winter-2009:b-4:metro-jets:none,Western Jets,9,0,,,,,,,,,,,,,archive_pdf,final_premiership_placings,,
amnd-winter-2009-b-4,garville,,archive:amnd-winter-2009:b-4:garville:none,Garville,10,0,,,,,,,,,,,,,archive_pdf,final_premiership_placings,,
amnd-winter-2009-b-5,adelaide-wildcats,,archive:amnd-winter-2009:b-5:adelaide-wildcats:none,Adelaide Wildcats,1,1,,,,,,,,,,,,,archive_pdf,final_premiership_placings,,
amnd-winter-2009-b-5,city-coasters,,archive:amnd-winter-2009:b-5:city-coasters:none,City Coasters,2,1,,,,,,,,,,,,,archive_pdf,final_premiership_placings,,
amnd-winter-2009-b-5,adelaide-swish,,archive:amnd-winter-2009:b-5:adelaide-swish:none,Adelaide Swish,3,1,,,,,,,,,,,,,archive_pdf,final_premiership_placings,,
amnd-winter-2009-b-5,sa-ladybirds,,archive:amnd-winter-2009:b-5:sa-ladybirds:none,Ladybirds,4,1,,,,,,,,,,,,,archive_pdf,final_premiership_placings,,
amnd-winter-2009-b-5,norwood-netball-club,,archive:amnd-winter-2009:b-5:norwood-netball-club:none,Newton Jaguars,5,0,,,,,,,,,,,,,archive_pdf,final_premiership_placings,,
amnd-winter-2009-b-5,contax,,archive:amnd-winter-2009:b-5:contax:none,Contax,6,0,,,,,,,,,,,,,archive_pdf,final_premiership_placings,,
amnd-winter-2009-b-5,adelaide-university,,archive:amnd-winter-2009:b-5:adelaide-university:none,Adelaide University,7,0,,,,,,,,,,,,,archive_pdf,final_premiership_placings,,
amnd-winter-2009-b-5,noarlunga,,archive:amnd-winter-2009:b-5:noarlunga:none,Noarlunga,8,0,,,,,,,,,,,,,archive_pdf,final_premiership_placings,,
amnd-winter-2009-b-5,garville,,archive:amnd-winter-2009:b-5:garville:none,Garville,9,0,,,,,,,,,,,,,archive_pdf,final_premiership_placings,,
amnd-winter-2009-b-5,adelaide-cougars,,archive:amnd-winter-2009:b-5:adelaide-cougars:none,Adelaide Cougars,10,0,,,,,,,,,,,,,archive_pdf,final_premiership_placings,,
amnd-winter-2009-c-1,cheerio-netball-club,1,archive:amnd-winter-2009:c-1:cheerio-netball-club:1,Cheerio,1,1,,,,,,,,,,,,,archive_pdf,final_premiership_placings,,
amnd-winter-2009-c-1,pembroke-o-s,,archive:amnd-winter-2009:c-1:pembroke-o-s:none,Pembroke O.S.,2,1,,,,,,,,,,,,,archive_pdf,final_premiership_placings,,
amnd-winter-2009-c-1,cheerio-netball-club,2,archive:amnd-winter-2009:c-1:cheerio-netball-club:2,Cheerio,3,1,,,,,,,,,,,,,archive_pdf,final_premiership_placings,,
amnd-winter-2009-c-1,city-coasters,,archive:amnd-winter-2009:c-1:city-coasters:none,City Coasters,4,1,,,,,,,,,,,,,archive_pdf,final_premiership_placings,,
amnd-winter-2009-c-1,oakdale-netball-club-sa,,archive:amnd-winter-2009:c-1:oakdale-netball-club-sa:none,Oakdale,5,0,,,,,,,,,,,,,archive_pdf,final_premiership_placings,,
amnd-winter-2009-c-1,adelaide-university,,archive:amnd-winter-2009:c-1:adelaide-university:none,Adelaide University,6,0,,,,,,,,,,,,,archive_pdf,final_premiership_placings,,
amnd-winter-2009-c-2,cheerio-netball-club,,archive:amnd-winter-2009:c-2:cheerio-netball-club:none,Cheerio,1,1,,,,,,,,,,,,,archive_pdf,final_premiership_placings,,
amnd-winter-2009-c-2,woods-panthers,1,archive:amnd-winter-2009:c-2:woods-panthers:1,Woods Panthers,2,1,,,,,,,,,,,,,archive_pdf,final_premiership_placings,,
amnd-winter-2009-c-2,adelaide-wildcats,,archive:amnd-winter-2009:c-2:adelaide-wildcats:none,Adelaide Wildcats,3,1,,,,,,,,,,,,,archive_pdf,final_premiership_placings,,
amnd-winter-2009-c-2,immanuel-doves,,archive:amnd-winter-2009:c-2:immanuel-doves:none,Immanuel Doves,4,1,,,,,,,,,,,,,archive_pdf,final_premiership_placings,,
amnd-winter-2009-c-2,woods-panthers,2,archive:amnd-winter-2009:c-2:woods-panthers:2,Woods Panthers,5,0,,,,,,,,,,,,,archive_pdf,final_premiership_placings,,
amnd-winter-2009-c-2,norwood-netball-club,,archive:amnd-winter-2009:c-2:norwood-netball-club:none,Newton Jaguars,6,0,,,,,,,,,,,,,archive_pdf,final_premiership_placings,,
amnd-winter-2009-c-2,semaphore,,archive:amnd-winter-2009:c-2:semaphore:none,Semaphore,7,0,,,,,,,,,,,,,archive_pdf,final_premiership_placings,,
amnd-winter-2009-c-2,matrics,,archive:amnd-winter-2009:c-2:matrics:none,Matrics,8,0,,,,,,,,,,,,,archive_pdf,final_premiership_placings,,
amnd-winter-2009-c-3,adelaide-wildcats,,archive:amnd-winter-2009:c-3:adelaide-wildcats:none,Adelaide Wildcats,1,1,,,,,,,,,,,,,archive_pdf,final_premiership_placings,,
amnd-winter-2009-c-3,adelaide-university,,archive:amnd-winter-2009:c-3:adelaide-university:none,Adelaide University,2,1,,,,,,,,,,,,,archive_pdf,final_premiership_placings,,
amnd-winter-2009-c-3,flinders-university,,archive:amnd-winter-2009:c-3:flinders-university:none,Flinders University,3,1,,,,,,,,,,,,,archive_pdf,final_premiership_placings,,
amnd-winter-2009-c-3,westminster-o-s,,archive:amnd-winter-2009:c-3:westminster-o-s:none,Westminster O.S.,4,1,,,,,,,,,,,,,archive_pdf,final_premiership_placings,,
amnd-winter-2009-c-3,city-coasters,,archive:amnd-winter-2009:c-3:city-coasters:none,City Coasters,5,0,,,,,,,,,,,,,archive_pdf,final_premiership_placings,,
amnd-winter-2009-c-3,cheerio-netball-club,,archive:amnd-winter-2009:c-3:cheerio-netball-club:none,Cheerio,6,0,,,,,,,,,,,,,archive_pdf,final_premiership_placings,,
amnd-winter-2009-c-3,old-ignatians,,archive:amnd-winter-2009:c-3:old-ignatians:none,Old Ignatians,7,0,,,,,,,,,,,,,archive_pdf,final_premiership_placings,,
amnd-winter-2009-c-3,pembroke-o-s,,archive:amnd-winter-2009:c-3:pembroke-o-s:none,Pembroke O.S.,8,0,,,,,,,,,,,,,archive_pdf,final_premiership_placings,,
amnd-winter-2009-c-4,pembroke-o-s,,archive:amnd-winter-2009:c-4:pembroke-o-s:none,Pembroke O.S.,1,1,,,,,,,,,,,,,archive_pdf,final_premiership_placings,,
amnd-winter-2009-c-4,sacred-heart-o-c,,archive:amnd-winter-2009:c-4:sacred-heart-o-c:none,Sacred Heart O.C.,2,1,,,,,,,,,,,,,archive_pdf,final_premiership_placings,,
amnd-winter-2009-c-4,adelaide-university,1,archive:amnd-winter-2009:c-4:adelaide-university:1,Adelaide Uni.,3,1,,,,,,,,,,,,,archive_pdf,final_premiership_placings,,
amnd-winter-2009-c-4,city-coasters,,archive:amnd-winter-2009:c-4:city-coasters:none,City Coasters,4,1,,,,,,,,,,,,,archive_pdf,final_premiership_placings,,
amnd-winter-2009-c-4,metro-jets,,archive:amnd-winter-2009:c-4:metro-jets:none,Western Jets,5,0,,,,,,,,,,,,,archive_pdf,final_premiership_placings,,
amnd-winter-2009-c-4,adelaide-university,2,archive:amnd-winter-2009:c-4:adelaide-university:2,Adelaide Uni.,6,0,,,,,,,,,,,,,archive_pdf,final_premiership_placings,,
amnd-winter-2009-c-4,flinders-university,,archive:amnd-winter-2009:c-4:flinders-university:none,Flinders University,7,0,,,,,,,,,,,,,archive_pdf,final_premiership_placings,,
amnd-winter-2009-c-5,norwood-netball-club,,archive:amnd-winter-2009:c-5:norwood-netball-club:none,Jaguars,1,1,,,,,,,,,,,,,archive_pdf,final_premiership_placings,,
amnd-winter-2009-c-5,matrics,,archive:amnd-winter-2009:c-5:matrics:none,Matrics,2,1,,,,,,,,,,,,,archive_pdf,final_premiership_placings,,
amnd-winter-2009-c-5,contax,,archive:amnd-winter-2009:c-5:contax:none,Contax,3,1,,,,,,,,,,,,,archive_pdf,final_premiership_placings,,
amnd-winter-2009-c-5,harlequin,,archive:amnd-winter-2009:c-5:harlequin:none,Harlequin,4,1,,,,,,,,,,,,,archive_pdf,final_premiership_placings,,
amnd-winter-2009-c-5,metro-jets,,archive:amnd-winter-2009:c-5:metro-jets:none,Western Jets,5,0,,,,,,,,,,,,,archive_pdf,final_premiership_placings,,
amnd-winter-2009-c-5,woods-panthers,,archive:amnd-winter-2009:c-5:woods-panthers:none,Woods Panthers,6,0,,,,,,,,,,,,,archive_pdf,final_premiership_placings,,
amnd-winter-2009-inter-1,contax,1,archive:amnd-winter-2009:inter-1:contax:1,Contax,1,1,,,,,,,,,,,,,archive_pdf,final_premiership_placings,,
amnd-winter-2009-inter-1,adelaide-cougars,,archive:amnd-winter-2009:inter-1:adelaide-cougars:none,Adelaide Cougars,2,1,,,,,,,,,,,,,archive_pdf,final_premiership_placings,,
amnd-winter-2009-inter-1,matrics,,archive:amnd-winter-2009:inter-1:matrics:none,Matrics,3,1,,,,,,,,,,,,,archive_pdf,final_premiership_placings,,
amnd-winter-2009-inter-1,tango-netball-club-inc,,archive:amnd-winter-2009:inter-1:tango-netball-club-inc:none,Tango,4,1,,,,,,,,,,,,,archive_pdf,final_premiership_placings,,
amnd-winter-2009-inter-1,norwood-netball-club,,archive:amnd-winter-2009:inter-1:norwood-netball-club:none,Newton Jaguars,5,0,,,,,,,,,,,,,archive_pdf,final_premiership_placings,,
amnd-winter-2009-inter-1,contax,2,archive:amnd-winter-2009:inter-1:contax:2,Contax,6,0,,,,,,,,,,,,,archive_pdf,final_premiership_placings,,
amnd-winter-2009-inter-1,harlequin,,archive:amnd-winter-2009:inter-1:harlequin:none,Harlequin,7,0,,,,,,,,,,,,,archive_pdf,final_premiership_placings,,
amnd-winter-2009-inter-1,metro-jets,,archive:amnd-winter-2009:inter-1:metro-jets:none,Western Jets,8,0,,,,,,,,,,,,,archive_pdf,final_premiership_placings,,
amnd-winter-2009-inter-1,woods-panthers,,archive:amnd-winter-2009:inter-1:woods-panthers:none,Woods Panthers,9,0,,,,,,,,,,,,,archive_pdf,final_premiership_placings,,
amnd-winter-2009-inter-1,oakdale-netball-club-sa,,archive:amnd-winter-2009:inter-1:oakdale-netball-club-sa:none,Oakdale,10,0,,,,,,,,,,,,,archive_pdf,final_premiership_placings,,
amnd-winter-2009-inter-2,adelaide-wildcats,,archive:amnd-winter-2009:inter-2:adelaide-wildcats:none,Adelaide Wildcats,1,1,,,,,,,,,,,,,archive_pdf,final_premiership_placings,,
amnd-winter-2009-inter-2,adelaide-cougars,,archive:amnd-winter-2009:inter-2:adelaide-cougars:none,Adelaide Cougars,2,1,,,,,,,,,,,,,archive_pdf,final_premiership_placings,,
amnd-winter-2009-inter-2,contax,,archive:amnd-winter-2009:inter-2:contax:none,Contax,3,1,,,,,,,,,,,,,archive_pdf,final_premiership_placings,,
amnd-winter-2009-inter-2,tango-netball-club-inc,,archive:amnd-winter-2009:inter-2:tango-netball-club-inc:none,Tango,4,1,,,,,,,,,,,,,archive_pdf,final_premiership_placings,,
amnd-winter-2009-inter-2,metro-jets,,archive:amnd-winter-2009:inter-2:metro-jets:none,Western Jets,5,0,,,,,,,,,,,,,archive_pdf,final_premiership_placings,,
amnd-winter-2009-inter-2,woods-panthers,,archive:amnd-winter-2009:inter-2:woods-panthers:none,Woods Panthers,6,0,,,,,,,,,,,,,archive_pdf,final_premiership_placings,,
amnd-winter-2009-inter-2,harlequin,,archive:amnd-winter-2009:inter-2:harlequin:none,Harlequin,7,0,,,,,,,,,,,,,archive_pdf,final_premiership_placings,,
amnd-winter-2009-inter-2,oakdale-netball-club-sa,,archive:amnd-winter-2009:inter-2:oakdale-netball-club-sa:none,Oakdale,8,0,,,,,,,,,,,,,archive_pdf,final_premiership_placings,,
amnd-winter-2009-inter-2,garville,1,archive:amnd-winter-2009:inter-2:garville:1,Garville,9,0,,,,,,,,,,,,,archive_pdf,final_premiership_placings,,
amnd-winter-2009-inter-2,garville,2,archive:amnd-winter-2009:inter-2:garville:2,Garville,10,0,,,,,,,,,,,,,archive_pdf,final_premiership_placings,,
amnd-winter-2009-inter-3,contax,,archive:amnd-winter-2009:inter-3:contax:none,Contax,1,1,,,,,,,,,,,,,archive_pdf,final_premiership_placings,,
amnd-winter-2009-inter-3,woods-panthers,,archive:amnd-winter-2009:inter-3:woods-panthers:none,Woods Panthers,2,1,,,,,,,,,,,,,archive_pdf,final_premiership_placings,,
amnd-winter-2009-inter-3,matrics,,archive:amnd-winter-2009:inter-3:matrics:none,Matrics,3,1,,,,,,,,,,,,,archive_pdf,final_premiership_placings,,
amnd-winter-2009-inter-3,metro-jets,,archive:amnd-winter-2009:inter-3:metro-jets:none,Western Jets,4,1,,,,,,,,,,,,,archive_pdf,final_premiership_placings,,
amnd-winter-2009-inter-3,harlequin,,archive:amnd-winter-2009:inter-3:harlequin:none,Harlequin,5,0,,,,,,,,,,,,,archive_pdf,final_premiership_placings,,
amnd-winter-2009-inter-3,cheerio-netball-club,,archive:amnd-winter-2009:inter-3:cheerio-netball-club:none,Cheerio,6,0,,,,,,,,,,,,,archive_pdf,final_premiership_placings,,
amnd-winter-2009-inter-3,tango-netball-club-inc,,archive:amnd-winter-2009:inter-3:tango-netball-club-inc:none,Tango,7,0,,,,,,,,,,,,,archive_pdf,final_premiership_placings,,
amnd-winter-2009-inter-3,norwood-netball-club,,archive:amnd-winter-2009:inter-3:norwood-netball-club:none,Newton Jaguars,8,0,,,,,,,,,,,,,archive_pdf,final_premiership_placings,,
amnd-winter-2009-inter-4,adelaide-cougars,,archive:amnd-winter-2009:inter-4:adelaide-cougars:none,Adelaide Cougars,1,1,,,,,,,,,,,,,archive_pdf,final_premiership_placings,,
amnd-winter-2009-inter-4,matrics,,archive:amnd-winter-2009:inter-4:matrics:none,Matrics,2,1,,,,,,,,,,,,,archive_pdf,final_premiership_placings,,
amnd-winter-2009-inter-4,garville,,archive:amnd-winter-2009:inter-4:garville:none,Garville,3,1,,,,,,,,,,,,,archive_pdf,final_premiership_placings,,
amnd-winter-2009-inter-4,woods-panthers,,archive:amnd-winter-2009:inter-4:woods-panthers:none,Woods Panthers,4,1,,,,,,,,,,,,,archive_pdf,final_premiership_placings,,
amnd-winter-2009-inter-4,cheerio-netball-club,,archive:amnd-winter-2009:inter-4:cheerio-netball-club:none,Cheerio,5,0,,,,,,,,,,,,,archive_pdf,final_premiership_placings,,
amnd-winter-2009-inter-4,norwood-netball-club,,archive:amnd-winter-2009:inter-4:norwood-netball-club:none,Newton Jaguars,6,0,,,,,,,,,,,,,archive_pdf,final_premiership_placings,,
amnd-winter-2009-inter-4,semaphore,,archive:amnd-winter-2009:inter-4:semaphore:none,Semaphore,7,0,,,,,,,,,,,,,archive_pdf,final_premiership_placings,,
amnd-winter-2009-inter-5,garville,,archive:amnd-winter-2009:inter-5:garville:none,Garville,1,1,,,,,,,,,,,,,archive_pdf,final_premiership_placings,,
amnd-winter-2009-inter-5,contax,,archive:amnd-winter-2009:inter-5:contax:none,Contax,2,1,,,,,,,,,,,,,archive_pdf,final_premiership_placings,,
amnd-winter-2009-inter-5,metro-jets,,archive:amnd-winter-2009:inter-5:metro-jets:none,Western Jets,3,1,,,,,,,,,,,,,archive_pdf,final_premiership_placings,,
amnd-winter-2009-inter-5,cheerio-netball-club,,archive:amnd-winter-2009:inter-5:cheerio-netball-club:none,Cheerio,4,1,,,,,,,,,,,,,archive_pdf,final_premiership_placings,,
amnd-winter-2009-inter-5,oakdale-netball-club-sa,,archive:amnd-winter-2009:inter-5:oakdale-netball-club-sa:none,Oakdale,5,0,,,,,,,,,,,,,archive_pdf,final_premiership_placings,,
amnd-winter-2009-inter-5,adelaide-wildcats,,archive:amnd-winter-2009:inter-5:adelaide-wildcats:none,Adelaide Wildcats,6,0,,,,,,,,,,,,,archive_pdf,final_premiership_placings,,
amnd-winter-2009-inter-5,matrics,,archive:amnd-winter-2009:inter-5:matrics:none,Matrics,7,0,,,,,,,,,,,,,archive_pdf,final_premiership_placings,,
amnd-winter-2009-inter-5,woods-panthers,,archive:amnd-winter-2009:inter-5:woods-panthers:none,Woods Panthers,8,0,,,,,,,,,,,,,archive_pdf,final_premiership_placings,,
amnd-winter-2009-junior-1,contax,1,archive:amnd-winter-2009:junior-1:contax:1,Contax,1,1,,,,,,,,,,,,,archive_pdf,final_premiership_placings,,
amnd-winter-2009-junior-1,tango-netball-club-inc,1,archive:amnd-winter-2009:junior-1:tango-netball-club-inc:1,Tango,2,1,,,,,,,,,,,,,archive_pdf,final_premiership_placings,,
amnd-winter-2009-junior-1,adelaide-cougars,,archive:amnd-winter-2009:junior-1:adelaide-cougars:none,Adelaide Cougars,3,1,,,,,,,,,,,,,archive_pdf,final_premiership_placings,,
amnd-winter-2009-junior-1,harlequin,,archive:amnd-winter-2009:junior-1:harlequin:none,Harlequin,4,1,,,,,,,,,,,,,archive_pdf,final_premiership_placings,,
amnd-winter-2009-junior-1,contax,2,archive:amnd-winter-2009:junior-1:contax:2,Contax,5,0,,,,,,,,,,,,,archive_pdf,final_premiership_placings,,
amnd-winter-2009-junior-1,matrics,,archive:amnd-winter-2009:junior-1:matrics:none,Matrics,6,0,,,,,,,,,,,,,archive_pdf,final_premiership_placings,,
amnd-winter-2009-junior-1,woods-panthers,,archive:amnd-winter-2009:junior-1:woods-panthers:none,Woods Panthers,7,0,,,,,,,,,,,,,archive_pdf,final_premiership_placings,,
amnd-winter-2009-junior-1,metro-jets,,archive:amnd-winter-2009:junior-1:metro-jets:none,Western Jets,8,0,,,,,,,,,,,,,archive_pdf,final_premiership_placings,,
amnd-winter-2009-junior-1,tango-netball-club-inc,2,archive:amnd-winter-2009:junior-1:tango-netball-club-inc:2,Tango,9,0,,,,,,,,,,,,,archive_pdf,final_premiership_placings,,
amnd-winter-2009-junior-1,garville,,archive:amnd-winter-2009:junior-1:garville:none,Garville,10,0,,,,,,,,,,,,,archive_pdf,final_premiership_placings,,
amnd-winter-2009-junior-2,oakdale-netball-club-sa,1,archive:amnd-winter-2009:junior-2:oakdale-netball-club-sa:1,Oakdale,1,1,,,,,,,,,,,,,archive_pdf,final_premiership_placings,,
amnd-winter-2009-junior-2,contax,,archive:amnd-winter-2009:junior-2:contax:none,Contax,2,1,,,,,,,,,,,,,archive_pdf,final_premiership_placings,,
amnd-winter-2009-junior-2,norwood-netball-club,,archive:amnd-winter-2009:junior-2:norwood-netball-club:none,Newton Jaguars,3,1,,,,,,,,,,,,,archive_pdf,final_premiership_placings,,
amnd-winter-2009-junior-2,northeast-zodiac,,archive:amnd-winter-2009:junior-2:northeast-zodiac:none,Northeast Zodiacs,4,1,,,,,,,,,,,,,archive_pdf,final_premiership_placings,,
amnd-winter-2009-junior-2,woods-panthers,,archive:amnd-winter-2009:junior-2:woods-panthers:none,Woods Panthers,5,0,,,,,,,,,,,,,archive_pdf,final_premiership_placings,,
amnd-winter-2009-junior-2,oakdale-netball-club-sa,2,archive:amnd-winter-2009:junior-2:oakdale-netball-club-sa:2,Oakdale,6,0,,,,,,,,,,,,,archive_pdf,final_premiership_placings,,
amnd-winter-2009-junior-2,matrics,,archive:amnd-winter-2009:junior-2:matrics:none,Matrics,7,0,,,,,,,,,,,,,archive_pdf,final_premiership_placings,,
amnd-winter-2009-junior-2,garville,,archive:amnd-winter-2009:junior-2:garville:none,Garville,8,0,,,,,,,,,,,,,archive_pdf,final_premiership_placings,,
amnd-winter-2009-junior-3,contax,,archive:amnd-winter-2009:junior-3:contax:none,Contax,1,1,,,,,,,,,,,,,archive_pdf,final_premiership_placings,,
amnd-winter-2009-junior-3,tango-netball-club-inc,,archive:amnd-winter-2009:junior-3:tango-netball-club-inc:none,Tango,2,1,,,,,,,,,,,,,archive_pdf,final_premiership_placings,,
amnd-winter-2009-junior-3,harlequin,,archive:amnd-winter-2009:junior-3:harlequin:none,Harlequin,3,1,,,,,,,,,,,,,archive_pdf,final_premiership_placings,,
amnd-winter-2009-junior-3,adelaide-cougars,,archive:amnd-winter-2009:junior-3:adelaide-cougars:none,Adelaide Cougars,4,1,,,,,,,,,,,,,archive_pdf,final_premiership_placings,,
amnd-winter-2009-junior-3,norwood-netball-club,,archive:amnd-winter-2009:junior-3:norwood-netball-club:none,Newton Jaguars,5,0,,,,,,,,,,,,,archive_pdf,final_premiership_placings,,
amnd-winter-2009-junior-3,matrics,,archive:amnd-winter-2009:junior-3:matrics:none,Matrics,6,0,,,,,,,,,,,,,archive_pdf,final_premiership_placings,,
amnd-winter-2009-junior-3,oakdale-netball-club-sa,,archive:amnd-winter-2009:junior-3:oakdale-netball-club-sa:none,Oakdale,7,0,,,,,,,,,,,,,archive_pdf,final_premiership_placings,,
amnd-winter-2009-junior-4,norwood-netball-club,,archive:amnd-winter-2009:junior-4:norwood-netball-club:none,Newton Jaguars,1,1,,,,,,,,,,,,,archive_pdf,final_premiership_placings,,
amnd-winter-2009-junior-4,garville,,archive:amnd-winter-2009:junior-4:garville:none,Garville,2,1,,,,,,,,,,,,,archive_pdf,final_premiership_placings,,
amnd-winter-2009-junior-4,cheerio-netball-club,,archive:amnd-winter-2009:junior-4:cheerio-netball-club:none,Cheerio,3,1,,,,,,,,,,,,,archive_pdf,final_premiership_placings,,
amnd-winter-2009-junior-4,tango-netball-club-inc,,archive:amnd-winter-2009:junior-4:tango-netball-club-inc:none,Tango,4,1,,,,,,,,,,,,,archive_pdf,final_premiership_placings,,
amnd-winter-2009-junior-4,harlequin,,archive:amnd-winter-2009:junior-4:harlequin:none,Harlequin,5,0,,,,,,,,,,,,,archive_pdf,final_premiership_placings,,
amnd-winter-2009-junior-4,woods-panthers,,archive:amnd-winter-2009:junior-4:woods-panthers:none,Woods Panthers,6,0,,,,,,,,,,,,,archive_pdf,final_premiership_placings,,
amnd-winter-2009-junior-5,metro-jets,,archive:amnd-winter-2009:junior-5:metro-jets:none,Western Jets,1,1,,,,,,,,,,,,,archive_pdf,final_premiership_placings,,
amnd-winter-2009-junior-5,adelaide-wildcats,,archive:amnd-winter-2009:junior-5:adelaide-wildcats:none,Adelaide Wildcats,2,1,,,,,,,,,,,,,archive_pdf,final_premiership_placings,,
amnd-winter-2009-junior-5,norwood-netball-club,,archive:amnd-winter-2009:junior-5:norwood-netball-club:none,Newton Jaguars,3,1,,,,,,,,,,,,,archive_pdf,final_premiership_placings,,
amnd-winter-2009-junior-5,contax,,archive:amnd-winter-2009:junior-5:contax:none,Contax,4,1,,,,,,,,,,,,,archive_pdf,final_premiership_placings,,
amnd-winter-2009-junior-5,woods-panthers,,archive:amnd-winter-2009:junior-5:woods-panthers:none,Woods Panthers,5,0,,,,,,,,,,,,,archive_pdf,final_premiership_placings,,
amnd-winter-2009-junior-5,adelaide-cougars,,archive:amnd-winter-2009:junior-5:adelaide-cougars:none,Adelaide Cougars,6,0,,,,,,,,,,,,,archive_pdf,final_premiership_placings,,
amnd-winter-2009-junior-5,garville,,archive:amnd-winter-2009:junior-5:garville:none,Garville,7,0,,,,,,,,,,,,,archive_pdf,final_premiership_placings,,
amnd-winter-2009-junior-5,semaphore,,archive:amnd-winter-2009:junior-5:semaphore:none,Semaphore,8,0,,,,,,,,,,,,,archive_pdf,final_premiership_placings,,
amnd-winter-2009-junior-6,sa-ladybirds,,archive:amnd-winter-2009:junior-6:sa-ladybirds:none,Ladybirds,1,1,,,,,,,,,,,,,archive_pdf,final_premiership_placings,,
amnd-winter-2009-junior-6,woods-panthers,1,archive:amnd-winter-2009:junior-6:woods-panthers:1,Woods Panthers,2,1,,,,,,,,,,,,,archive_pdf,final_premiership_placings,,
amnd-winter-2009-junior-6,metro-jets,,archive:amnd-winter-2009:junior-6:metro-jets:none,Western Jets,3,1,,,,,,,,,,,,,archive_pdf,final_premiership_placings,,
amnd-winter-2009-junior-6,harlequin,,archive:amnd-winter-2009:junior-6:harlequin:none,Harlequin,4,1,,,,,,,,,,,,,archive_pdf,final_premiership_placings,,
amnd-winter-2009-junior-6,oakdale-netball-club-sa,,archive:amnd-winter-2009:junior-6:oakdale-netball-club-sa:none,Oakdale,5,0,,,,,,,,,,,,,archive_pdf,final_premiership_placings,,
amnd-winter-2009-junior-6,matrics,1,archive:amnd-winter-2009:junior-6:matrics:1,Matrics,6,0,,,,,,,,,,,,,archive_pdf,final_premiership_placings,,
amnd-winter-2009-junior-6,woods-panthers,2,archive:amnd-winter-2009:junior-6:woods-panthers:2,Woods Panthers,7,0,,,,,,,,,,,,,archive_pdf,final_premiership_placings,,
amnd-winter-2009-junior-6,matrics,2,archive:amnd-winter-2009:junior-6:matrics:2,Matrics,8,0,,,,,,,,,,,,,archive_pdf,final_premiership_placings,,
amnd-winter-2009-junior-7,norwood-netball-club,2,archive:amnd-winter-2009:junior-7:norwood-netball-club:2,Newton Jaguars,1,1,,,,,,,,,,,,,archive_pdf,final_premiership_placings,,
amnd-winter-2009-junior-7,norwood-netball-club,1,archive:amnd-winter-2009:junior-7:norwood-netball-club:1,Newton Jaguars,2,1,,,,,,,,,,,,,archive_pdf,final_premiership_placings,,
amnd-winter-2009-junior-7,garville,2,archive:amnd-winter-2009:junior-7:garville:2,Garville,3,1,,,,,,,,,,,,,archive_pdf,final_premiership_placings,,
amnd-winter-2009-junior-7,metro-jets,,archive:amnd-winter-2009:junior-7:metro-jets:none,Western Jets,4,1,,,,,,,,,,,,,archive_pdf,final_premiership_placings,,
amnd-winter-2009-junior-7,garville,1,archive:amnd-winter-2009:junior-7:garville:1,Garville,5,0,,,,,,,,,,,,,archive_pdf,final_premiership_placings,,
amnd-winter-2009-junior-7,contax,,archive:amnd-winter-2009:junior-7:contax:none,Contax,6,0,,,,,,,,,,,,,archive_pdf,final_premiership_placings,,
amnd-winter-2009-junior-7,tango-netball-club-inc,,archive:amnd-winter-2009:junior-7:tango-netball-club-inc:none,Tango,7,0,,,,,,,,,,,,,archive_pdf,final_premiership_placings,,
amnd-winter-2009-junior-7,cheerio-netball-club,,archive:amnd-winter-2009:junior-7:cheerio-netball-club:none,Cheerio,8,0,,,,,,,,,,,,,archive_pdf,final_premiership_placings,,
amnd-winter-2009-junior-8,heatwave,,archive:amnd-winter-2009:junior-8:heatwave:none,Heatwave,1,1,,,,,,,,,,,,,archive_pdf,final_premiership_placings,,
amnd-winter-2009-junior-8,hope-valley,,archive:amnd-winter-2009:junior-8:hope-valley:none,Hope Valley,2,1,,,,,,,,,,,,,archive_pdf,final_premiership_placings,,
amnd-winter-2009-junior-8,woods-panthers,,archive:amnd-winter-2009:junior-8:woods-panthers:none,Woods Panthers,3,1,,,,,,,,,,,,,archive_pdf,final_premiership_placings,,
amnd-winter-2009-junior-8,adelaide-cougars,,archive:amnd-winter-2009:junior-8:adelaide-cougars:none,Adelaide Cougars,4,1,,,,,,,,,,,,,archive_pdf,final_premiership_placings,,
amnd-winter-2009-junior-8,norwood-netball-club,,archive:amnd-winter-2009:junior-8:norwood-netball-club:none,Newton Jaguars,5,0,,,,,,,,,,,,,archive_pdf,final_premiership_placings,,
amnd-winter-2009-junior-8,adelaide-wildcats,,archive:amnd-winter-2009:junior-8:adelaide-wildcats:none,Adelaide Wildcats,6,0,,,,,,,,,,,,,archive_pdf,final_premiership_placings,,
amnd-winter-2009-junior-9,garville,,archive:amnd-winter-2009:junior-9:garville:none,Garville,1,1,,,,,,,,,,,,,archive_pdf,final_premiership_placings,,
amnd-winter-2009-junior-9,cheerio-netball-club,,archive:amnd-winter-2009:junior-9:cheerio-netball-club:none,Cheerio,2,1,,,,,,,,,,,,,archive_pdf,final_premiership_placings,,
amnd-winter-2009-junior-9,matrics,,archive:amnd-winter-2009:junior-9:matrics:none,Matrics,3,1,,,,,,,,,,,,,archive_pdf,final_premiership_placings,,
amnd-winter-2009-junior-9,semaphore,,archive:amnd-winter-2009:junior-9:semaphore:none,Semaphore,4,1,,,,,,,,,,,,,archive_pdf,final_premiership_placings,,
amnd-winter-2009-junior-9,adelaide-cougars,,archive:amnd-winter-2009:junior-9:adelaide-cougars:none,Adelaide Cougars,5,0,,,,,,,,,,,,,archive_pdf,final_premiership_placings,,
amnd-winter-2009-junior-9,oakdale-netball-club-sa,,archive:amnd-winter-2009:junior-9:oakdale-netball-club-sa:none,Oakdale,6,0,,,,,,,,,,,,,archive_pdf,final_premiership_placings,,
amnd-winter-2009-primary-1,contax,,archive:amnd-winter-2009:primary-1:contax:none,Contax,1,1,,,,,,,,,,,,,archive_pdf,final_premiership_placings,,
amnd-winter-2009-primary-1,metro-jets,,archive:amnd-winter-2009:primary-1:metro-jets:none,Western Jets,2,1,,,,,,,,,,,,,archive_pdf,final_premiership_placings,,
amnd-winter-2009-primary-1,tango-netball-club-inc,,archive:amnd-winter-2009:primary-1:tango-netball-club-inc:none,Tango,3,1,,,,,,,,,,,,,archive_pdf,final_premiership_placings,,
amnd-winter-2009-primary-1,matrics,,archive:amnd-winter-2009:primary-1:matrics:none,Matrics,4,1,,,,,,,,,,,,,archive_pdf,final_premiership_placings,,
amnd-winter-2009-primary-1,norwood-netball-club,,archive:amnd-winter-2009:primary-1:norwood-netball-club:none,Newton Jaguars,5,0,,,,,,,,,,,,,archive_pdf,final_premiership_placings,,
amnd-winter-2009-primary-1,garville,,archive:amnd-winter-2009:primary-1:garville:none,Garville,6,0,,,,,,,,,,,,,archive_pdf,final_premiership_placings,,
amnd-winter-2009-primary-2,woods-panthers,,archive:amnd-winter-2009:primary-2:woods-panthers:none,Woods Panthers,1,1,,,,,,,,,,,,,archive_pdf,final_premiership_placings,,
amnd-winter-2009-primary-2,contax,2,archive:amnd-winter-2009:primary-2:contax:2,Contax,2,1,,,,,,,,,,,,,archive_pdf,final_premiership_placings,,
amnd-winter-2009-primary-2,contax,1,archive:amnd-winter-2009:primary-2:contax:1,Contax,3,1,,,,,,,,,,,,,archive_pdf,final_premiership_placings,,
amnd-winter-2009-primary-2,adelaide-cougars,,archive:amnd-winter-2009:primary-2:adelaide-cougars:none,Adelaide Cougars,4,1,,,,,,,,,,,,,archive_pdf,final_premiership_placings,,
amnd-winter-2009-primary-2,matrics,,archive:amnd-winter-2009:primary-2:matrics:none,Matrics,5,0,,,,,,,,,,,,,archive_pdf,final_premiership_placings,,
amnd-winter-2009-primary-2,oakdale-netball-club-sa,,archive:amnd-winter-2009:primary-2:oakdale-netball-club-sa:none,Oakdale,6,0,,,,,,,,,,,,,archive_pdf,final_premiership_placings,,
amnd-winter-2009-primary-3,contax,,archive:amnd-winter-2009:primary-3:contax:none,Contax,1,1,,,,,,,,,,,,,archive_pdf,final_premiership_placings,,
amnd-winter-2009-primary-3,sa-ladybirds,,archive:amnd-winter-2009:primary-3:sa-ladybirds:none,Ladybirds,2,1,,,,,,,,,,,,,archive_pdf,final_premiership_placings,,
amnd-winter-2009-primary-3,harlequin,,archive:amnd-winter-2009:primary-3:harlequin:none,Harlequin,3,1,,,,,,,,,,,,,archive_pdf,final_premiership_placings,,
amnd-winter-2009-primary-3,woods-panthers,,archive:amnd-winter-2009:primary-3:woods-panthers:none,Woods Panthers,4,1,,,,,,,,,,,,,archive_pdf,final_premiership_placings,,
amnd-winter-2009-primary-3,cheerio-netball-club,,archive:amnd-winter-2009:primary-3:cheerio-netball-club:none,Cheerio,5,0,,,,,,,,,,,,,archive_pdf,final_premiership_placings,,
amnd-winter-2009-primary-3,metro-jets,,archive:amnd-winter-2009:primary-3:metro-jets:none,Western Jets,6,0,,,,,,,,,,,,,archive_pdf,final_premiership_placings,,
amnd-winter-2009-primary-4,tango-netball-club-inc,,archive:amnd-winter-2009:primary-4:tango-netball-club-inc:none,Tango,1,1,,,,,,,,,,,,,archive_pdf,final_premiership_placings,,
amnd-winter-2009-primary-4,norwood-netball-club,,archive:amnd-winter-2009:primary-4:norwood-netball-club:none,Newton Jaguars,2,1,,,,,,,,,,,,,archive_pdf,final_premiership_placings,,
amnd-winter-2009-primary-4,harlequin,,archive:amnd-winter-2009:primary-4:harlequin:none,Harlequin,3,1,,,,,,,,,,,,,archive_pdf,final_premiership_placings,,
amnd-winter-2009-primary-4,matrics,,archive:amnd-winter-2009:primary-4:matrics:none,Matrics,4,1,,,,,,,,,,,,,archive_pdf,final_premiership_placings,,
amnd-winter-2009-primary-4,oakdale-netball-club-sa,,archive:amnd-winter-2009:primary-4:oakdale-netball-club-sa:none,Oakdale,5,0,,,,,,,,,,,,,archive_pdf,final_premiership_placings,,
amnd-winter-2009-primary-4,adelaide-cougars,,archive:amnd-winter-2009:primary-4:adelaide-cougars:none,Adelaide Cougars,6,0,,,,,,,,,,,,,archive_pdf,final_premiership_placings,,
amnd-winter-2009-primary-4,metro-jets,,archive:amnd-winter-2009:primary-4:metro-jets:none,Western Jets,7,0,,,,,,,,,,,,,archive_pdf,final_premiership_placings,,
amnd-winter-2009-primary-4,garville,,archive:amnd-winter-2009:primary-4:garville:none,Garville,8,0,,,,,,,,,,,,,archive_pdf,final_premiership_placings,,
amnd-winter-2009-primary-5,semaphore,,archive:amnd-winter-2009:primary-5:semaphore:none,Semaphore,1,1,,,,,,,,,,,,,archive_pdf,final_premiership_placings,,
amnd-winter-2009-primary-5,contax,1,archive:amnd-winter-2009:primary-5:contax:1,Contax,2,1,,,,,,,,,,,,,archive_pdf,final_premiership_placings,,
amnd-winter-2009-primary-5,metro-jets,,archive:amnd-winter-2009:primary-5:metro-jets:none,Western Jets,3,1,,,,,,,,,,,,,archive_pdf,final_premiership_placings,,
amnd-winter-2009-primary-5,woods-panthers,,archive:amnd-winter-2009:primary-5:woods-panthers:none,Woods Panthers,4,1,,,,,,,,,,,,,archive_pdf,final_premiership_placings,,
amnd-winter-2009-primary-5,contax,2,archive:amnd-winter-2009:primary-5:contax:2,Contax,5,0,,,,,,,,,,,,,archive_pdf,final_premiership_placings,,
amnd-winter-2009-primary-5,norwood-netball-club,,archive:amnd-winter-2009:primary-5:norwood-netball-club:none,Newton Jaguars,6,0,,,,,,,,,,,,,archive_pdf,final_premiership_placings,,
amnd-winter-2009-primary-6,tango-netball-club-inc,,archive:amnd-winter-2009:primary-6:tango-netball-club-inc:none,Tango,1,1,,,,,,,,,,,,,archive_pdf,final_premiership_placings,,
amnd-winter-2009-primary-6,garville,,archive:amnd-winter-2009:primary-6:garville:none,Garville,2,1,,,,,,,,,,,,,archive_pdf,final_premiership_placings,,
amnd-winter-2009-primary-6,cheerio-netball-club,,archive:amnd-winter-2009:primary-6:cheerio-netball-club:none,Cheerio,3,1,,,,,,,,,,,,,archive_pdf,final_premiership_placings,,
amnd-winter-2009-primary-6,matrics,,archive:amnd-winter-2009:primary-6:matrics:none,Matrics,4,1,,,,,,,,,,,,,archive_pdf,final_premiership_placings,,
amnd-winter-2009-primary-6,woods-panthers,,archive:amnd-winter-2009:primary-6:woods-panthers:none,Woods Panthers,5,0,,,,,,,,,,,,,archive_pdf,final_premiership_placings,,
amnd-winter-2009-primary-6,metro-jets,,archive:amnd-winter-2009:primary-6:metro-jets:none,Western Jets,6,0,,,,,,,,,,,,,archive_pdf,final_premiership_placings,,
amnd-winter-2009-primary-7,oakdale-netball-club-sa,,archive:amnd-winter-2009:primary-7:oakdale-netball-club-sa:none,Oakdale,1,1,,,,,,,,,,,,,archive_pdf,final_premiership_placings,,
amnd-winter-2009-primary-7,garville,,archive:amnd-winter-2009:primary-7:garville:none,Garville,2,1,,,,,,,,,,,,,archive_pdf,final_premiership_placings,,
amnd-winter-2009-primary-7,norwood-netball-club,,archive:amnd-winter-2009:primary-7:norwood-netball-club:none,Newton Jaguars,3,1,,,,,,,,,,,,,archive_pdf,final_premiership_placings,,
amnd-winter-2009-primary-7,matrics,,archive:amnd-winter-2009:primary-7:matrics:none,Matrics,4,1,,,,,,,,,,,,,archive_pdf,final_premiership_placings,,
amnd-winter-2009-primary-7,woods-panthers,,archive:amnd-winter-2009:primary-7:woods-panthers:none,Woods Panthers,5,0,,,,,,,,,,,,,archive_pdf,final_premiership_placings,,
amnd-winter-2009-primary-7,adelaide-cougars,,archive:amnd-winter-2009:primary-7:adelaide-cougars:none,Adelaide Cougars,6,0,,,,,,,,,,,,,archive_pdf,final_premiership_placings,,
amnd-winter-2009-sub-junior-1,tango-netball-club-inc,1,archive:amnd-winter-2009:sub-junior-1:tango-netball-club-inc:1,Tango,1,1,,,,,,,,,,,,,archive_pdf,final_premiership_placings,,
amnd-winter-2009-sub-junior-1,contax,,archive:amnd-winter-2009:sub-junior-1:contax:none,Contax,2,1,,,,,,,,,,,,,archive_pdf,final_premiership_placings,,
amnd-winter-2009-sub-junior-1,tango-netball-club-inc,2,archive:amnd-winter-2009:sub-junior-1:tango-netball-club-inc:2,Tango,3,1,,,,,,,,,,,,,archive_pdf,final_premiership_placings,,
amnd-winter-2009-sub-junior-1,woods-panthers,,archive:amnd-winter-2009:sub-junior-1:woods-panthers:none,Woods Panthers,4,1,,,,,,,,,,,,,archive_pdf,final_premiership_placings,,
amnd-winter-2009-sub-junior-1,matrics,,archive:amnd-winter-2009:sub-junior-1:matrics:none,Matrics,5,0,,,,,,,,,,,,,archive_pdf,final_premiership_placings,,
amnd-winter-2009-sub-junior-1,adelaide-cougars,,archive:amnd-winter-2009:sub-junior-1:adelaide-cougars:none,Adelaide Cougars,6,0,,,,,,,,,,,,,archive_pdf,final_premiership_placings,,
amnd-winter-2009-sub-junior-1,harlequin,,archive:amnd-winter-2009:sub-junior-1:harlequin:none,Harlequin,7,0,,,,,,,,,,,,,archive_pdf,final_premiership_placings,,
amnd-winter-2009-sub-junior-1,garville,,archive:amnd-winter-2009:sub-junior-1:garville:none,Garville,8,0,,,,,,,,,,,,,archive_pdf,final_premiership_placings,,
amnd-winter-2009-sub-junior-2,contax,2,archive:amnd-winter-2009:sub-junior-2:contax:2,Contax,1,1,,,,,,,,,,,,,archive_pdf,final_premiership_placings,,
amnd-winter-2009-sub-junior-2,oakdale-netball-club-sa,,archive:amnd-winter-2009:sub-junior-2:oakdale-netball-club-sa:none,Oakdale,2,1,,,,,,,,,,,,,archive_pdf,final_premiership_placings,,
amnd-winter-2009-sub-junior-2,metro-jets,,archive:amnd-winter-2009:sub-junior-2:metro-jets:none,Western Jets,3,1,,,,,,,,,,,,,archive_pdf,final_premiership_placings,,
amnd-winter-2009-sub-junior-2,contax,1,archive:amnd-winter-2009:sub-junior-2:contax:1,Contax,4,1,,,,,,,,,,,,,archive_pdf,final_premiership_placings,,
amnd-winter-2009-sub-junior-2,woods-panthers,,archive:amnd-winter-2009:sub-junior-2:woods-panthers:none,Woods Panthers,5,0,,,,,,,,,,,,,archive_pdf,final_premiership_placings,,
amnd-winter-2009-sub-junior-2,norwood-netball-club,,archive:amnd-winter-2009:sub-junior-2:norwood-netball-club:none,Newton Jaguars,6,0,,,,,,,,,,,,,archive_pdf,final_premiership_placings,,
amnd-winter-2009-sub-junior-2,matrics,,archive:amnd-winter-2009:sub-junior-2:matrics:none,Matrics,7,0,,,,,,,,,,,,,archive_pdf,final_premiership_placings,,
amnd-winter-2009-sub-junior-2,adelaide-cougars,,archive:amnd-winter-2009:sub-junior-2:adelaide-cougars:none,Adelaide Cougars,8,0,,,,,,,,,,,,,archive_pdf,final_premiership_placings,,
amnd-winter-2009-sub-junior-3,woods-panthers,,archive:amnd-winter-2009:sub-junior-3:woods-panthers:none,Woods Panthers,1,1,,,,,,,,,,,,,archive_pdf,final_premiership_placings,,
amnd-winter-2009-sub-junior-3,metro-jets,,archive:amnd-winter-2009:sub-junior-3:metro-jets:none,Western Jets,2,1,,,,,,,,,,,,,archive_pdf,final_premiership_placings,,
amnd-winter-2009-sub-junior-3,tango-netball-club-inc,,archive:amnd-winter-2009:sub-junior-3:tango-netball-club-inc:none,Tango,3,1,,,,,,,,,,,,,archive_pdf,final_premiership_placings,,
amnd-winter-2009-sub-junior-3,harlequin,,archive:amnd-winter-2009:sub-junior-3:harlequin:none,Harlequin,4,1,,,,,,,,,,,,,archive_pdf,final_premiership_placings,,
amnd-winter-2009-sub-junior-3,garville,,archive:amnd-winter-2009:sub-junior-3:garville:none,Garville,5,0,,,,,,,,,,,,,archive_pdf,final_premiership_placings,,
amnd-winter-2009-sub-junior-3,contax,,archive:amnd-winter-2009:sub-junior-3:contax:none,Contax,6,0,,,,,,,,,,,,,archive_pdf,final_premiership_placings,,
amnd-winter-2009-sub-junior-3,matrics,,archive:amnd-winter-2009:sub-junior-3:matrics:none,Matrics,7,0,,,,,,,,,,,,,archive_pdf,final_premiership_placings,,
amnd-winter-2009-sub-junior-3,adelaide-cougars,,archive:amnd-winter-2009:sub-junior-3:adelaide-cougars:none,Adelaide Cougars,8,0,,,,,,,,,,,,,archive_pdf,final_premiership_placings,,
amnd-winter-2009-sub-junior-4,metro-jets,,archive:amnd-winter-2009:sub-junior-4:metro-jets:none,Western Jets,1,1,,,,,,,,,,,,,archive_pdf,final_premiership_placings,,
amnd-winter-2009-sub-junior-4,tango-netball-club-inc,,archive:amnd-winter-2009:sub-junior-4:tango-netball-club-inc:none,Tango,2,1,,,,,,,,,,,,,archive_pdf,final_premiership_placings,,
amnd-winter-2009-sub-junior-4,woods-panthers,,archive:amnd-winter-2009:sub-junior-4:woods-panthers:none,Woods Panthers,3,1,,,,,,,,,,,,,archive_pdf,final_premiership_placings,,
amnd-winter-2009-sub-junior-4,cheerio-netball-club,,archive:amnd-winter-2009:sub-junior-4:cheerio-netball-club:none,Cheerio,4,1,,,,,,,,,,,,,archive_pdf,final_premiership_placings,,
amnd-winter-2009-sub-junior-4,oakdale-netball-club-sa,,archive:amnd-winter-2009:sub-junior-4:oakdale-netball-club-sa:none,Oakdale,5,0,,,,,,,,,,,,,archive_pdf,final_premiership_placings,,
amnd-winter-2009-sub-junior-4,northeast-zodiac,,archive:amnd-winter-2009:sub-junior-4:northeast-zodiac:none,Northeast Zodiacs,6,0,,,,,,,,,,,,,archive_pdf,final_premiership_placings,,
amnd-winter-2009-sub-junior-4,matrics,,archive:amnd-winter-2009:sub-junior-4:matrics:none,Matrics,7,0,,,,,,,,,,,,,archive_pdf,final_premiership_placings,,
amnd-winter-2009-sub-junior-4,norwood-netball-club,,archive:amnd-winter-2009:sub-junior-4:norwood-netball-club:none,Newton Jaguars,8,0,,,,,,,,,,,,,archive_pdf,final_premiership_placings,,
amnd-winter-2009-sub-junior-5,semaphore,,archive:amnd-winter-2009:sub-junior-5:semaphore:none,Semaphore,1,1,,,,,,,,,,,,,archive_pdf,final_premiership_placings,,
amnd-winter-2009-sub-junior-5,woods-panthers,1,archive:amnd-winter-2009:sub-junior-5:woods-panthers:1,Woods Panthers,2,1,,,,,,,,,,,,,archive_pdf,final_premiership_placings,,
amnd-winter-2009-sub-junior-5,garville,,archive:amnd-winter-2009:sub-junior-5:garville:none,Garville,3,1,,,,,,,,,,,,,archive_pdf,final_premiership_placings,,
amnd-winter-2009-sub-junior-5,woods-panthers,2,archive:amnd-winter-2009:sub-junior-5:woods-panthers:2,Woods Panthers,4,1,,,,,,,,,,,,,archive_pdf,final_premiership_placings,,
amnd-winter-2009-sub-junior-5,norwood-netball-club,1,archive:amnd-winter-2009:sub-junior-5:norwood-netball-club:1,Newton Jaguars,5,0,,,,,,,,,,,,,archive_pdf,final_premiership_placings,,
amnd-winter-2009-sub-junior-5,harlequin,,archive:amnd-winter-2009:sub-junior-5:harlequin:none,Harlequin,6,0,,,,,,,,,,,,,archive_pdf,final_premiership_placings,,
amnd-winter-2009-sub-junior-5,oakdale-netball-club-sa,,archive:amnd-winter-2009:sub-junior-5:oakdale-netball-club-sa:none,Oakdale,7,0,,,,,,,,,,,,,archive_pdf,final_premiership_placings,,
amnd-winter-2009-sub-junior-5,norwood-netball-club,2,archive:amnd-winter-2009:sub-junior-5:norwood-netball-club:2,Newton Jaguars,8,0,,,,,,,,,,,,,archive_pdf,final_premiership_placings,,
amnd-winter-2009-sub-junior-6,cheerio-netball-club,,archive:amnd-winter-2009:sub-junior-6:cheerio-netball-club:none,Cheerio,1,1,,,,,,,,,,,,,archive_pdf,final_premiership_placings,,
amnd-winter-2009-sub-junior-6,contax,,archive:amnd-winter-2009:sub-junior-6:contax:none,Contax,2,1,,,,,,,,,,,,,archive_pdf,final_premiership_placings,,
amnd-winter-2009-sub-junior-6,metro-jets,1,archive:amnd-winter-2009:sub-junior-6:metro-jets:1,Western Jets,3,1,,,,,,,,,,,,,archive_pdf,final_premiership_placings,,
amnd-winter-2009-sub-junior-6,matrics,,archive:amnd-winter-2009:sub-junior-6:matrics:none,Matrics,4,1,,,,,,,,,,,,,archive_pdf,final_premiership_placings,,
amnd-winter-2009-sub-junior-6,metro-jets,2,archive:amnd-winter-2009:sub-junior-6:metro-jets:2,Western Jets,5,0,,,,,,,,,,,,,archive_pdf,final_premiership_placings,,
amnd-winter-2009-sub-junior-6,tango-netball-club-inc,,archive:amnd-winter-2009:sub-junior-6:tango-netball-club-inc:none,Tango,6,0,,,,,,,,,,,,,archive_pdf,final_premiership_placings,,
amnd-winter-2009-sub-junior-6,adelaide-cougars,,archive:amnd-winter-2009:sub-junior-6:adelaide-cougars:none,Adelaide Cougars,7,0,,,,,,,,,,,,,archive_pdf,final_premiership_placings,,
amnd-winter-2009-sub-junior-6,woods-panthers,,archive:amnd-winter-2009:sub-junior-6:woods-panthers:none,Woods Panthers,8,0,,,,,,,,,,,,,archive_pdf,final_premiership_placings,,
amnd-winter-2009-sub-junior-7,metro-jets,,archive:amnd-winter-2009:sub-junior-7:metro-jets:none,Western Jets,1,1,,,,,,,,,,,,,archive_pdf,final_premiership_placings,,
amnd-winter-2009-sub-junior-7,adelaide-cougars,,archive:amnd-winter-2009:sub-junior-7:adelaide-cougars:none,Adelaide Cougars,2,1,,,,,,,,,,,,,archive_pdf,final_premiership_placings,,
amnd-winter-2009-sub-junior-7,cheerio-netball-club,,archive:amnd-winter-2009:sub-junior-7:cheerio-netball-club:none,Cheerio,3,1,,,,,,,,,,,,,archive_pdf,final_premiership_placings,,
amnd-winter-2009-sub-junior-7,garville,1,archive:amnd-winter-2009:sub-junior-7:garville:1,Garville,4,1,,,,,,,,,,,,,archive_pdf,final_premiership_placings,,
amnd-winter-2009-sub-junior-7,matrics,,archive:amnd-winter-2009:sub-junior-7:matrics:none,Matrics,5,0,,,,,,,,,,,,,archive_pdf,final_premiership_placings,,
amnd-winter-2009-sub-junior-7,garville,2,archive:amnd-winter-2009:sub-junior-7:garville:2,Garville,6,0,,,,,,,,,,,,,archive_pdf,final_premiership_placings,,
amnd-winter-2010-a-grade,sacred-heart-o-c,,archive:amnd-winter-2010:a-grade:sacred-heart-o-c:none,Sacred Heart O.C.,1,1,,,,,,,,,,,,,archive_pdf,final_premiership_placings,,
amnd-winter-2010-a-grade,contax,,archive:amnd-winter-2010:a-grade:contax:none,Contax,2,1,,,,,,,,,,,,,archive_pdf,final_premiership_placings,,
amnd-winter-2010-a-grade,fielders-flames,,archive:amnd-winter-2010:a-grade:fielders-flames:none,Flames,3,1,,,,,,,,,,,,,archive_pdf,final_premiership_placings,,
amnd-winter-2010-a-grade,adelaide-wildcats,,archive:amnd-winter-2010:a-grade:adelaide-wildcats:none,Adelaide Wildcats,4,1,,,,,,,,,,,,,archive_pdf,final_premiership_placings,,
amnd-winter-2010-a-grade,woods-panthers,,archive:amnd-winter-2010:a-grade:woods-panthers:none,Woods Panthers,5,0,,,,,,,,,,,,,archive_pdf,final_premiership_placings,,
amnd-winter-2010-a-grade,cheerio-netball-club,,archive:amnd-winter-2010:a-grade:cheerio-netball-club:none,Cheerio,6,0,,,,,,,,,,,,,archive_pdf,final_premiership_placings,,
amnd-winter-2010-a-grade,oakdale-netball-club-sa,,archive:amnd-winter-2010:a-grade:oakdale-netball-club-sa:none,Oakdale,7,0,,,,,,,,,,,,,archive_pdf,final_premiership_placings,,
amnd-winter-2010-a-grade,harlequin,,archive:amnd-winter-2010:a-grade:harlequin:none,Harlequin,8,0,,,,,,,,,,,,,archive_pdf,final_premiership_placings,,
amnd-winter-2010-a-grade,norwood-netball-club,,archive:amnd-winter-2010:a-grade:norwood-netball-club:none,Newton Jaguars,9,0,,,,,,,,,,,,,archive_pdf,final_premiership_placings,,
amnd-winter-2010-a-grade,garville,,archive:amnd-winter-2010:a-grade:garville:none,Garville,10,0,,,,,,,,,,,,,archive_pdf,final_premiership_placings,,
amnd-winter-2010-amnd-league,cheerio-netball-club,,archive:amnd-winter-2010:amnd-league:cheerio-netball-club:none,Cheerio,1,1,,,,,,,,,,,,,archive_pdf,final_premiership_placings,,
amnd-winter-2010-amnd-league,contax,,archive:amnd-winter-2010:amnd-league:contax:none,Contax,2,1,,,,,,,,,,,,,archive_pdf,final_premiership_placings,,
amnd-winter-2010-amnd-league,adelaide-wildcats,,archive:amnd-winter-2010:amnd-league:adelaide-wildcats:none,Adelaide Wildcats,3,1,,,,,,,,,,,,,archive_pdf,final_premiership_placings,,
amnd-winter-2010-amnd-league,woods-panthers,,archive:amnd-winter-2010:amnd-league:woods-panthers:none,Woods Panthers,4,1,,,,,,,,,,,,,archive_pdf,final_premiership_placings,,
amnd-winter-2010-amnd-league,norwood-netball-club,,archive:amnd-winter-2010:amnd-league:norwood-netball-club:none,Newton Jaguars,5,0,,,,,,,,,,,,,archive_pdf,final_premiership_placings,,
amnd-winter-2010-amnd-league,oakdale-netball-club-sa,,archive:amnd-winter-2010:amnd-league:oakdale-netball-club-sa:none,Oakdale,6,0,,,,,,,,,,,,,archive_pdf,final_premiership_placings,,
amnd-winter-2010-amnd-league,matrics,,archive:amnd-winter-2010:amnd-league:matrics:none,Matrics,7,0,,,,,,,,,,,,,archive_pdf,final_premiership_placings,,
amnd-winter-2010-amnd-league,adelaide-cougars,,archive:amnd-winter-2010:amnd-league:adelaide-cougars:none,Adelaide Cougars,8,0,,,,,,,,,,,,,archive_pdf,final_premiership_placings,,
amnd-winter-2010-amnd-league,garville,,archive:amnd-winter-2010:amnd-league:garville:none,Garville,9,0,,,,,,,,,,,,,archive_pdf,final_premiership_placings,,
amnd-winter-2010-amnd-league,harlequin,,archive:amnd-winter-2010:amnd-league:harlequin:none,Harlequin,10,0,,,,,,,,,,,,,archive_pdf,final_premiership_placings,,
amnd-winter-2010-b-1,city-coasters,,archive:amnd-winter-2010:b-1:city-coasters:none,City Coasters,1,1,,,,,,,,,,,,,archive_pdf,final_premiership_placings,,
amnd-winter-2010-b-1,adelaide-swish,,archive:amnd-winter-2010:b-1:adelaide-swish:none,Adelaide Swish,2,1,,,,,,,,,,,,,archive_pdf,final_premiership_placings,,
amnd-winter-2010-b-1,contax,,archive:amnd-winter-2010:b-1:contax:none,Contax,3,1,,,,,,,,,,,,,archive_pdf,final_premiership_placings,,
amnd-winter-2010-b-1,metro-jets,,archive:amnd-winter-2010:b-1:metro-jets:none,Western Jets,4,1,,,,,,,,,,,,,archive_pdf,final_premiership_placings,,
amnd-winter-2010-b-1,adelaide-wildcats,,archive:amnd-winter-2010:b-1:adelaide-wildcats:none,Adelaide Wildcats,5,0,,,,,,,,,,,,,archive_pdf,final_premiership_placings,,
amnd-winter-2010-b-1,adelaide-cougars,,archive:amnd-winter-2010:b-1:adelaide-cougars:none,Adelaide Cougars,6,0,,,,,,,,,,,,,archive_pdf,final_premiership_placings,,
amnd-winter-2010-b-1,adelaide-university,,archive:amnd-winter-2010:b-1:adelaide-university:none,Adelaide University,7,0,,,,,,,,,,,,,archive_pdf,final_premiership_placings,,
amnd-winter-2010-b-1,cheerio-netball-club,,archive:amnd-winter-2010:b-1:cheerio-netball-club:none,Cheerio,8,0,,,,,,,,,,,,,archive_pdf,final_premiership_placings,,
amnd-winter-2010-b-1,scotch-old-scholars,,archive:amnd-winter-2010:b-1:scotch-old-scholars:none,Scotch O.S.,9,0,,,,,,,,,,,,,archive_pdf,final_premiership_placings,,
amnd-winter-2010-b-1,tango-netball-club-inc,,archive:amnd-winter-2010:b-1:tango-netball-club-inc:none,Tango,10,0,,,,,,,,,,,,,archive_pdf,final_premiership_placings,,
amnd-winter-2010-b-2,contax,,archive:amnd-winter-2010:b-2:contax:none,Contax,1,1,,,,,,,,,,,,,archive_pdf,final_premiership_placings,,
amnd-winter-2010-b-2,pembroke-o-s,,archive:amnd-winter-2010:b-2:pembroke-o-s:none,Pembroke O.S.,2,1,,,,,,,,,,,,,archive_pdf,final_premiership_placings,,
amnd-winter-2010-b-2,oakdale-netball-club-sa,,archive:amnd-winter-2010:b-2:oakdale-netball-club-sa:none,Oakdale,3,1,,,,,,,,,,,,,archive_pdf,final_premiership_placings,,
amnd-winter-2010-b-2,woods-panthers,,archive:amnd-winter-2010:b-2:woods-panthers:none,Woods Panthers,4,1,,,,,,,,,,,,,archive_pdf,final_premiership_placings,,
amnd-winter-2010-b-2,semaphore,,archive:amnd-winter-2010:b-2:semaphore:none,Semaphore,5,0,,,,,,,,,,,,,archive_pdf,final_premiership_placings,,
amnd-winter-2010-b-2,matrics,,archive:amnd-winter-2010:b-2:matrics:none,Matrics,6,0,,,,,,,,,,,,,archive_pdf,final_premiership_placings,,
amnd-winter-2010-b-2,adelaide-university,,archive:amnd-winter-2010:b-2:adelaide-university:none,Adelaide University,7,0,,,,,,,,,,,,,archive_pdf,final_premiership_placings,,
amnd-winter-2010-b-2,norwood-netball-club,,archive:amnd-winter-2010:b-2:norwood-netball-club:none,Newton Jaguars,8,0,,,,,,,,,,,,,archive_pdf,final_premiership_placings,,
amnd-winter-2010-b-2,harlequin,,archive:amnd-winter-2010:b-2:harlequin:none,Harlequin,9,0,,,,,,,,,,,,,archive_pdf,final_premiership_placings,,
amnd-winter-2010-b-2,tango-netball-club-inc,,archive:amnd-winter-2010:b-2:tango-netball-club-inc:none,Tango,10,0,,,,,,,,,,,,,archive_pdf,final_premiership_placings,,
amnd-winter-2010-b-3,heatwave,,archive:amnd-winter-2010:b-3:heatwave:none,Heatwave,1,1,,,,,,,,,,,,,archive_pdf,final_premiership_placings,,
amnd-winter-2010-b-3,city-coasters,,archive:amnd-winter-2010:b-3:city-coasters:none,City Coasters,2,1,,,,,,,,,,,,,archive_pdf,final_premiership_placings,,
amnd-winter-2010-b-3,flinders-university,,archive:amnd-winter-2010:b-3:flinders-university:none,Flinders University,3,1,,,,,,,,,,,,,archive_pdf,final_premiership_placings,,
amnd-winter-2010-b-3,seymour-o-c,,archive:amnd-winter-2010:b-3:seymour-o-c:none,Seymour O.C.,4,1,,,,,,,,,,,,,archive_pdf,final_premiership_placings,,
amnd-winter-2010-b-3,cheerio-netball-club,,archive:amnd-winter-2010:b-3:cheerio-netball-club:none,Cheerio,5,0,,,,,,,,,,,,,archive_pdf,final_premiership_placings,,
amnd-winter-2010-b-3,adelaide-wildcats,,archive:amnd-winter-2010:b-3:adelaide-wildcats:none,Adelaide Wildcats,6,0,,,,,,,,,,,,,archive_pdf,final_premiership_placings,,
amnd-winter-2010-b-3,contax,,archive:amnd-winter-2010:b-3:contax:none,Contax,7,0,,,,,,,,,,,,,archive_pdf,final_premiership_placings,,
amnd-winter-2010-b-3,adelaide-cougars,,archive:amnd-winter-2010:b-3:adelaide-cougars:none,Adelaide Cougars,8,0,,,,,,,,,,,,,archive_pdf,final_premiership_placings,,
amnd-winter-2010-b-3,adelaide-university,,archive:amnd-winter-2010:b-3:adelaide-university:none,Adelaide University,9,0,,,,,,,,,,,,,archive_pdf,final_premiership_placings,,
amnd-winter-2010-b-3,garville,,archive:amnd-winter-2010:b-3:garville:none,Garville,10,0,,,,,,,,,,,,,archive_pdf,final_premiership_placings,,
amnd-winter-2010-b-4,contax,,archive:amnd-winter-2010:b-4:contax:none,Contax,1,1,,,,,,,,,,,,,archive_pdf,final_premiership_placings,,
amnd-winter-2010-b-4,adelaide-swish,,archive:amnd-winter-2010:b-4:adelaide-swish:none,Adelaide Swish,2,1,,,,,,,,,,,,,archive_pdf,final_premiership_placings,,
amnd-winter-2010-b-4,sacred-heart-o-c,,archive:amnd-winter-2010:b-4:sacred-heart-o-c:none,Sacred Heart O.C.,3,1,,,,,,,,,,,,,archive_pdf,final_premiership_placings,,
amnd-winter-2010-b-4,flinders-university,,archive:amnd-winter-2010:b-4:flinders-university:none,Flinders University,4,1,,,,,,,,,,,,,archive_pdf,final_premiership_placings,,
amnd-winter-2010-b-4,city-coasters,,archive:amnd-winter-2010:b-4:city-coasters:none,City Coasters,5,0,,,,,,,,,,,,,archive_pdf,final_premiership_placings,,
amnd-winter-2010-b-4,adelaide-university,,archive:amnd-winter-2010:b-4:adelaide-university:none,Adelaide University,6,0,,,,,,,,,,,,,archive_pdf,final_premiership_placings,,
amnd-winter-2010-b-4,matrics,,archive:amnd-winter-2010:b-4:matrics:none,Matrics,7,0,,,,,,,,,,,,,archive_pdf,final_premiership_placings,,
amnd-winter-2010-b-4,westminster-o-s,,archive:amnd-winter-2010:b-4:westminster-o-s:none,Westminster O.S.,8,0,,,,,,,,,,,,,archive_pdf,final_premiership_placings,,
amnd-winter-2010-b-4,adelaide-cougars,,archive:amnd-winter-2010:b-4:adelaide-cougars:none,Adelaide Cougars,9,0,,,,,,,,,,,,,archive_pdf,final_premiership_placings,,
amnd-winter-2010-b-4,oakdale-netball-club-sa,,archive:amnd-winter-2010:b-4:oakdale-netball-club-sa:none,Oakdale,10,0,,,,,,,,,,,,,archive_pdf,final_premiership_placings,,
amnd-winter-2010-b-5,woods-panthers,,archive:amnd-winter-2010:b-5:woods-panthers:none,Woods Panthers,1,1,,,,,,,,,,,,,archive_pdf,final_premiership_placings,,
amnd-winter-2010-b-5,adelaide-wildcats,,archive:amnd-winter-2010:b-5:adelaide-wildcats:none,Adelaide Wildcats,2,1,,,,,,,,,,,,,archive_pdf,final_premiership_placings,,
amnd-winter-2010-b-5,cheerio-netball-club,,archive:amnd-winter-2010:b-5:cheerio-netball-club:none,Cheerio,3,1,,,,,,,,,,,,,archive_pdf,final_premiership_placings,,
amnd-winter-2010-b-5,contax,,archive:amnd-winter-2010:b-5:contax:none,Contax,4,1,,,,,,,,,,,,,archive_pdf,final_premiership_placings,,
amnd-winter-2010-b-5,old-ignatians,,archive:amnd-winter-2010:b-5:old-ignatians:none,Old Ignatians,5,0,,,,,,,,,,,,,archive_pdf,final_premiership_placings,,
amnd-winter-2010-b-5,flinders-university,,archive:amnd-winter-2010:b-5:flinders-university:none,Flinders University,6,0,,,,,,,,,,,,,archive_pdf,final_premiership_placings,,
amnd-winter-2010-b-5,metro-jets,,archive:amnd-winter-2010:b-5:metro-jets:none,Western Jets,7,0,,,,,,,,,,,,,archive_pdf,final_premiership_placings,,
amnd-winter-2010-b-5,adelaide-university,,archive:amnd-winter-2010:b-5:adelaide-university:none,Adelaide University,8,0,,,,,,,,,,,,,archive_pdf,final_premiership_placings,,
amnd-winter-2010-b-5,garville,,archive:amnd-winter-2010:b-5:garville:none,Garville,9,0,,,,,,,,,,,,,archive_pdf,final_premiership_placings,,
amnd-winter-2010-b-5,harlequin,,archive:amnd-winter-2010:b-5:harlequin:none,Harlequin,10,0,,,,,,,,,,,,,archive_pdf,final_premiership_placings,,
amnd-winter-2010-c-1,immanuel-doves,,archive:amnd-winter-2010:c-1:immanuel-doves:none,Immanuel Doves,1,1,,,,,,,,,,,,,archive_pdf,final_premiership_placings,,
amnd-winter-2010-c-1,cheerio-netball-club,,archive:amnd-winter-2010:c-1:cheerio-netball-club:none,Cheerio,2,1,,,,,,,,,,,,,archive_pdf,final_premiership_placings,,
amnd-winter-2010-c-1,walkerville,,archive:amnd-winter-2010:c-1:walkerville:none,Walkerville Cats,3,1,,,,,,,,,,,,,archive_pdf,final_premiership_placings,,
amnd-winter-2010-c-1,norwood-netball-club,,archive:amnd-winter-2010:c-1:norwood-netball-club:none,Newton Jaguars,4,1,,,,,,,,,,,,,archive_pdf,final_premiership_placings,,
amnd-winter-2010-c-1,pembroke-o-s,,archive:amnd-winter-2010:c-1:pembroke-o-s:none,Pembroke O.S.,5,0,,,,,,,,,,,,,archive_pdf,final_premiership_placings,,
amnd-winter-2010-c-1,adelaide-cougars,,archive:amnd-winter-2010:c-1:adelaide-cougars:none,Adelaide Cougars,6,0,,,,,,,,,,,,,archive_pdf,final_premiership_placings,,
amnd-winter-2010-c-1,adelaide-wildcats,,archive:amnd-winter-2010:c-1:adelaide-wildcats:none,Adelaide Wildcats,7,0,,,,,,,,,,,,,archive_pdf,final_premiership_placings,,
amnd-winter-2010-c-1,semaphore,,archive:amnd-winter-2010:c-1:semaphore:none,Semaphore,8,0,,,,,,,,,,,,,archive_pdf,final_premiership_placings,,
amnd-winter-2010-c-1,city-coasters,,archive:amnd-winter-2010:c-1:city-coasters:none,City Coasters,9,0,,,,,,,,,,,,,archive_pdf,final_premiership_placings,,
amnd-winter-2010-c-1,adelaide-university,,archive:amnd-winter-2010:c-1:adelaide-university:none,Adelaide University,10,0,,,,,,,,,,,,,archive_pdf,final_premiership_placings,,
amnd-winter-2010-c-2,semaphore,,archive:amnd-winter-2010:c-2:semaphore:none,Semaphore,1,1,,,,,,,,,,,,,archive_pdf,final_premiership_placings,,
amnd-winter-2010-c-2,city-coasters,,archive:amnd-winter-2010:c-2:city-coasters:none,City Coasters,2,1,,,,,,,,,,,,,archive_pdf,final_premiership_placings,,
amnd-winter-2010-c-2,flinders-university,,archive:amnd-winter-2010:c-2:flinders-university:none,Flinders University,3,1,,,,,,,,,,,,,archive_pdf,final_premiership_placings,,
amnd-winter-2010-c-2,cheerio-netball-club,,archive:amnd-winter-2010:c-2:cheerio-netball-club:none,Cheerio,4,1,,,,,,,,,,,,,archive_pdf,final_premiership_placings,,
amnd-winter-2010-c-2,norwood-netball-club,,archive:amnd-winter-2010:c-2:norwood-netball-club:none,Newton Jaguars,5,0,,,,,,,,,,,,,archive_pdf,final_premiership_placings,,
amnd-winter-2010-c-2,sacred-heart-o-c,,archive:amnd-winter-2010:c-2:sacred-heart-o-c:none,Sacred Heart O.C.,6,0,,,,,,,,,,,,,archive_pdf,final_premiership_placings,,
amnd-winter-2010-c-2,pembroke-o-s,,archive:amnd-winter-2010:c-2:pembroke-o-s:none,Pembroke O.S.,7,0,,,,,,,,,,,,,archive_pdf,final_premiership_placings,,
amnd-winter-2010-c-2,westminster-o-s,,archive:amnd-winter-2010:c-2:westminster-o-s:none,Westminster O.S.,8,0,,,,,,,,,,,,,archive_pdf,final_premiership_placings,,
amnd-winter-2010-c-2,old-ignatians,,archive:amnd-winter-2010:c-2:old-ignatians:none,Old Ignatians,9,0,,,,,,,,,,,,,archive_pdf,final_premiership_placings,,
amnd-winter-2010-c-2,woods-panthers,,archive:amnd-winter-2010:c-2:woods-panthers:none,Woods Panthers,10,0,,,,,,,,,,,,,archive_pdf,final_premiership_placings,,
amnd-winter-2010-c-3,pembroke-o-s,,archive:amnd-winter-2010:c-3:pembroke-o-s:none,Pembroke O.S.,1,1,,,,,,,,,,,,,archive_pdf,final_premiership_placings,,
amnd-winter-2010-c-3,cheerio-netball-club,,archive:amnd-winter-2010:c-3:cheerio-netball-club:none,Cheerio,2,1,,,,,,,,,,,,,archive_pdf,final_premiership_placings,,
amnd-winter-2010-c-3,adelaide-university,1,archive:amnd-winter-2010:c-3:adelaide-university:1,Adelaide Uni.,3,1,,,,,,,,,,,,,archive_pdf,final_premiership_placings,,
amnd-winter-2010-c-3,metro-jets,,archive:amnd-winter-2010:c-3:metro-jets:none,Western Jets,4,1,,,,,,,,,,,,,archive_pdf,final_premiership_placings,,
amnd-winter-2010-c-3,flinders-university,,archive:amnd-winter-2010:c-3:flinders-university:none,Flinders University,5,0,,,,,,,,,,,,,archive_pdf,final_premiership_placings,,
amnd-winter-2010-c-3,adelaide-university,2,archive:amnd-winter-2010:c-3:adelaide-university:2,Adelaide Uni.,6,0,,,,,,,,,,,,,archive_pdf,final_premiership_placings,,
amnd-winter-2010-c-4,adelaide-wildcats,,archive:amnd-winter-2010:c-4:adelaide-wildcats:none,Adelaide Wildcats,1,1,,,,,,,,,,,,,archive_pdf,final_premiership_placings,,
amnd-winter-2010-c-4,city-coasters,,archive:amnd-winter-2010:c-4:city-coasters:none,City Coasters,2,1,,,,,,,,,,,,,archive_pdf,final_premiership_placings,,
amnd-winter-2010-c-4,adelaide-university,,archive:amnd-winter-2010:c-4:adelaide-university:none,Adelaide University,3,1,,,,,,,,,,,,,archive_pdf,final_premiership_placings,,
amnd-winter-2010-c-4,walkerville,,archive:amnd-winter-2010:c-4:walkerville:none,Walkerville Cats,4,1,,,,,,,,,,,,,archive_pdf,final_premiership_placings,,
amnd-winter-2010-c-4,old-ignatians,,archive:amnd-winter-2010:c-4:old-ignatians:none,Old Ignatians,5,0,,,,,,,,,,,,,archive_pdf,final_premiership_placings,,
amnd-winter-2010-c-5,woods-panthers,,archive:amnd-winter-2010:c-5:woods-panthers:none,Woods Panthers,1,1,,,,,,,,,,,,,archive_pdf,final_premiership_placings,,
amnd-winter-2010-c-5,norwood-netball-club,,archive:amnd-winter-2010:c-5:norwood-netball-club:none,Newton Jaguars,2,1,,,,,,,,,,,,,archive_pdf,final_premiership_placings,,
amnd-winter-2010-c-5,matrics,,archive:amnd-winter-2010:c-5:matrics:none,Matrics,3,1,,,,,,,,,,,,,archive_pdf,final_premiership_placings,,
amnd-winter-2010-c-5,harlequin,,archive:amnd-winter-2010:c-5:harlequin:none,Harlequin,4,1,,,,,,,,,,,,,archive_pdf,final_premiership_placings,,
amnd-winter-2010-c-5,contax,,archive:amnd-winter-2010:c-5:contax:none,Contax,5,0,,,,,,,,,,,,,archive_pdf,final_premiership_placings,,
amnd-winter-2010-inter-1,contax,1,archive:amnd-winter-2010:inter-1:contax:1,Contax,1,1,,,,,,,,,,,,,archive_pdf,final_premiership_placings,,
amnd-winter-2010-inter-1,adelaide-cougars,,archive:amnd-winter-2010:inter-1:adelaide-cougars:none,Adelaide Cougars,2,1,,,,,,,,,,,,,archive_pdf,final_premiership_placings,,
amnd-winter-2010-inter-1,woods-panthers,,archive:amnd-winter-2010:inter-1:woods-panthers:none,Woods Panthers,3,1,,,,,,,,,,,,,archive_pdf,final_premiership_placings,,
amnd-winter-2010-inter-1,matrics,,archive:amnd-winter-2010:inter-1:matrics:none,Matrics,4,1,,,,,,,,,,,,,archive_pdf,final_premiership_placings,,
amnd-winter-2010-inter-1,tango-netball-club-inc,,archive:amnd-winter-2010:inter-1:tango-netball-club-inc:none,Tango,5,0,,,,,,,,,,,,,archive_pdf,final_premiership_placings,,
amnd-winter-2010-inter-1,contax,2,archive:amnd-winter-2010:inter-1:contax:2,Contax,6,0,,,,,,,,,,,,,archive_pdf,final_premiership_placings,,
amnd-winter-2010-inter-1,norwood-netball-club,,archive:amnd-winter-2010:inter-1:norwood-netball-club:none,Newton Jaguars,7,0,,,,,,,,,,,,,archive_pdf,final_premiership_placings,,
amnd-winter-2010-inter-1,harlequin,,archive:amnd-winter-2010:inter-1:harlequin:none,Harlequin,8,0,,,,,,,,,,,,,archive_pdf,final_premiership_placings,,
amnd-winter-2010-inter-1,garville,,archive:amnd-winter-2010:inter-1:garville:none,Garville,9,0,,,,,,,,,,,,,archive_pdf,final_premiership_placings,,
amnd-winter-2010-inter-1,oakdale-netball-club-sa,,archive:amnd-winter-2010:inter-1:oakdale-netball-club-sa:none,Oakdale,10,0,,,,,,,,,,,,,archive_pdf,final_premiership_placings,,
amnd-winter-2010-inter-2,woods-panthers,1,archive:amnd-winter-2010:inter-2:woods-panthers:1,Woods Panthers,1,1,,,,,,,,,,,,,archive_pdf,final_premiership_placings,,
amnd-winter-2010-inter-2,adelaide-wildcats,,archive:amnd-winter-2010:inter-2:adelaide-wildcats:none,Adelaide Wildcats,2,1,,,,,,,,,,,,,archive_pdf,final_premiership_placings,,
amnd-winter-2010-inter-2,adelaide-cougars,,archive:amnd-winter-2010:inter-2:adelaide-cougars:none,Adelaide Cougars,3,1,,,,,,,,,,,,,archive_pdf,final_premiership_placings,,
amnd-winter-2010-inter-2,tango-netball-club-inc,,archive:amnd-winter-2010:inter-2:tango-netball-club-inc:none,Tango,4,1,,,,,,,,,,,,,archive_pdf,final_premiership_placings,,
amnd-winter-2010-inter-2,contax,,archive:amnd-winter-2010:inter-2:contax:none,Contax,5,0,,,,,,,,,,,,,archive_pdf,final_premiership_placings,,
amnd-winter-2010-inter-2,garville,1,archive:amnd-winter-2010:inter-2:garville:1,Garville,6,0,,,,,,,,,,,,,archive_pdf,final_premiership_placings,,
amnd-winter-2010-inter-2,garville,2,archive:amnd-winter-2010:inter-2:garville:2,Garville,7,0,,,,,,,,,,,,,archive_pdf,final_premiership_placings,,
amnd-winter-2010-inter-2,oakdale-netball-club-sa,,archive:amnd-winter-2010:inter-2:oakdale-netball-club-sa:none,Oakdale,8,0,,,,,,,,,,,,,archive_pdf,final_premiership_placings,,
amnd-winter-2010-inter-2,metro-jets,,archive:amnd-winter-2010:inter-2:metro-jets:none,Western Jets,9,0,,,,,,,,,,,,,archive_pdf,final_premiership_placings,,
amnd-winter-2010-inter-2,woods-panthers,2,archive:amnd-winter-2010:inter-2:woods-panthers:2,Woods Panthers,10,0,,,,,,,,,,,,,archive_pdf,final_premiership_placings,,
amnd-winter-2010-inter-3,matrics,1,archive:amnd-winter-2010:inter-3:matrics:1,Matrics,1,1,,,,,,,,,,,,,archive_pdf,final_premiership_placings,,
amnd-winter-2010-inter-3,norwood-netball-club,,archive:amnd-winter-2010:inter-3:norwood-netball-club:none,Newton Jaguars,2,1,,,,,,,,,,,,,archive_pdf,final_premiership_placings,,
amnd-winter-2010-inter-3,contax,,archive:amnd-winter-2010:inter-3:contax:none,Contax,3,1,,,,,,,,,,,,,archive_pdf,final_premiership_placings,,
amnd-winter-2010-inter-3,cheerio-netball-club,1,archive:amnd-winter-2010:inter-3:cheerio-netball-club:1,Cheerio,4,1,,,,,,,,,,,,,archive_pdf,final_premiership_placings,,
amnd-winter-2010-inter-3,oakdale-netball-club-sa,,archive:amnd-winter-2010:inter-3:oakdale-netball-club-sa:none,Oakdale,5,0,,,,,,,,,,,,,archive_pdf,final_premiership_placings,,
amnd-winter-2010-inter-3,adelaide-cougars,,archive:amnd-winter-2010:inter-3:adelaide-cougars:none,Adelaide Cougars,6,0,,,,,,,,,,,,,archive_pdf,final_premiership_placings,,
amnd-winter-2010-inter-3,harlequin,,archive:amnd-winter-2010:inter-3:harlequin:none,Harlequin,7,0,,,,,,,,,,,,,archive_pdf,final_premiership_placings,,
amnd-winter-2010-inter-3,matrics,2,archive:amnd-winter-2010:inter-3:matrics:2,Matrics,8,0,,,,,,,,,,,,,archive_pdf,final_premiership_placings,,
amnd-winter-2010-inter-3,cheerio-netball-club,2,archive:amnd-winter-2010:inter-3:cheerio-netball-club:2,Cheerio,9,0,,,,,,,,,,,,,archive_pdf,final_premiership_placings,,
amnd-winter-2010-inter-3,garville,,archive:amnd-winter-2010:inter-3:garville:none,Garville,10,0,,,,,,,,,,,,,archive_pdf,final_premiership_placings,,
amnd-winter-2010-inter-4,woods-panthers,,archive:amnd-winter-2010:inter-4:woods-panthers:none,Woods Panthers,1,1,,,,,,,,,,,,,archive_pdf,final_premiership_placings,,
amnd-winter-2010-inter-4,tango-netball-club-inc,,archive:amnd-winter-2010:inter-4:tango-netball-club-inc:none,Tango,2,1,,,,,,,,,,,,,archive_pdf,final_premiership_placings,,
amnd-winter-2010-inter-4,norwood-netball-club,,archive:amnd-winter-2010:inter-4:norwood-netball-club:none,Newton Jaguars,3,1,,,,,,,,,,,,,archive_pdf,final_premiership_placings,,
amnd-winter-2010-inter-4,adelaide-wildcats,,archive:amnd-winter-2010:inter-4:adelaide-wildcats:none,Adelaide Wildcats,4,1,,,,,,,,,,,,,archive_pdf,final_premiership_placings,,
amnd-winter-2010-inter-4,harlequin,,archive:amnd-winter-2010:inter-4:harlequin:none,Harlequin,5,0,,,,,,,,,,,,,archive_pdf,final_premiership_placings,,
amnd-winter-2010-inter-4,cheerio-netball-club,,archive:amnd-winter-2010:inter-4:cheerio-netball-club:none,Cheerio,6,0,,,,,,,,,,,,,archive_pdf,final_premiership_placings,,
amnd-winter-2010-inter-4,garville,,archive:amnd-winter-2010:inter-4:garville:none,Garville,7,0,,,,,,,,,,,,,archive_pdf,final_premiership_placings,,
amnd-winter-2010-inter-4,metro-jets,,archive:amnd-winter-2010:inter-4:metro-jets:none,Western Jets,8,0,,,,,,,,,,,,,archive_pdf,final_premiership_placings,,
amnd-winter-2010-inter-4,sa-ladybirds,,archive:amnd-winter-2010:inter-4:sa-ladybirds:none,SA Ladybirds,9,0,,,,,,,,,,,,,archive_pdf,final_premiership_placings,,
amnd-winter-2010-inter-4,contax,,archive:amnd-winter-2010:inter-4:contax:none,Contax,10,0,,,,,,,,,,,,,archive_pdf,final_premiership_placings,,
amnd-winter-2010-inter-5,oakdale-netball-club-sa,,archive:amnd-winter-2010:inter-5:oakdale-netball-club-sa:none,Oakdale,1,1,,,,,,,,,,,,,archive_pdf,final_premiership_placings,,
amnd-winter-2010-inter-5,garville,,archive:amnd-winter-2010:inter-5:garville:none,Garville,2,1,,,,,,,,,,,,,archive_pdf,final_premiership_placings,,
amnd-winter-2010-inter-5,adelaide-cougars,,archive:amnd-winter-2010:inter-5:adelaide-cougars:none,Adelaide Cougars,3,1,,,,,,,,,,,,,archive_pdf,final_premiership_placings,,
amnd-winter-2010-inter-5,matrics,,archive:amnd-winter-2010:inter-5:matrics:none,Matrics,4,1,,,,,,,,,,,,,archive_pdf,final_premiership_placings,,
amnd-winter-2010-inter-5,adelaide-wildcats,,archive:amnd-winter-2010:inter-5:adelaide-wildcats:none,Adelaide Wildcats,5,0,,,,,,,,,,,,,archive_pdf,final_premiership_placings,,
amnd-winter-2010-inter-5,semaphore,,archive:amnd-winter-2010:inter-5:semaphore:none,Semaphore,6,0,,,,,,,,,,,,,archive_pdf,final_premiership_placings,,
amnd-winter-2010-inter-5,woods-panthers,,archive:amnd-winter-2010:inter-5:woods-panthers:none,Woods Panthers,7,0,,,,,,,,,,,,,archive_pdf,final_premiership_placings,,
amnd-winter-2010-inter-5,cheerio-netball-club,,archive:amnd-winter-2010:inter-5:cheerio-netball-club:none,Cheerio,8,0,,,,,,,,,,,,,archive_pdf,final_premiership_placings,,
amnd-winter-2010-junior-1,tango-netball-club-inc,1,archive:amnd-winter-2010:junior-1:tango-netball-club-inc:1,Tango,1,1,,,,,,,,,,,,,archive_pdf,final_premiership_placings,,
amnd-winter-2010-junior-1,harlequin,,archive:amnd-winter-2010:junior-1:harlequin:none,Harlequin,2,1,,,,,,,,,,,,,archive_pdf,final_premiership_placings,,
amnd-winter-2010-junior-1,oakdale-netball-club-sa,,archive:amnd-winter-2010:junior-1:oakdale-netball-club-sa:none,Oakdale,3,1,,,,,,,,,,,,,archive_pdf,final_premiership_placings,,
amnd-winter-2010-junior-1,contax,1,archive:amnd-winter-2010:junior-1:contax:1,Contax,4,1,,,,,,,,,,,,,archive_pdf,final_premiership_placings,,
amnd-winter-2010-junior-1,adelaide-cougars,,archive:amnd-winter-2010:junior-1:adelaide-cougars:none,Adelaide Cougars,5,0,,,,,,,,,,,,,archive_pdf,final_premiership_placings,,
amnd-winter-2010-junior-1,contax,2,archive:amnd-winter-2010:junior-1:contax:2,Contax,6,0,,,,,,,,,,,,,archive_pdf,final_premiership_placings,,
amnd-winter-2010-junior-1,matrics,,archive:amnd-winter-2010:junior-1:matrics:none,Matrics,7,0,,,,,,,,,,,,,archive_pdf,final_premiership_placings,,
amnd-winter-2010-junior-1,tango-netball-club-inc,2,archive:amnd-winter-2010:junior-1:tango-netball-club-inc:2,Tango,8,0,,,,,,,,,,,,,archive_pdf,final_premiership_placings,,
amnd-winter-2010-junior-2,garville,,archive:amnd-winter-2010:junior-2:garville:none,Garville,1,1,,,,,,,,,,,,,archive_pdf,final_premiership_placings,,
amnd-winter-2010-junior-2,norwood-netball-club,1,archive:amnd-winter-2010:junior-2:norwood-netball-club:1,Newton Jaguars,2,1,,,,,,,,,,,,,archive_pdf,final_premiership_placings,,
amnd-winter-2010-junior-2,woods-panthers,1,archive:amnd-winter-2010:junior-2:woods-panthers:1,Woods Panthers,3,1,,,,,,,,,,,,,archive_pdf,final_premiership_placings,,
amnd-winter-2010-junior-2,tango-netball-club-inc,,archive:amnd-winter-2010:junior-2:tango-netball-club-inc:none,Tango,4,1,,,,,,,,,,,,,archive_pdf,final_premiership_placings,,
amnd-winter-2010-junior-2,woods-panthers,2,archive:amnd-winter-2010:junior-2:woods-panthers:2,Woods Panthers,5,0,,,,,,,,,,,,,archive_pdf,final_premiership_placings,,
amnd-winter-2010-junior-2,norwood-netball-club,2,archive:amnd-winter-2010:junior-2:norwood-netball-club:2,Newton Jaguars,6,0,,,,,,,,,,,,,archive_pdf,final_premiership_placings,,
amnd-winter-2010-junior-2,oakdale-netball-club-sa,,archive:amnd-winter-2010:junior-2:oakdale-netball-club-sa:none,Oakdale,7,0,,,,,,,,,,,,,archive_pdf,final_premiership_placings,,
amnd-winter-2010-junior-2,harlequin,,archive:amnd-winter-2010:junior-2:harlequin:none,Harlequin,8,0,,,,,,,,,,,,,archive_pdf,final_premiership_placings,,
amnd-winter-2010-junior-3,contax,1,archive:amnd-winter-2010:junior-3:contax:1,Contax,1,1,,,,,,,,,,,,,archive_pdf,final_premiership_placings,,
amnd-winter-2010-junior-3,metro-jets,1,archive:amnd-winter-2010:junior-3:metro-jets:1,Western Jets,2,1,,,,,,,,,,,,,archive_pdf,final_premiership_placings,,
amnd-winter-2010-junior-3,woods-panthers,,archive:amnd-winter-2010:junior-3:woods-panthers:none,Woods Panthers,3,1,,,,,,,,,,,,,archive_pdf,final_premiership_placings,,
amnd-winter-2010-junior-3,contax,2,archive:amnd-winter-2010:junior-3:contax:2,Contax,4,1,,,,,,,,,,,,,archive_pdf,final_premiership_placings,,
amnd-winter-2010-junior-3,metro-jets,2,archive:amnd-winter-2010:junior-3:metro-jets:2,Western Jets,5,0,,,,,,,,,,,,,archive_pdf,final_premiership_placings,,
amnd-winter-2010-junior-3,adelaide-cougars,,archive:amnd-winter-2010:junior-3:adelaide-cougars:none,Adelaide Cougars,6,0,,,,,,,,,,,,,archive_pdf,final_premiership_placings,,
amnd-winter-2010-junior-3,norwood-netball-club,,archive:amnd-winter-2010:junior-3:norwood-netball-club:none,Newton Jaguars,7,0,,,,,,,,,,,,,archive_pdf,final_premiership_placings,,
amnd-winter-2010-junior-3,matrics,,archive:amnd-winter-2010:junior-3:matrics:none,Matrics,8,0,,,,,,,,,,,,,archive_pdf,final_premiership_placings,,
amnd-winter-2010-junior-4,cheerio-netball-club,,archive:amnd-winter-2010:junior-4:cheerio-netball-club:none,Cheerio,1,1,,,,,,,,,,,,,archive_pdf,final_premiership_placings,,
amnd-winter-2010-junior-4,adelaide-cougars,,archive:amnd-winter-2010:junior-4:adelaide-cougars:none,Adelaide Cougars,2,1,,,,,,,,,,,,,archive_pdf,final_premiership_placings,,
amnd-winter-2010-junior-4,tango-netball-club-inc,1,archive:amnd-winter-2010:junior-4:tango-netball-club-inc:1,Tango,3,1,,,,,,,,,,,,,archive_pdf,final_premiership_placings,,
amnd-winter-2010-junior-4,garville,,archive:amnd-winter-2010:junior-4:garville:none,Garville,4,1,,,,,,,,,,,,,archive_pdf,final_premiership_placings,,
amnd-winter-2010-junior-4,woods-panthers,,archive:amnd-winter-2010:junior-4:woods-panthers:none,Woods Panthers,5,0,,,,,,,,,,,,,archive_pdf,final_premiership_placings,,
amnd-winter-2010-junior-4,oakdale-netball-club-sa,,archive:amnd-winter-2010:junior-4:oakdale-netball-club-sa:none,Oakdale,6,0,,,,,,,,,,,,,archive_pdf,final_premiership_placings,,
amnd-winter-2010-junior-4,norwood-netball-club,,archive:amnd-winter-2010:junior-4:norwood-netball-club:none,Newton Jaguars,7,0,,,,,,,,,,,,,archive_pdf,final_premiership_placings,,
amnd-winter-2010-junior-4,tango-netball-club-inc,2,archive:amnd-winter-2010:junior-4:tango-netball-club-inc:2,Tango,8,0,,,,,,,,,,,,,archive_pdf,final_premiership_placings,,
amnd-winter-2010-junior-5,semaphore,,archive:amnd-winter-2010:junior-5:semaphore:none,Semaphore,1,1,,,,,,,,,,,,,archive_pdf,final_premiership_placings,,
amnd-winter-2010-junior-5,woods-panthers,1,archive:amnd-winter-2010:junior-5:woods-panthers:1,Woods Panthers,2,1,,,,,,,,,,,,,archive_pdf,final_premiership_placings,,
amnd-winter-2010-junior-5,sa-ladybirds,,archive:amnd-winter-2010:junior-5:sa-ladybirds:none,SA Ladybirds,3,1,,,,,,,,,,,,,archive_pdf,final_premiership_placings,,
amnd-winter-2010-junior-5,metro-jets,,archive:amnd-winter-2010:junior-5:metro-jets:none,Western Jets,4,1,,,,,,,,,,,,,archive_pdf,final_premiership_placings,,
amnd-winter-2010-junior-5,woods-panthers,2,archive:amnd-winter-2010:junior-5:woods-panthers:2,Woods Panthers,5,0,,,,,,,,,,,,,archive_pdf,final_premiership_placings,,
amnd-winter-2010-junior-5,contax,,archive:amnd-winter-2010:junior-5:contax:none,Contax,6,0,,,,,,,,,,,,,archive_pdf,final_premiership_placings,,
amnd-winter-2010-junior-5,matrics,,archive:amnd-winter-2010:junior-5:matrics:none,Matrics,7,0,,,,,,,,,,,,,archive_pdf,final_premiership_placings,,
amnd-winter-2010-junior-5,garville,,archive:amnd-winter-2010:junior-5:garville:none,Garville,8,0,,,,,,,,,,,,,archive_pdf,final_premiership_placings,,
amnd-winter-2010-junior-6,garville,,archive:amnd-winter-2010:junior-6:garville:none,Garville,1,1,,,,,,,,,,,,,archive_pdf,final_premiership_placings,,
amnd-winter-2010-junior-6,oakdale-netball-club-sa,,archive:amnd-winter-2010:junior-6:oakdale-netball-club-sa:none,Oakdale,2,1,,,,,,,,,,,,,archive_pdf,final_premiership_placings,,
amnd-winter-2010-junior-6,harlequin,,archive:amnd-winter-2010:junior-6:harlequin:none,Harlequin,3,1,,,,,,,,,,,,,archive_pdf,final_premiership_placings,,
amnd-winter-2010-junior-6,norwood-netball-club,,archive:amnd-winter-2010:junior-6:norwood-netball-club:none,Newton Jaguars,4,1,,,,,,,,,,,,,archive_pdf,final_premiership_placings,,
amnd-winter-2010-junior-6,metro-jets,,archive:amnd-winter-2010:junior-6:metro-jets:none,Western Jets,5,0,,,,,,,,,,,,,archive_pdf,final_premiership_placings,,
amnd-winter-2010-junior-6,northeast-zodiac,,archive:amnd-winter-2010:junior-6:northeast-zodiac:none,Northeast Zodiacs,6,0,,,,,,,,,,,,,archive_pdf,final_premiership_placings,,
amnd-winter-2010-junior-7,noarlunga,,archive:amnd-winter-2010:junior-7:noarlunga:none,Noarlunga,1,1,,,,,,,,,,,,,archive_pdf,final_premiership_placings,,
amnd-winter-2010-junior-7,adelaide-cougars,1,archive:amnd-winter-2010:junior-7:adelaide-cougars:1,Adelaide Cougars,2,1,,,,,,,,,,,,,archive_pdf,final_premiership_placings,,
amnd-winter-2010-junior-7,cheerio-netball-club,,archive:amnd-winter-2010:junior-7:cheerio-netball-club:none,Cheerio,3,1,,,,,,,,,,,,,archive_pdf,final_premiership_placings,,
amnd-winter-2010-junior-7,adelaide-wildcats,,archive:amnd-winter-2010:junior-7:adelaide-wildcats:none,Adelaide Wildcats,4,1,,,,,,,,,,,,,archive_pdf,final_premiership_placings,,
amnd-winter-2010-junior-7,woods-panthers,,archive:amnd-winter-2010:junior-7:woods-panthers:none,Woods Panthers,5,0,,,,,,,,,,,,,archive_pdf,final_premiership_placings,,
amnd-winter-2010-junior-7,semaphore,,archive:amnd-winter-2010:junior-7:semaphore:none,Semaphore,6,0,,,,,,,,,,,,,archive_pdf,final_premiership_placings,,
amnd-winter-2010-junior-7,norwood-netball-club,,archive:amnd-winter-2010:junior-7:norwood-netball-club:none,Newton Jaguars,7,0,,,,,,,,,,,,,archive_pdf,final_premiership_placings,,
amnd-winter-2010-junior-7,adelaide-cougars,2,archive:amnd-winter-2010:junior-7:adelaide-cougars:2,Adelaide Cougars,8,0,,,,,,,,,,,,,archive_pdf,final_premiership_placings,,
amnd-winter-2010-junior-8,tango-netball-club-inc,,archive:amnd-winter-2010:junior-8:tango-netball-club-inc:none,Tango,1,1,,,,,,,,,,,,,archive_pdf,final_premiership_placings,,
amnd-winter-2010-junior-8,metro-jets,,archive:amnd-winter-2010:junior-8:metro-jets:none,Western Jets,2,1,,,,,,,,,,,,,archive_pdf,final_premiership_placings,,
amnd-winter-2010-junior-8,oakdale-netball-club-sa,,archive:amnd-winter-2010:junior-8:oakdale-netball-club-sa:none,Oakdale,3,1,,,,,,,,,,,,,archive_pdf,final_premiership_placings,,
amnd-winter-2010-junior-8,woods-panthers,,archive:amnd-winter-2010:junior-8:woods-panthers:none,Woods Panthers,4,1,,,,,,,,,,,,,archive_pdf,final_premiership_placings,,
amnd-winter-2010-junior-8,garville,,archive:amnd-winter-2010:junior-8:garville:none,Garville,5,0,,,,,,,,,,,,,archive_pdf,final_premiership_placings,,
amnd-winter-2010-junior-8,cheerio-netball-club,,archive:amnd-winter-2010:junior-8:cheerio-netball-club:none,Cheerio,6,0,,,,,,,,,,,,,archive_pdf,final_premiership_placings,,
amnd-winter-2010-primary-1,tango-netball-club-inc,,archive:amnd-winter-2010:primary-1:tango-netball-club-inc:none,Tango,1,1,,,,,,,,,,,,,archive_pdf,final_premiership_placings,,
amnd-winter-2010-primary-1,contax,1,archive:amnd-winter-2010:primary-1:contax:1,Contax,2,1,,,,,,,,,,,,,archive_pdf,final_premiership_placings,,
amnd-winter-2010-primary-1,woods-panthers,,archive:amnd-winter-2010:primary-1:woods-panthers:none,Woods Panthers,3,1,,,,,,,,,,,,,archive_pdf,final_premiership_placings,,
amnd-winter-2010-primary-1,contax,2,archive:amnd-winter-2010:primary-1:contax:2,Contax,4,1,,,,,,,,,,,,,archive_pdf,final_premiership_placings,,
amnd-winter-2010-primary-1,metro-jets,,archive:amnd-winter-2010:primary-1:metro-jets:none,Western Jets,5,0,,,,,,,,,,,,,archive_pdf,final_premiership_placings,,
amnd-winter-2010-primary-1,matrics,,archive:amnd-winter-2010:primary-1:matrics:none,Matrics,6,0,,,,,,,,,,,,,archive_pdf,final_premiership_placings,,
amnd-winter-2010-primary-2,norwood-netball-club,,archive:amnd-winter-2010:primary-2:norwood-netball-club:none,Newton Jaguars,1,1,,,,,,,,,,,,,archive_pdf,final_premiership_placings,,
amnd-winter-2010-primary-2,garville,,archive:amnd-winter-2010:primary-2:garville:none,Garville,2,1,,,,,,,,,,,,,archive_pdf,final_premiership_placings,,
amnd-winter-2010-primary-2,contax,,archive:amnd-winter-2010:primary-2:contax:none,Contax,3,1,,,,,,,,,,,,,archive_pdf,final_premiership_placings,,
amnd-winter-2010-primary-2,tango-netball-club-inc,,archive:amnd-winter-2010:primary-2:tango-netball-club-inc:none,Tango,4,1,,,,,,,,,,,,,archive_pdf,final_premiership_placings,,
amnd-winter-2010-primary-2,woods-panthers,,archive:amnd-winter-2010:primary-2:woods-panthers:none,Woods Panthers,5,0,,,,,,,,,,,,,archive_pdf,final_premiership_placings,,
amnd-winter-2010-primary-2,metro-jets,,archive:amnd-winter-2010:primary-2:metro-jets:none,Western Jets,6,0,,,,,,,,,,,,,archive_pdf,final_premiership_placings,,
amnd-winter-2010-primary-3,oakdale-netball-club-sa,,archive:amnd-winter-2010:primary-3:oakdale-netball-club-sa:none,Oakdale,1,1,,,,,,,,,,,,,archive_pdf,final_premiership_placings,,
amnd-winter-2010-primary-3,harlequin,,archive:amnd-winter-2010:primary-3:harlequin:none,Harlequin,2,1,,,,,,,,,,,,,archive_pdf,final_premiership_placings,,
amnd-winter-2010-primary-3,matrics,,archive:amnd-winter-2010:primary-3:matrics:none,Matrics,3,1,,,,,,,,,,,,,archive_pdf,final_premiership_placings,,
amnd-winter-2010-primary-3,contax,,archive:amnd-winter-2010:primary-3:contax:none,Contax,4,1,,,,,,,,,,,,,archive_pdf,final_premiership_placings,,
amnd-winter-2010-primary-3,adelaide-cougars,,archive:amnd-winter-2010:primary-3:adelaide-cougars:none,Adelaide Cougars,5,0,,,,,,,,,,,,,archive_pdf,final_premiership_placings,,
amnd-winter-2010-primary-3,woods-panthers,,archive:amnd-winter-2010:primary-3:woods-panthers:none,Woods Panthers,6,0,,,,,,,,,,,,,archive_pdf,final_premiership_placings,,
amnd-winter-2010-primary-4,sa-ladybirds,,archive:amnd-winter-2010:primary-4:sa-ladybirds:none,SA Ladybirds,1,1,,,,,,,,,,,,,archive_pdf,final_premiership_placings,,
amnd-winter-2010-primary-4,norwood-netball-club,,archive:amnd-winter-2010:primary-4:norwood-netball-club:none,Newton Jaguars,2,1,,,,,,,,,,,,,archive_pdf,final_premiership_placings,,
amnd-winter-2010-primary-4,metro-jets,,archive:amnd-winter-2010:primary-4:metro-jets:none,Western Jets,3,1,,,,,,,,,,,,,archive_pdf,final_premiership_placings,,
amnd-winter-2010-primary-4,tango-netball-club-inc,,archive:amnd-winter-2010:primary-4:tango-netball-club-inc:none,Tango,4,1,,,,,,,,,,,,,archive_pdf,final_premiership_placings,,
amnd-winter-2010-primary-4,oakdale-netball-club-sa,,archive:amnd-winter-2010:primary-4:oakdale-netball-club-sa:none,Oakdale,5,0,,,,,,,,,,,,,archive_pdf,final_premiership_placings,,
amnd-winter-2010-primary-4,garville,,archive:amnd-winter-2010:primary-4:garville:none,Garville,6,0,,,,,,,,,,,,,archive_pdf,final_premiership_placings,,
amnd-winter-2010-primary-5,woods-panthers,,archive:amnd-winter-2010:primary-5:woods-panthers:none,Woods Panthers,1,1,,,,,,,,,,,,,archive_pdf,final_premiership_placings,,
amnd-winter-2010-primary-5,matrics,,archive:amnd-winter-2010:primary-5:matrics:none,Matrics,2,1,,,,,,,,,,,,,archive_pdf,final_premiership_placings,,
amnd-winter-2010-primary-5,metro-jets,1,archive:amnd-winter-2010:primary-5:metro-jets:1,Western Jets,3,1,,,,,,,,,,,,,archive_pdf,final_premiership_placings,,
amnd-winter-2010-primary-5,metro-jets,2,archive:amnd-winter-2010:primary-5:metro-jets:2,Western Jets,4,1,,,,,,,,,,,,,archive_pdf,final_premiership_placings,,
amnd-winter-2010-primary-5,tango-netball-club-inc,,archive:amnd-winter-2010:primary-5:tango-netball-club-inc:none,Tango,5,0,,,,,,,,,,,,,archive_pdf,final_premiership_placings,,
amnd-winter-2010-primary-5,garville,,archive:amnd-winter-2010:primary-5:garville:none,Garville,6,0,,,,,,,,,,,,,archive_pdf,final_premiership_placings,,
amnd-winter-2010-primary-6,oakdale-netball-club-sa,,archive:amnd-winter-2010:primary-6:oakdale-netball-club-sa:none,Oakdale,1,1,,,,,,,,,,,,,archive_pdf,final_premiership_placings,,
amnd-winter-2010-primary-6,norwood-netball-club,1,archive:amnd-winter-2010:primary-6:norwood-netball-club:1,Newton Jaguars,2,1,,,,,,,,,,,,,archive_pdf,final_premiership_placings,,
amnd-winter-2010-primary-6,woods-panthers,,archive:amnd-winter-2010:primary-6:woods-panthers:none,Woods Panthers,3,1,,,,,,,,,,,,,archive_pdf,final_premiership_placings,,
amnd-winter-2010-primary-6,contax,,archive:amnd-winter-2010:primary-6:contax:none,Contax,4,1,,,,,,,,,,,,,archive_pdf,final_premiership_placings,,
amnd-winter-2010-primary-6,cheerio-netball-club,,archive:amnd-winter-2010:primary-6:cheerio-netball-club:none,Cheerio,5,0,,,,,,,,,,,,,archive_pdf,final_premiership_placings,,
amnd-winter-2010-primary-6,matrics,,archive:amnd-winter-2010:primary-6:matrics:none,Matrics,6,0,,,,,,,,,,,,,archive_pdf,final_premiership_placings,,
amnd-winter-2010-primary-6,adelaide-cougars,,archive:amnd-winter-2010:primary-6:adelaide-cougars:none,Adelaide Cougars,7,0,,,,,,,,,,,,,archive_pdf,final_premiership_placings,,
amnd-winter-2010-primary-6,norwood-netball-club,2,archive:amnd-winter-2010:primary-6:norwood-netball-club:2,Newton Jaguars,8,0,,,,,,,,,,,,,archive_pdf,final_premiership_placings,,
amnd-winter-2010-primary-7,contax,,archive:amnd-winter-2010:primary-7:contax:none,Contax,1,1,,,,,,,,,,,,,archive_pdf,final_premiership_placings,,
amnd-winter-2010-primary-7,garville,,archive:amnd-winter-2010:primary-7:garville:none,Garville,2,1,,,,,,,,,,,,,archive_pdf,final_premiership_placings,,
amnd-winter-2010-primary-7,matrics,,archive:amnd-winter-2010:primary-7:matrics:none,Matrics,3,1,,,,,,,,,,,,,archive_pdf,final_premiership_placings,,
amnd-winter-2010-primary-7,woods-panthers,,archive:amnd-winter-2010:primary-7:woods-panthers:none,Woods Panthers,4,1,,,,,,,,,,,,,archive_pdf,final_premiership_placings,,
amnd-winter-2010-primary-7,metro-jets,2,archive:amnd-winter-2010:primary-7:metro-jets:2,Western Jets,5,0,,,,,,,,,,,,,archive_pdf,final_premiership_placings,,
amnd-winter-2010-primary-7,metro-jets,1,archive:amnd-winter-2010:primary-7:metro-jets:1,Western Jets,6,0,,,,,,,,,,,,,archive_pdf,final_premiership_placings,,
amnd-winter-2010-primary-7,harlequin,,archive:amnd-winter-2010:primary-7:harlequin:none,Harlequin,7,0,,,,,,,,,,,,,archive_pdf,final_premiership_placings,,
amnd-winter-2010-primary-7,adelaide-wildcats,,archive:amnd-winter-2010:primary-7:adelaide-wildcats:none,Adelaide Wildcats,8,0,,,,,,,,,,,,,archive_pdf,final_premiership_placings,,
amnd-winter-2010-sub-junior-1,contax,,archive:amnd-winter-2010:sub-junior-1:contax:none,Contax,1,1,,,,,,,,,,,,,archive_pdf,final_premiership_placings,,
amnd-winter-2010-sub-junior-1,matrics,,archive:amnd-winter-2010:sub-junior-1:matrics:none,Matrics,2,1,,,,,,,,,,,,,archive_pdf,final_premiership_placings,,
amnd-winter-2010-sub-junior-1,adelaide-cougars,,archive:amnd-winter-2010:sub-junior-1:adelaide-cougars:none,Adelaide Cougars,3,1,,,,,,,,,,,,,archive_pdf,final_premiership_placings,,
amnd-winter-2010-sub-junior-1,tango-netball-club-inc,,archive:amnd-winter-2010:sub-junior-1:tango-netball-club-inc:none,Tango,4,1,,,,,,,,,,,,,archive_pdf,final_premiership_placings,,
amnd-winter-2010-sub-junior-1,metro-jets,,archive:amnd-winter-2010:sub-junior-1:metro-jets:none,Western Jets,5,0,,,,,,,,,,,,,archive_pdf,final_premiership_placings,,
amnd-winter-2010-sub-junior-1,woods-panthers,,archive:amnd-winter-2010:sub-junior-1:woods-panthers:none,Woods Panthers,6,0,,,,,,,,,,,,,archive_pdf,final_premiership_placings,,
amnd-winter-2010-sub-junior-2,contax,1,archive:amnd-winter-2010:sub-junior-2:contax:1,Contax,1,1,,,,,,,,,,,,,archive_pdf,final_premiership_placings,,
amnd-winter-2010-sub-junior-2,contax,2,archive:amnd-winter-2010:sub-junior-2:contax:2,Contax,2,1,,,,,,,,,,,,,archive_pdf,final_premiership_placings,,
amnd-winter-2010-sub-junior-2,oakdale-netball-club-sa,,archive:amnd-winter-2010:sub-junior-2:oakdale-netball-club-sa:none,Oakdale,3,1,,,,,,,,,,,,,archive_pdf,final_premiership_placings,,
amnd-winter-2010-sub-junior-2,metro-jets,,archive:amnd-winter-2010:sub-junior-2:metro-jets:none,Western Jets,4,1,,,,,,,,,,,,,archive_pdf,final_premiership_placings,,
amnd-winter-2010-sub-junior-2,garville,,archive:amnd-winter-2010:sub-junior-2:garville:none,Garville,5,0,,,,,,,,,,,,,archive_pdf,final_premiership_placings,,
amnd-winter-2010-sub-junior-2,tango-netball-club-inc,,archive:amnd-winter-2010:sub-junior-2:tango-netball-club-inc:none,Tango,6,0,,,,,,,,,,,,,archive_pdf,final_premiership_placings,,
amnd-winter-2010-sub-junior-3,norwood-netball-club,1,archive:amnd-winter-2010:sub-junior-3:norwood-netball-club:1,Newton Jaguars,1,1,,,,,,,,,,,,,archive_pdf,final_premiership_placings,,
amnd-winter-2010-sub-junior-3,matrics,,archive:amnd-winter-2010:sub-junior-3:matrics:none,Matrics,2,1,,,,,,,,,,,,,archive_pdf,final_premiership_placings,,
amnd-winter-2010-sub-junior-3,harlequin,1,archive:amnd-winter-2010:sub-junior-3:harlequin:1,Harlequin,3,1,,,,,,,,,,,,,archive_pdf,final_premiership_placings,,
amnd-winter-2010-sub-junior-3,adelaide-cougars,,archive:amnd-winter-2010:sub-junior-3:adelaide-cougars:none,Adelaide Cougars,4,1,,,,,,,,,,,,,archive_pdf,final_premiership_placings,,
amnd-winter-2010-sub-junior-3,metro-jets,,archive:amnd-winter-2010:sub-junior-3:metro-jets:none,Western Jets,5,0,,,,,,,,,,,,,archive_pdf,final_premiership_placings,,
amnd-winter-2010-sub-junior-3,harlequin,2,archive:amnd-winter-2010:sub-junior-3:harlequin:2,Harlequin,6,0,,,,,,,,,,,,,archive_pdf,final_premiership_placings,,
amnd-winter-2010-sub-junior-3,norwood-netball-club,2,archive:amnd-winter-2010:sub-junior-3:norwood-netball-club:2,Newton Jaguars,7,0,,,,,,,,,,,,,archive_pdf,final_premiership_placings,,
amnd-winter-2010-sub-junior-3,garville,,archive:amnd-winter-2010:sub-junior-3:garville:none,Garville,8,0,,,,,,,,,,,,,archive_pdf,final_premiership_placings,,
amnd-winter-2010-sub-junior-4,woods-panthers,,archive:amnd-winter-2010:sub-junior-4:woods-panthers:none,Woods Panthers,1,1,,,,,,,,,,,,,archive_pdf,final_premiership_placings,,
amnd-winter-2010-sub-junior-4,matrics,,archive:amnd-winter-2010:sub-junior-4:matrics:none,Matrics,2,1,,,,,,,,,,,,,archive_pdf,final_premiership_placings,,
amnd-winter-2010-sub-junior-4,sa-ladybirds,,archive:amnd-winter-2010:sub-junior-4:sa-ladybirds:none,SA Ladybirds,3,1,,,,,,,,,,,,,archive_pdf,final_premiership_placings,,
amnd-winter-2010-sub-junior-4,contax,,archive:amnd-winter-2010:sub-junior-4:contax:none,Contax,4,1,,,,,,,,,,,,,archive_pdf,final_premiership_placings,,
amnd-winter-2010-sub-junior-4,oakdale-netball-club-sa,,archive:amnd-winter-2010:sub-junior-4:oakdale-netball-club-sa:none,Oakdale,5,0,,,,,,,,,,,,,archive_pdf,final_premiership_placings,,
amnd-winter-2010-sub-junior-4,cheerio-netball-club,,archive:amnd-winter-2010:sub-junior-4:cheerio-netball-club:none,Cheerio,6,0,,,,,,,,,,,,,archive_pdf,final_premiership_placings,,
amnd-winter-2010-sub-junior-4,metro-jets,,archive:amnd-winter-2010:sub-junior-4:metro-jets:none,Western Jets,7,0,,,,,,,,,,,,,archive_pdf,final_premiership_placings,,
amnd-winter-2010-sub-junior-4,adelaide-cougars,,archive:amnd-winter-2010:sub-junior-4:adelaide-cougars:none,Adelaide Cougars,8,0,,,,,,,,,,,,,archive_pdf,final_premiership_placings,,
amnd-winter-2010-sub-junior-5,matrics,,archive:amnd-winter-2010:sub-junior-5:matrics:none,Matrics,1,1,,,,,,,,,,,,,archive_pdf,final_premiership_placings,,
amnd-winter-2010-sub-junior-5,woods-panthers,,archive:amnd-winter-2010:sub-junior-5:woods-panthers:none,Woods Panthers,2,1,,,,,,,,,,,,,archive_pdf,final_premiership_placings,,
amnd-winter-2010-sub-junior-5,tango-netball-club-inc,,archive:amnd-winter-2010:sub-junior-5:tango-netball-club-inc:none,Tango,3,1,,,,,,,,,,,,,archive_pdf,final_premiership_placings,,
amnd-winter-2010-sub-junior-5,contax,,archive:amnd-winter-2010:sub-junior-5:contax:none,Contax,4,1,,,,,,,,,,,,,archive_pdf,final_premiership_placings,,
amnd-winter-2010-sub-junior-5,norwood-netball-club,,archive:amnd-winter-2010:sub-junior-5:norwood-netball-club:none,Newton Jaguars,5,0,,,,,,,,,,,,,archive_pdf,final_premiership_placings,,
amnd-winter-2010-sub-junior-5,semaphore,,archive:amnd-winter-2010:sub-junior-5:semaphore:none,Semaphore,6,0,,,,,,,,,,,,,archive_pdf,final_premiership_placings,,
amnd-winter-2010-sub-junior-5,garville,,archive:amnd-winter-2010:sub-junior-5:garville:none,Garville,7,0,,,,,,,,,,,,,archive_pdf,final_premiership_placings,,
amnd-winter-2010-sub-junior-6,woods-panthers,,archive:amnd-winter-2010:sub-junior-6:woods-panthers:none,Woods Panthers,1,1,,,,,,,,,,,,,archive_pdf,final_premiership_placings,,
amnd-winter-2010-sub-junior-6,metro-jets,1,archive:amnd-winter-2010:sub-junior-6:metro-jets:1,Western Jets,2,1,,,,,,,,,,,,,archive_pdf,final_premiership_placings,,
amnd-winter-2010-sub-junior-6,oakdale-netball-club-sa,,archive:amnd-winter-2010:sub-junior-6:oakdale-netball-club-sa:none,Oakdale,3,1,,,,,,,,,,,,,archive_pdf,final_premiership_placings,,
amnd-winter-2010-sub-junior-6,tango-netball-club-inc,,archive:amnd-winter-2010:sub-junior-6:tango-netball-club-inc:none,Tango,4,1,,,,,,,,,,,,,archive_pdf,final_premiership_placings,,
amnd-winter-2010-sub-junior-6,adelaide-cougars,,archive:amnd-winter-2010:sub-junior-6:adelaide-cougars:none,Adelaide Cougars,5,0,,,,,,,,,,,,,archive_pdf,final_premiership_placings,,
amnd-winter-2010-sub-junior-6,norwood-netball-club,,archive:amnd-winter-2010:sub-junior-6:norwood-netball-club:none,Newton Jaguars,6,0,,,,,,,,,,,,,archive_pdf,final_premiership_placings,,
amnd-winter-2010-sub-junior-6,metro-jets,2,archive:amnd-winter-2010:sub-junior-6:metro-jets:2,Western Jets,7,0,,,,,,,,,,,,,archive_pdf,final_premiership_placings,,
amnd-winter-2010-sub-junior-6,contax,,archive:amnd-winter-2010:sub-junior-6:contax:none,Contax,8,0,,,,,,,,,,,,,archive_pdf,final_premiership_placings,,
amnd-winter-2010-sub-junior-7,adelaide-wildcats,,archive:amnd-winter-2010:sub-junior-7:adelaide-wildcats:none,Adelaide Wildcats,1,1,,,,,,,,,,,,,archive_pdf,final_premiership_placings,,
amnd-winter-2010-sub-junior-7,woods-panthers,,archive:amnd-winter-2010:sub-junior-7:woods-panthers:none,Woods Panthers,2,1,,,,,,,,,,,,,archive_pdf,final_premiership_placings,,
amnd-winter-2010-sub-junior-7,cheerio-netball-club,,archive:amnd-winter-2010:sub-junior-7:cheerio-netball-club:none,Cheerio,3,1,,,,,,,,,,,,,archive_pdf,final_premiership_placings,,
amnd-winter-2010-sub-junior-7,matrics,,archive:amnd-winter-2010:sub-junior-7:matrics:none,Matrics,4,1,,,,,,,,,,,,,archive_pdf,final_premiership_placings,,
amnd-winter-2010-sub-junior-7,norwood-netball-club,,archive:amnd-winter-2010:sub-junior-7:norwood-netball-club:none,Newton Jaguars,5,0,,,,,,,,,,,,,archive_pdf,final_premiership_placings,,
amnd-winter-2010-sub-junior-7,harlequin,,archive:amnd-winter-2010:sub-junior-7:harlequin:none,Harlequin,6,0,,,,,,,,,,,,,archive_pdf,final_premiership_placings,,
amnd-winter-2010-sub-junior-8,metro-jets,,archive:amnd-winter-2010:sub-junior-8:metro-jets:none,Western Jets,1,1,,,,,,,,,,,,,archive_pdf,final_premiership_placings,,
amnd-winter-2010-sub-junior-8,matrics,,archive:amnd-winter-2010:sub-junior-8:matrics:none,Matrics,2,1,,,,,,,,,,,,,archive_pdf,final_premiership_placings,,
amnd-winter-2010-sub-junior-8,woods-panthers,,archive:amnd-winter-2010:sub-junior-8:woods-panthers:none,Woods Panthers,3,1,,,,,,,,,,,,,archive_pdf,final_premiership_placings,,
amnd-winter-2010-sub-junior-8,garville,,archive:amnd-winter-2010:sub-junior-8:garville:none,Garville,4,1,,,,,,,,,,,,,archive_pdf,final_premiership_placings,,
amnd-winter-2010-sub-junior-8,adelaide-cougars,,archive:amnd-winter-2010:sub-junior-8:adelaide-cougars:none,Adelaide Cougars,5,0,,,,,,,,,,,,,archive_pdf,final_premiership_placings,,
amnd-winter-2010-sub-junior-8,tango-netball-club-inc,,archive:amnd-winter-2010:sub-junior-8:tango-netball-club-inc:none,Tango,6,0,,,,,,,,,,,,,archive_pdf,final_premiership_placings,,
amnd-winter-2010-sub-junior-9,norwood-netball-club,,archive:amnd-winter-2010:sub-junior-9:norwood-netball-club:none,Newton Jaguars,1,1,,,,,,,,,,,,,archive_pdf,final_premiership_placings,,
amnd-winter-2010-sub-junior-9,cheerio-netball-club,1,archive:amnd-winter-2010:sub-junior-9:cheerio-netball-club:1,Cheerio,2,1,,,,,,,,,,,,,archive_pdf,final_premiership_placings,,
amnd-winter-2010-sub-junior-9,oakdale-netball-club-sa,,archive:amnd-winter-2010:sub-junior-9:oakdale-netball-club-sa:none,Oakdale,3,1,,,,,,,,,,,,,archive_pdf,final_premiership_placings,,
amnd-winter-2010-sub-junior-9,cheerio-netball-club,2,archive:amnd-winter-2010:sub-junior-9:cheerio-netball-club:2,Cheerio,4,1,,,,,,,,,,,,,archive_pdf,final_premiership_placings,,
amnd-winter-2010-sub-junior-9,metro-jets,,archive:amnd-winter-2010:sub-junior-9:metro-jets:none,Western Jets,5,0,,,,,,,,,,,,,archive_pdf,final_premiership_placings,,
amnd-winter-2010-sub-junior-9,woods-panthers,,archive:amnd-winter-2010:sub-junior-9:woods-panthers:none,Woods Panthers,6,0,,,,,,,,,,,,,archive_pdf,final_premiership_placings,,
amnd-winter-2011-a-grade,fielders-flames,,archive:amnd-winter-2011:a-grade:fielders-flames:none,Flames,1,1,,,,,,,,,,,,,archive_pdf,final_premiership_placings,,
amnd-winter-2011-a-grade,norwood-netball-club,,archive:amnd-winter-2011:a-grade:norwood-netball-club:none,Newton Jaguars,2,1,,,,,,,,,,,,,archive_pdf,final_premiership_placings,,
amnd-winter-2011-a-grade,adelaide-wildcats,,archive:amnd-winter-2011:a-grade:adelaide-wildcats:none,Adelaide Wildcats,3,1,,,,,,,,,,,,,archive_pdf,final_premiership_placings,,
amnd-winter-2011-a-grade,oakdale-netball-club-sa,,archive:amnd-winter-2011:a-grade:oakdale-netball-club-sa:none,Oakdale,4,1,,,,,,,,,,,,,archive_pdf,final_premiership_placings,,
amnd-winter-2011-a-grade,cheerio-netball-club,,archive:amnd-winter-2011:a-grade:cheerio-netball-club:none,Cheerio,5,0,,,,,,,,,,,,,archive_pdf,final_premiership_placings,,
amnd-winter-2011-a-grade,sacred-heart-o-c,,archive:amnd-winter-2011:a-grade:sacred-heart-o-c:none,Sacred Heart O.C.,6,0,,,,,,,,,,,,,archive_pdf,final_premiership_placings,,
amnd-winter-2011-a-grade,woods-panthers,,archive:amnd-winter-2011:a-grade:woods-panthers:none,Woods Panthers,7,0,,,,,,,,,,,,,archive_pdf,final_premiership_placings,,
amnd-winter-2011-a-grade,contax,,archive:amnd-winter-2011:a-grade:contax:none,Contax,8,0,,,,,,,,,,,,,archive_pdf,final_premiership_placings,,
amnd-winter-2011-a-grade,harlequin,,archive:amnd-winter-2011:a-grade:harlequin:none,Harlequin,9,0,,,,,,,,,,,,,archive_pdf,final_premiership_placings,,
amnd-winter-2011-a-grade,garville,,archive:amnd-winter-2011:a-grade:garville:none,Garville,10,0,,,,,,,,,,,,,archive_pdf,final_premiership_placings,,
amnd-winter-2011-amnd-league,contax,,archive:amnd-winter-2011:amnd-league:contax:none,Contax,1,1,,,,,,,,,,,,,archive_pdf,final_premiership_placings,,
amnd-winter-2011-amnd-league,adelaide-wildcats,,archive:amnd-winter-2011:amnd-league:adelaide-wildcats:none,Adelaide Wildcats,2,1,,,,,,,,,,,,,archive_pdf,final_premiership_placings,,
amnd-winter-2011-amnd-league,oakdale-netball-club-sa,,archive:amnd-winter-2011:amnd-league:oakdale-netball-club-sa:none,Oakdale,3,1,,,,,,,,,,,,,archive_pdf,final_premiership_placings,,
amnd-winter-2011-amnd-league,cheerio-netball-club,,archive:amnd-winter-2011:amnd-league:cheerio-netball-club:none,Cheerio,4,1,,,,,,,,,,,,,archive_pdf,final_premiership_placings,,
amnd-winter-2011-amnd-league,matrics,,archive:amnd-winter-2011:amnd-league:matrics:none,Matrics,5,0,,,,,,,,,,,,,archive_pdf,final_premiership_placings,,
amnd-winter-2011-amnd-league,norwood-netball-club,,archive:amnd-winter-2011:amnd-league:norwood-netball-club:none,Newton Jaguars,6,0,,,,,,,,,,,,,archive_pdf,final_premiership_placings,,
amnd-winter-2011-amnd-league,tango-netball-club-inc,,archive:amnd-winter-2011:amnd-league:tango-netball-club-inc:none,Tango,7,0,,,,,,,,,,,,,archive_pdf,final_premiership_placings,,
amnd-winter-2011-amnd-league,woods-panthers,,archive:amnd-winter-2011:amnd-league:woods-panthers:none,Woods Panthers,8,0,,,,,,,,,,,,,archive_pdf,final_premiership_placings,,
amnd-winter-2011-amnd-league,adelaide-cougars,,archive:amnd-winter-2011:amnd-league:adelaide-cougars:none,Adelaide Cougars,9,0,,,,,,,,,,,,,archive_pdf,final_premiership_placings,,
amnd-winter-2011-amnd-league,harlequin,,archive:amnd-winter-2011:amnd-league:harlequin:none,Harlequin,10,0,,,,,,,,,,,,,archive_pdf,final_premiership_placings,,
amnd-winter-2011-amnd-league,garville,,archive:amnd-winter-2011:amnd-league:garville:none,Garville,11,0,,,,,,,,,,,,,archive_pdf,final_premiership_placings,,
amnd-winter-2011-b-1,metro-jets,,archive:amnd-winter-2011:b-1:metro-jets:none,Western Jets,1,1,,,,,,,,,,,,,archive_pdf,final_premiership_placings,,
amnd-winter-2011-b-1,city-coasters,,archive:amnd-winter-2011:b-1:city-coasters:none,City Coasters,2,1,,,,,,,,,,,,,archive_pdf,final_premiership_placings,,
amnd-winter-2011-b-1,adelaide-swish,,archive:amnd-winter-2011:b-1:adelaide-swish:none,Adelaide Swish,3,1,,,,,,,,,,,,,archive_pdf,final_premiership_placings,,
amnd-winter-2011-b-1,contax,,archive:amnd-winter-2011:b-1:contax:none,Contax,4,1,,,,,,,,,,,,,archive_pdf,final_premiership_placings,,
amnd-winter-2011-b-1,cheerio-netball-club,,archive:amnd-winter-2011:b-1:cheerio-netball-club:none,Cheerio,5,0,,,,,,,,,,,,,archive_pdf,final_premiership_placings,,
amnd-winter-2011-b-1,adelaide-wildcats,,archive:amnd-winter-2011:b-1:adelaide-wildcats:none,Adelaide Wildcats,6,0,,,,,,,,,,,,,archive_pdf,final_premiership_placings,,
amnd-winter-2011-b-1,adelaide-university,,archive:amnd-winter-2011:b-1:adelaide-university:none,Adelaide University,7,0,,,,,,,,,,,,,archive_pdf,final_premiership_placings,,
amnd-winter-2011-b-1,adelaide-cougars,,archive:amnd-winter-2011:b-1:adelaide-cougars:none,Adelaide Cougars,8,0,,,,,,,,,,,,,archive_pdf,final_premiership_placings,,
amnd-winter-2011-b-1,tango-netball-club-inc,,archive:amnd-winter-2011:b-1:tango-netball-club-inc:none,Tango,9,0,,,,,,,,,,,,,archive_pdf,final_premiership_placings,,
amnd-winter-2011-b-1,oakdale-netball-club-sa,,archive:amnd-winter-2011:b-1:oakdale-netball-club-sa:none,Oakdale,10,0,,,,,,,,,,,,,archive_pdf,final_premiership_placings,,
amnd-winter-2011-b-2,scotch-old-scholars,,archive:amnd-winter-2011:b-2:scotch-old-scholars:none,Scotch O.C.,1,1,,,,,,,,,,,,,archive_pdf,final_premiership_placings,,
amnd-winter-2011-b-2,matrics,,archive:amnd-winter-2011:b-2:matrics:none,Matrics,2,1,,,,,,,,,,,,,archive_pdf,final_premiership_placings,,
amnd-winter-2011-b-2,woods-panthers,,archive:amnd-winter-2011:b-2:woods-panthers:none,Woods Panthers,3,1,,,,,,,,,,,,,archive_pdf,final_premiership_placings,,
amnd-winter-2011-b-2,contax,,archive:amnd-winter-2011:b-2:contax:none,Contax,4,1,,,,,,,,,,,,,archive_pdf,final_premiership_placings,,
amnd-winter-2011-b-2,pembroke-o-s,,archive:amnd-winter-2011:b-2:pembroke-o-s:none,Pembroke O.S.,5,0,,,,,,,,,,,,,archive_pdf,final_premiership_placings,,
amnd-winter-2011-b-2,semaphore,,archive:amnd-winter-2011:b-2:semaphore:none,Semaphore,6,0,,,,,,,,,,,,,archive_pdf,final_premiership_placings,,
amnd-winter-2011-b-2,heatwave,,archive:amnd-winter-2011:b-2:heatwave:none,Heatwave,7,0,,,,,,,,,,,,,archive_pdf,final_premiership_placings,,
amnd-winter-2011-b-2,norwood-netball-club,,archive:amnd-winter-2011:b-2:norwood-netball-club:none,Newton Jaguars,8,0,,,,,,,,,,,,,archive_pdf,final_premiership_placings,,
amnd-winter-2011-b-2,adelaide-university,,archive:amnd-winter-2011:b-2:adelaide-university:none,Adelaide University,9,0,,,,,,,,,,,,,archive_pdf,final_premiership_placings,,
amnd-winter-2011-b-2,tango-netball-club-inc,,archive:amnd-winter-2011:b-2:tango-netball-club-inc:none,Tango,10,0,,,,,,,,,,,,,archive_pdf,final_premiership_placings,,
amnd-winter-2011-b-3,city-coasters,,archive:amnd-winter-2011:b-3:city-coasters:none,City Coasters,1,1,,,,,,,,,,,,,archive_pdf,final_premiership_placings,,
amnd-winter-2011-b-3,flinders-university,,archive:amnd-winter-2011:b-3:flinders-university:none,Flinders University,2,1,,,,,,,,,,,,,archive_pdf,final_premiership_placings,,
amnd-winter-2011-b-3,adelaide-swish,,archive:amnd-winter-2011:b-3:adelaide-swish:none,Adelaide Swish,3,1,,,,,,,,,,,,,archive_pdf,final_premiership_placings,,
amnd-winter-2011-b-3,seymour-o-c,,archive:amnd-winter-2011:b-3:seymour-o-c:none,Seymour O.C.,4,1,,,,,,,,,,,,,archive_pdf,final_premiership_placings,,
amnd-winter-2011-b-3,contax,,archive:amnd-winter-2011:b-3:contax:none,Contax,5,0,,,,,,,,,,,,,archive_pdf,final_premiership_placings,,
amnd-winter-2011-b-3,cheerio-netball-club,,archive:amnd-winter-2011:b-3:cheerio-netball-club:none,Cheerio,6,0,,,,,,,,,,,,,archive_pdf,final_premiership_placings,,
amnd-winter-2011-b-3,adelaide-wildcats,,archive:amnd-winter-2011:b-3:adelaide-wildcats:none,Adelaide Wildcats,7,0,,,,,,,,,,,,,archive_pdf,final_premiership_placings,,
amnd-winter-2011-b-3,harlequin,,archive:amnd-winter-2011:b-3:harlequin:none,Harlequin,8,0,,,,,,,,,,,,,archive_pdf,final_premiership_placings,,
amnd-winter-2011-b-3,adelaide-cougars,,archive:amnd-winter-2011:b-3:adelaide-cougars:none,Adelaide Cougars,9,0,,,,,,,,,,,,,archive_pdf,final_premiership_placings,,
amnd-winter-2011-b-3,oakdale-netball-club-sa,,archive:amnd-winter-2011:b-3:oakdale-netball-club-sa:none,Oakdale,10,0,,,,,,,,,,,,,archive_pdf,final_premiership_placings,,
amnd-winter-2011-b-4,woods-panthers,,archive:amnd-winter-2011:b-4:woods-panthers:none,Woods Panthers,1,1,,,,,,,,,,,,,archive_pdf,final_premiership_placings,,
amnd-winter-2011-b-4,metro-jets,,archive:amnd-winter-2011:b-4:metro-jets:none,Western Jets,2,1,,,,,,,,,,,,,archive_pdf,final_premiership_placings,,
amnd-winter-2011-b-4,matrics,,archive:amnd-winter-2011:b-4:matrics:none,Matrics,3,1,,,,,,,,,,,,,archive_pdf,final_premiership_placings,,
amnd-winter-2011-b-4,garville,,archive:amnd-winter-2011:b-4:garville:none,Garville,4,1,,,,,,,,,,,,,archive_pdf,final_premiership_placings,,
amnd-winter-2011-b-4,city-coasters,,archive:amnd-winter-2011:b-4:city-coasters:none,City Coasters,5,0,,,,,,,,,,,,,archive_pdf,final_premiership_placings,,
amnd-winter-2011-b-4,flinders-university,,archive:amnd-winter-2011:b-4:flinders-university:none,Flinders University,6,0,,,,,,,,,,,,,archive_pdf,final_premiership_placings,,
amnd-winter-2011-b-4,sacred-heart-o-c,,archive:amnd-winter-2011:b-4:sacred-heart-o-c:none,Sacred Heart O.C.,7,0,,,,,,,,,,,,,archive_pdf,final_premiership_placings,,
amnd-winter-2011-b-4,westminster-o-s,,archive:amnd-winter-2011:b-4:westminster-o-s:none,Westminster O.S.,8,0,,,,,,,,,,,,,archive_pdf,final_premiership_placings,,
amnd-winter-2011-b-4,adelaide-university,,archive:amnd-winter-2011:b-4:adelaide-university:none,Adelaide University,9,0,,,,,,,,,,,,,archive_pdf,final_premiership_placings,,
amnd-winter-2011-b-4,adelaide-wildcats,,archive:amnd-winter-2011:b-4:adelaide-wildcats:none,Adelaide Wildcats,10,0,,,,,,,,,,,,,archive_pdf,final_premiership_placings,,
amnd-winter-2011-b-5,cheerio-netball-club,,archive:amnd-winter-2011:b-5:cheerio-netball-club:none,Cheerio,1,1,,,,,,,,,,,,,archive_pdf,final_premiership_placings,,
amnd-winter-2011-b-5,matrics,,archive:amnd-winter-2011:b-5:matrics:none,Matrics,2,1,,,,,,,,,,,,,archive_pdf,final_premiership_placings,,
amnd-winter-2011-b-5,walkerville,,archive:amnd-winter-2011:b-5:walkerville:none,Walkerville Cats,3,1,,,,,,,,,,,,,archive_pdf,final_premiership_placings,,
amnd-winter-2011-b-5,immanuel-doves,,archive:amnd-winter-2011:b-5:immanuel-doves:none,Immanuel Doves,4,1,,,,,,,,,,,,,archive_pdf,final_premiership_placings,,
amnd-winter-2011-b-5,old-ignatians,,archive:amnd-winter-2011:b-5:old-ignatians:none,Old Ignatians,5,0,,,,,,,,,,,,,archive_pdf,final_premiership_placings,,
amnd-winter-2011-b-5,oakdale-netball-club-sa,,archive:amnd-winter-2011:b-5:oakdale-netball-club-sa:none,Phoenix,6,0,,,,,,,,,,,,,archive_pdf,final_premiership_placings,,
amnd-winter-2011-b-5,garville,,archive:amnd-winter-2011:b-5:garville:none,Garville,7,0,,,,,,,,,,,,,archive_pdf,final_premiership_placings,,
amnd-winter-2011-b-5,adelaide-wildcats,,archive:amnd-winter-2011:b-5:adelaide-wildcats:none,Adelaide Wildcats,8,0,,,,,,,,,,,,,archive_pdf,final_premiership_placings,,
amnd-winter-2011-b-5,contax,,archive:amnd-winter-2011:b-5:contax:none,Contax,9,0,,,,,,,,,,,,,archive_pdf,final_premiership_placings,,
amnd-winter-2011-b-5,adelaide-university,,archive:amnd-winter-2011:b-5:adelaide-university:none,Adelaide University,10,0,,,,,,,,,,,,,archive_pdf,final_premiership_placings,,
amnd-winter-2011-c-1,adelaide-cougars,,archive:amnd-winter-2011:c-1:adelaide-cougars:none,Adelaide Cougars,1,1,,,,,,,,,,,,,archive_pdf,final_premiership_placings,,
amnd-winter-2011-c-1,pembroke-o-s,,archive:amnd-winter-2011:c-1:pembroke-o-s:none,Pembroke O.S.,2,1,,,,,,,,,,,,,archive_pdf,final_premiership_placings,,
amnd-winter-2011-c-1,walkerville,,archive:amnd-winter-2011:c-1:walkerville:none,Walkerville Cats,3,1,,,,,,,,,,,,,archive_pdf,final_premiership_placings,,
amnd-winter-2011-c-1,metro-jets,,archive:amnd-winter-2011:c-1:metro-jets:none,Western Jets,4,1,,,,,,,,,,,,,archive_pdf,final_premiership_placings,,
amnd-winter-2011-c-1,norwood-netball-club,,archive:amnd-winter-2011:c-1:norwood-netball-club:none,Newton Jaguars,5,0,,,,,,,,,,,,,archive_pdf,final_premiership_placings,,
amnd-winter-2011-c-1,adelaide-university,,archive:amnd-winter-2011:c-1:adelaide-university:none,Adelaide University,6,0,,,,,,,,,,,,,archive_pdf,final_premiership_placings,,
amnd-winter-2011-c-1,harlequin,,archive:amnd-winter-2011:c-1:harlequin:none,Harlequin,7,0,,,,,,,,,,,,,archive_pdf,final_premiership_placings,,
amnd-winter-2011-c-1,cheerio-netball-club,,archive:amnd-winter-2011:c-1:cheerio-netball-club:none,Cheerio,8,0,,,,,,,,,,,,,archive_pdf,final_premiership_placings,,
amnd-winter-2011-c-1,city-coasters,,archive:amnd-winter-2011:c-1:city-coasters:none,City Coasters,9,0,,,,,,,,,,,,,archive_pdf,final_premiership_placings,,
amnd-winter-2011-c-1,flinders-university,,archive:amnd-winter-2011:c-1:flinders-university:none,Flinders University,10,0,,,,,,,,,,,,,archive_pdf,final_premiership_placings,,
amnd-winter-2011-c-2,mercedes-o-s,,archive:amnd-winter-2011:c-2:mercedes-o-s:none,Mercedes O.S.,1,1,,,,,,,,,,,,,archive_pdf,final_premiership_placings,,
amnd-winter-2011-c-2,oakdale-netball-club-sa,,archive:amnd-winter-2011:c-2:oakdale-netball-club-sa:none,Oakdale,2,1,,,,,,,,,,,,,archive_pdf,final_premiership_placings,,
amnd-winter-2011-c-2,city-coasters,,archive:amnd-winter-2011:c-2:city-coasters:none,City Coasters,3,1,,,,,,,,,,,,,archive_pdf,final_premiership_placings,,
amnd-winter-2011-c-2,pembroke-o-s,,archive:amnd-winter-2011:c-2:pembroke-o-s:none,Pembroke O.S.,4,1,,,,,,,,,,,,,archive_pdf,final_premiership_placings,,
amnd-winter-2011-c-2,semaphore,,archive:amnd-winter-2011:c-2:semaphore:none,Semaphore,5,0,,,,,,,,,,,,,archive_pdf,final_premiership_placings,,
amnd-winter-2011-c-2,walkerville,,archive:amnd-winter-2011:c-2:walkerville:none,Walkerville Cats,6,0,,,,,,,,,,,,,archive_pdf,final_premiership_placings,,
amnd-winter-2011-c-2,garville,,archive:amnd-winter-2011:c-2:garville:none,Garville,7,0,,,,,,,,,,,,,archive_pdf,final_premiership_placings,,
amnd-winter-2011-c-2,woods-panthers,,archive:amnd-winter-2011:c-2:woods-panthers:none,Woods Panthers,8,0,,,,,,,,,,,,,archive_pdf,final_premiership_placings,,
amnd-winter-2011-c-2,sacred-heart-o-c,,archive:amnd-winter-2011:c-2:sacred-heart-o-c:none,Sacred Heart O.C.,9,0,,,,,,,,,,,,,archive_pdf,final_premiership_placings,,
amnd-winter-2011-c-2,westminster-o-s,,archive:amnd-winter-2011:c-2:westminster-o-s:none,Westminster O.S.,10,0,,,,,,,,,,,,,archive_pdf,final_premiership_placings,,
amnd-winter-2011-c-3,matrics,,archive:amnd-winter-2011:c-3:matrics:none,Matrics,1,1,,,,,,,,,,,,,archive_pdf,final_premiership_placings,,
amnd-winter-2011-c-3,cheerio-netball-club,,archive:amnd-winter-2011:c-3:cheerio-netball-club:none,Cheerio,2,1,,,,,,,,,,,,,archive_pdf,final_premiership_placings,,
amnd-winter-2011-c-3,adelaide-wildcats,,archive:amnd-winter-2011:c-3:adelaide-wildcats:none,Adelaide Wildcats,3,1,,,,,,,,,,,,,archive_pdf,final_premiership_placings,,
amnd-winter-2011-c-3,old-ignatians,,archive:amnd-winter-2011:c-3:old-ignatians:none,Old Ignatians,4,1,,,,,,,,,,,,,archive_pdf,final_premiership_placings,,
amnd-winter-2011-c-3,walkerville,,archive:amnd-winter-2011:c-3:walkerville:none,Walkerville Cats,5,0,,,,,,,,,,,,,archive_pdf,final_premiership_placings,,
amnd-winter-2011-c-3,adelaide-university,,archive:amnd-winter-2011:c-3:adelaide-university:none,Adelaide University,6,0,,,,,,,,,,,,,archive_pdf,final_premiership_placings,,
amnd-winter-2011-c-3,woods-panthers,,archive:amnd-winter-2011:c-3:woods-panthers:none,Woods Panthers,7,0,,,,,,,,,,,,,archive_pdf,final_premiership_placings,,
amnd-winter-2011-c-3,metro-jets,,archive:amnd-winter-2011:c-3:metro-jets:none,Western Jets,8,0,,,,,,,,,,,,,archive_pdf,final_premiership_placings,,
amnd-winter-2011-c-4,cheerio-netball-club,,archive:amnd-winter-2011:c-4:cheerio-netball-club:none,Cheerio,1,1,,,,,,,,,,,,,archive_pdf,final_premiership_placings,,
amnd-winter-2011-c-4,adelaide-wildcats,,archive:amnd-winter-2011:c-4:adelaide-wildcats:none,Adelaide Wildcats,2,1,,,,,,,,,,,,,archive_pdf,final_premiership_placings,,
amnd-winter-2011-c-4,city-coasters,1,archive:amnd-winter-2011:c-4:city-coasters:1,City Coasters,3,1,,,,,,,,,,,,,archive_pdf,final_premiership_placings,,
amnd-winter-2011-c-4,city-coasters,2,archive:amnd-winter-2011:c-4:city-coasters:2,City Coasters,4,1,,,,,,,,,,,,,archive_pdf,final_premiership_placings,,
amnd-winter-2011-c-4,old-ignatians,,archive:amnd-winter-2011:c-4:old-ignatians:none,Old Ignatians,5,0,,,,,,,,,,,,,archive_pdf,final_premiership_placings,,
amnd-winter-2011-c-4,semaphore,,archive:amnd-winter-2011:c-4:semaphore:none,Semaphore,6,0,,,,,,,,,,,,,archive_pdf,final_premiership_placings,,
amnd-winter-2011-c-4,walkerville,,archive:amnd-winter-2011:c-4:walkerville:none,Walkerville Cats,7,0,,,,,,,,,,,,,archive_pdf,final_premiership_placings,,
amnd-winter-2011-c-4,adelaide-university,1,archive:amnd-winter-2011:c-4:adelaide-university:1,Adelaide Uni.,8,0,,,,,,,,,,,,,archive_pdf,final_premiership_placings,,
amnd-winter-2011-c-4,adelaide-university,2,archive:amnd-winter-2011:c-4:adelaide-university:2,Adelaide Uni.,9,0,,,,,,,,,,,,,archive_pdf,final_premiership_placings,,
amnd-winter-2011-c-5,flinders-university,,archive:amnd-winter-2011:c-5:flinders-university:none,Flinders University,1,1,,,,,,,,,,,,,archive_pdf,final_premiership_placings,,
amnd-winter-2011-c-5,morphettville-park,,archive:amnd-winter-2011:c-5:morphettville-park:none,Morphettville Park,2,1,,,,,,,,,,,,,archive_pdf,final_premiership_placings,,
amnd-winter-2011-c-5,mercedes-o-s,,archive:amnd-winter-2011:c-5:mercedes-o-s:none,Mercedes O.S.,3,1,,,,,,,,,,,,,archive_pdf,final_premiership_placings,,
amnd-winter-2011-c-5,walkerville,,archive:amnd-winter-2011:c-5:walkerville:none,Walkerville Cats,4,1,,,,,,,,,,,,,archive_pdf,final_premiership_placings,,
amnd-winter-2011-c-5,pembroke-o-s,,archive:amnd-winter-2011:c-5:pembroke-o-s:none,Pembroke O.S.,5,0,,,,,,,,,,,,,archive_pdf,final_premiership_placings,,
amnd-winter-2011-c-5,old-ignatians,,archive:amnd-winter-2011:c-5:old-ignatians:none,Old Ignatians,6,0,,,,,,,,,,,,,archive_pdf,final_premiership_placings,,
amnd-winter-2011-c-5,metro-jets,,archive:amnd-winter-2011:c-5:metro-jets:none,Western Jets,7,0,,,,,,,,,,,,,archive_pdf,final_premiership_placings,,
amnd-winter-2011-c-5,adelaide-university,,archive:amnd-winter-2011:c-5:adelaide-university:none,Adelaide University,8,0,,,,,,,,,,,,,archive_pdf,final_premiership_placings,,
amnd-winter-2011-c-6,norwood-netball-club,,archive:amnd-winter-2011:c-6:norwood-netball-club:none,Newton Jaguars,1,1,,,,,,,,,,,,,archive_pdf,final_premiership_placings,,
amnd-winter-2011-c-6,matrics,,archive:amnd-winter-2011:c-6:matrics:none,Matrics,2,1,,,,,,,,,,,,,archive_pdf,final_premiership_placings,,
amnd-winter-2011-c-6,woods-panthers,,archive:amnd-winter-2011:c-6:woods-panthers:none,Woods Panthers,3,1,,,,,,,,,,,,,archive_pdf,final_premiership_placings,,
amnd-winter-2011-c-6,harlequin,,archive:amnd-winter-2011:c-6:harlequin:none,Harlequin,4,1,,,,,,,,,,,,,archive_pdf,final_premiership_placings,,
amnd-winter-2011-c-6,contax,,archive:amnd-winter-2011:c-6:contax:none,Contax,5,0,,,,,,,,,,,,,archive_pdf,final_premiership_placings,,
amnd-winter-2011-c-6,semaphore,,archive:amnd-winter-2011:c-6:semaphore:none,Semaphore,6,0,,,,,,,,,,,,,archive_pdf,final_premiership_placings,,
amnd-winter-2011-inter-1,contax,,archive:amnd-winter-2011:inter-1:contax:none,Contax,1,1,,,,,,,,,,,,,archive_pdf,final_premiership_placings,,
amnd-winter-2011-inter-1,adelaide-cougars,,archive:amnd-winter-2011:inter-1:adelaide-cougars:none,Adelaide Cougars,2,1,,,,,,,,,,,,,archive_pdf,final_premiership_placings,,
amnd-winter-2011-inter-1,garville,,archive:amnd-winter-2011:inter-1:garville:none,Garville,3,1,,,,,,,,,,,,,archive_pdf,final_premiership_placings,,
amnd-winter-2011-inter-1,harlequin,,archive:amnd-winter-2011:inter-1:harlequin:none,Harlequin,4,1,,,,,,,,,,,,,archive_pdf,final_premiership_placings,,
amnd-winter-2011-inter-1,tango-netball-club-inc,,archive:amnd-winter-2011:inter-1:tango-netball-club-inc:none,Tango,5,0,,,,,,,,,,,,,archive_pdf,final_premiership_placings,,
amnd-winter-2011-inter-1,oakdale-netball-club-sa,,archive:amnd-winter-2011:inter-1:oakdale-netball-club-sa:none,Oakdale,6,0,,,,,,,,,,,,,archive_pdf,final_premiership_placings,,
amnd-winter-2011-inter-1,woods-panthers,,archive:amnd-winter-2011:inter-1:woods-panthers:none,Woods Panthers,7,0,,,,,,,,,,,,,archive_pdf,final_premiership_placings,,
amnd-winter-2011-inter-1,matrics,,archive:amnd-winter-2011:inter-1:matrics:none,Matrics,8,0,,,,,,,,,,,,,archive_pdf,final_premiership_placings,,
amnd-winter-2011-inter-1,norwood-netball-club,,archive:amnd-winter-2011:inter-1:norwood-netball-club:none,Newton Jaguars,9,0,,,,,,,,,,,,,archive_pdf,final_premiership_placings,,
amnd-winter-2011-inter-2,contax,2,archive:amnd-winter-2011:inter-2:contax:2,Contax,1,1,,,,,,,,,,,,,archive_pdf,final_premiership_placings,,
amnd-winter-2011-inter-2,garville,,archive:amnd-winter-2011:inter-2:garville:none,Garville,2,1,,,,,,,,,,,,,archive_pdf,final_premiership_placings,,
amnd-winter-2011-inter-2,contax,1,archive:amnd-winter-2011:inter-2:contax:1,Contax,3,1,,,,,,,,,,,,,archive_pdf,final_premiership_placings,,
amnd-winter-2011-inter-2,harlequin,,archive:amnd-winter-2011:inter-2:harlequin:none,Harlequin,4,1,,,,,,,,,,,,,archive_pdf,final_premiership_placings,,
amnd-winter-2011-inter-2,norwood-netball-club,,archive:amnd-winter-2011:inter-2:norwood-netball-club:none,Newton Jaguars,5,0,,,,,,,,,,,,,archive_pdf,final_premiership_placings,,
amnd-winter-2011-inter-2,matrics,,archive:amnd-winter-2011:inter-2:matrics:none,Matrics,6,0,,,,,,,,,,,,,archive_pdf,final_premiership_placings,,
amnd-winter-2011-inter-2,tango-netball-club-inc,,archive:amnd-winter-2011:inter-2:tango-netball-club-inc:none,Tango,7,0,,,,,,,,,,,,,archive_pdf,final_premiership_placings,,
amnd-winter-2011-inter-2,oakdale-netball-club-sa,,archive:amnd-winter-2011:inter-2:oakdale-netball-club-sa:none,Oakdale,8,0,,,,,,,,,,,,,archive_pdf,final_premiership_placings,,
amnd-winter-2011-inter-2,adelaide-cougars,,archive:amnd-winter-2011:inter-2:adelaide-cougars:none,Adelaide Cougars,9,0,,,,,,,,,,,,,archive_pdf,final_premiership_placings,,
amnd-winter-2011-inter-2,woods-panthers,,archive:amnd-winter-2011:inter-2:woods-panthers:none,Woods Panthers,10,0,,,,,,,,,,,,,archive_pdf,final_premiership_placings,,
amnd-winter-2011-inter-3,contax,,archive:amnd-winter-2011:inter-3:contax:none,Contax,1,1,,,,,,,,,,,,,archive_pdf,final_premiership_placings,,
amnd-winter-2011-inter-3,cheerio-netball-club,,archive:amnd-winter-2011:inter-3:cheerio-netball-club:none,Cheerio,2,1,,,,,,,,,,,,,archive_pdf,final_premiership_placings,,
amnd-winter-2011-inter-3,adelaide-wildcats,,archive:amnd-winter-2011:inter-3:adelaide-wildcats:none,Adelaide Wildcats,3,1,,,,,,,,,,,,,archive_pdf,final_premiership_placings,,
amnd-winter-2011-inter-3,metro-jets,,archive:amnd-winter-2011:inter-3:metro-jets:none,Western Jets,4,1,,,,,,,,,,,,,archive_pdf,final_premiership_placings,,
amnd-winter-2011-inter-3,adelaide-cougars,,archive:amnd-winter-2011:inter-3:adelaide-cougars:none,Adelaide Cougars,5,0,,,,,,,,,,,,,archive_pdf,final_premiership_placings,,
amnd-winter-2011-inter-3,oakdale-netball-club-sa,,archive:amnd-winter-2011:inter-3:oakdale-netball-club-sa:none,Oakdale,6,0,,,,,,,,,,,,,archive_pdf,final_premiership_placings,,
amnd-winter-2011-inter-3,garville,,archive:amnd-winter-2011:inter-3:garville:none,Garville,7,0,,,,,,,,,,,,,archive_pdf,final_premiership_placings,,
amnd-winter-2011-inter-3,norwood-netball-club,,archive:amnd-winter-2011:inter-3:norwood-netball-club:none,Newton Jaguars,8,0,,,,,,,,,,,,,archive_pdf,final_premiership_placings,,
amnd-winter-2011-inter-3,tango-netball-club-inc,,archive:amnd-winter-2011:inter-3:tango-netball-club-inc:none,Tango,9,0,,,,,,,,,,,,,archive_pdf,final_premiership_placings,,
amnd-winter-2011-inter-3,woods-panthers,,archive:amnd-winter-2011:inter-3:woods-panthers:none,Woods Panthers,10,0,,,,,,,,,,,,,archive_pdf,final_premiership_placings,,
amnd-winter-2011-inter-4,garville,,archive:amnd-winter-2011:inter-4:garville:none,Garville,1,1,,,,,,,,,,,,,archive_pdf,final_premiership_placings,,
amnd-winter-2011-inter-4,contax,,archive:amnd-winter-2011:inter-4:contax:none,Contax,2,1,,,,,,,,,,,,,archive_pdf,final_premiership_placings,,
amnd-winter-2011-inter-4,adelaide-cougars,,archive:amnd-winter-2011:inter-4:adelaide-cougars:none,Adelaide Cougars,3,1,,,,,,,,,,,,,archive_pdf,final_premiership_placings,,
amnd-winter-2011-inter-4,adelaide-wildcats,,archive:amnd-winter-2011:inter-4:adelaide-wildcats:none,Adelaide Wildcats,4,1,,,,,,,,,,,,,archive_pdf,final_premiership_placings,,
amnd-winter-2011-inter-4,harlequin,,archive:amnd-winter-2011:inter-4:harlequin:none,Harlequin,5,0,,,,,,,,,,,,,archive_pdf,final_premiership_placings,,
amnd-winter-2011-inter-4,cheerio-netball-club,,archive:amnd-winter-2011:inter-4:cheerio-netball-club:none,Cheerio,6,0,,,,,,,,,,,,,archive_pdf,final_premiership_placings,,
amnd-winter-2011-inter-5,oakdale-netball-club-sa,,archive:amnd-winter-2011:inter-5:oakdale-netball-club-sa:none,Oakdale,1,1,,,,,,,,,,,,,archive_pdf,final_premiership_placings,,
amnd-winter-2011-inter-5,matrics,,archive:amnd-winter-2011:inter-5:matrics:none,Matrics,2,1,,,,,,,,,,,,,archive_pdf,final_premiership_placings,,
amnd-winter-2011-inter-5,woods-panthers,1,archive:amnd-winter-2011:inter-5:woods-panthers:1,Woods Panthers,3,1,,,,,,,,,,,,,archive_pdf,final_premiership_placings,,
amnd-winter-2011-inter-5,garville,,archive:amnd-winter-2011:inter-5:garville:none,Garville,4,1,,,,,,,,,,,,,archive_pdf,final_premiership_placings,,
amnd-winter-2011-inter-5,semaphore,,archive:amnd-winter-2011:inter-5:semaphore:none,Semaphore,5,0,,,,,,,,,,,,,archive_pdf,final_premiership_placings,,
amnd-winter-2011-inter-5,adelaide-cougars,,archive:amnd-winter-2011:inter-5:adelaide-cougars:none,Adelaide Cougars,6,0,,,,,,,,,,,,,archive_pdf,final_premiership_placings,,
amnd-winter-2011-inter-5,woods-panthers,2,archive:amnd-winter-2011:inter-5:woods-panthers:2,Woods Panthers,7,0,,,,,,,,,,,,,archive_pdf,final_premiership_placings,,
amnd-winter-2011-inter-6,norwood-netball-club,,archive:amnd-winter-2011:inter-6:norwood-netball-club:none,Newton Jaguars,1,1,,,,,,,,,,,,,archive_pdf,final_premiership_placings,,
amnd-winter-2011-inter-6,adelaide-cougars,,archive:amnd-winter-2011:inter-6:adelaide-cougars:none,Adelaide Cougars,2,1,,,,,,,,,,,,,archive_pdf,final_premiership_placings,,
amnd-winter-2011-inter-6,metro-jets,,archive:amnd-winter-2011:inter-6:metro-jets:none,Western Jets,3,1,,,,,,,,,,,,,archive_pdf,final_premiership_placings,,
amnd-winter-2011-inter-6,semaphore,,archive:amnd-winter-2011:inter-6:semaphore:none,Semaphore,4,1,,,,,,,,,,,,,archive_pdf,final_premiership_placings,,
amnd-winter-2011-inter-6,cheerio-netball-club,,archive:amnd-winter-2011:inter-6:cheerio-netball-club:none,Cheerio,5,0,,,,,,,,,,,,,archive_pdf,final_premiership_placings,,
amnd-winter-2011-inter-6,oakdale-netball-club-sa,,archive:amnd-winter-2011:inter-6:oakdale-netball-club-sa:none,Oakdale,6,0,,,,,,,,,,,,,archive_pdf,final_premiership_placings,,
amnd-winter-2011-junior-1,contax,,archive:amnd-winter-2011:junior-1:contax:none,Contax,1,1,,,,,,,,,,,,,archive_pdf,final_premiership_placings,,
amnd-winter-2011-junior-1,matrics,,archive:amnd-winter-2011:junior-1:matrics:none,Matrics,2,1,,,,,,,,,,,,,archive_pdf,final_premiership_placings,,
amnd-winter-2011-junior-1,harlequin,,archive:amnd-winter-2011:junior-1:harlequin:none,Harlequin,3,1,,,,,,,,,,,,,archive_pdf,final_premiership_placings,,
amnd-winter-2011-junior-1,oakdale-netball-club-sa,,archive:amnd-winter-2011:junior-1:oakdale-netball-club-sa:none,Oakdale,4,1,,,,,,,,,,,,,archive_pdf,final_premiership_placings,,
amnd-winter-2011-junior-1,woods-panthers,,archive:amnd-winter-2011:junior-1:woods-panthers:none,Woods Panthers,5,0,,,,,,,,,,,,,archive_pdf,final_premiership_placings,,
amnd-winter-2011-junior-1,tango-netball-club-inc,,archive:amnd-winter-2011:junior-1:tango-netball-club-inc:none,Tango,6,0,,,,,,,,,,,,,archive_pdf,final_premiership_placings,,
amnd-winter-2011-junior-1,garville,,archive:amnd-winter-2011:junior-1:garville:none,Garville,7,0,,,,,,,,,,,,,archive_pdf,final_premiership_placings,,
amnd-winter-2011-junior-1,adelaide-cougars,,archive:amnd-winter-2011:junior-1:adelaide-cougars:none,Adelaide Cougars,8,0,,,,,,,,,,,,,archive_pdf,final_premiership_placings,,
amnd-winter-2011-junior-2,contax,,archive:amnd-winter-2011:junior-2:contax:none,Contax,1,1,,,,,,,,,,,,,archive_pdf,final_premiership_placings,,
amnd-winter-2011-junior-2,metro-jets,,archive:amnd-winter-2011:junior-2:metro-jets:none,Western Jets,2,1,,,,,,,,,,,,,archive_pdf,final_premiership_placings,,
amnd-winter-2011-junior-2,oakdale-netball-club-sa,,archive:amnd-winter-2011:junior-2:oakdale-netball-club-sa:none,Oakdale,3,1,,,,,,,,,,,,,archive_pdf,final_premiership_placings,,
amnd-winter-2011-junior-2,matrics,,archive:amnd-winter-2011:junior-2:matrics:none,Matrics,4,1,,,,,,,,,,,,,archive_pdf,final_premiership_placings,,
amnd-winter-2011-junior-2,woods-panthers,,archive:amnd-winter-2011:junior-2:woods-panthers:none,Woods Panthers,5,0,,,,,,,,,,,,,archive_pdf,final_premiership_placings,,
amnd-winter-2011-junior-2,norwood-netball-club,,archive:amnd-winter-2011:junior-2:norwood-netball-club:none,Newton Jaguars,6,0,,,,,,,,,,,,,archive_pdf,final_premiership_placings,,
amnd-winter-2011-junior-2,tango-netball-club-inc,,archive:amnd-winter-2011:junior-2:tango-netball-club-inc:none,Tango,7,0,,,,,,,,,,,,,archive_pdf,final_premiership_placings,,
amnd-winter-2011-junior-2,garville,,archive:amnd-winter-2011:junior-2:garville:none,Garville,8,0,,,,,,,,,,,,,archive_pdf,final_premiership_placings,,
amnd-winter-2011-junior-3,metro-jets,1,archive:amnd-winter-2011:junior-3:metro-jets:1,Western Jets,1,1,,,,,,,,,,,,,archive_pdf,final_premiership_placings,,
amnd-winter-2011-junior-3,metro-jets,2,archive:amnd-winter-2011:junior-3:metro-jets:2,Western Jets,2,1,,,,,,,,,,,,,archive_pdf,final_premiership_placings,,
amnd-winter-2011-junior-3,contax,,archive:amnd-winter-2011:junior-3:contax:none,Contax,3,1,,,,,,,,,,,,,archive_pdf,final_premiership_placings,,
amnd-winter-2011-junior-3,matrics,,archive:amnd-winter-2011:junior-3:matrics:none,Matrics,4,1,,,,,,,,,,,,,archive_pdf,final_premiership_placings,,
amnd-winter-2011-junior-3,woods-panthers,,archive:amnd-winter-2011:junior-3:woods-panthers:none,Woods Panthers,5,0,,,,,,,,,,,,,archive_pdf,final_premiership_placings,,
amnd-winter-2011-junior-3,adelaide-cougars,,archive:amnd-winter-2011:junior-3:adelaide-cougars:none,Adelaide Cougars,6,0,,,,,,,,,,,,,archive_pdf,final_premiership_placings,,
amnd-winter-2011-junior-4,oakdale-netball-club-sa,,archive:amnd-winter-2011:junior-4:oakdale-netball-club-sa:none,Oakdale,1,1,,,,,,,,,,,,,archive_pdf,final_premiership_placings,,
amnd-winter-2011-junior-4,tango-netball-club-inc,1,archive:amnd-winter-2011:junior-4:tango-netball-club-inc:1,Tango,2,1,,,,,,,,,,,,,archive_pdf,final_premiership_placings,,
amnd-winter-2011-junior-4,tango-netball-club-inc,2,archive:amnd-winter-2011:junior-4:tango-netball-club-inc:2,Tango,3,1,,,,,,,,,,,,,archive_pdf,final_premiership_placings,,
amnd-winter-2011-junior-4,woods-panthers,,archive:amnd-winter-2011:junior-4:woods-panthers:none,Woods Panthers,4,1,,,,,,,,,,,,,archive_pdf,final_premiership_placings,,
amnd-winter-2011-junior-4,metro-jets,,archive:amnd-winter-2011:junior-4:metro-jets:none,Western Jets,5,0,,,,,,,,,,,,,archive_pdf,final_premiership_placings,,
amnd-winter-2011-junior-4,cheerio-netball-club,,archive:amnd-winter-2011:junior-4:cheerio-netball-club:none,Cheerio,6,0,,,,,,,,,,,,,archive_pdf,final_premiership_placings,,
amnd-winter-2011-junior-4,matrics,,archive:amnd-winter-2011:junior-4:matrics:none,Matrics,7,0,,,,,,,,,,,,,archive_pdf,final_premiership_placings,,
amnd-winter-2011-junior-4,contax,,archive:amnd-winter-2011:junior-4:contax:none,Contax,8,0,,,,,,,,,,,,,archive_pdf,final_premiership_placings,,
amnd-winter-2011-junior-5,adelaide-cougars,,archive:amnd-winter-2011:junior-5:adelaide-cougars:none,Adelaide Cougars,1,1,,,,,,,,,,,,,archive_pdf,final_premiership_placings,,
amnd-winter-2011-junior-5,norwood-netball-club,,archive:amnd-winter-2011:junior-5:norwood-netball-club:none,Newton Jaguars,2,1,,,,,,,,,,,,,archive_pdf,final_premiership_placings,,
amnd-winter-2011-junior-5,metro-jets,,archive:amnd-winter-2011:junior-5:metro-jets:none,Western Jets,3,1,,,,,,,,,,,,,archive_pdf,final_premiership_placings,,
amnd-winter-2011-junior-5,noarlunga,,archive:amnd-winter-2011:junior-5:noarlunga:none,Noarlunga,4,1,,,,,,,,,,,,,archive_pdf,final_premiership_placings,,
amnd-winter-2011-junior-5,harlequin,,archive:amnd-winter-2011:junior-5:harlequin:none,Harlequin,5,0,,,,,,,,,,,,,archive_pdf,final_premiership_placings,,
amnd-winter-2011-junior-5,woods-panthers,,archive:amnd-winter-2011:junior-5:woods-panthers:none,Woods Panthers,6,0,,,,,,,,,,,,,archive_pdf,final_premiership_placings,,
amnd-winter-2011-junior-5,garville,,archive:amnd-winter-2011:junior-5:garville:none,Garville,7,0,,,,,,,,,,,,,archive_pdf,final_premiership_placings,,
amnd-winter-2011-junior-5,sa-ladybirds,,archive:amnd-winter-2011:junior-5:sa-ladybirds:none,SA Ladybirds,8,0,,,,,,,,,,,,,archive_pdf,final_premiership_placings,,
amnd-winter-2011-junior-6,norwood-netball-club,,archive:amnd-winter-2011:junior-6:norwood-netball-club:none,Newton Jaguars,1,1,,,,,,,,,,,,,archive_pdf,final_premiership_placings,,
amnd-winter-2011-junior-6,adelaide-cougars,,archive:amnd-winter-2011:junior-6:adelaide-cougars:none,Adelaide Cougars,2,1,,,,,,,,,,,,,archive_pdf,final_premiership_placings,,
amnd-winter-2011-junior-6,harlequin,,archive:amnd-winter-2011:junior-6:harlequin:none,Harlequin,3,1,,,,,,,,,,,,,archive_pdf,final_premiership_placings,,
amnd-winter-2011-junior-6,noarlunga,,archive:amnd-winter-2011:junior-6:noarlunga:none,Noarlunga,4,1,,,,,,,,,,,,,archive_pdf,final_premiership_placings,,
amnd-winter-2011-junior-6,northeast-zodiac,,archive:amnd-winter-2011:junior-6:northeast-zodiac:none,Northeast Zodiacs,5,0,,,,,,,,,,,,,archive_pdf,final_premiership_placings,,
amnd-winter-2011-junior-6,contax,,archive:amnd-winter-2011:junior-6:contax:none,Contax,6,0,,,,,,,,,,,,,archive_pdf,final_premiership_placings,,
amnd-winter-2011-junior-6,woods-panthers,,archive:amnd-winter-2011:junior-6:woods-panthers:none,Woods Panthers,7,0,,,,,,,,,,,,,archive_pdf,final_premiership_placings,,
amnd-winter-2011-junior-6,tango-netball-club-inc,,archive:amnd-winter-2011:junior-6:tango-netball-club-inc:none,Tango,8,0,,,,,,,,,,,,,archive_pdf,final_premiership_placings,,
amnd-winter-2011-junior-7,metro-jets,1,archive:amnd-winter-2011:junior-7:metro-jets:1,Western Jets,1,1,,,,,,,,,,,,,archive_pdf,final_premiership_placings,,
amnd-winter-2011-junior-7,oakdale-netball-club-sa,,archive:amnd-winter-2011:junior-7:oakdale-netball-club-sa:none,Oakdale,2,1,,,,,,,,,,,,,archive_pdf,final_premiership_placings,,
amnd-winter-2011-junior-7,garville,,archive:amnd-winter-2011:junior-7:garville:none,Garville,3,1,,,,,,,,,,,,,archive_pdf,final_premiership_placings,,
amnd-winter-2011-junior-7,matrics,,archive:amnd-winter-2011:junior-7:matrics:none,Matrics,4,1,,,,,,,,,,,,,archive_pdf,final_premiership_placings,,
amnd-winter-2011-junior-7,adelaide-cougars,,archive:amnd-winter-2011:junior-7:adelaide-cougars:none,Adelaide Cougars,5,0,,,,,,,,,,,,,archive_pdf,final_premiership_placings,,
amnd-winter-2011-junior-7,adelaide-wildcats,,archive:amnd-winter-2011:junior-7:adelaide-wildcats:none,Adelaide Wildcats,6,0,,,,,,,,,,,,,archive_pdf,final_premiership_placings,,
amnd-winter-2011-junior-7,norwood-netball-club,,archive:amnd-winter-2011:junior-7:norwood-netball-club:none,Newton Jaguars,7,0,,,,,,,,,,,,,archive_pdf,final_premiership_placings,,
amnd-winter-2011-junior-7,metro-jets,2,archive:amnd-winter-2011:junior-7:metro-jets:2,Western Jets,8,0,,,,,,,,,,,,,archive_pdf,final_premiership_placings,,
amnd-winter-2011-junior-8,norwood-netball-club,,archive:amnd-winter-2011:junior-8:norwood-netball-club:none,Newton Jaguars,1,1,,,,,,,,,,,,,archive_pdf,final_premiership_placings,,
amnd-winter-2011-junior-8,metro-jets,,archive:amnd-winter-2011:junior-8:metro-jets:none,Western Jets,2,1,,,,,,,,,,,,,archive_pdf,final_premiership_placings,,
amnd-winter-2011-junior-8,oakdale-netball-club-sa,,archive:amnd-winter-2011:junior-8:oakdale-netball-club-sa:none,Oakdale,3,1,,,,,,,,,,,,,archive_pdf,final_premiership_placings,,
amnd-winter-2011-junior-8,matrics,,archive:amnd-winter-2011:junior-8:matrics:none,Matrics,4,1,,,,,,,,,,,,,archive_pdf,final_premiership_placings,,
amnd-winter-2011-junior-8,cheerio-netball-club,,archive:amnd-winter-2011:junior-8:cheerio-netball-club:none,Cheerio,5,0,,,,,,,,,,,,,archive_pdf,final_premiership_placings,,
amnd-winter-2011-junior-8,woods-panthers,,archive:amnd-winter-2011:junior-8:woods-panthers:none,Woods Panthers,6,0,,,,,,,,,,,,,archive_pdf,final_premiership_placings,,
amnd-winter-2011-junior-8,garville,,archive:amnd-winter-2011:junior-8:garville:none,Garville,7,0,,,,,,,,,,,,,archive_pdf,final_premiership_placings,,
amnd-winter-2011-primary-1,contax,,archive:amnd-winter-2011:primary-1:contax:none,Contax,1,1,,,,,,,,,,,,,archive_pdf,final_premiership_placings,,
amnd-winter-2011-primary-1,metro-jets,,archive:amnd-winter-2011:primary-1:metro-jets:none,Western Jets,2,1,,,,,,,,,,,,,archive_pdf,final_premiership_placings,,
amnd-winter-2011-primary-1,oakdale-netball-club-sa,,archive:amnd-winter-2011:primary-1:oakdale-netball-club-sa:none,Oakdale,3,1,,,,,,,,,,,,,archive_pdf,final_premiership_placings,,
amnd-winter-2011-primary-1,tango-netball-club-inc,,archive:amnd-winter-2011:primary-1:tango-netball-club-inc:none,Tango,4,1,,,,,,,,,,,,,archive_pdf,final_premiership_placings,,
amnd-winter-2011-primary-1,matrics,,archive:amnd-winter-2011:primary-1:matrics:none,Matrics,5,0,,,,,,,,,,,,,archive_pdf,final_premiership_placings,,
amnd-winter-2011-primary-1,woods-panthers,,archive:amnd-winter-2011:primary-1:woods-panthers:none,Woods Panthers,6,0,,,,,,,,,,,,,archive_pdf,final_premiership_placings,,
amnd-winter-2011-primary-2,norwood-netball-club,,archive:amnd-winter-2011:primary-2:norwood-netball-club:none,Newton Jaguars,1,1,,,,,,,,,,,,,archive_pdf,final_premiership_placings,,
amnd-winter-2011-primary-2,garville,,archive:amnd-winter-2011:primary-2:garville:none,Garville,2,1,,,,,,,,,,,,,archive_pdf,final_premiership_placings,,
amnd-winter-2011-primary-2,metro-jets,,archive:amnd-winter-2011:primary-2:metro-jets:none,Western Jets,3,1,,,,,,,,,,,,,archive_pdf,final_premiership_placings,,
amnd-winter-2011-primary-2,contax,,archive:amnd-winter-2011:primary-2:contax:none,Contax,4,1,,,,,,,,,,,,,archive_pdf,final_premiership_placings,,
amnd-winter-2011-primary-2,oakdale-netball-club-sa,,archive:amnd-winter-2011:primary-2:oakdale-netball-club-sa:none,Oakdale,5,0,,,,,,,,,,,,,archive_pdf,final_premiership_placings,,
amnd-winter-2011-primary-2,adelaide-cougars,,archive:amnd-winter-2011:primary-2:adelaide-cougars:none,Adelaide Cougars,6,0,,,,,,,,,,,,,archive_pdf,final_premiership_placings,,
amnd-winter-2011-primary-3,tango-netball-club-inc,,archive:amnd-winter-2011:primary-3:tango-netball-club-inc:none,Tango,1,1,,,,,,,,,,,,,archive_pdf,final_premiership_placings,,
amnd-winter-2011-primary-3,harlequin,,archive:amnd-winter-2011:primary-3:harlequin:none,Harlequin,2,1,,,,,,,,,,,,,archive_pdf,final_premiership_placings,,
amnd-winter-2011-primary-3,matrics,,archive:amnd-winter-2011:primary-3:matrics:none,Matrics,3,1,,,,,,,,,,,,,archive_pdf,final_premiership_placings,,
amnd-winter-2011-primary-3,contax,,archive:amnd-winter-2011:primary-3:contax:none,Contax,4,1,,,,,,,,,,,,,archive_pdf,final_premiership_placings,,
amnd-winter-2011-primary-3,garville,,archive:amnd-winter-2011:primary-3:garville:none,Garville,5,0,,,,,,,,,,,,,archive_pdf,final_premiership_placings,,
amnd-winter-2011-primary-3,woods-panthers,,archive:amnd-winter-2011:primary-3:woods-panthers:none,Woods Panthers,6,0,,,,,,,,,,,,,archive_pdf,final_premiership_placings,,
amnd-winter-2011-primary-3,metro-jets,,archive:amnd-winter-2011:primary-3:metro-jets:none,Western Jets,7,0,,,,,,,,,,,,,archive_pdf,final_premiership_placings,,
amnd-winter-2011-primary-4,norwood-netball-club,1,archive:amnd-winter-2011:primary-4:norwood-netball-club:1,Newton Jaguars,1,1,,,,,,,,,,,,,archive_pdf,final_premiership_placings,,
amnd-winter-2011-primary-4,matrics,1,archive:amnd-winter-2011:primary-4:matrics:1,Matrics,2,1,,,,,,,,,,,,,archive_pdf,final_premiership_placings,,
amnd-winter-2011-primary-4,metro-jets,,archive:amnd-winter-2011:primary-4:metro-jets:none,Western Jets,3,1,,,,,,,,,,,,,archive_pdf,final_premiership_placings,,
amnd-winter-2011-primary-4,harlequin,,archive:amnd-winter-2011:primary-4:harlequin:none,Harlequin,4,1,,,,,,,,,,,,,archive_pdf,final_premiership_placings,,
amnd-winter-2011-primary-4,matrics,2,archive:amnd-winter-2011:primary-4:matrics:2,Matrics,5,0,,,,,,,,,,,,,archive_pdf,final_premiership_placings,,
amnd-winter-2011-primary-4,norwood-netball-club,2,archive:amnd-winter-2011:primary-4:norwood-netball-club:2,Newton Jaguars,6,0,,,,,,,,,,,,,archive_pdf,final_premiership_placings,,
amnd-winter-2011-primary-4,adelaide-cougars,,archive:amnd-winter-2011:primary-4:adelaide-cougars:none,Adelaide Cougars,7,0,,,,,,,,,,,,,archive_pdf,final_premiership_placings,,
amnd-winter-2011-primary-4,woods-panthers,,archive:amnd-winter-2011:primary-4:woods-panthers:none,Woods Panthers,8,0,,,,,,,,,,,,,archive_pdf,final_premiership_placings,,
amnd-winter-2011-primary-5,adelaide-wildcats,,archive:amnd-winter-2011:primary-5:adelaide-wildcats:none,Adelaide Wildcats,1,1,,,,,,,,,,,,,archive_pdf,final_premiership_placings,,
amnd-winter-2011-primary-5,metro-jets,,archive:amnd-winter-2011:primary-5:metro-jets:none,Western Jets,2,1,,,,,,,,,,,,,archive_pdf,final_premiership_placings,,
amnd-winter-2011-primary-5,contax,,archive:amnd-winter-2011:primary-5:contax:none,Contax,3,1,,,,,,,,,,,,,archive_pdf,final_premiership_placings,,
amnd-winter-2011-primary-5,tango-netball-club-inc,,archive:amnd-winter-2011:primary-5:tango-netball-club-inc:none,Tango,4,1,,,,,,,,,,,,,archive_pdf,final_premiership_placings,,
amnd-winter-2011-primary-5,garville,,archive:amnd-winter-2011:primary-5:garville:none,Garville,5,0,,,,,,,,,,,,,archive_pdf,final_premiership_placings,,
amnd-winter-2011-primary-5,woods-panthers,,archive:amnd-winter-2011:primary-5:woods-panthers:none,Woods Panthers,6,0,,,,,,,,,,,,,archive_pdf,final_premiership_placings,,
amnd-winter-2011-primary-6,norwood-netball-club,,archive:amnd-winter-2011:primary-6:norwood-netball-club:none,Newton Jaguars,1,1,,,,,,,,,,,,,archive_pdf,final_premiership_placings,,
amnd-winter-2011-primary-6,matrics,,archive:amnd-winter-2011:primary-6:matrics:none,Matrics,2,1,,,,,,,,,,,,,archive_pdf,final_premiership_placings,,
amnd-winter-2011-primary-6,cheerio-netball-club,,archive:amnd-winter-2011:primary-6:cheerio-netball-club:none,Cheerio,3,1,,,,,,,,,,,,,archive_pdf,final_premiership_placings,,
amnd-winter-2011-primary-6,adelaide-cougars,,archive:amnd-winter-2011:primary-6:adelaide-cougars:none,Adelaide Cougars,4,1,,,,,,,,,,,,,archive_pdf,final_premiership_placings,,
amnd-winter-2011-primary-6,metro-jets,,archive:amnd-winter-2011:primary-6:metro-jets:none,Western Jets,5,0,,,,,,,,,,,,,archive_pdf,final_premiership_placings,,
amnd-winter-2011-primary-6,garville,,archive:amnd-winter-2011:primary-6:garville:none,Garville,6,0,,,,,,,,,,,,,archive_pdf,final_premiership_placings,,
amnd-winter-2011-primary-7,contax,,archive:amnd-winter-2011:primary-7:contax:none,Contax,1,1,,,,,,,,,,,,,archive_pdf,final_premiership_placings,,
amnd-winter-2011-primary-7,adelaide-wildcats,,archive:amnd-winter-2011:primary-7:adelaide-wildcats:none,Adelaide Wildcats,2,1,,,,,,,,,,,,,archive_pdf,final_premiership_placings,,
amnd-winter-2011-primary-7,matrics,,archive:amnd-winter-2011:primary-7:matrics:none,Matrics,3,1,,,,,,,,,,,,,archive_pdf,final_premiership_placings,,
amnd-winter-2011-primary-7,woods-panthers,,archive:amnd-winter-2011:primary-7:woods-panthers:none,Woods Panthers,4,1,,,,,,,,,,,,,archive_pdf,final_premiership_placings,,
amnd-winter-2011-primary-7,oakdale-netball-club-sa,,archive:amnd-winter-2011:primary-7:oakdale-netball-club-sa:none,Oakdale,5,0,,,,,,,,,,,,,archive_pdf,final_premiership_placings,,
amnd-winter-2011-sub-junior-1,woods-panthers,,archive:amnd-winter-2011:sub-junior-1:woods-panthers:none,Woods Panthers,1,1,,,,,,,,,,,,,archive_pdf,final_premiership_placings,,
amnd-winter-2011-sub-junior-1,contax,,archive:amnd-winter-2011:sub-junior-1:contax:none,Contax,2,1,,,,,,,,,,,,,archive_pdf,final_premiership_placings,,
amnd-winter-2011-sub-junior-1,tango-netball-club-inc,,archive:amnd-winter-2011:sub-junior-1:tango-netball-club-inc:none,Tango,3,1,,,,,,,,,,,,,archive_pdf,final_premiership_placings,,
amnd-winter-2011-sub-junior-1,adelaide-cougars,,archive:amnd-winter-2011:sub-junior-1:adelaide-cougars:none,Adelaide Cougars,4,1,,,,,,,,,,,,,archive_pdf,final_premiership_placings,,
amnd-winter-2011-sub-junior-1,oakdale-netball-club-sa,,archive:amnd-winter-2011:sub-junior-1:oakdale-netball-club-sa:none,Oakdale,5,0,,,,,,,,,,,,,archive_pdf,final_premiership_placings,,
amnd-winter-2011-sub-junior-1,norwood-netball-club,,archive:amnd-winter-2011:sub-junior-1:norwood-netball-club:none,Newton Jaguars,6,0,,,,,,,,,,,,,archive_pdf,final_premiership_placings,,
amnd-winter-2011-sub-junior-1,garville,,archive:amnd-winter-2011:sub-junior-1:garville:none,Garville,7,0,,,,,,,,,,,,,archive_pdf,final_premiership_placings,,
amnd-winter-2011-sub-junior-1,metro-jets,,archive:amnd-winter-2011:sub-junior-1:metro-jets:none,Western Jets,8,0,,,,,,,,,,,,,archive_pdf,final_premiership_placings,,
amnd-winter-2011-sub-junior-2,contax,1,archive:amnd-winter-2011:sub-junior-2:contax:1,Contax,1,1,,,,,,,,,,,,,archive_pdf,final_premiership_placings,,
amnd-winter-2011-sub-junior-2,contax,2,archive:amnd-winter-2011:sub-junior-2:contax:2,Contax,2,1,,,,,,,,,,,,,archive_pdf,final_premiership_placings,,
amnd-winter-2011-sub-junior-2,matrics,,archive:amnd-winter-2011:sub-junior-2:matrics:none,Matrics,3,1,,,,,,,,,,,,,archive_pdf,final_premiership_placings,,
amnd-winter-2011-sub-junior-2,metro-jets,,archive:amnd-winter-2011:sub-junior-2:metro-jets:none,Western Jets,4,1,,,,,,,,,,,,,archive_pdf,final_premiership_placings,,
amnd-winter-2011-sub-junior-2,norwood-netball-club,,archive:amnd-winter-2011:sub-junior-2:norwood-netball-club:none,Newton Jaguars,5,0,,,,,,,,,,,,,archive_pdf,final_premiership_placings,,
amnd-winter-2011-sub-junior-2,woods-panthers,,archive:amnd-winter-2011:sub-junior-2:woods-panthers:none,Woods Panthers,6,0,,,,,,,,,,,,,archive_pdf,final_premiership_placings,,
amnd-winter-2011-sub-junior-2,tango-netball-club-inc,,archive:amnd-winter-2011:sub-junior-2:tango-netball-club-inc:none,Tango,7,0,,,,,,,,,,,,,archive_pdf,final_premiership_placings,,
amnd-winter-2011-sub-junior-2,harlequin,,archive:amnd-winter-2011:sub-junior-2:harlequin:none,Harlequin,8,0,,,,,,,,,,,,,archive_pdf,final_premiership_placings,,
amnd-winter-2011-sub-junior-3,adelaide-cougars,,archive:amnd-winter-2011:sub-junior-3:adelaide-cougars:none,Adelaide Cougars,1,1,,,,,,,,,,,,,archive_pdf,final_premiership_placings,,
amnd-winter-2011-sub-junior-3,matrics,,archive:amnd-winter-2011:sub-junior-3:matrics:none,Matrics,2,1,,,,,,,,,,,,,archive_pdf,final_premiership_placings,,
amnd-winter-2011-sub-junior-3,oakdale-netball-club-sa,,archive:amnd-winter-2011:sub-junior-3:oakdale-netball-club-sa:none,Oakdale,3,1,,,,,,,,,,,,,archive_pdf,final_premiership_placings,,
amnd-winter-2011-sub-junior-3,metro-jets,,archive:amnd-winter-2011:sub-junior-3:metro-jets:none,Western Jets,4,1,,,,,,,,,,,,,archive_pdf,final_premiership_placings,,
amnd-winter-2011-sub-junior-3,contax,,archive:amnd-winter-2011:sub-junior-3:contax:none,Contax,5,0,,,,,,,,,,,,,archive_pdf,final_premiership_placings,,
amnd-winter-2011-sub-junior-3,tango-netball-club-inc,,archive:amnd-winter-2011:sub-junior-3:tango-netball-club-inc:none,Tango,6,0,,,,,,,,,,,,,archive_pdf,final_premiership_placings,,
amnd-winter-2011-sub-junior-3,norwood-netball-club,,archive:amnd-winter-2011:sub-junior-3:norwood-netball-club:none,Newton Jaguars,7,0,,,,,,,,,,,,,archive_pdf,final_premiership_placings,,
amnd-winter-2011-sub-junior-3,garville,,archive:amnd-winter-2011:sub-junior-3:garville:none,Garville,8,0,,,,,,,,,,,,,archive_pdf,final_premiership_placings,,
amnd-winter-2011-sub-junior-4,woods-panthers,,archive:amnd-winter-2011:sub-junior-4:woods-panthers:none,Woods Panthers,1,1,,,,,,,,,,,,,archive_pdf,final_premiership_placings,,
amnd-winter-2011-sub-junior-4,matrics,,archive:amnd-winter-2011:sub-junior-4:matrics:none,Matrics,2,1,,,,,,,,,,,,,archive_pdf,final_premiership_placings,,
amnd-winter-2011-sub-junior-4,norwood-netball-club,,archive:amnd-winter-2011:sub-junior-4:norwood-netball-club:none,Newton Jaguars,3,1,,,,,,,,,,,,,archive_pdf,final_premiership_placings,,
amnd-winter-2011-sub-junior-4,harlequin,,archive:amnd-winter-2011:sub-junior-4:harlequin:none,Harlequin,4,1,,,,,,,,,,,,,archive_pdf,final_premiership_placings,,
amnd-winter-2011-sub-junior-4,garville,,archive:amnd-winter-2011:sub-junior-4:garville:none,Garville,5,0,,,,,,,,,,,,,archive_pdf,final_premiership_placings,,
amnd-winter-2011-sub-junior-4,adelaide-cougars,,archive:amnd-winter-2011:sub-junior-4:adelaide-cougars:none,Adelaide Cougars,6,0,,,,,,,,,,,,,archive_pdf,final_premiership_placings,,
amnd-winter-2011-sub-junior-5,cheerio-netball-club,,archive:amnd-winter-2011:sub-junior-5:cheerio-netball-club:none,Cheerio,1,1,,,,,,,,,,,,,archive_pdf,final_premiership_placings,,
amnd-winter-2011-sub-junior-5,woods-panthers,1,archive:amnd-winter-2011:sub-junior-5:woods-panthers:1,Woods Panthers,2,1,,,,,,,,,,,,,archive_pdf,final_premiership_placings,,
amnd-winter-2011-sub-junior-5,contax,,archive:amnd-winter-2011:sub-junior-5:contax:none,Contax,3,1,,,,,,,,,,,,,archive_pdf,final_premiership_placings,,
amnd-winter-2011-sub-junior-5,metro-jets,,archive:amnd-winter-2011:sub-junior-5:metro-jets:none,Western Jets,4,1,,,,,,,,,,,,,archive_pdf,final_premiership_placings,,
amnd-winter-2011-sub-junior-5,woods-panthers,2,archive:amnd-winter-2011:sub-junior-5:woods-panthers:2,Woods Panthers,5,0,,,,,,,,,,,,,archive_pdf,final_premiership_placings,,
amnd-winter-2011-sub-junior-5,matrics,,archive:amnd-winter-2011:sub-junior-5:matrics:none,Matrics,6,0,,,,,,,,,,,,,archive_pdf,final_premiership_placings,,
amnd-winter-2011-sub-junior-5,oakdale-netball-club-sa,,archive:amnd-winter-2011:sub-junior-5:oakdale-netball-club-sa:none,Oakdale,7,0,,,,,,,,,,,,,archive_pdf,final_premiership_placings,,
amnd-winter-2011-sub-junior-5,adelaide-wildcats,,archive:amnd-winter-2011:sub-junior-5:adelaide-wildcats:none,Adelaide Wildcats,8,0,,,,,,,,,,,,,archive_pdf,final_premiership_placings,,
amnd-winter-2011-sub-junior-6,norwood-netball-club,,archive:amnd-winter-2011:sub-junior-6:norwood-netball-club:none,Newton Jaguars,1,1,,,,,,,,,,,,,archive_pdf,final_premiership_placings,,
amnd-winter-2011-sub-junior-6,woods-panthers,,archive:amnd-winter-2011:sub-junior-6:woods-panthers:none,Woods Panthers,2,1,,,,,,,,,,,,,archive_pdf,final_premiership_placings,,
amnd-winter-2011-sub-junior-6,semaphore,,archive:amnd-winter-2011:sub-junior-6:semaphore:none,Semaphore,3,1,,,,,,,,,,,,,archive_pdf,final_premiership_placings,,
amnd-winter-2011-sub-junior-6,cheerio-netball-club,,archive:amnd-winter-2011:sub-junior-6:cheerio-netball-club:none,Cheerio,4,1,,,,,,,,,,,,,archive_pdf,final_premiership_placings,,
amnd-winter-2011-sub-junior-6,contax,,archive:amnd-winter-2011:sub-junior-6:contax:none,Contax,5,0,,,,,,,,,,,,,archive_pdf,final_premiership_placings,,
amnd-winter-2011-sub-junior-6,oakdale-netball-club-sa,,archive:amnd-winter-2011:sub-junior-6:oakdale-netball-club-sa:none,Oakdale,6,0,,,,,,,,,,,,,archive_pdf,final_premiership_placings,,
amnd-winter-2011-sub-junior-6,metro-jets,,archive:amnd-winter-2011:sub-junior-6:metro-jets:none,Western Jets,7,0,,,,,,,,,,,,,archive_pdf,final_premiership_placings,,
amnd-winter-2011-sub-junior-6,tango-netball-club-inc,,archive:amnd-winter-2011:sub-junior-6:tango-netball-club-inc:none,Tango,8,0,,,,,,,,,,,,,archive_pdf,final_premiership_placings,,
amnd-winter-2011-sub-junior-7,woods-panthers,1,archive:amnd-winter-2011:sub-junior-7:woods-panthers:1,Woods Panthers,1,1,,,,,,,,,,,,,archive_pdf,final_premiership_placings,,
amnd-winter-2011-sub-junior-7,woods-panthers,2,archive:amnd-winter-2011:sub-junior-7:woods-panthers:2,Woods Panthers,2,1,,,,,,,,,,,,,archive_pdf,final_premiership_placings,,
amnd-winter-2011-sub-junior-7,garville,,archive:amnd-winter-2011:sub-junior-7:garville:none,Garville,3,1,,,,,,,,,,,,,archive_pdf,final_premiership_placings,,
amnd-winter-2011-sub-junior-7,matrics,1,archive:amnd-winter-2011:sub-junior-7:matrics:1,Matrics,4,1,,,,,,,,,,,,,archive_pdf,final_premiership_placings,,
amnd-winter-2011-sub-junior-7,metro-jets,,archive:amnd-winter-2011:sub-junior-7:metro-jets:none,Western Jets,5,0,,,,,,,,,,,,,archive_pdf,final_premiership_placings,,
amnd-winter-2011-sub-junior-7,norwood-netball-club,,archive:amnd-winter-2011:sub-junior-7:norwood-netball-club:none,Newton Jaguars,6,0,,,,,,,,,,,,,archive_pdf,final_premiership_placings,,
amnd-winter-2011-sub-junior-7,matrics,2,archive:amnd-winter-2011:sub-junior-7:matrics:2,Matrics,7,0,,,,,,,,,,,,,archive_pdf,final_premiership_placings,,
amnd-winter-2011-sub-junior-7,semaphore,,archive:amnd-winter-2011:sub-junior-7:semaphore:none,Semaphore,8,0,,,,,,,,,,,,,archive_pdf,final_premiership_placings,,
amnd-winter-2011-sub-junior-8,oakdale-netball-club-sa,,archive:amnd-winter-2011:sub-junior-8:oakdale-netball-club-sa:none,Oakdale,1,1,,,,,,,,,,,,,archive_pdf,final_premiership_placings,,
amnd-winter-2011-sub-junior-8,matrics,,archive:amnd-winter-2011:sub-junior-8:matrics:none,Matrics,2,1,,,,,,,,,,,,,archive_pdf,final_premiership_placings,,
amnd-winter-2011-sub-junior-8,cheerio-netball-club,,archive:amnd-winter-2011:sub-junior-8:cheerio-netball-club:none,Cheerio,3,1,,,,,,,,,,,,,archive_pdf,final_premiership_placings,,
amnd-winter-2011-sub-junior-8,woods-panthers,,archive:amnd-winter-2011:sub-junior-8:woods-panthers:none,Woods Panthers,4,1,,,,,,,,,,,,,archive_pdf,final_premiership_placings,,
amnd-winter-2011-sub-junior-8,adelaide-cougars,,archive:amnd-winter-2011:sub-junior-8:adelaide-cougars:none,Adelaide Cougars,5,0,,,,,,,,,,,,,archive_pdf,final_premiership_placings,,
amnd-winter-2011-sub-junior-8,garville,,archive:amnd-winter-2011:sub-junior-8:garville:none,Garville,6,0,,,,,,,,,,,,,archive_pdf,final_premiership_placings,,
amnd-winter-2011-sub-junior-8,norwood-netball-club,,archive:amnd-winter-2011:sub-junior-8:norwood-netball-club:none,Newton Jaguars,7,0,,,,,,,,,,,,,archive_pdf,final_premiership_placings,,
amnd-winter-2011-sub-junior-8,metro-jets,,archive:amnd-winter-2011:sub-junior-8:metro-jets:none,Western Jets,8,0,,,,,,,,,,,,,archive_pdf,final_premiership_placings,,
amnd-winter-2012-a-grade,fielders-flames,,archive:amnd-winter-2012:a-grade:fielders-flames:none,Flames,1,1,,,,,,,,,,,,,archive_pdf,final_premiership_placings,,
amnd-winter-2012-a-grade,adelaide-wildcats,,archive:amnd-winter-2012:a-grade:adelaide-wildcats:none,Adelaide Wildcats,2,1,,,,,,,,,,,,,archive_pdf,final_premiership_placings,,
amnd-winter-2012-a-grade,oakdale-netball-club-sa,,archive:amnd-winter-2012:a-grade:oakdale-netball-club-sa:none,Oakdale,3,1,,,,,,,,,,,,,archive_pdf,final_premiership_placings,,
amnd-winter-2012-a-grade,metro-jets,,archive:amnd-winter-2012:a-grade:metro-jets:none,Western Jets,4,1,,,,,,,,,,,,,archive_pdf,final_premiership_placings,,
amnd-winter-2012-a-grade,woods-panthers,,archive:amnd-winter-2012:a-grade:woods-panthers:none,Woods Panthers,5,0,,,,,,,,,,,,,archive_pdf,final_premiership_placings,,
amnd-winter-2012-a-grade,contax,,archive:amnd-winter-2012:a-grade:contax:none,Contax,6,0,,,,,,,,,,,,,archive_pdf,final_premiership_placings,,
amnd-winter-2012-a-grade,cheerio-netball-club,,archive:amnd-winter-2012:a-grade:cheerio-netball-club:none,Cheerio,7,0,,,,,,,,,,,,,archive_pdf,final_premiership_placings,,
amnd-winter-2012-a-grade,sacred-heart-o-c,,archive:amnd-winter-2012:a-grade:sacred-heart-o-c:none,Sacred Heart O.C.,8,0,,,,,,,,,,,,,archive_pdf,final_premiership_placings,,
amnd-winter-2012-a-grade,norwood-netball-club,,archive:amnd-winter-2012:a-grade:norwood-netball-club:none,Newton Jaguars,9,0,,,,,,,,,,,,,archive_pdf,final_premiership_placings,,
amnd-winter-2012-a-grade,harlequin,,archive:amnd-winter-2012:a-grade:harlequin:none,Harlequin,10,0,,,,,,,,,,,,,archive_pdf,final_premiership_placings,,
amnd-winter-2012-amnd-league,adelaide-wildcats,,archive:amnd-winter-2012:amnd-league:adelaide-wildcats:none,Adelaide Wildcats,1,1,,,,,,,,,,,,,archive_pdf,final_premiership_placings,,
amnd-winter-2012-amnd-league,cheerio-netball-club,,archive:amnd-winter-2012:amnd-league:cheerio-netball-club:none,Cheerio,2,1,,,,,,,,,,,,,archive_pdf,final_premiership_placings,,
amnd-winter-2012-amnd-league,matrics,,archive:amnd-winter-2012:amnd-league:matrics:none,Matrics,3,1,,,,,,,,,,,,,archive_pdf,final_premiership_placings,,
amnd-winter-2012-amnd-league,woods-panthers,,archive:amnd-winter-2012:amnd-league:woods-panthers:none,Woods Panthers,4,1,,,,,,,,,,,,,archive_pdf,final_premiership_placings,,
amnd-winter-2012-amnd-league,contax,,archive:amnd-winter-2012:amnd-league:contax:none,Contax,5,0,,,,,,,,,,,,,archive_pdf,final_premiership_placings,,
amnd-winter-2012-amnd-league,oakdale-netball-club-sa,,archive:amnd-winter-2012:amnd-league:oakdale-netball-club-sa:none,Oakdale,6,0,,,,,,,,,,,,,archive_pdf,final_premiership_placings,,
amnd-winter-2012-amnd-league,tango-netball-club-inc,,archive:amnd-winter-2012:amnd-league:tango-netball-club-inc:none,Tango,7,0,,,,,,,,,,,,,archive_pdf,final_premiership_placings,,
amnd-winter-2012-amnd-league,adelaide-cougars,,archive:amnd-winter-2012:amnd-league:adelaide-cougars:none,Adelaide Cougars,8,0,,,,,,,,,,,,,archive_pdf,final_premiership_placings,,
amnd-winter-2012-amnd-league,norwood-netball-club,,archive:amnd-winter-2012:amnd-league:norwood-netball-club:none,Newton Jaguars,9,0,,,,,,,,,,,,,archive_pdf,final_premiership_placings,,
amnd-winter-2012-amnd-league,harlequin,,archive:amnd-winter-2012:amnd-league:harlequin:none,Harlequin,10,0,,,,,,,,,,,,,archive_pdf,final_premiership_placings,,
amnd-winter-2012-amnd-league,garville,,archive:amnd-winter-2012:amnd-league:garville:none,Garville,11,0,,,,,,,,,,,,,archive_pdf,final_premiership_placings,,
amnd-winter-2012-b-1,adelaide-swish,,archive:amnd-winter-2012:b-1:adelaide-swish:none,Adelaide Swish,1,1,,,,,,,,,,,,,archive_pdf,final_premiership_placings,,
amnd-winter-2012-b-1,oakdale-netball-club-sa,,archive:amnd-winter-2012:b-1:oakdale-netball-club-sa:none,Oakdale,2,1,,,,,,,,,,,,,archive_pdf,final_premiership_placings,,
amnd-winter-2012-b-1,adelaide-wildcats,,archive:amnd-winter-2012:b-1:adelaide-wildcats:none,Adelaide Wildcats,3,1,,,,,,,,,,,,,archive_pdf,final_premiership_placings,,
amnd-winter-2012-b-1,matrics,,archive:amnd-winter-2012:b-1:matrics:none,Matrics,4,1,,,,,,,,,,,,,archive_pdf,final_premiership_placings,,
amnd-winter-2012-b-1,cheerio-netball-club,,archive:amnd-winter-2012:b-1:cheerio-netball-club:none,Cheerio,5,0,,,,,,,,,,,,,archive_pdf,final_premiership_placings,,
amnd-winter-2012-b-1,tango-netball-club-inc,,archive:amnd-winter-2012:b-1:tango-netball-club-inc:none,Tango,6,0,,,,,,,,,,,,,archive_pdf,final_premiership_placings,,
amnd-winter-2012-b-1,garville,,archive:amnd-winter-2012:b-1:garville:none,Garville,7,0,,,,,,,,,,,,,archive_pdf,final_premiership_placings,,
amnd-winter-2012-b-1,contax,,archive:amnd-winter-2012:b-1:contax:none,Contax,8,0,,,,,,,,,,,,,archive_pdf,final_premiership_placings,,
amnd-winter-2012-b-1,adelaide-university,,archive:amnd-winter-2012:b-1:adelaide-university:none,Adelaide University,9,0,,,,,,,,,,,,,archive_pdf,final_premiership_placings,,
amnd-winter-2012-b-1,adelaide-cougars,,archive:amnd-winter-2012:b-1:adelaide-cougars:none,Adelaide Cougars,10,0,,,,,,,,,,,,,archive_pdf,final_premiership_placings,,
amnd-winter-2012-b-2,adelaide-swish,,archive:amnd-winter-2012:b-2:adelaide-swish:none,Adelaide Swish,1,1,,,,,,,,,,,,,archive_pdf,final_premiership_placings,,
amnd-winter-2012-b-2,woods-panthers,,archive:amnd-winter-2012:b-2:woods-panthers:none,Woods Panthers,2,1,,,,,,,,,,,,,archive_pdf,final_premiership_placings,,
amnd-winter-2012-b-2,pembroke-o-s,,archive:amnd-winter-2012:b-2:pembroke-o-s:none,Pembroke O.S.,3,1,,,,,,,,,,,,,archive_pdf,final_premiership_placings,,
amnd-winter-2012-b-2,scotch-old-scholars,,archive:amnd-winter-2012:b-2:scotch-old-scholars:none,Scotch O.S.,4,1,,,,,,,,,,,,,archive_pdf,final_premiership_placings,,
amnd-winter-2012-b-2,city-coasters,,archive:amnd-winter-2012:b-2:city-coasters:none,City Coasters,5,0,,,,,,,,,,,,,archive_pdf,final_premiership_placings,,
amnd-winter-2012-b-2,adelaide-wildcats,,archive:amnd-winter-2012:b-2:adelaide-wildcats:none,Adelaide Wildcats,6,0,,,,,,,,,,,,,archive_pdf,final_premiership_placings,,
amnd-winter-2012-b-2,garville,,archive:amnd-winter-2012:b-2:garville:none,Garville,7,0,,,,,,,,,,,,,archive_pdf,final_premiership_placings,,
amnd-winter-2012-b-2,contax,,archive:amnd-winter-2012:b-2:contax:none,Contax,8,0,,,,,,,,,,,,,archive_pdf,final_premiership_placings,,
amnd-winter-2012-b-2,oakdale-netball-club-sa,,archive:amnd-winter-2012:b-2:oakdale-netball-club-sa:none,Oakdale,9,0,,,,,,,,,,,,,archive_pdf,final_premiership_placings,,
amnd-winter-2012-b-2,norwood-netball-club,,archive:amnd-winter-2012:b-2:norwood-netball-club:none,Newton Jaguars,10,0,,,,,,,,,,,,,archive_pdf,final_premiership_placings,,
amnd-winter-2012-b-3,walkerville,,archive:amnd-winter-2012:b-3:walkerville:none,Walkerville,1,1,,,,,,,,,,,,,archive_pdf,final_premiership_placings,,
amnd-winter-2012-b-3,seymour-o-c,,archive:amnd-winter-2012:b-3:seymour-o-c:none,Seymour O.C.,2,1,,,,,,,,,,,,,archive_pdf,final_premiership_placings,,
amnd-winter-2012-b-3,city-coasters,,archive:amnd-winter-2012:b-3:city-coasters:none,City Coasters,3,1,,,,,,,,,,,,,archive_pdf,final_premiership_placings,,
amnd-winter-2012-b-3,woods-panthers,,archive:amnd-winter-2012:b-3:woods-panthers:none,Woods Panthers,4,1,,,,,,,,,,,,,archive_pdf,final_premiership_placings,,
amnd-winter-2012-b-3,contax,,archive:amnd-winter-2012:b-3:contax:none,Contax,5,0,,,,,,,,,,,,,archive_pdf,final_premiership_placings,,
amnd-winter-2012-b-3,adelaide-university,,archive:amnd-winter-2012:b-3:adelaide-university:none,Adelaide University,6,0,,,,,,,,,,,,,archive_pdf,final_premiership_placings,,
amnd-winter-2012-b-3,garville,,archive:amnd-winter-2012:b-3:garville:none,Garville,7,0,,,,,,,,,,,,,archive_pdf,final_premiership_placings,,
amnd-winter-2012-b-3,cheerio-netball-club,,archive:amnd-winter-2012:b-3:cheerio-netball-club:none,Cheerio,8,0,,,,,,,,,,,,,archive_pdf,final_premiership_placings,,
amnd-winter-2012-b-3,harlequin,,archive:amnd-winter-2012:b-3:harlequin:none,Harlequin,9,0,,,,,,,,,,,,,archive_pdf,final_premiership_placings,,
amnd-winter-2012-b-3,tango-netball-club-inc,,archive:amnd-winter-2012:b-3:tango-netball-club-inc:none,Tango,10,0,,,,,,,,,,,,,archive_pdf,final_premiership_placings,,
amnd-winter-2012-b-4,metro-jets,,archive:amnd-winter-2012:b-4:metro-jets:none,Western Jets,1,1,,,,,,,,,,,,,archive_pdf,final_premiership_placings,,
amnd-winter-2012-b-4,walkerville,,archive:amnd-winter-2012:b-4:walkerville:none,Walkerville,2,1,,,,,,,,,,,,,archive_pdf,final_premiership_placings,,
amnd-winter-2012-b-4,flinders-university,,archive:amnd-winter-2012:b-4:flinders-university:none,Flinders University,3,1,,,,,,,,,,,,,archive_pdf,final_premiership_placings,,
amnd-winter-2012-b-4,adelaide-wildcats,,archive:amnd-winter-2012:b-4:adelaide-wildcats:none,Adelaide Wildcats,4,1,,,,,,,,,,,,,archive_pdf,final_premiership_placings,,
amnd-winter-2012-b-4,matrics,,archive:amnd-winter-2012:b-4:matrics:none,Matrics,5,0,,,,,,,,,,,,,archive_pdf,final_premiership_placings,,
amnd-winter-2012-b-4,old-ignatians,,archive:amnd-winter-2012:b-4:old-ignatians:none,Old Ignatians,6,0,,,,,,,,,,,,,archive_pdf,final_premiership_placings,,
amnd-winter-2012-b-4,westminster-o-s,,archive:amnd-winter-2012:b-4:westminster-o-s:none,Westminster O.S.,7,0,,,,,,,,,,,,,archive_pdf,final_premiership_placings,,
amnd-winter-2012-b-4,city-coasters,,archive:amnd-winter-2012:b-4:city-coasters:none,City Coasters,8,0,,,,,,,,,,,,,archive_pdf,final_premiership_placings,,
amnd-winter-2012-b-4,adelaide-cougars,,archive:amnd-winter-2012:b-4:adelaide-cougars:none,Adelaide Cougars,9,0,,,,,,,,,,,,,archive_pdf,final_premiership_placings,,
amnd-winter-2012-b-4,sacred-heart-o-c,,archive:amnd-winter-2012:b-4:sacred-heart-o-c:none,Sacred Heart O.C.,10,0,,,,,,,,,,,,,archive_pdf,final_premiership_placings,,
amnd-winter-2012-b-5,walkerville,,archive:amnd-winter-2012:b-5:walkerville:none,Walkerville,1,1,,,,,,,,,,,,,archive_pdf,final_premiership_placings,,
amnd-winter-2012-b-5,matrics,,archive:amnd-winter-2012:b-5:matrics:none,Matrics,2,1,,,,,,,,,,,,,archive_pdf,final_premiership_placings,,
amnd-winter-2012-b-5,metro-jets,,archive:amnd-winter-2012:b-5:metro-jets:none,Western Jets,3,1,,,,,,,,,,,,,archive_pdf,final_premiership_placings,,
amnd-winter-2012-b-5,cheerio-netball-club,,archive:amnd-winter-2012:b-5:cheerio-netball-club:none,Cheerio,4,1,,,,,,,,,,,,,archive_pdf,final_premiership_placings,,
amnd-winter-2012-b-5,adelaide-university,,archive:amnd-winter-2012:b-5:adelaide-university:none,Adelaide University,5,0,,,,,,,,,,,,,archive_pdf,final_premiership_placings,,
amnd-winter-2012-b-5,oakdale-netball-club-sa,,archive:amnd-winter-2012:b-5:oakdale-netball-club-sa:none,Oakdale,6,0,,,,,,,,,,,,,archive_pdf,final_premiership_placings,,
amnd-winter-2012-b-5,sacred-heart-o-c,,archive:amnd-winter-2012:b-5:sacred-heart-o-c:none,Sacred Heart O.C.,7,0,,,,,,,,,,,,,archive_pdf,final_premiership_placings,,
amnd-winter-2012-b-5,woods-panthers,,archive:amnd-winter-2012:b-5:woods-panthers:none,Woods Panthers,8,0,,,,,,,,,,,,,archive_pdf,final_premiership_placings,,
amnd-winter-2012-c-1,pembroke-o-s,,archive:amnd-winter-2012:c-1:pembroke-o-s:none,Pembroke O.S.,1,1,,,,,,,,,,,,,archive_pdf,final_premiership_placings,,
amnd-winter-2012-c-1,mercedes-o-s,,archive:amnd-winter-2012:c-1:mercedes-o-s:none,Mercedes O.S.,2,1,,,,,,,,,,,,,archive_pdf,final_premiership_placings,,
amnd-winter-2012-c-1,city-coasters,,archive:amnd-winter-2012:c-1:city-coasters:none,City Coasters,3,1,,,,,,,,,,,,,archive_pdf,final_premiership_placings,,
amnd-winter-2012-c-1,oakdale-netball-club-sa,,archive:amnd-winter-2012:c-1:oakdale-netball-club-sa:none,Oakdale,4,1,,,,,,,,,,,,,archive_pdf,final_premiership_placings,,
amnd-winter-2012-c-1,walkerville,,archive:amnd-winter-2012:c-1:walkerville:none,Walkerville,5,0,,,,,,,,,,,,,archive_pdf,final_premiership_placings,,
amnd-winter-2012-c-1,flinders-university,,archive:amnd-winter-2012:c-1:flinders-university:none,Flinders University,6,0,,,,,,,,,,,,,archive_pdf,final_premiership_placings,,
amnd-winter-2012-c-1,harlequin,,archive:amnd-winter-2012:c-1:harlequin:none,Harlequin,7,0,,,,,,,,,,,,,archive_pdf,final_premiership_placings,,
amnd-winter-2012-c-1,adelaide-cougars,,archive:amnd-winter-2012:c-1:adelaide-cougars:none,Adelaide Cougars,8,0,,,,,,,,,,,,,archive_pdf,final_premiership_placings,,
amnd-winter-2012-c-1,contax,,archive:amnd-winter-2012:c-1:contax:none,Contax,9,0,,,,,,,,,,,,,archive_pdf,final_premiership_placings,,
amnd-winter-2012-c-1,adelaide-university,,archive:amnd-winter-2012:c-1:adelaide-university:none,Adelaide University,10,0,,,,,,,,,,,,,archive_pdf,final_premiership_placings,,
amnd-winter-2012-c-2,pembroke-o-s,,archive:amnd-winter-2012:c-2:pembroke-o-s:none,Pembroke O.S.,1,1,,,,,,,,,,,,,archive_pdf,final_premiership_placings,,
amnd-winter-2012-c-2,adelaide-wildcats,,archive:amnd-winter-2012:c-2:adelaide-wildcats:none,Adelaide Wildcats,2,1,,,,,,,,,,,,,archive_pdf,final_premiership_placings,,
amnd-winter-2012-c-2,city-coasters,,archive:amnd-winter-2012:c-2:city-coasters:none,City Coasters,3,1,,,,,,,,,,,,,archive_pdf,final_premiership_placings,,
amnd-winter-2012-c-2,old-ignatians,,archive:amnd-winter-2012:c-2:old-ignatians:none,Old Ignatians,4,1,,,,,,,,,,,,,archive_pdf,final_premiership_placings,,
amnd-winter-2012-c-2,woods-panthers,,archive:amnd-winter-2012:c-2:woods-panthers:none,Woods Panthers,5,0,,,,,,,,,,,,,archive_pdf,final_premiership_placings,,
amnd-winter-2012-c-2,westminster-o-s,,archive:amnd-winter-2012:c-2:westminster-o-s:none,Westminster O.S.,6,0,,,,,,,,,,,,,archive_pdf,final_premiership_placings,,
amnd-winter-2012-c-2,adelaide-university,,archive:amnd-winter-2012:c-2:adelaide-university:none,Adelaide University,7,0,,,,,,,,,,,,,archive_pdf,final_premiership_placings,,
amnd-winter-2012-c-2,cheerio-netball-club,,archive:amnd-winter-2012:c-2:cheerio-netball-club:none,Cheerio,8,0,,,,,,,,,,,,,archive_pdf,final_premiership_placings,,
amnd-winter-2012-c-2,garville,,archive:amnd-winter-2012:c-2:garville:none,Garville,9,0,,,,,,,,,,,,,archive_pdf,final_premiership_placings,,
amnd-winter-2012-c-2,metro-jets,,archive:amnd-winter-2012:c-2:metro-jets:none,Western Jets,10,0,,,,,,,,,,,,,archive_pdf,final_premiership_placings,,
amnd-winter-2012-c-3,city-coasters,,archive:amnd-winter-2012:c-3:city-coasters:none,City Coasters,1,1,,,,,,,,,,,,,archive_pdf,final_premiership_placings,,
amnd-winter-2012-c-3,old-ignatians,,archive:amnd-winter-2012:c-3:old-ignatians:none,Old Ignatians,2,1,,,,,,,,,,,,,archive_pdf,final_premiership_placings,,
amnd-winter-2012-c-3,adelaide-wildcats,,archive:amnd-winter-2012:c-3:adelaide-wildcats:none,Adelaide Wildcats,3,1,,,,,,,,,,,,,archive_pdf,final_premiership_placings,,
amnd-winter-2012-c-3,cheerio-netball-club,,archive:amnd-winter-2012:c-3:cheerio-netball-club:none,Cheerio,4,1,,,,,,,,,,,,,archive_pdf,final_premiership_placings,,
amnd-winter-2012-c-3,walkerville,1,archive:amnd-winter-2012:c-3:walkerville:1,Walkerville,5,0,,,,,,,,,,,,,archive_pdf,final_premiership_placings,,
amnd-winter-2012-c-3,sacred-heart-o-c,,archive:amnd-winter-2012:c-3:sacred-heart-o-c:none,Sacred Heart O.C.,6,0,,,,,,,,,,,,,archive_pdf,final_premiership_placings,,
amnd-winter-2012-c-3,pembroke-o-s,,archive:amnd-winter-2012:c-3:pembroke-o-s:none,Pembroke O.S.,7,0,,,,,,,,,,,,,archive_pdf,final_premiership_placings,,
amnd-winter-2012-c-3,walkerville,2,archive:amnd-winter-2012:c-3:walkerville:2,Walkerville,8,0,,,,,,,,,,,,,archive_pdf,final_premiership_placings,,
amnd-winter-2012-c-4,semaphore,,archive:amnd-winter-2012:c-4:semaphore:none,Semaphore,1,1,,,,,,,,,,,,,archive_pdf,final_premiership_placings,,
amnd-winter-2012-c-4,mercedes-o-s,,archive:amnd-winter-2012:c-4:mercedes-o-s:none,Mercedes O.S.,2,1,,,,,,,,,,,,,archive_pdf,final_premiership_placings,,
amnd-winter-2012-c-4,flinders-university,,archive:amnd-winter-2012:c-4:flinders-university:none,Flinders University,3,1,,,,,,,,,,,,,archive_pdf,final_premiership_placings,,
amnd-winter-2012-c-4,city-coasters,,archive:amnd-winter-2012:c-4:city-coasters:none,City Coasters,4,1,,,,,,,,,,,,,archive_pdf,final_premiership_placings,,
amnd-winter-2012-c-4,walkerville,,archive:amnd-winter-2012:c-4:walkerville:none,Walkerville,5,0,,,,,,,,,,,,,archive_pdf,final_premiership_placings,,
amnd-winter-2012-c-4,pembroke-o-s,,archive:amnd-winter-2012:c-4:pembroke-o-s:none,Pembroke O.S.,6,0,,,,,,,,,,,,,archive_pdf,final_premiership_placings,,
amnd-winter-2012-c-4,westminster-o-s,,archive:amnd-winter-2012:c-4:westminster-o-s:none,Westminster O.S.,7,0,,,,,,,,,,,,,archive_pdf,final_premiership_placings,,
amnd-winter-2012-c-5,pembroke-o-s,,archive:amnd-winter-2012:c-5:pembroke-o-s:none,Pembroke O.S.,1,1,,,,,,,,,,,,,archive_pdf,final_premiership_placings,,
amnd-winter-2012-c-5,adelaide-wildcats,,archive:amnd-winter-2012:c-5:adelaide-wildcats:none,Adelaide Wildcats,2,1,,,,,,,,,,,,,archive_pdf,final_premiership_placings,,
amnd-winter-2012-c-5,walkerville,,archive:amnd-winter-2012:c-5:walkerville:none,Walkerville,3,1,,,,,,,,,,,,,archive_pdf,final_premiership_placings,,
amnd-winter-2012-c-5,old-ignatians,,archive:amnd-winter-2012:c-5:old-ignatians:none,Old Ignatians,4,1,,,,,,,,,,,,,archive_pdf,final_premiership_placings,,
amnd-winter-2012-c-5,adelaide-university,1,archive:amnd-winter-2012:c-5:adelaide-university:1,Adelaide Uni.,5,0,,,,,,,,,,,,,archive_pdf,final_premiership_placings,,
amnd-winter-2012-c-5,adelaide-university,2,archive:amnd-winter-2012:c-5:adelaide-university:2,Adelaide Uni.,6,0,,,,,,,,,,,,,archive_pdf,final_premiership_placings,,
amnd-winter-2012-c-6,semaphore,,archive:amnd-winter-2012:c-6:semaphore:none,Semaphore,1,1,,,,,,,,,,,,,archive_pdf,final_premiership_placings,,
amnd-winter-2012-c-6,matrics,,archive:amnd-winter-2012:c-6:matrics:none,Matrics,2,1,,,,,,,,,,,,,archive_pdf,final_premiership_placings,,
amnd-winter-2012-c-6,norwood-netball-club,,archive:amnd-winter-2012:c-6:norwood-netball-club:none,Newton Jaguars,3,1,,,,,,,,,,,,,archive_pdf,final_premiership_placings,,
amnd-winter-2012-c-6,contax,,archive:amnd-winter-2012:c-6:contax:none,Contax,4,1,,,,,,,,,,,,,archive_pdf,final_premiership_placings,,
amnd-winter-2012-c-6,harlequin,,archive:amnd-winter-2012:c-6:harlequin:none,Harlequin,5,0,,,,,,,,,,,,,archive_pdf,final_premiership_placings,,
amnd-winter-2012-c-6,woods-panthers,,archive:amnd-winter-2012:c-6:woods-panthers:none,Woods Panthers,6,0,,,,,,,,,,,,,archive_pdf,final_premiership_placings,,
amnd-winter-2012-inter-1,contax,1,archive:amnd-winter-2012:inter-1:contax:1,Contax,1,1,,,,,,,,,,,,,archive_pdf,final_premiership_placings,,
amnd-winter-2012-inter-1,tango-netball-club-inc,,archive:amnd-winter-2012:inter-1:tango-netball-club-inc:none,Tango,2,1,,,,,,,,,,,,,archive_pdf,final_premiership_placings,,
amnd-winter-2012-inter-1,adelaide-cougars,,archive:amnd-winter-2012:inter-1:adelaide-cougars:none,Adelaide Cougars,3,1,,,,,,,,,,,,,archive_pdf,final_premiership_placings,,
amnd-winter-2012-inter-1,matrics,,archive:amnd-winter-2012:inter-1:matrics:none,Matrics,4,1,,,,,,,,,,,,,archive_pdf,final_premiership_placings,,
amnd-winter-2012-inter-1,garville,,archive:amnd-winter-2012:inter-1:garville:none,Garville,5,0,,,,,,,,,,,,,archive_pdf,final_premiership_placings,,
amnd-winter-2012-inter-1,oakdale-netball-club-sa,,archive:amnd-winter-2012:inter-1:oakdale-netball-club-sa:none,Oakdale,6,0,,,,,,,,,,,,,archive_pdf,final_premiership_placings,,
amnd-winter-2012-inter-1,harlequin,,archive:amnd-winter-2012:inter-1:harlequin:none,Harlequin,7,0,,,,,,,,,,,,,archive_pdf,final_premiership_placings,,
amnd-winter-2012-inter-1,woods-panthers,,archive:amnd-winter-2012:inter-1:woods-panthers:none,Woods Panthers,8,0,,,,,,,,,,,,,archive_pdf,final_premiership_placings,,
amnd-winter-2012-inter-1,contax,2,archive:amnd-winter-2012:inter-1:contax:2,Contax,9,0,,,,,,,,,,,,,archive_pdf,final_premiership_placings,,
amnd-winter-2012-inter-1,norwood-netball-club,,archive:amnd-winter-2012:inter-1:norwood-netball-club:none,Newton Jaguars,10,0,,,,,,,,,,,,,archive_pdf,final_premiership_placings,,
amnd-winter-2012-inter-2,contax,,archive:amnd-winter-2012:inter-2:contax:none,Contax,1,1,,,,,,,,,,,,,archive_pdf,final_premiership_placings,,
amnd-winter-2012-inter-2,oakdale-netball-club-sa,,archive:amnd-winter-2012:inter-2:oakdale-netball-club-sa:none,Oakdale,2,1,,,,,,,,,,,,,archive_pdf,final_premiership_placings,,
amnd-winter-2012-inter-2,metro-jets,,archive:amnd-winter-2012:inter-2:metro-jets:none,Western Jets,3,1,,,,,,,,,,,,,archive_pdf,final_premiership_placings,,
amnd-winter-2012-inter-2,norwood-netball-club,,archive:amnd-winter-2012:inter-2:norwood-netball-club:none,Newton Jaguars,4,1,,,,,,,,,,,,,archive_pdf,final_premiership_placings,,
amnd-winter-2012-inter-2,matrics,,archive:amnd-winter-2012:inter-2:matrics:none,Matrics,5,0,,,,,,,,,,,,,archive_pdf,final_premiership_placings,,
amnd-winter-2012-inter-2,tango-netball-club-inc,,archive:amnd-winter-2012:inter-2:tango-netball-club-inc:none,Tango,6,0,,,,,,,,,,,,,archive_pdf,final_premiership_placings,,
amnd-winter-2012-inter-2,woods-panthers,,archive:amnd-winter-2012:inter-2:woods-panthers:none,Woods Panthers,7,0,,,,,,,,,,,,,archive_pdf,final_premiership_placings,,
amnd-winter-2012-inter-2,garville,,archive:amnd-winter-2012:inter-2:garville:none,Garville,8,0,,,,,,,,,,,,,archive_pdf,final_premiership_placings,,
amnd-winter-2012-inter-2,harlequin,,archive:amnd-winter-2012:inter-2:harlequin:none,Harlequin,9,0,,,,,,,,,,,,,archive_pdf,final_premiership_placings,,
amnd-winter-2012-inter-2,adelaide-cougars,,archive:amnd-winter-2012:inter-2:adelaide-cougars:none,Adelaide Cougars,10,0,,,,,,,,,,,,,archive_pdf,final_premiership_placings,,
amnd-winter-2012-inter-3,oakdale-netball-club-sa,,archive:amnd-winter-2012:inter-3:oakdale-netball-club-sa:none,Oakdale,1,1,,,,,,,,,,,,,archive_pdf,final_premiership_placings,,
amnd-winter-2012-inter-3,contax,1,archive:amnd-winter-2012:inter-3:contax:1,Contax,2,1,,,,,,,,,,,,,archive_pdf,final_premiership_placings,,
amnd-winter-2012-inter-3,metro-jets,,archive:amnd-winter-2012:inter-3:metro-jets:none,Western Jets,3,1,,,,,,,,,,,,,archive_pdf,final_premiership_placings,,
amnd-winter-2012-inter-3,adelaide-wildcats,,archive:amnd-winter-2012:inter-3:adelaide-wildcats:none,Adelaide Wildcats,4,1,,,,,,,,,,,,,archive_pdf,final_premiership_placings,,
amnd-winter-2012-inter-3,garville,,archive:amnd-winter-2012:inter-3:garville:none,Garville,5,0,,,,,,,,,,,,,archive_pdf,final_premiership_placings,,
amnd-winter-2012-inter-3,woods-panthers,,archive:amnd-winter-2012:inter-3:woods-panthers:none,Woods Panthers,6,0,,,,,,,,,,,,,archive_pdf,final_premiership_placings,,
amnd-winter-2012-inter-3,matrics,,archive:amnd-winter-2012:inter-3:matrics:none,Matrics,7,0,,,,,,,,,,,,,archive_pdf,final_premiership_placings,,
amnd-winter-2012-inter-3,adelaide-cougars,,archive:amnd-winter-2012:inter-3:adelaide-cougars:none,Adelaide Cougars,8,0,,,,,,,,,,,,,archive_pdf,final_premiership_placings,,
amnd-winter-2012-inter-3,contax,2,archive:amnd-winter-2012:inter-3:contax:2,Contax,9,0,,,,,,,,,,,,,archive_pdf,final_premiership_placings,,
amnd-winter-2012-inter-4,northeast-zodiac,,archive:amnd-winter-2012:inter-4:northeast-zodiac:none,Northeast Zodiacs,1,1,,,,,,,,,,,,,archive_pdf,final_premiership_placings,,
amnd-winter-2012-inter-4,norwood-netball-club,,archive:amnd-winter-2012:inter-4:norwood-netball-club:none,Newton Jaguars,2,1,,,,,,,,,,,,,archive_pdf,final_premiership_placings,,
amnd-winter-2012-inter-4,woods-panthers,,archive:amnd-winter-2012:inter-4:woods-panthers:none,Woods Panthers,3,1,,,,,,,,,,,,,archive_pdf,final_premiership_placings,,
amnd-winter-2012-inter-4,metro-jets,,archive:amnd-winter-2012:inter-4:metro-jets:none,Western Jets,4,1,,,,,,,,,,,,,archive_pdf,final_premiership_placings,,
amnd-winter-2012-inter-4,oakdale-netball-club-sa,,archive:amnd-winter-2012:inter-4:oakdale-netball-club-sa:none,Oakdale,5,0,,,,,,,,,,,,,archive_pdf,final_premiership_placings,,
amnd-winter-2012-inter-4,harlequin,,archive:amnd-winter-2012:inter-4:harlequin:none,Harlequin,6,0,,,,,,,,,,,,,archive_pdf,final_premiership_placings,,
amnd-winter-2012-inter-4,garville,,archive:amnd-winter-2012:inter-4:garville:none,Garville,7,0,,,,,,,,,,,,,archive_pdf,final_premiership_placings,,
amnd-winter-2012-inter-4,adelaide-cougars,,archive:amnd-winter-2012:inter-4:adelaide-cougars:none,Adelaide Cougars,8,0,,,,,,,,,,,,,archive_pdf,final_premiership_placings,,
amnd-winter-2012-inter-5,norwood-netball-club,,archive:amnd-winter-2012:inter-5:norwood-netball-club:none,Newton Jaguars,1,1,,,,,,,,,,,,,archive_pdf,final_premiership_placings,,
amnd-winter-2012-inter-5,cheerio-netball-club,,archive:amnd-winter-2012:inter-5:cheerio-netball-club:none,Cheerio,2,1,,,,,,,,,,,,,archive_pdf,final_premiership_placings,,
amnd-winter-2012-inter-5,tango-netball-club-inc,,archive:amnd-winter-2012:inter-5:tango-netball-club-inc:none,Tango,3,1,,,,,,,,,,,,,archive_pdf,final_premiership_placings,,
amnd-winter-2012-inter-5,garville,,archive:amnd-winter-2012:inter-5:garville:none,Garville,4,1,,,,,,,,,,,,,archive_pdf,final_premiership_placings,,
amnd-winter-2012-inter-5,woods-panthers,,archive:amnd-winter-2012:inter-5:woods-panthers:none,Woods Panthers,5,0,,,,,,,,,,,,,archive_pdf,final_premiership_placings,,
amnd-winter-2012-inter-5,oakdale-netball-club-sa,,archive:amnd-winter-2012:inter-5:oakdale-netball-club-sa:none,Oakdale,6,0,,,,,,,,,,,,,archive_pdf,final_premiership_placings,,
amnd-winter-2012-inter-5,metro-jets,,archive:amnd-winter-2012:inter-5:metro-jets:none,Western Jets,7,0,,,,,,,,,,,,,archive_pdf,final_premiership_placings,,
amnd-winter-2012-inter-5,semaphore,,archive:amnd-winter-2012:inter-5:semaphore:none,Semaphore,8,0,,,,,,,,,,,,,archive_pdf,final_premiership_placings,,
amnd-winter-2012-junior-1,contax,,archive:amnd-winter-2012:junior-1:contax:none,Contax,1,1,,,,,,,,,,,,,archive_pdf,final_premiership_placings,,
amnd-winter-2012-junior-1,matrics,,archive:amnd-winter-2012:junior-1:matrics:none,Matrics,2,1,,,,,,,,,,,,,archive_pdf,final_premiership_placings,,
amnd-winter-2012-junior-1,metro-jets,,archive:amnd-winter-2012:junior-1:metro-jets:none,Western Jets,3,1,,,,,,,,,,,,,archive_pdf,final_premiership_placings,,
amnd-winter-2012-junior-1,tango-netball-club-inc,,archive:amnd-winter-2012:junior-1:tango-netball-club-inc:none,Tango,4,1,,,,,,,,,,,,,archive_pdf,final_premiership_placings,,
amnd-winter-2012-junior-1,garville,,archive:amnd-winter-2012:junior-1:garville:none,Garville,5,0,,,,,,,,,,,,,archive_pdf,final_premiership_placings,,
amnd-winter-2012-junior-1,oakdale-netball-club-sa,,archive:amnd-winter-2012:junior-1:oakdale-netball-club-sa:none,Oakdale,6,0,,,,,,,,,,,,,archive_pdf,final_premiership_placings,,
amnd-winter-2012-junior-1,norwood-netball-club,,archive:amnd-winter-2012:junior-1:norwood-netball-club:none,Newton Jaguars,7,0,,,,,,,,,,,,,archive_pdf,final_premiership_placings,,
amnd-winter-2012-junior-1,woods-panthers,,archive:amnd-winter-2012:junior-1:woods-panthers:none,Woods Panthers,8,0,,,,,,,,,,,,,archive_pdf,final_premiership_placings,,
amnd-winter-2012-junior-2,contax,,archive:amnd-winter-2012:junior-2:contax:none,Contax,1,1,,,,,,,,,,,,,archive_pdf,final_premiership_placings,,
amnd-winter-2012-junior-2,woods-panthers,,archive:amnd-winter-2012:junior-2:woods-panthers:none,Woods Panthers,2,1,,,,,,,,,,,,,archive_pdf,final_premiership_placings,,
amnd-winter-2012-junior-2,matrics,,archive:amnd-winter-2012:junior-2:matrics:none,Matrics,3,1,,,,,,,,,,,,,archive_pdf,final_premiership_placings,,
amnd-winter-2012-junior-2,adelaide-cougars,,archive:amnd-winter-2012:junior-2:adelaide-cougars:none,Adelaide Cougars,4,1,,,,,,,,,,,,,archive_pdf,final_premiership_placings,,
amnd-winter-2012-junior-2,garville,,archive:amnd-winter-2012:junior-2:garville:none,Garville,5,0,,,,,,,,,,,,,archive_pdf,final_premiership_placings,,
amnd-winter-2012-junior-2,oakdale-netball-club-sa,,archive:amnd-winter-2012:junior-2:oakdale-netball-club-sa:none,Oakdale,6,0,,,,,,,,,,,,,archive_pdf,final_premiership_placings,,
amnd-winter-2012-junior-2,tango-netball-club-inc,,archive:amnd-winter-2012:junior-2:tango-netball-club-inc:none,Tango,7,0,,,,,,,,,,,,,archive_pdf,final_premiership_placings,,
amnd-winter-2012-junior-2,harlequin,,archive:amnd-winter-2012:junior-2:harlequin:none,Harlequin,8,0,,,,,,,,,,,,,archive_pdf,final_premiership_placings,,
amnd-winter-2012-junior-3,contax,1,archive:amnd-winter-2012:junior-3:contax:1,Contax,1,1,,,,,,,,,,,,,archive_pdf,final_premiership_placings,,
amnd-winter-2012-junior-3,adelaide-cougars,,archive:amnd-winter-2012:junior-3:adelaide-cougars:none,Adelaide Cougars,2,1,,,,,,,,,,,,,archive_pdf,final_premiership_placings,,
amnd-winter-2012-junior-3,oakdale-netball-club-sa,,archive:amnd-winter-2012:junior-3:oakdale-netball-club-sa:none,Oakdale,3,1,,,,,,,,,,,,,archive_pdf,final_premiership_placings,,
amnd-winter-2012-junior-3,metro-jets,1,archive:amnd-winter-2012:junior-3:metro-jets:1,Western Jets,4,1,,,,,,,,,,,,,archive_pdf,final_premiership_placings,,
amnd-winter-2012-junior-3,contax,2,archive:amnd-winter-2012:junior-3:contax:2,Contax,5,0,,,,,,,,,,,,,archive_pdf,final_premiership_placings,,
amnd-winter-2012-junior-3,metro-jets,2,archive:amnd-winter-2012:junior-3:metro-jets:2,Western Jets,6,0,,,,,,,,,,,,,archive_pdf,final_premiership_placings,,
amnd-winter-2012-junior-3,norwood-netball-club,,archive:amnd-winter-2012:junior-3:norwood-netball-club:none,Newton Jaguars,7,0,,,,,,,,,,,,,archive_pdf,final_premiership_placings,,
amnd-winter-2012-junior-3,cheerio-netball-club,,archive:amnd-winter-2012:junior-3:cheerio-netball-club:none,Cheerio,8,0,,,,,,,,,,,,,archive_pdf,final_premiership_placings,,
amnd-winter-2012-junior-4,oakdale-netball-club-sa,,archive:amnd-winter-2012:junior-4:oakdale-netball-club-sa:none,Oakdale,1,1,,,,,,,,,,,,,archive_pdf,final_premiership_placings,,
amnd-winter-2012-junior-4,woods-panthers,1,archive:amnd-winter-2012:junior-4:woods-panthers:1,Woods Panthers,2,1,,,,,,,,,,,,,archive_pdf,final_premiership_placings,,
amnd-winter-2012-junior-4,matrics,,archive:amnd-winter-2012:junior-4:matrics:none,Matrics,3,1,,,,,,,,,,,,,archive_pdf,final_premiership_placings,,
amnd-winter-2012-junior-4,woods-panthers,2,archive:amnd-winter-2012:junior-4:woods-panthers:2,Woods Panthers,4,1,,,,,,,,,,,,,archive_pdf,final_premiership_placings,,
amnd-winter-2012-junior-4,norwood-netball-club,,archive:amnd-winter-2012:junior-4:norwood-netball-club:none,Newton Jaguars,5,0,,,,,,,,,,,,,archive_pdf,final_premiership_placings,,
amnd-winter-2012-junior-4,harlequin,,archive:amnd-winter-2012:junior-4:harlequin:none,Harlequin,6,0,,,,,,,,,,,,,archive_pdf,final_premiership_placings,,
amnd-winter-2012-junior-5,garville,,archive:amnd-winter-2012:junior-5:garville:none,Garville,1,1,,,,,,,,,,,,,archive_pdf,final_premiership_placings,,
amnd-winter-2012-junior-5,adelaide-wildcats,,archive:amnd-winter-2012:junior-5:adelaide-wildcats:none,Adelaide Wildcats,2,1,,,,,,,,,,,,,archive_pdf,final_premiership_placings,,
amnd-winter-2012-junior-5,metro-jets,,archive:amnd-winter-2012:junior-5:metro-jets:none,Western Jets,3,1,,,,,,,,,,,,,archive_pdf,final_premiership_placings,,
amnd-winter-2012-junior-5,adelaide-cougars,,archive:amnd-winter-2012:junior-5:adelaide-cougars:none,Adelaide Cougars,4,1,,,,,,,,,,,,,archive_pdf,final_premiership_placings,,
amnd-winter-2012-junior-5,norwood-netball-club,,archive:amnd-winter-2012:junior-5:norwood-netball-club:none,Newton Jaguars,5,0,,,,,,,,,,,,,archive_pdf,final_premiership_placings,,
amnd-winter-2012-junior-5,tango-netball-club-inc,1,archive:amnd-winter-2012:junior-5:tango-netball-club-inc:1,Tango,6,0,,,,,,,,,,,,,archive_pdf,final_premiership_placings,,
amnd-winter-2012-junior-5,contax,,archive:amnd-winter-2012:junior-5:contax:none,Contax,7,0,,,,,,,,,,,,,archive_pdf,final_premiership_placings,,
amnd-winter-2012-junior-5,tango-netball-club-inc,2,archive:amnd-winter-2012:junior-5:tango-netball-club-inc:2,Tango,8,0,,,,,,,,,,,,,archive_pdf,final_premiership_placings,,
amnd-winter-2012-junior-6,contax,,archive:amnd-winter-2012:junior-6:contax:none,Contax,1,1,,,,,,,,,,,,,archive_pdf,final_premiership_placings,,
amnd-winter-2012-junior-6,metro-jets,,archive:amnd-winter-2012:junior-6:metro-jets:none,Western Jets,2,1,,,,,,,,,,,,,archive_pdf,final_premiership_placings,,
amnd-winter-2012-junior-6,adelaide-cougars,,archive:amnd-winter-2012:junior-6:adelaide-cougars:none,Adelaide Cougars,3,1,,,,,,,,,,,,,archive_pdf,final_premiership_placings,,
amnd-winter-2012-junior-6,matrics,,archive:amnd-winter-2012:junior-6:matrics:none,Matrics,4,1,,,,,,,,,,,,,archive_pdf,final_premiership_placings,,
amnd-winter-2012-junior-6,woods-panthers,,archive:amnd-winter-2012:junior-6:woods-panthers:none,Woods Panthers,5,0,,,,,,,,,,,,,archive_pdf,final_premiership_placings,,
amnd-winter-2012-junior-6,harlequin,,archive:amnd-winter-2012:junior-6:harlequin:none,Harlequin,6,0,,,,,,,,,,,,,archive_pdf,final_premiership_placings,,
amnd-winter-2012-junior-6,tango-netball-club-inc,,archive:amnd-winter-2012:junior-6:tango-netball-club-inc:none,Tango,7,0,,,,,,,,,,,,,archive_pdf,final_premiership_placings,,
amnd-winter-2012-junior-6,garville,,archive:amnd-winter-2012:junior-6:garville:none,Garville,8,0,,,,,,,,,,,,,archive_pdf,final_premiership_placings,,
amnd-winter-2012-junior-7,northeast-zodiac,,archive:amnd-winter-2012:junior-7:northeast-zodiac:none,Northeast Zodiacs,1,1,,,,,,,,,,,,,archive_pdf,final_premiership_placings,,
amnd-winter-2012-junior-7,oakdale-netball-club-sa,,archive:amnd-winter-2012:junior-7:oakdale-netball-club-sa:none,Oakdale,2,1,,,,,,,,,,,,,archive_pdf,final_premiership_placings,,
amnd-winter-2012-junior-7,metro-jets,,archive:amnd-winter-2012:junior-7:metro-jets:none,Western Jets,3,1,,,,,,,,,,,,,archive_pdf,final_premiership_placings,,
amnd-winter-2012-junior-7,woods-panthers,,archive:amnd-winter-2012:junior-7:woods-panthers:none,Woods Panthers,4,1,,,,,,,,,,,,,archive_pdf,final_premiership_placings,,
amnd-winter-2012-junior-7,matrics,,archive:amnd-winter-2012:junior-7:matrics:none,Matrics,5,0,,,,,,,,,,,,,archive_pdf,final_premiership_placings,,
amnd-winter-2012-junior-7,norwood-netball-club,,archive:amnd-winter-2012:junior-7:norwood-netball-club:none,Newton Jaguars,6,0,,,,,,,,,,,,,archive_pdf,final_premiership_placings,,
amnd-winter-2012-junior-7,cheerio-netball-club,,archive:amnd-winter-2012:junior-7:cheerio-netball-club:none,Cheerio,7,0,,,,,,,,,,,,,archive_pdf,final_premiership_placings,,
amnd-winter-2012-junior-8,cove-lightning,,archive:amnd-winter-2012:junior-8:cove-lightning:none,Cove,1,1,,,,,,,,,,,,,archive_pdf,final_premiership_placings,,
amnd-winter-2012-junior-8,garville,,archive:amnd-winter-2012:junior-8:garville:none,Garville,2,1,,,,,,,,,,,,,archive_pdf,final_premiership_placings,,
amnd-winter-2012-junior-8,oakdale-netball-club-sa,,archive:amnd-winter-2012:junior-8:oakdale-netball-club-sa:none,Oakdale,3,1,,,,,,,,,,,,,archive_pdf,final_premiership_placings,,
amnd-winter-2012-junior-8,metro-jets,,archive:amnd-winter-2012:junior-8:metro-jets:none,Western Jets,4,1,,,,,,,,,,,,,archive_pdf,final_premiership_placings,,
amnd-winter-2012-junior-8,adelaide-wildcats,,archive:amnd-winter-2012:junior-8:adelaide-wildcats:none,Adelaide Wildcats,5,0,,,,,,,,,,,,,archive_pdf,final_premiership_placings,,
amnd-winter-2012-junior-8,woods-panthers,,archive:amnd-winter-2012:junior-8:woods-panthers:none,Woods Panthers,6,0,,,,,,,,,,,,,archive_pdf,final_premiership_placings,,
amnd-winter-2012-junior-9,adelaide-cougars,,archive:amnd-winter-2012:junior-9:adelaide-cougars:none,Adelaide Cougars,1,1,,,,,,,,,,,,,archive_pdf,final_premiership_placings,,
amnd-winter-2012-junior-9,norwood-netball-club,,archive:amnd-winter-2012:junior-9:norwood-netball-club:none,Newton Jaguars,2,1,,,,,,,,,,,,,archive_pdf,final_premiership_placings,,
amnd-winter-2012-junior-9,metro-jets,,archive:amnd-winter-2012:junior-9:metro-jets:none,Western Jets,3,1,,,,,,,,,,,,,archive_pdf,final_premiership_placings,,
amnd-winter-2012-junior-9,cheerio-netball-club,1,archive:amnd-winter-2012:junior-9:cheerio-netball-club:1,Cheerio,4,1,,,,,,,,,,,,,archive_pdf,final_premiership_placings,,
amnd-winter-2012-junior-9,cheerio-netball-club,2,archive:amnd-winter-2012:junior-9:cheerio-netball-club:2,Cheerio,5,0,,,,,,,,,,,,,archive_pdf,final_premiership_placings,,
amnd-winter-2012-junior-9,semaphore,,archive:amnd-winter-2012:junior-9:semaphore:none,Semaphore,6,0,,,,,,,,,,,,,archive_pdf,final_premiership_placings,,
amnd-winter-2012-primary-1,contax,,archive:amnd-winter-2012:primary-1:contax:none,Contax,1,1,,,,,,,,,,,,,archive_pdf,final_premiership_placings,,
amnd-winter-2012-primary-1,matrics,,archive:amnd-winter-2012:primary-1:matrics:none,Matrics,2,1,,,,,,,,,,,,,archive_pdf,final_premiership_placings,,
amnd-winter-2012-primary-1,tango-netball-club-inc,,archive:amnd-winter-2012:primary-1:tango-netball-club-inc:none,Tango,3,1,,,,,,,,,,,,,archive_pdf,final_premiership_placings,,
amnd-winter-2012-primary-1,norwood-netball-club,,archive:amnd-winter-2012:primary-1:norwood-netball-club:none,Newton Jaguars,4,1,,,,,,,,,,,,,archive_pdf,final_premiership_placings,,
amnd-winter-2012-primary-1,garville,,archive:amnd-winter-2012:primary-1:garville:none,Garville,5,0,,,,,,,,,,,,,archive_pdf,final_premiership_placings,,
amnd-winter-2012-primary-1,metro-jets,,archive:amnd-winter-2012:primary-1:metro-jets:none,Western Jets,6,0,,,,,,,,,,,,,archive_pdf,final_premiership_placings,,
amnd-winter-2012-primary-1,oakdale-netball-club-sa,,archive:amnd-winter-2012:primary-1:oakdale-netball-club-sa:none,Oakdale,7,0,,,,,,,,,,,,,archive_pdf,final_premiership_placings,,
amnd-winter-2012-primary-1,woods-panthers,,archive:amnd-winter-2012:primary-1:woods-panthers:none,Woods Panthers,8,0,,,,,,,,,,,,,archive_pdf,final_premiership_placings,,
amnd-winter-2012-primary-2,contax,,archive:amnd-winter-2012:primary-2:contax:none,Contax,1,1,,,,,,,,,,,,,archive_pdf,final_premiership_placings,,
amnd-winter-2012-primary-2,matrics,,archive:amnd-winter-2012:primary-2:matrics:none,Matrics,2,1,,,,,,,,,,,,,archive_pdf,final_premiership_placings,,
amnd-winter-2012-primary-2,tango-netball-club-inc,,archive:amnd-winter-2012:primary-2:tango-netball-club-inc:none,Tango,3,1,,,,,,,,,,,,,archive_pdf,final_premiership_placings,,
amnd-winter-2012-primary-2,metro-jets,,archive:amnd-winter-2012:primary-2:metro-jets:none,Western Jets,4,1,,,,,,,,,,,,,archive_pdf,final_premiership_placings,,
amnd-winter-2012-primary-2,adelaide-cougars,,archive:amnd-winter-2012:primary-2:adelaide-cougars:none,Adelaide Cougars,5,0,,,,,,,,,,,,,archive_pdf,final_premiership_placings,,
amnd-winter-2012-primary-2,woods-panthers,,archive:amnd-winter-2012:primary-2:woods-panthers:none,Woods Panthers,6,0,,,,,,,,,,,,,archive_pdf,final_premiership_placings,,
amnd-winter-2012-primary-3,matrics,,archive:amnd-winter-2012:primary-3:matrics:none,Matrics,1,1,,,,,,,,,,,,,archive_pdf,final_premiership_placings,,
amnd-winter-2012-primary-3,contax,,archive:amnd-winter-2012:primary-3:contax:none,Contax,2,1,,,,,,,,,,,,,archive_pdf,final_premiership_placings,,
amnd-winter-2012-primary-3,garville,,archive:amnd-winter-2012:primary-3:garville:none,Garville,3,1,,,,,,,,,,,,,archive_pdf,final_premiership_placings,,
amnd-winter-2012-primary-3,adelaide-wildcats,,archive:amnd-winter-2012:primary-3:adelaide-wildcats:none,Adelaide Wildcats,4,1,,,,,,,,,,,,,archive_pdf,final_premiership_placings,,
amnd-winter-2012-primary-3,metro-jets,,archive:amnd-winter-2012:primary-3:metro-jets:none,Western Jets,5,0,,,,,,,,,,,,,archive_pdf,final_premiership_placings,,
amnd-winter-2012-primary-3,woods-panthers,,archive:amnd-winter-2012:primary-3:woods-panthers:none,Woods Panthers,6,0,,,,,,,,,,,,,archive_pdf,final_premiership_placings,,
amnd-winter-2012-primary-3,norwood-netball-club,,archive:amnd-winter-2012:primary-3:norwood-netball-club:none,Newton Jaguars,7,0,,,,,,,,,,,,,archive_pdf,final_premiership_placings,,
amnd-winter-2012-primary-4,garville,,archive:amnd-winter-2012:primary-4:garville:none,Garville,1,1,,,,,,,,,,,,,archive_pdf,final_premiership_placings,,
amnd-winter-2012-primary-4,cheerio-netball-club,,archive:amnd-winter-2012:primary-4:cheerio-netball-club:none,Cheerio,2,1,,,,,,,,,,,,,archive_pdf,final_premiership_placings,,
amnd-winter-2012-primary-4,contax,,archive:amnd-winter-2012:primary-4:contax:none,Contax,3,1,,,,,,,,,,,,,archive_pdf,final_premiership_placings,,
amnd-winter-2012-primary-4,matrics,,archive:amnd-winter-2012:primary-4:matrics:none,Matrics,4,1,,,,,,,,,,,,,archive_pdf,final_premiership_placings,,
amnd-winter-2012-primary-4,oakdale-netball-club-sa,,archive:amnd-winter-2012:primary-4:oakdale-netball-club-sa:none,Oakdale,5,0,,,,,,,,,,,,,archive_pdf,final_premiership_placings,,
amnd-winter-2012-primary-4,harlequin,,archive:amnd-winter-2012:primary-4:harlequin:none,Harlequin,6,0,,,,,,,,,,,,,archive_pdf,final_premiership_placings,,
amnd-winter-2012-primary-5,northeast-zodiac,,archive:amnd-winter-2012:primary-5:northeast-zodiac:none,Northeast Zodiacs,1,1,,,,,,,,,,,,,archive_pdf,final_premiership_placings,,
amnd-winter-2012-primary-5,semaphore,,archive:amnd-winter-2012:primary-5:semaphore:none,Semaphore,2,1,,,,,,,,,,,,,archive_pdf,final_premiership_placings,,
amnd-winter-2012-primary-5,tango-netball-club-inc,,archive:amnd-winter-2012:primary-5:tango-netball-club-inc:none,Tango,3,1,,,,,,,,,,,,,archive_pdf,final_premiership_placings,,
amnd-winter-2012-primary-5,norwood-netball-club,,archive:amnd-winter-2012:primary-5:norwood-netball-club:none,Newton Jaguars,4,1,,,,,,,,,,,,,archive_pdf,final_premiership_placings,,
amnd-winter-2012-primary-5,adelaide-wildcats,,archive:amnd-winter-2012:primary-5:adelaide-wildcats:none,Adelaide Wildcats,5,0,,,,,,,,,,,,,archive_pdf,final_premiership_placings,,
amnd-winter-2012-primary-5,contax,,archive:amnd-winter-2012:primary-5:contax:none,Contax,6,0,,,,,,,,,,,,,archive_pdf,final_premiership_placings,,
amnd-winter-2012-primary-5,metro-jets,,archive:amnd-winter-2012:primary-5:metro-jets:none,Western Jets,7,0,,,,,,,,,,,,,archive_pdf,final_premiership_placings,,
amnd-winter-2012-primary-6,matrics,,archive:amnd-winter-2012:primary-6:matrics:none,Matrics,1,1,,,,,,,,,,,,,archive_pdf,final_premiership_placings,,
amnd-winter-2012-primary-6,metro-jets,1,archive:amnd-winter-2012:primary-6:metro-jets:1,Western Jets,2,1,,,,,,,,,,,,,archive_pdf,final_premiership_placings,,
amnd-winter-2012-primary-6,oakdale-netball-club-sa,,archive:amnd-winter-2012:primary-6:oakdale-netball-club-sa:none,Oakdale,3,1,,,,,,,,,,,,,archive_pdf,final_premiership_placings,,
amnd-winter-2012-primary-6,garville,,archive:amnd-winter-2012:primary-6:garville:none,Garville,4,1,,,,,,,,,,,,,archive_pdf,final_premiership_placings,,
amnd-winter-2012-primary-6,woods-panthers,,archive:amnd-winter-2012:primary-6:woods-panthers:none,Woods Panthers,5,0,,,,,,,,,,,,,archive_pdf,final_premiership_placings,,
amnd-winter-2012-primary-6,metro-jets,2,archive:amnd-winter-2012:primary-6:metro-jets:2,Western Jets,6,0,,,,,,,,,,,,,archive_pdf,final_premiership_placings,,
amnd-winter-2012-primary-7,norwood-netball-club,,archive:amnd-winter-2012:primary-7:norwood-netball-club:none,Newton Jaguars,1,1,,,,,,,,,,,,,archive_pdf,final_premiership_placings,,
amnd-winter-2012-primary-7,matrics,,archive:amnd-winter-2012:primary-7:matrics:none,Matrics,2,1,,,,,,,,,,,,,archive_pdf,final_premiership_placings,,
amnd-winter-2012-primary-7,adelaide-cougars,,archive:amnd-winter-2012:primary-7:adelaide-cougars:none,Adelaide Cougars,3,1,,,,,,,,,,,,,archive_pdf,final_premiership_placings,,
amnd-winter-2012-primary-7,adelaide-wildcats,,archive:amnd-winter-2012:primary-7:adelaide-wildcats:none,Adelaide Wildcats,4,1,,,,,,,,,,,,,archive_pdf,final_premiership_placings,,
amnd-winter-2012-primary-7,tango-netball-club-inc,,archive:amnd-winter-2012:primary-7:tango-netball-club-inc:none,Tango,5,0,,,,,,,,,,,,,archive_pdf,final_premiership_placings,,
amnd-winter-2012-sub-junior-1,adelaide-cougars,,archive:amnd-winter-2012:sub-junior-1:adelaide-cougars:none,Adelaide Cougars,1,1,,,,,,,,,,,,,archive_pdf,final_premiership_placings,,
amnd-winter-2012-sub-junior-1,contax,,archive:amnd-winter-2012:sub-junior-1:contax:none,Contax,2,1,,,,,,,,,,,,,archive_pdf,final_premiership_placings,,
amnd-winter-2012-sub-junior-1,metro-jets,,archive:amnd-winter-2012:sub-junior-1:metro-jets:none,Western Jets,3,1,,,,,,,,,,,,,archive_pdf,final_premiership_placings,,
amnd-winter-2012-sub-junior-1,woods-panthers,,archive:amnd-winter-2012:sub-junior-1:woods-panthers:none,Woods Panthers,4,1,,,,,,,,,,,,,archive_pdf,final_premiership_placings,,
amnd-winter-2012-sub-junior-1,garville,,archive:amnd-winter-2012:sub-junior-1:garville:none,Garville,5,0,,,,,,,,,,,,,archive_pdf,final_premiership_placings,,
amnd-winter-2012-sub-junior-1,oakdale-netball-club-sa,,archive:amnd-winter-2012:sub-junior-1:oakdale-netball-club-sa:none,Oakdale,6,0,,,,,,,,,,,,,archive_pdf,final_premiership_placings,,
amnd-winter-2012-sub-junior-1,matrics,,archive:amnd-winter-2012:sub-junior-1:matrics:none,Matrics,7,0,,,,,,,,,,,,,archive_pdf,final_premiership_placings,,
amnd-winter-2012-sub-junior-1,tango-netball-club-inc,,archive:amnd-winter-2012:sub-junior-1:tango-netball-club-inc:none,Tango,8,0,,,,,,,,,,,,,archive_pdf,final_premiership_placings,,
amnd-winter-2012-sub-junior-2,contax,1,archive:amnd-winter-2012:sub-junior-2:contax:1,Contax,1,1,,,,,,,,,,,,,archive_pdf,final_premiership_placings,,
amnd-winter-2012-sub-junior-2,norwood-netball-club,,archive:amnd-winter-2012:sub-junior-2:norwood-netball-club:none,Newton Jaguars,2,1,,,,,,,,,,,,,archive_pdf,final_premiership_placings,,
amnd-winter-2012-sub-junior-2,metro-jets,,archive:amnd-winter-2012:sub-junior-2:metro-jets:none,Western Jets,3,1,,,,,,,,,,,,,archive_pdf,final_premiership_placings,,
amnd-winter-2012-sub-junior-2,contax,2,archive:amnd-winter-2012:sub-junior-2:contax:2,Contax,4,1,,,,,,,,,,,,,archive_pdf,final_premiership_placings,,
amnd-winter-2012-sub-junior-2,woods-panthers,,archive:amnd-winter-2012:sub-junior-2:woods-panthers:none,Woods Panthers,5,0,,,,,,,,,,,,,archive_pdf,final_premiership_placings,,
amnd-winter-2012-sub-junior-2,tango-netball-club-inc,,archive:amnd-winter-2012:sub-junior-2:tango-netball-club-inc:none,Tango,6,0,,,,,,,,,,,,,archive_pdf,final_premiership_placings,,
amnd-winter-2012-sub-junior-3,oakdale-netball-club-sa,,archive:amnd-winter-2012:sub-junior-3:oakdale-netball-club-sa:none,Oakdale,1,1,,,,,,,,,,,,,archive_pdf,final_premiership_placings,,
amnd-winter-2012-sub-junior-3,matrics,,archive:amnd-winter-2012:sub-junior-3:matrics:none,Matrics,2,1,,,,,,,,,,,,,archive_pdf,final_premiership_placings,,
amnd-winter-2012-sub-junior-3,woods-panthers,,archive:amnd-winter-2012:sub-junior-3:woods-panthers:none,Woods Panthers,3,1,,,,,,,,,,,,,archive_pdf,final_premiership_placings,,
amnd-winter-2012-sub-junior-3,garville,,archive:amnd-winter-2012:sub-junior-3:garville:none,Garville,4,1,,,,,,,,,,,,,archive_pdf,final_premiership_placings,,
amnd-winter-2012-sub-junior-3,metro-jets,,archive:amnd-winter-2012:sub-junior-3:metro-jets:none,Western Jets,5,0,,,,,,,,,,,,,archive_pdf,final_premiership_placings,,
amnd-winter-2012-sub-junior-3,norwood-netball-club,,archive:amnd-winter-2012:sub-junior-3:norwood-netball-club:none,Newton Jaguars,6,0,,,,,,,,,,,,,archive_pdf,final_premiership_placings,,
amnd-winter-2012-sub-junior-3,harlequin,,archive:amnd-winter-2012:sub-junior-3:harlequin:none,Harlequin,7,0,,,,,,,,,,,,,archive_pdf,final_premiership_placings,,
amnd-winter-2012-sub-junior-3,adelaide-cougars,,archive:amnd-winter-2012:sub-junior-3:adelaide-cougars:none,Adelaide Cougars,8,0,,,,,,,,,,,,,archive_pdf,final_premiership_placings,,
amnd-winter-2012-sub-junior-4,oakdale-netball-club-sa,,archive:amnd-winter-2012:sub-junior-4:oakdale-netball-club-sa:none,Oakdale,1,1,,,,,,,,,,,,,archive_pdf,final_premiership_placings,,
amnd-winter-2012-sub-junior-4,contax,,archive:amnd-winter-2012:sub-junior-4:contax:none,Contax,2,1,,,,,,,,,,,,,archive_pdf,final_premiership_placings,,
amnd-winter-2012-sub-junior-4,woods-panthers,,archive:amnd-winter-2012:sub-junior-4:woods-panthers:none,Woods Panthers,3,1,,,,,,,,,,,,,archive_pdf,final_premiership_placings,,
amnd-winter-2012-sub-junior-4,norwood-netball-club,,archive:amnd-winter-2012:sub-junior-4:norwood-netball-club:none,Newton Jaguars,4,1,,,,,,,,,,,,,archive_pdf,final_premiership_placings,,
amnd-winter-2012-sub-junior-4,matrics,,archive:amnd-winter-2012:sub-junior-4:matrics:none,Matrics,5,0,,,,,,,,,,,,,archive_pdf,final_premiership_placings,,
amnd-winter-2012-sub-junior-4,garville,,archive:amnd-winter-2012:sub-junior-4:garville:none,Garville,6,0,,,,,,,,,,,,,archive_pdf,final_premiership_placings,,
amnd-winter-2012-sub-junior-4,semaphore,,archive:amnd-winter-2012:sub-junior-4:semaphore:none,Semaphore,7,0,,,,,,,,,,,,,archive_pdf,final_premiership_placings,,
amnd-winter-2012-sub-junior-4,tango-netball-club-inc,,archive:amnd-winter-2012:sub-junior-4:tango-netball-club-inc:none,Tango,8,0,,,,,,,,,,,,,archive_pdf,final_premiership_placings,,
amnd-winter-2012-sub-junior-5,cheerio-netball-club,,archive:amnd-winter-2012:sub-junior-5:cheerio-netball-club:none,Cheerio,1,1,,,,,,,,,,,,,archive_pdf,final_premiership_placings,,
amnd-winter-2012-sub-junior-5,woods-panthers,,archive:amnd-winter-2012:sub-junior-5:woods-panthers:none,Woods Panthers,2,1,,,,,,,,,,,,,archive_pdf,final_premiership_placings,,
amnd-winter-2012-sub-junior-5,matrics,,archive:amnd-winter-2012:sub-junior-5:matrics:none,Matrics,3,1,,,,,,,,,,,,,archive_pdf,final_premiership_placings,,
amnd-winter-2012-sub-junior-5,contax,,archive:amnd-winter-2012:sub-junior-5:contax:none,Contax,4,1,,,,,,,,,,,,,archive_pdf,final_premiership_placings,,
amnd-winter-2012-sub-junior-5,tango-netball-club-inc,,archive:amnd-winter-2012:sub-junior-5:tango-netball-club-inc:none,Tango,5,0,,,,,,,,,,,,,archive_pdf,final_premiership_placings,,
amnd-winter-2012-sub-junior-5,oakdale-netball-club-sa,,archive:amnd-winter-2012:sub-junior-5:oakdale-netball-club-sa:none,Oakdale,6,0,,,,,,,,,,,,,archive_pdf,final_premiership_placings,,
amnd-winter-2012-sub-junior-5,norwood-netball-club,,archive:amnd-winter-2012:sub-junior-5:norwood-netball-club:none,Newton Jaguars,7,0,,,,,,,,,,,,,archive_pdf,final_premiership_placings,,
amnd-winter-2012-sub-junior-5,metro-jets,,archive:amnd-winter-2012:sub-junior-5:metro-jets:none,Western Jets,8,0,,,,,,,,,,,,,archive_pdf,final_premiership_placings,,
amnd-winter-2012-sub-junior-6,woods-panthers,,archive:amnd-winter-2012:sub-junior-6:woods-panthers:none,Woods Panthers,1,1,,,,,,,,,,,,,archive_pdf,final_premiership_placings,,
amnd-winter-2012-sub-junior-6,norwood-netball-club,,archive:amnd-winter-2012:sub-junior-6:norwood-netball-club:none,Newton Jaguars,2,1,,,,,,,,,,,,,archive_pdf,final_premiership_placings,,
amnd-winter-2012-sub-junior-6,adelaide-wildcats,,archive:amnd-winter-2012:sub-junior-6:adelaide-wildcats:none,Adelaide Wildcats,3,1,,,,,,,,,,,,,archive_pdf,final_premiership_placings,,
amnd-winter-2012-sub-junior-6,metro-jets,,archive:amnd-winter-2012:sub-junior-6:metro-jets:none,Western Jets,4,1,,,,,,,,,,,,,archive_pdf,final_premiership_placings,,
amnd-winter-2012-sub-junior-6,sa-ladybirds,,archive:amnd-winter-2012:sub-junior-6:sa-ladybirds:none,Ladybirds,5,0,,,,,,,,,,,,,archive_pdf,final_premiership_placings,,
amnd-winter-2012-sub-junior-6,matrics,,archive:amnd-winter-2012:sub-junior-6:matrics:none,Matrics,6,0,,,,,,,,,,,,,archive_pdf,final_premiership_placings,,
amnd-winter-2012-sub-junior-6,harlequin,,archive:amnd-winter-2012:sub-junior-6:harlequin:none,Harlequin,7,0,,,,,,,,,,,,,archive_pdf,final_premiership_placings,,
amnd-winter-2012-sub-junior-6,contax,,archive:amnd-winter-2012:sub-junior-6:contax:none,Contax,8,0,,,,,,,,,,,,,archive_pdf,final_premiership_placings,,
amnd-winter-2012-sub-junior-7,matrics,,archive:amnd-winter-2012:sub-junior-7:matrics:none,Matrics,1,1,,,,,,,,,,,,,archive_pdf,final_premiership_placings,,
amnd-winter-2012-sub-junior-7,garville,,archive:amnd-winter-2012:sub-junior-7:garville:none,Garville,2,1,,,,,,,,,,,,,archive_pdf,final_premiership_placings,,
amnd-winter-2012-sub-junior-7,cheerio-netball-club,,archive:amnd-winter-2012:sub-junior-7:cheerio-netball-club:none,Cheerio,3,1,,,,,,,,,,,,,archive_pdf,final_premiership_placings,,
amnd-winter-2012-sub-junior-7,woods-panthers,,archive:amnd-winter-2012:sub-junior-7:woods-panthers:none,Woods Panthers,4,1,,,,,,,,,,,,,archive_pdf,final_premiership_placings,,
amnd-winter-2012-sub-junior-7,metro-jets,,archive:amnd-winter-2012:sub-junior-7:metro-jets:none,Western Jets,5,0,,,,,,,,,,,,,archive_pdf,final_premiership_placings,,
amnd-winter-2012-sub-junior-7,adelaide-cougars,,archive:amnd-winter-2012:sub-junior-7:adelaide-cougars:none,Adelaide Cougars,6,0,,,,,,,,,,,,,archive_pdf,final_premiership_placings,,
amnd-winter-2012-sub-junior-8,tango-netball-club-inc,,archive:amnd-winter-2012:sub-junior-8:tango-netball-club-inc:none,Tango,1,1,,,,,,,,,,,,,archive_pdf,final_premiership_placings,,
amnd-winter-2012-sub-junior-8,garville,,archive:amnd-winter-2012:sub-junior-8:garville:none,Garville,2,1,,,,,,,,,,,,,archive_pdf,final_premiership_placings,,
amnd-winter-2012-sub-junior-8,matrics,,archive:amnd-winter-2012:sub-junior-8:matrics:none,Matrics,3,1,,,,,,,,,,,,,archive_pdf,final_premiership_placings,,
amnd-winter-2012-sub-junior-8,oakdale-netball-club-sa,,archive:amnd-winter-2012:sub-junior-8:oakdale-netball-club-sa:none,Oakdale,4,1,,,,,,,,,,,,,archive_pdf,final_premiership_placings,,
amnd-winter-2012-sub-junior-8,norwood-netball-club,,archive:amnd-winter-2012:sub-junior-8:norwood-netball-club:none,Newton Jaguars,5,0,,,,,,,,,,,,,archive_pdf,final_premiership_placings,,
amnd-winter-2012-sub-junior-8,woods-panthers,,archive:amnd-winter-2012:sub-junior-8:woods-panthers:none,Woods Panthers,6,0,,,,,,,,,,,,,archive_pdf,final_premiership_placings,,
amnd-winter-2012-sub-junior-8,adelaide-wildcats,,archive:amnd-winter-2012:sub-junior-8:adelaide-wildcats:none,Adelaide Wildcats,7,0,,,,,,,,,,,,,archive_pdf,final_premiership_placings,,
amnd-winter-2012-sub-junior-8,metro-jets,,archive:amnd-winter-2012:sub-junior-8:metro-jets:none,Western Jets,8,0,,,,,,,,,,,,,archive_pdf,final_premiership_placings,,
amnd-winter-2013-a-grade,fielders-flames,,archive:amnd-winter-2013:a-grade:fielders-flames:none,Flames,1,1,,,,,,,,,,,,,archive_pdf,final_premiership_placings,,
amnd-winter-2013-a-grade,adelaide-wildcats,,archive:amnd-winter-2013:a-grade:adelaide-wildcats:none,Adelaide Wildcats,2,1,,,,,,,,,,,,,archive_pdf,final_premiership_placings,,
amnd-winter-2013-a-grade,oakdale-netball-club-sa,,archive:amnd-winter-2013:a-grade:oakdale-netball-club-sa:none,Oakdale Phoenix,3,1,,,,,,,,,,,,,archive_pdf,final_premiership_placings,,
amnd-winter-2013-a-grade,norwood-netball-club,,archive:amnd-winter-2013:a-grade:norwood-netball-club:none,Newton Jaguars,4,1,,,,,,,,,,,,,archive_pdf,final_premiership_placings,,
amnd-winter-2013-a-grade,woods-panthers,,archive:amnd-winter-2013:a-grade:woods-panthers:none,Woods Panthers,5,0,,,,,,,,,,,,,archive_pdf,final_premiership_placings,,
amnd-winter-2013-a-grade,cheerio-netball-club,,archive:amnd-winter-2013:a-grade:cheerio-netball-club:none,Cheerio Phoenix,6,0,,,,,,,,,,,,,archive_pdf,final_premiership_placings,,
amnd-winter-2013-a-grade,contax,,archive:amnd-winter-2013:a-grade:contax:none,Contax,7,0,,,,,,,,,,,,,archive_pdf,final_premiership_placings,,
amnd-winter-2013-a-grade,matrics,,archive:amnd-winter-2013:a-grade:matrics:none,Matrics,8,0,,,,,,,,,,,,,archive_pdf,final_premiership_placings,,
amnd-winter-2013-a-grade,harlequin,,archive:amnd-winter-2013:a-grade:harlequin:none,Harlequin,9,0,,,,,,,,,,,,,archive_pdf,final_premiership_placings,,
amnd-winter-2013-a-grade,tango-netball-club-inc,,archive:amnd-winter-2013:a-grade:tango-netball-club-inc:none,Tango,10,0,,,,,,,,,,,,,archive_pdf,final_premiership_placings,,
amnd-winter-2013-amnd-league,adelaide-wildcats,,archive:amnd-winter-2013:amnd-league:adelaide-wildcats:none,Adelaide Wildcats,1,1,,,,,,,,,,,,,archive_pdf,final_premiership_placings,,
amnd-winter-2013-amnd-league,cheerio-netball-club,,archive:amnd-winter-2013:amnd-league:cheerio-netball-club:none,Cheerio Phoenix,2,1,,,,,,,,,,,,,archive_pdf,final_premiership_placings,,
amnd-winter-2013-amnd-league,matrics,,archive:amnd-winter-2013:amnd-league:matrics:none,Matrics,3,1,,,,,,,,,,,,,archive_pdf,final_premiership_placings,,
amnd-winter-2013-amnd-league,oakdale-netball-club-sa,,archive:amnd-winter-2013:amnd-league:oakdale-netball-club-sa:none,Oakdale Phoenix,4,1,,,,,,,,,,,,,archive_pdf,final_premiership_placings,,
amnd-winter-2013-amnd-league,woods-panthers,,archive:amnd-winter-2013:amnd-league:woods-panthers:none,Woods Panthers,5,0,,,,,,,,,,,,,archive_pdf,final_premiership_placings,,
amnd-winter-2013-amnd-league,contax,,archive:amnd-winter-2013:amnd-league:contax:none,Contax,6,0,,,,,,,,,,,,,archive_pdf,final_premiership_placings,,
amnd-winter-2013-amnd-league,norwood-netball-club,,archive:amnd-winter-2013:amnd-league:norwood-netball-club:none,Newton Jaguars,7,0,,,,,,,,,,,,,archive_pdf,final_premiership_placings,,
amnd-winter-2013-amnd-league,tango-netball-club-inc,,archive:amnd-winter-2013:amnd-league:tango-netball-club-inc:none,Tango,8,0,,,,,,,,,,,,,archive_pdf,final_premiership_placings,,
amnd-winter-2013-amnd-league,metro-jets,,archive:amnd-winter-2013:amnd-league:metro-jets:none,Western Jets,9,0,,,,,,,,,,,,,archive_pdf,final_premiership_placings,,
amnd-winter-2013-amnd-league,garville,,archive:amnd-winter-2013:amnd-league:garville:none,Garville,10,0,,,,,,,,,,,,,archive_pdf,final_premiership_placings,,
amnd-winter-2013-amnd-league,harlequin,,archive:amnd-winter-2013:amnd-league:harlequin:none,Harlequin,11,0,,,,,,,,,,,,,archive_pdf,final_premiership_placings,,
amnd-winter-2013-amnd-league,adelaide-cougars,,archive:amnd-winter-2013:amnd-league:adelaide-cougars:none,Adelaide Cougars,12,0,,,,,,,,,,,,,archive_pdf,final_premiership_placings,,
amnd-winter-2013-b-1,adelaide-swish,,archive:amnd-winter-2013:b-1:adelaide-swish:none,Swish,1,1,,,,,,,,,,,,,archive_pdf,final_premiership_placings,,
amnd-winter-2013-b-1,adelaide-university,,archive:amnd-winter-2013:b-1:adelaide-university:none,Adelaide University,2,1,,,,,,,,,,,,,archive_pdf,final_premiership_placings,,
amnd-winter-2013-b-1,woods-panthers,,archive:amnd-winter-2013:b-1:woods-panthers:none,Woods Panthers,3,1,,,,,,,,,,,,,archive_pdf,final_premiership_placings,,
amnd-winter-2013-b-1,adelaide-wildcats,,archive:amnd-winter-2013:b-1:adelaide-wildcats:none,Adelaide Wildcats,4,1,,,,,,,,,,,,,archive_pdf,final_premiership_placings,,
amnd-winter-2013-b-1,garville,,archive:amnd-winter-2013:b-1:garville:none,Garville,5,0,,,,,,,,,,,,,archive_pdf,final_premiership_placings,,
amnd-winter-2013-b-1,sacred-heart-o-c,,archive:amnd-winter-2013:b-1:sacred-heart-o-c:none,Sacred Heart O.C.,6,0,,,,,,,,,,,,,archive_pdf,final_premiership_placings,,
amnd-winter-2013-b-1,cheerio-netball-club,,archive:amnd-winter-2013:b-1:cheerio-netball-club:none,Cheerio Phoenix,7,0,,,,,,,,,,,,,archive_pdf,final_premiership_placings,,
amnd-winter-2013-b-1,contax,,archive:amnd-winter-2013:b-1:contax:none,Contax,8,0,,,,,,,,,,,,,archive_pdf,final_premiership_placings,,
amnd-winter-2013-b-1,oakdale-netball-club-sa,,archive:amnd-winter-2013:b-1:oakdale-netball-club-sa:none,Oakdale Phoenix,9,0,,,,,,,,,,,,,archive_pdf,final_premiership_placings,,
amnd-winter-2013-b-1,adelaide-cougars,,archive:amnd-winter-2013:b-1:adelaide-cougars:none,Adelaide Cougars,10,0,,,,,,,,,,,,,archive_pdf,final_premiership_placings,,
amnd-winter-2013-b-2,adelaide-swish,,archive:amnd-winter-2013:b-2:adelaide-swish:none,Swish,1,1,,,,,,,,,,,,,archive_pdf,final_premiership_placings,,
amnd-winter-2013-b-2,pembroke-o-s,,archive:amnd-winter-2013:b-2:pembroke-o-s:none,Pembroke O.S.,2,1,,,,,,,,,,,,,archive_pdf,final_premiership_placings,,
amnd-winter-2013-b-2,walkerville,,archive:amnd-winter-2013:b-2:walkerville:none,Walkerville,3,1,,,,,,,,,,,,,archive_pdf,final_premiership_placings,,
amnd-winter-2013-b-2,city-coasters,,archive:amnd-winter-2013:b-2:city-coasters:none,City Coasters,4,1,,,,,,,,,,,,,archive_pdf,final_premiership_placings,,
amnd-winter-2013-b-2,matrics,,archive:amnd-winter-2013:b-2:matrics:none,Matrics,5,0,,,,,,,,,,,,,archive_pdf,final_premiership_placings,,
amnd-winter-2013-b-2,adelaide-wildcats,,archive:amnd-winter-2013:b-2:adelaide-wildcats:none,Adelaide Wildcats,6,0,,,,,,,,,,,,,archive_pdf,final_premiership_placings,,
amnd-winter-2013-b-2,contax,,archive:amnd-winter-2013:b-2:contax:none,Contax,7,0,,,,,,,,,,,,,archive_pdf,final_premiership_placings,,
amnd-winter-2013-b-2,seymour-o-c,,archive:amnd-winter-2013:b-2:seymour-o-c:none,Seymour O.C.,8,0,,,,,,,,,,,,,archive_pdf,final_premiership_placings,,
amnd-winter-2013-b-2,oakdale-netball-club-sa,,archive:amnd-winter-2013:b-2:oakdale-netball-club-sa:none,Oakdale Phoenix,9,0,,,,,,,,,,,,,archive_pdf,final_premiership_placings,,
amnd-winter-2013-b-2,garville,,archive:amnd-winter-2013:b-2:garville:none,Garville,10,0,,,,,,,,,,,,,archive_pdf,final_premiership_placings,,
amnd-winter-2013-b-3,metro-jets,,archive:amnd-winter-2013:b-3:metro-jets:none,Western Jets,1,1,,,,,,,,,,,,,archive_pdf,final_premiership_placings,,
amnd-winter-2013-b-3,woods-panthers,,archive:amnd-winter-2013:b-3:woods-panthers:none,Woods Panthers,2,1,,,,,,,,,,,,,archive_pdf,final_premiership_placings,,
amnd-winter-2013-b-3,walkerville,,archive:amnd-winter-2013:b-3:walkerville:none,Walkerville,3,1,,,,,,,,,,,,,archive_pdf,final_premiership_placings,,
amnd-winter-2013-b-3,adelaide-university,,archive:amnd-winter-2013:b-3:adelaide-university:none,Adelaide University,4,1,,,,,,,,,,,,,archive_pdf,final_premiership_placings,,
amnd-winter-2013-b-3,cheerio-netball-club,,archive:amnd-winter-2013:b-3:cheerio-netball-club:none,Cheerio Phoenix,5,0,,,,,,,,,,,,,archive_pdf,final_premiership_placings,,
amnd-winter-2013-b-3,tango-netball-club-inc,,archive:amnd-winter-2013:b-3:tango-netball-club-inc:none,Tango,6,0,,,,,,,,,,,,,archive_pdf,final_premiership_placings,,
amnd-winter-2013-b-3,norwood-netball-club,,archive:amnd-winter-2013:b-3:norwood-netball-club:none,Newton Jaguars,7,0,,,,,,,,,,,,,archive_pdf,final_premiership_placings,,
amnd-winter-2013-b-3,contax,,archive:amnd-winter-2013:b-3:contax:none,Contax,8,0,,,,,,,,,,,,,archive_pdf,final_premiership_placings,,
amnd-winter-2013-b-4,matrics,,archive:amnd-winter-2013:b-4:matrics:none,Matrics,1,1,,,,,,,,,,,,,archive_pdf,final_premiership_placings,,
amnd-winter-2013-b-4,mosa,,archive:amnd-winter-2013:b-4:mosa:none,MOSA,2,1,,,,,,,,,,,,,archive_pdf,final_premiership_placings,,
amnd-winter-2013-b-4,sacred-heart-o-c,,archive:amnd-winter-2013:b-4:sacred-heart-o-c:none,Sacred Heart O.C.,3,1,,,,,,,,,,,,,archive_pdf,final_premiership_placings,,
amnd-winter-2013-b-4,old-ignatians,,archive:amnd-winter-2013:b-4:old-ignatians:none,Old Ignatians,4,1,,,,,,,,,,,,,archive_pdf,final_premiership_placings,,
amnd-winter-2013-b-4,walkerville,,archive:amnd-winter-2013:b-4:walkerville:none,Walkerville,5,0,,,,,,,,,,,,,archive_pdf,final_premiership_placings,,
amnd-winter-2013-b-4,city-coasters,,archive:amnd-winter-2013:b-4:city-coasters:none,City Coasters,6,0,,,,,,,,,,,,,archive_pdf,final_premiership_placings,,
amnd-winter-2013-b-4,metro-jets,,archive:amnd-winter-2013:b-4:metro-jets:none,Western Jets,7,0,,,,,,,,,,,,,archive_pdf,final_premiership_placings,,
amnd-winter-2013-b-4,adelaide-cougars,,archive:amnd-winter-2013:b-4:adelaide-cougars:none,Adelaide Cougars,8,0,,,,,,,,,,,,,archive_pdf,final_premiership_placings,,
amnd-winter-2013-b-4,westminster-o-s,,archive:amnd-winter-2013:b-4:westminster-o-s:none,Westminster O.S.,9,0,,,,,,,,,,,,,archive_pdf,final_premiership_placings,,
amnd-winter-2013-b-4,adelaide-wildcats,,archive:amnd-winter-2013:b-4:adelaide-wildcats:none,Adelaide Wildcats,10,0,,,,,,,,,,,,,archive_pdf,final_premiership_placings,,
amnd-winter-2013-b-5,oakdale-netball-club-sa,1,archive:amnd-winter-2013:b-5:oakdale-netball-club-sa:1,Oakdale Phoenix,1,1,,,,,,,,,,,,,archive_pdf,final_premiership_placings,,
amnd-winter-2013-b-5,pembroke-o-s,,archive:amnd-winter-2013:b-5:pembroke-o-s:none,Pembroke O.S.,2,1,,,,,,,,,,,,,archive_pdf,final_premiership_placings,,
amnd-winter-2013-b-5,sacred-heart-o-c,,archive:amnd-winter-2013:b-5:sacred-heart-o-c:none,Sacred Heart O.C.,3,1,,,,,,,,,,,,,archive_pdf,final_premiership_placings,,
amnd-winter-2013-b-5,flinders-university,,archive:amnd-winter-2013:b-5:flinders-university:none,Flinders University,4,1,,,,,,,,,,,,,archive_pdf,final_premiership_placings,,
amnd-winter-2013-b-5,woods-panthers,,archive:amnd-winter-2013:b-5:woods-panthers:none,Woods Panthers,5,0,,,,,,,,,,,,,archive_pdf,final_premiership_placings,,
amnd-winter-2013-b-5,cheerio-netball-club,,archive:amnd-winter-2013:b-5:cheerio-netball-club:none,Cheerio Phoenix,6,0,,,,,,,,,,,,,archive_pdf,final_premiership_placings,,
amnd-winter-2013-b-5,adelaide-university,,archive:amnd-winter-2013:b-5:adelaide-university:none,Adelaide University,7,0,,,,,,,,,,,,,archive_pdf,final_premiership_placings,,
amnd-winter-2013-b-5,harlequin,,archive:amnd-winter-2013:b-5:harlequin:none,Harlequin,8,0,,,,,,,,,,,,,archive_pdf,final_premiership_placings,,
amnd-winter-2013-b-5,metro-jets,,archive:amnd-winter-2013:b-5:metro-jets:none,Western Jets,9,0,,,,,,,,,,,,,archive_pdf,final_premiership_placings,,
amnd-winter-2013-b-5,oakdale-netball-club-sa,2,archive:amnd-winter-2013:b-5:oakdale-netball-club-sa:2,Oakdale Phoenix,10,0,,,,,,,,,,,,,archive_pdf,final_premiership_placings,,
amnd-winter-2013-c-1,city-coasters,,archive:amnd-winter-2013:c-1:city-coasters:none,City Coasters,1,1,,,,,,,,,,,,,archive_pdf,final_premiership_placings,,
amnd-winter-2013-c-1,pembroke-o-s,,archive:amnd-winter-2013:c-1:pembroke-o-s:none,Pembroke O.S.,2,1,,,,,,,,,,,,,archive_pdf,final_premiership_placings,,
amnd-winter-2013-c-1,walkerville,,archive:amnd-winter-2013:c-1:walkerville:none,Walkerville,3,1,,,,,,,,,,,,,archive_pdf,final_premiership_placings,,
amnd-winter-2013-c-1,harlequin,,archive:amnd-winter-2013:c-1:harlequin:none,Harlequin,4,1,,,,,,,,,,,,,archive_pdf,final_premiership_placings,,
amnd-winter-2013-c-1,adelaide-wildcats,,archive:amnd-winter-2013:c-1:adelaide-wildcats:none,Adelaide Wildcats,5,0,,,,,,,,,,,,,archive_pdf,final_premiership_placings,,
amnd-winter-2013-c-1,cheerio-netball-club,,archive:amnd-winter-2013:c-1:cheerio-netball-club:none,Cheerio Phoenix,6,0,,,,,,,,,,,,,archive_pdf,final_premiership_placings,,
amnd-winter-2013-c-1,matrics,,archive:amnd-winter-2013:c-1:matrics:none,Matrics,7,0,,,,,,,,,,,,,archive_pdf,final_premiership_placings,,
amnd-winter-2013-c-1,flinders-university,,archive:amnd-winter-2013:c-1:flinders-university:none,Flinders University,8,0,,,,,,,,,,,,,archive_pdf,final_premiership_placings,,
amnd-winter-2013-c-2,city-coasters,,archive:amnd-winter-2013:c-2:city-coasters:none,City Coasters,1,1,,,,,,,,,,,,,archive_pdf,final_premiership_placings,,
amnd-winter-2013-c-2,adelaide-swish,,archive:amnd-winter-2013:c-2:adelaide-swish:none,Swish,2,1,,,,,,,,,,,,,archive_pdf,final_premiership_placings,,
amnd-winter-2013-c-2,pembroke-o-s,,archive:amnd-winter-2013:c-2:pembroke-o-s:none,Pembroke O.S.,3,1,,,,,,,,,,,,,archive_pdf,final_premiership_placings,,
amnd-winter-2013-c-2,walkerville,,archive:amnd-winter-2013:c-2:walkerville:none,Walkerville,4,1,,,,,,,,,,,,,archive_pdf,final_premiership_placings,,
amnd-winter-2013-c-2,old-ignatians,,archive:amnd-winter-2013:c-2:old-ignatians:none,Old Ignatians,5,0,,,,,,,,,,,,,archive_pdf,final_premiership_placings,,
amnd-winter-2013-c-2,westminster-o-s,,archive:amnd-winter-2013:c-2:westminster-o-s:none,Westminster O.S.,6,0,,,,,,,,,,,,,archive_pdf,final_premiership_placings,,
amnd-winter-2013-c-2,adelaide-university,,archive:amnd-winter-2013:c-2:adelaide-university:none,Adelaide University,7,0,,,,,,,,,,,,,archive_pdf,final_premiership_placings,,
amnd-winter-2013-c-2,woods-panthers,,archive:amnd-winter-2013:c-2:woods-panthers:none,Woods Panthers,8,0,,,,,,,,,,,,,archive_pdf,final_premiership_placings,,
amnd-winter-2013-c-2,metro-jets,,archive:amnd-winter-2013:c-2:metro-jets:none,Western Jets,9,0,,,,,,,,,,,,,archive_pdf,final_premiership_placings,,
amnd-winter-2013-c-2,adelaide-cougars,,archive:amnd-winter-2013:c-2:adelaide-cougars:none,Adelaide Cougars,10,0,,,,,,,,,,,,,archive_pdf,final_premiership_placings,,
amnd-winter-2013-c-3,garville,,archive:amnd-winter-2013:c-3:garville:none,Garville,1,1,,,,,,,,,,,,,archive_pdf,final_premiership_placings,,
amnd-winter-2013-c-3,old-ignatians,,archive:amnd-winter-2013:c-3:old-ignatians:none,Old Ignatians,2,1,,,,,,,,,,,,,archive_pdf,final_premiership_placings,,
amnd-winter-2013-c-3,walkerville,,archive:amnd-winter-2013:c-3:walkerville:none,Walkerville,3,1,,,,,,,,,,,,,archive_pdf,final_premiership_placings,,
amnd-winter-2013-c-3,semaphore,,archive:amnd-winter-2013:c-3:semaphore:none,Semaphore,4,1,,,,,,,,,,,,,archive_pdf,final_premiership_placings,,
amnd-winter-2013-c-3,sacred-heart-o-c,,archive:amnd-winter-2013:c-3:sacred-heart-o-c:none,Sacred Heart O.C.,5,0,,,,,,,,,,,,,archive_pdf,final_premiership_placings,,
amnd-winter-2013-c-3,adelaide-wildcats,,archive:amnd-winter-2013:c-3:adelaide-wildcats:none,Adelaide Wildcats,6,0,,,,,,,,,,,,,archive_pdf,final_premiership_placings,,
amnd-winter-2013-c-3,adelaide-university,,archive:amnd-winter-2013:c-3:adelaide-university:none,Adelaide University,7,0,,,,,,,,,,,,,archive_pdf,final_premiership_placings,,
amnd-winter-2013-c-3,pembroke-o-s,,archive:amnd-winter-2013:c-3:pembroke-o-s:none,Pembroke O.S.,8,0,,,,,,,,,,,,,archive_pdf,final_premiership_placings,,
amnd-winter-2013-c-3,city-coasters,,archive:amnd-winter-2013:c-3:city-coasters:none,City Coasters,9,0,,,,,,,,,,,,,archive_pdf,final_premiership_placings,,
amnd-winter-2013-c-3,flinders-university,,archive:amnd-winter-2013:c-3:flinders-university:none,Flinders University,10,0,,,,,,,,,,,,,archive_pdf,final_premiership_placings,,
amnd-winter-2013-c-4,old-ignatians,,archive:amnd-winter-2013:c-4:old-ignatians:none,Old Ignatians,1,1,,,,,,,,,,,,,archive_pdf,final_premiership_placings,,
amnd-winter-2013-c-4,pembroke-o-s,,archive:amnd-winter-2013:c-4:pembroke-o-s:none,Pembroke O.S.,2,1,,,,,,,,,,,,,archive_pdf,final_premiership_placings,,
amnd-winter-2013-c-4,westminster-o-s,,archive:amnd-winter-2013:c-4:westminster-o-s:none,Westminster O.S.,3,1,,,,,,,,,,,,,archive_pdf,final_premiership_placings,,
amnd-winter-2013-c-4,semaphore,,archive:amnd-winter-2013:c-4:semaphore:none,Semaphore,4,1,,,,,,,,,,,,,archive_pdf,final_premiership_placings,,
amnd-winter-2013-c-4,walkerville,2,archive:amnd-winter-2013:c-4:walkerville:2,Walkerville,5,0,,,,,,,,,,,,,archive_pdf,final_premiership_placings,,
amnd-winter-2013-c-4,mosa,,archive:amnd-winter-2013:c-4:mosa:none,MOSA,6,0,,,,,,,,,,,,,archive_pdf,final_premiership_placings,,
amnd-winter-2013-c-4,walkerville,1,archive:amnd-winter-2013:c-4:walkerville:1,Walkerville,7,0,,,,,,,,,,,,,archive_pdf,final_premiership_placings,,
amnd-winter-2013-c-4,adelaide-university,,archive:amnd-winter-2013:c-4:adelaide-university:none,Adelaide University,8,0,,,,,,,,,,,,,archive_pdf,final_premiership_placings,,
amnd-winter-2013-c-4,flinders-university,,archive:amnd-winter-2013:c-4:flinders-university:none,Flinders University,9,0,,,,,,,,,,,,,archive_pdf,final_premiership_placings,,
amnd-winter-2013-c-6,semaphore,,archive:amnd-winter-2013:c-6:semaphore:none,Semaphore,1,1,,,,,,,,,,,,,archive_pdf,final_premiership_placings,,
amnd-winter-2013-c-6,norwood-netball-club,,archive:amnd-winter-2013:c-6:norwood-netball-club:none,Newton Jaguars,2,1,,,,,,,,,,,,,archive_pdf,final_premiership_placings,,
amnd-winter-2013-c-6,matrics,,archive:amnd-winter-2013:c-6:matrics:none,Matrics,3,1,,,,,,,,,,,,,archive_pdf,final_premiership_placings,,
amnd-winter-2013-c-6,contax,,archive:amnd-winter-2013:c-6:contax:none,Contax,4,1,,,,,,,,,,,,,archive_pdf,final_premiership_placings,,
amnd-winter-2013-c-6,woods-panthers,,archive:amnd-winter-2013:c-6:woods-panthers:none,Woods Panthers,5,0,,,,,,,,,,,,,archive_pdf,final_premiership_placings,,
amnd-winter-2013-c-6,harlequin,,archive:amnd-winter-2013:c-6:harlequin:none,Harlequin,6,0,,,,,,,,,,,,,archive_pdf,final_premiership_placings,,
amnd-winter-2013-inter-1,oakdale-netball-club-sa,,archive:amnd-winter-2013:inter-1:oakdale-netball-club-sa:none,Oakdale Phoenix,1,1,,,,,,,,,,,,,archive_pdf,final_premiership_placings,,
amnd-winter-2013-inter-1,garville,,archive:amnd-winter-2013:inter-1:garville:none,Garville,2,1,,,,,,,,,,,,,archive_pdf,final_premiership_placings,,
amnd-winter-2013-inter-1,contax,,archive:amnd-winter-2013:inter-1:contax:none,Contax,3,1,,,,,,,,,,,,,archive_pdf,final_premiership_placings,,
amnd-winter-2013-inter-1,norwood-netball-club,,archive:amnd-winter-2013:inter-1:norwood-netball-club:none,Newton Jaguars,4,1,,,,,,,,,,,,,archive_pdf,final_premiership_placings,,
amnd-winter-2013-inter-1,matrics,,archive:amnd-winter-2013:inter-1:matrics:none,Matrics,5,0,,,,,,,,,,,,,archive_pdf,final_premiership_placings,,
amnd-winter-2013-inter-1,tango-netball-club-inc,,archive:amnd-winter-2013:inter-1:tango-netball-club-inc:none,Tango,6,0,,,,,,,,,,,,,archive_pdf,final_premiership_placings,,
amnd-winter-2013-inter-1,metro-jets,,archive:amnd-winter-2013:inter-1:metro-jets:none,Western Jets,7,0,,,,,,,,,,,,,archive_pdf,final_premiership_placings,,
amnd-winter-2013-inter-1,harlequin,,archive:amnd-winter-2013:inter-1:harlequin:none,Harlequin,8,0,,,,,,,,,,,,,archive_pdf,final_premiership_placings,,
amnd-winter-2013-inter-1,adelaide-cougars,,archive:amnd-winter-2013:inter-1:adelaide-cougars:none,Adelaide Cougars,9,0,,,,,,,,,,,,,archive_pdf,final_premiership_placings,,
amnd-winter-2013-inter-1,woods-panthers,,archive:amnd-winter-2013:inter-1:woods-panthers:none,Woods Panthers,10,0,,,,,,,,,,,,,archive_pdf,final_premiership_placings,,
amnd-winter-2013-inter-2,matrics,,archive:amnd-winter-2013:inter-2:matrics:none,Matrics,1,1,,,,,,,,,,,,,archive_pdf,final_premiership_placings,,
amnd-winter-2013-inter-2,contax,1,archive:amnd-winter-2013:inter-2:contax:1,Contax,2,1,,,,,,,,,,,,,archive_pdf,final_premiership_placings,,
amnd-winter-2013-inter-2,contax,2,archive:amnd-winter-2013:inter-2:contax:2,Contax,3,1,,,,,,,,,,,,,archive_pdf,final_premiership_placings,,
amnd-winter-2013-inter-2,oakdale-netball-club-sa,,archive:amnd-winter-2013:inter-2:oakdale-netball-club-sa:none,Oakdale Phoenix,4,1,,,,,,,,,,,,,archive_pdf,final_premiership_placings,,
amnd-winter-2013-inter-2,tango-netball-club-inc,,archive:amnd-winter-2013:inter-2:tango-netball-club-inc:none,Tango,5,0,,,,,,,,,,,,,archive_pdf,final_premiership_placings,,
amnd-winter-2013-inter-2,metro-jets,,archive:amnd-winter-2013:inter-2:metro-jets:none,Western Jets,6,0,,,,,,,,,,,,,archive_pdf,final_premiership_placings,,
amnd-winter-2013-inter-2,garville,,archive:amnd-winter-2013:inter-2:garville:none,Garville,7,0,,,,,,,,,,,,,archive_pdf,final_premiership_placings,,
amnd-winter-2013-inter-2,norwood-netball-club,,archive:amnd-winter-2013:inter-2:norwood-netball-club:none,Newton Jaguars,8,0,,,,,,,,,,,,,archive_pdf,final_premiership_placings,,
amnd-winter-2013-inter-3,woods-panthers,1,archive:amnd-winter-2013:inter-3:woods-panthers:1,Woods Panthers,1,1,,,,,,,,,,,,,archive_pdf,final_premiership_placings,,
amnd-winter-2013-inter-3,matrics,,archive:amnd-winter-2013:inter-3:matrics:none,Matrics,2,1,,,,,,,,,,,,,archive_pdf,final_premiership_placings,,
amnd-winter-2013-inter-3,metro-jets,,archive:amnd-winter-2013:inter-3:metro-jets:none,Western Jets,3,1,,,,,,,,,,,,,archive_pdf,final_premiership_placings,,
amnd-winter-2013-inter-3,tango-netball-club-inc,,archive:amnd-winter-2013:inter-3:tango-netball-club-inc:none,Tango,4,1,,,,,,,,,,,,,archive_pdf,final_premiership_placings,,
amnd-winter-2013-inter-3,oakdale-netball-club-sa,,archive:amnd-winter-2013:inter-3:oakdale-netball-club-sa:none,Oakdale Phoenix,5,0,,,,,,,,,,,,,archive_pdf,final_premiership_placings,,
amnd-winter-2013-inter-3,woods-panthers,2,archive:amnd-winter-2013:inter-3:woods-panthers:2,Woods Panthers,6,0,,,,,,,,,,,,,archive_pdf,final_premiership_placings,,
amnd-winter-2013-inter-3,adelaide-wildcats,,archive:amnd-winter-2013:inter-3:adelaide-wildcats:none,Adelaide Wildcats,7,0,,,,,,,,,,,,,archive_pdf,final_premiership_placings,,
amnd-winter-2013-inter-3,garville,,archive:amnd-winter-2013:inter-3:garville:none,Garville,8,0,,,,,,,,,,,,,archive_pdf,final_premiership_placings,,
amnd-winter-2013-inter-3,harlequin,,archive:amnd-winter-2013:inter-3:harlequin:none,Harlequin,9,0,,,,,,,,,,,,,archive_pdf,final_premiership_placings,,
amnd-winter-2013-inter-4,metro-jets,,archive:amnd-winter-2013:inter-4:metro-jets:none,Western Jets,1,1,,,,,,,,,,,,,archive_pdf,final_premiership_placings,,
amnd-winter-2013-inter-4,northeast-zodiac,,archive:amnd-winter-2013:inter-4:northeast-zodiac:none,Northeast Zodiac,2,1,,,,,,,,,,,,,archive_pdf,final_premiership_placings,,
amnd-winter-2013-inter-4,fielders-flames,,archive:amnd-winter-2013:inter-4:fielders-flames:none,Flames,3,1,,,,,,,,,,,,,archive_pdf,final_premiership_placings,,
amnd-winter-2013-inter-4,contax,1,archive:amnd-winter-2013:inter-4:contax:1,Contax,4,1,,,,,,,,,,,,,archive_pdf,final_premiership_placings,,
amnd-winter-2013-inter-4,norwood-netball-club,,archive:amnd-winter-2013:inter-4:norwood-netball-club:none,Newton Jaguars,5,0,,,,,,,,,,,,,archive_pdf,final_premiership_placings,,
amnd-winter-2013-inter-4,adelaide-cougars,,archive:amnd-winter-2013:inter-4:adelaide-cougars:none,Adelaide Cougars,6,0,,,,,,,,,,,,,archive_pdf,final_premiership_placings,,
amnd-winter-2013-inter-4,cheerio-netball-club,,archive:amnd-winter-2013:inter-4:cheerio-netball-club:none,Cheerio Phoenix,7,0,,,,,,,,,,,,,archive_pdf,final_premiership_placings,,
amnd-winter-2013-inter-4,oakdale-netball-club-sa,,archive:amnd-winter-2013:inter-4:oakdale-netball-club-sa:none,Oakdale Phoenix,8,0,,,,,,,,,,,,,archive_pdf,final_premiership_placings,,
amnd-winter-2013-inter-4,tango-netball-club-inc,,archive:amnd-winter-2013:inter-4:tango-netball-club-inc:none,Tango,9,0,,,,,,,,,,,,,archive_pdf,final_premiership_placings,,
amnd-winter-2013-inter-4,contax,2,archive:amnd-winter-2013:inter-4:contax:2,Contax,10,0,,,,,,,,,,,,,archive_pdf,final_premiership_placings,,
amnd-winter-2013-inter-5,garville,,archive:amnd-winter-2013:inter-5:garville:none,Garville,1,1,,,,,,,,,,,,,archive_pdf,final_premiership_placings,,
amnd-winter-2013-inter-5,metro-jets,1,archive:amnd-winter-2013:inter-5:metro-jets:1,Western Jets,2,1,,,,,,,,,,,,,archive_pdf,final_premiership_placings,,
amnd-winter-2013-inter-5,adelaide-cougars,1,archive:amnd-winter-2013:inter-5:adelaide-cougars:1,Adelaide Cougars,3,1,,,,,,,,,,,,,archive_pdf,final_premiership_placings,,
amnd-winter-2013-inter-5,matrics,,archive:amnd-winter-2013:inter-5:matrics:none,Matrics,4,1,,,,,,,,,,,,,archive_pdf,final_premiership_placings,,
amnd-winter-2013-inter-5,tango-netball-club-inc,,archive:amnd-winter-2013:inter-5:tango-netball-club-inc:none,Tango,5,0,,,,,,,,,,,,,archive_pdf,final_premiership_placings,,
amnd-winter-2013-inter-5,semaphore,,archive:amnd-winter-2013:inter-5:semaphore:none,Semaphore,6,0,,,,,,,,,,,,,archive_pdf,final_premiership_placings,,
amnd-winter-2013-inter-5,woods-panthers,,archive:amnd-winter-2013:inter-5:woods-panthers:none,Woods Panthers,7,0,,,,,,,,,,,,,archive_pdf,final_premiership_placings,,
amnd-winter-2013-inter-5,adelaide-cougars,2,archive:amnd-winter-2013:inter-5:adelaide-cougars:2,Adelaide Cougars,8,0,,,,,,,,,,,,,archive_pdf,final_premiership_placings,,
amnd-winter-2013-inter-5,oakdale-netball-club-sa,,archive:amnd-winter-2013:inter-5:oakdale-netball-club-sa:none,Oakdale Phoenix,9,0,,,,,,,,,,,,,archive_pdf,final_premiership_placings,,
amnd-winter-2013-inter-5,metro-jets,2,archive:amnd-winter-2013:inter-5:metro-jets:2,Western Jets,10,0,,,,,,,,,,,,,archive_pdf,final_premiership_placings,,
amnd-winter-2013-junior-1,oakdale-netball-club-sa,,archive:amnd-winter-2013:junior-1:oakdale-netball-club-sa:none,Oakdale Phoenix,1,1,,,,,,,,,,,,,archive_pdf,final_premiership_placings,,
amnd-winter-2013-junior-1,contax,,archive:amnd-winter-2013:junior-1:contax:none,Contax,2,1,,,,,,,,,,,,,archive_pdf,final_premiership_placings,,
amnd-winter-2013-junior-1,woods-panthers,,archive:amnd-winter-2013:junior-1:woods-panthers:none,Woods Panthers,3,1,,,,,,,,,,,,,archive_pdf,final_premiership_placings,,
amnd-winter-2013-junior-1,adelaide-cougars,,archive:amnd-winter-2013:junior-1:adelaide-cougars:none,Adelaide Cougars,4,1,,,,,,,,,,,,,archive_pdf,final_premiership_placings,,
amnd-winter-2013-junior-1,garville,,archive:amnd-winter-2013:junior-1:garville:none,Garville,5,0,,,,,,,,,,,,,archive_pdf,final_premiership_placings,,
amnd-winter-2013-junior-1,metro-jets,,archive:amnd-winter-2013:junior-1:metro-jets:none,Western Jets,6,0,,,,,,,,,,,,,archive_pdf,final_premiership_placings,,
amnd-winter-2013-junior-1,matrics,,archive:amnd-winter-2013:junior-1:matrics:none,Matrics,7,0,,,,,,,,,,,,,archive_pdf,final_premiership_placings,,
amnd-winter-2013-junior-1,norwood-netball-club,,archive:amnd-winter-2013:junior-1:norwood-netball-club:none,Newton Jaguars,8,0,,,,,,,,,,,,,archive_pdf,final_premiership_placings,,
amnd-winter-2013-junior-2,contax,,archive:amnd-winter-2013:junior-2:contax:none,Contax,1,1,,,,,,,,,,,,,archive_pdf,final_premiership_placings,,
amnd-winter-2013-junior-2,oakdale-netball-club-sa,,archive:amnd-winter-2013:junior-2:oakdale-netball-club-sa:none,Oakdale Phoenix,2,1,,,,,,,,,,,,,archive_pdf,final_premiership_placings,,
amnd-winter-2013-junior-2,garville,,archive:amnd-winter-2013:junior-2:garville:none,Garville,3,1,,,,,,,,,,,,,archive_pdf,final_premiership_placings,,
amnd-winter-2013-junior-2,tango-netball-club-inc,,archive:amnd-winter-2013:junior-2:tango-netball-club-inc:none,Tango,4,1,,,,,,,,,,,,,archive_pdf,final_premiership_placings,,
amnd-winter-2013-junior-2,adelaide-wildcats,,archive:amnd-winter-2013:junior-2:adelaide-wildcats:none,Adelaide Wildcats,5,0,,,,,,,,,,,,,archive_pdf,final_premiership_placings,,
amnd-winter-2013-junior-2,woods-panthers,,archive:amnd-winter-2013:junior-2:woods-panthers:none,Woods Panthers,6,0,,,,,,,,,,,,,archive_pdf,final_premiership_placings,,
amnd-winter-2013-junior-2,matrics,,archive:amnd-winter-2013:junior-2:matrics:none,Matrics,7,0,,,,,,,,,,,,,archive_pdf,final_premiership_placings,,
amnd-winter-2013-junior-2,adelaide-cougars,,archive:amnd-winter-2013:junior-2:adelaide-cougars:none,Adelaide Cougars,8,0,,,,,,,,,,,,,archive_pdf,final_premiership_placings,,
amnd-winter-2013-junior-3,contax,,archive:amnd-winter-2013:junior-3:contax:none,Contax,1,1,,,,,,,,,,,,,archive_pdf,final_premiership_placings,,
amnd-winter-2013-junior-3,woods-panthers,,archive:amnd-winter-2013:junior-3:woods-panthers:none,Woods Panthers,2,1,,,,,,,,,,,,,archive_pdf,final_premiership_placings,,
amnd-winter-2013-junior-3,garville,,archive:amnd-winter-2013:junior-3:garville:none,Garville,3,1,,,,,,,,,,,,,archive_pdf,final_premiership_placings,,
amnd-winter-2013-junior-3,tango-netball-club-inc,,archive:amnd-winter-2013:junior-3:tango-netball-club-inc:none,Tango,4,1,,,,,,,,,,,,,archive_pdf,final_premiership_placings,,
amnd-winter-2013-junior-3,metro-jets,,archive:amnd-winter-2013:junior-3:metro-jets:none,Western Jets,5,0,,,,,,,,,,,,,archive_pdf,final_premiership_placings,,
amnd-winter-2013-junior-3,matrics,,archive:amnd-winter-2013:junior-3:matrics:none,Matrics,6,0,,,,,,,,,,,,,archive_pdf,final_premiership_placings,,
amnd-winter-2013-junior-3,harlequin,,archive:amnd-winter-2013:junior-3:harlequin:none,Harlequin,7,0,,,,,,,,,,,,,archive_pdf,final_premiership_placings,,
amnd-winter-2013-junior-3,norwood-netball-club,,archive:amnd-winter-2013:junior-3:norwood-netball-club:none,Newton Jaguars,8,0,,,,,,,,,,,,,archive_pdf,final_premiership_placings,,
amnd-winter-2013-junior-4,oakdale-netball-club-sa,,archive:amnd-winter-2013:junior-4:oakdale-netball-club-sa:none,Oakdale Phoenix,1,1,,,,,,,,,,,,,archive_pdf,final_premiership_placings,,
amnd-winter-2013-junior-4,cheerio-netball-club,,archive:amnd-winter-2013:junior-4:cheerio-netball-club:none,Cheerio Phoenix,2,1,,,,,,,,,,,,,archive_pdf,final_premiership_placings,,
amnd-winter-2013-junior-4,contax,1,archive:amnd-winter-2013:junior-4:contax:1,Contax,3,1,,,,,,,,,,,,,archive_pdf,final_premiership_placings,,
amnd-winter-2013-junior-4,contax,2,archive:amnd-winter-2013:junior-4:contax:2,Contax,4,1,,,,,,,,,,,,,archive_pdf,final_premiership_placings,,
amnd-winter-2013-junior-4,metro-jets,,archive:amnd-winter-2013:junior-4:metro-jets:none,Western Jets,5,0,,,,,,,,,,,,,archive_pdf,final_premiership_placings,,
amnd-winter-2013-junior-4,woods-panthers,,archive:amnd-winter-2013:junior-4:woods-panthers:none,Woods Panthers,6,0,,,,,,,,,,,,,archive_pdf,final_premiership_placings,,
amnd-winter-2013-junior-4,norwood-netball-club,,archive:amnd-winter-2013:junior-4:norwood-netball-club:none,Newton Jaguars,7,0,,,,,,,,,,,,,archive_pdf,final_premiership_placings,,
amnd-winter-2013-junior-4,matrics,,archive:amnd-winter-2013:junior-4:matrics:none,Matrics,8,0,,,,,,,,,,,,,archive_pdf,final_premiership_placings,,
amnd-winter-2013-junior-5,adelaide-cougars,,archive:amnd-winter-2013:junior-5:adelaide-cougars:none,Adelaide Cougars,1,1,,,,,,,,,,,,,archive_pdf,final_premiership_placings,,
amnd-winter-2013-junior-5,northeast-zodiac,,archive:amnd-winter-2013:junior-5:northeast-zodiac:none,Northeast Zodiac,2,1,,,,,,,,,,,,,archive_pdf,final_premiership_placings,,
amnd-winter-2013-junior-5,oakdale-netball-club-sa,2,archive:amnd-winter-2013:junior-5:oakdale-netball-club-sa:2,Oakdale Phoenix,3,1,,,,,,,,,,,,,archive_pdf,final_premiership_placings,,
amnd-winter-2013-junior-5,garville,,archive:amnd-winter-2013:junior-5:garville:none,Garville,4,1,,,,,,,,,,,,,archive_pdf,final_premiership_placings,,
amnd-winter-2013-junior-5,oakdale-netball-club-sa,1,archive:amnd-winter-2013:junior-5:oakdale-netball-club-sa:1,Oakdale Phoenix,5,0,,,,,,,,,,,,,archive_pdf,final_premiership_placings,,
amnd-winter-2013-junior-5,tango-netball-club-inc,,archive:amnd-winter-2013:junior-5:tango-netball-club-inc:none,Tango,6,0,,,,,,,,,,,,,archive_pdf,final_premiership_placings,,
amnd-winter-2013-junior-5,metro-jets,,archive:amnd-winter-2013:junior-5:metro-jets:none,Western Jets,7,0,,,,,,,,,,,,,archive_pdf,final_premiership_placings,,
amnd-winter-2013-junior-5,harlequin,,archive:amnd-winter-2013:junior-5:harlequin:none,Harlequin,8,0,,,,,,,,,,,,,archive_pdf,final_premiership_placings,,
amnd-winter-2013-junior-6,contax,,archive:amnd-winter-2013:junior-6:contax:none,Contax,1,1,,,,,,,,,,,,,archive_pdf,final_premiership_placings,,
amnd-winter-2013-junior-6,tango-netball-club-inc,,archive:amnd-winter-2013:junior-6:tango-netball-club-inc:none,Tango,2,1,,,,,,,,,,,,,archive_pdf,final_premiership_placings,,
amnd-winter-2013-junior-6,matrics,,archive:amnd-winter-2013:junior-6:matrics:none,Matrics,3,1,,,,,,,,,,,,,archive_pdf,final_premiership_placings,,
amnd-winter-2013-junior-6,woods-panthers,,archive:amnd-winter-2013:junior-6:woods-panthers:none,Woods Panthers,4,1,,,,,,,,,,,,,archive_pdf,final_premiership_placings,,
amnd-winter-2013-junior-6,garville,,archive:amnd-winter-2013:junior-6:garville:none,Garville,5,0,,,,,,,,,,,,,archive_pdf,final_premiership_placings,,
amnd-winter-2013-junior-6,norwood-netball-club,,archive:amnd-winter-2013:junior-6:norwood-netball-club:none,Newton Jaguars,6,0,,,,,,,,,,,,,archive_pdf,final_premiership_placings,,
amnd-winter-2013-junior-6,cheerio-netball-club,,archive:amnd-winter-2013:junior-6:cheerio-netball-club:none,Cheerio Phoenix,7,0,,,,,,,,,,,,,archive_pdf,final_premiership_placings,,
amnd-winter-2013-junior-6,metro-jets,,archive:amnd-winter-2013:junior-6:metro-jets:none,Western Jets,8,0,,,,,,,,,,,,,archive_pdf,final_premiership_placings,,
amnd-winter-2013-junior-7,adelaide-cougars,,archive:amnd-winter-2013:junior-7:adelaide-cougars:none,Adelaide Cougars,1,1,,,,,,,,,,,,,archive_pdf,final_premiership_placings,,
amnd-winter-2013-junior-7,metro-jets,,archive:amnd-winter-2013:junior-7:metro-jets:none,Western Jets,2,1,,,,,,,,,,,,,archive_pdf,final_premiership_placings,,
amnd-winter-2013-junior-7,woods-panthers,1,archive:amnd-winter-2013:junior-7:woods-panthers:1,Woods Panthers,3,1,,,,,,,,,,,,,archive_pdf,final_premiership_placings,,
amnd-winter-2013-junior-7,oakdale-netball-club-sa,1,archive:amnd-winter-2013:junior-7:oakdale-netball-club-sa:1,Oakdale Phoenix,4,1,,,,,,,,,,,,,archive_pdf,final_premiership_placings,,
amnd-winter-2013-junior-7,woods-panthers,2,archive:amnd-winter-2013:junior-7:woods-panthers:2,Woods Panthers,5,0,,,,,,,,,,,,,archive_pdf,final_premiership_placings,,
amnd-winter-2013-junior-7,garville,,archive:amnd-winter-2013:junior-7:garville:none,Garville,6,0,,,,,,,,,,,,,archive_pdf,final_premiership_placings,,
amnd-winter-2013-junior-7,oakdale-netball-club-sa,2,archive:amnd-winter-2013:junior-7:oakdale-netball-club-sa:2,Oakdale Phoenix,7,0,,,,,,,,,,,,,archive_pdf,final_premiership_placings,,
amnd-winter-2013-junior-7,adelaide-wildcats,,archive:amnd-winter-2013:junior-7:adelaide-wildcats:none,Adelaide Wildcats,8,0,,,,,,,,,,,,,archive_pdf,final_premiership_placings,,
amnd-winter-2013-junior-8,matrics,,archive:amnd-winter-2013:junior-8:matrics:none,Matrics,1,1,,,,,,,,,,,,,archive_pdf,final_premiership_placings,,
amnd-winter-2013-junior-8,semaphore,,archive:amnd-winter-2013:junior-8:semaphore:none,Semaphore,2,1,,,,,,,,,,,,,archive_pdf,final_premiership_placings,,
amnd-winter-2013-junior-8,woods-panthers,,archive:amnd-winter-2013:junior-8:woods-panthers:none,Woods Panthers,3,1,,,,,,,,,,,,,archive_pdf,final_premiership_placings,,
amnd-winter-2013-junior-8,metro-jets,1,archive:amnd-winter-2013:junior-8:metro-jets:1,Western Jets,4,1,,,,,,,,,,,,,archive_pdf,final_premiership_placings,,
amnd-winter-2013-junior-8,cheerio-netball-club,,archive:amnd-winter-2013:junior-8:cheerio-netball-club:none,Cheerio Phoenix,5,0,,,,,,,,,,,,,archive_pdf,final_premiership_placings,,
amnd-winter-2013-junior-8,adelaide-cougars,,archive:amnd-winter-2013:junior-8:adelaide-cougars:none,Adelaide Cougars,6,0,,,,,,,,,,,,,archive_pdf,final_premiership_placings,,
amnd-winter-2013-junior-8,norwood-netball-club,,archive:amnd-winter-2013:junior-8:norwood-netball-club:none,Newton Jaguars,7,0,,,,,,,,,,,,,archive_pdf,final_premiership_placings,,
amnd-winter-2013-junior-8,oakdale-netball-club-sa,,archive:amnd-winter-2013:junior-8:oakdale-netball-club-sa:none,Oakdale Phoenix,8,0,,,,,,,,,,,,,archive_pdf,final_premiership_placings,,
amnd-winter-2013-junior-8,tango-netball-club-inc,,archive:amnd-winter-2013:junior-8:tango-netball-club-inc:none,Tango,9,0,,,,,,,,,,,,,archive_pdf,final_premiership_placings,,
amnd-winter-2013-junior-8,metro-jets,2,archive:amnd-winter-2013:junior-8:metro-jets:2,Western Jets,10,0,,,,,,,,,,,,,archive_pdf,final_premiership_placings,,
amnd-winter-2013-primary-1,garville,,archive:amnd-winter-2013:primary-1:garville:none,Garville,1,1,,,,,,,,,,,,,archive_pdf,final_premiership_placings,,
amnd-winter-2013-primary-1,tango-netball-club-inc,,archive:amnd-winter-2013:primary-1:tango-netball-club-inc:none,Tango,2,1,,,,,,,,,,,,,archive_pdf,final_premiership_placings,,
amnd-winter-2013-primary-1,contax,1,archive:amnd-winter-2013:primary-1:contax:1,Contax,3,1,,,,,,,,,,,,,archive_pdf,final_premiership_placings,,
amnd-winter-2013-primary-1,woods-panthers,,archive:amnd-winter-2013:primary-1:woods-panthers:none,Woods Panthers,4,1,,,,,,,,,,,,,archive_pdf,final_premiership_placings,,
amnd-winter-2013-primary-1,matrics,,archive:amnd-winter-2013:primary-1:matrics:none,Matrics,5,0,,,,,,,,,,,,,archive_pdf,final_premiership_placings,,
amnd-winter-2013-primary-1,contax,2,archive:amnd-winter-2013:primary-1:contax:2,Contax,6,0,,,,,,,,,,,,,archive_pdf,final_premiership_placings,,
amnd-winter-2013-primary-1,metro-jets,,archive:amnd-winter-2013:primary-1:metro-jets:none,Western Jets,7,0,,,,,,,,,,,,,archive_pdf,final_premiership_placings,,
amnd-winter-2013-primary-1,oakdale-netball-club-sa,,archive:amnd-winter-2013:primary-1:oakdale-netball-club-sa:none,Oakdale Phoenix,8,0,,,,,,,,,,,,,archive_pdf,final_premiership_placings,,
amnd-winter-2013-primary-2,garville,,archive:amnd-winter-2013:primary-2:garville:none,Garville,1,1,,,,,,,,,,,,,archive_pdf,final_premiership_placings,,
amnd-winter-2013-primary-2,tango-netball-club-inc,,archive:amnd-winter-2013:primary-2:tango-netball-club-inc:none,Tango,2,1,,,,,,,,,,,,,archive_pdf,final_premiership_placings,,
amnd-winter-2013-primary-2,adelaide-wildcats,,archive:amnd-winter-2013:primary-2:adelaide-wildcats:none,Adelaide Wildcats,3,1,,,,,,,,,,,,,archive_pdf,final_premiership_placings,,
amnd-winter-2013-primary-2,woods-panthers,,archive:amnd-winter-2013:primary-2:woods-panthers:none,Woods Panthers,4,1,,,,,,,,,,,,,archive_pdf,final_premiership_placings,,
amnd-winter-2013-primary-2,norwood-netball-club,,archive:amnd-winter-2013:primary-2:norwood-netball-club:none,Newton Jaguars,5,0,,,,,,,,,,,,,archive_pdf,final_premiership_placings,,
amnd-winter-2013-primary-2,metro-jets,,archive:amnd-winter-2013:primary-2:metro-jets:none,Western Jets,6,0,,,,,,,,,,,,,archive_pdf,final_premiership_placings,,
amnd-winter-2013-primary-2,matrics,,archive:amnd-winter-2013:primary-2:matrics:none,Matrics,7,0,,,,,,,,,,,,,archive_pdf,final_premiership_placings,,
amnd-winter-2013-primary-3,contax,,archive:amnd-winter-2013:primary-3:contax:none,Contax,1,1,,,,,,,,,,,,,archive_pdf,final_premiership_placings,,
amnd-winter-2013-primary-3,metro-jets,,archive:amnd-winter-2013:primary-3:metro-jets:none,Western Jets,2,1,,,,,,,,,,,,,archive_pdf,final_premiership_placings,,
amnd-winter-2013-primary-3,matrics,,archive:amnd-winter-2013:primary-3:matrics:none,Matrics,3,1,,,,,,,,,,,,,archive_pdf,final_premiership_placings,,
amnd-winter-2013-primary-3,oakdale-netball-club-sa,,archive:amnd-winter-2013:primary-3:oakdale-netball-club-sa:none,Oakdale Phoenix,4,1,,,,,,,,,,,,,archive_pdf,final_premiership_placings,,
amnd-winter-2013-primary-3,harlequin,,archive:amnd-winter-2013:primary-3:harlequin:none,Harlequin,5,0,,,,,,,,,,,,,archive_pdf,final_premiership_placings,,
amnd-winter-2013-primary-3,norwood-netball-club,,archive:amnd-winter-2013:primary-3:norwood-netball-club:none,Newton Jaguars,6,0,,,,,,,,,,,,,archive_pdf,final_premiership_placings,,
amnd-winter-2013-primary-4,tango-netball-club-inc,,archive:amnd-winter-2013:primary-4:tango-netball-club-inc:none,Tango,1,1,,,,,,,,,,,,,archive_pdf,final_premiership_placings,,
amnd-winter-2013-primary-4,adelaide-wildcats,,archive:amnd-winter-2013:primary-4:adelaide-wildcats:none,Adelaide Wildcats,2,1,,,,,,,,,,,,,archive_pdf,final_premiership_placings,,
amnd-winter-2013-primary-4,contax,,archive:amnd-winter-2013:primary-4:contax:none,Contax,3,1,,,,,,,,,,,,,archive_pdf,final_premiership_placings,,
amnd-winter-2013-primary-4,woods-panthers,,archive:amnd-winter-2013:primary-4:woods-panthers:none,Woods Panthers,4,1,,,,,,,,,,,,,archive_pdf,final_premiership_placings,,
amnd-winter-2013-primary-4,matrics,,archive:amnd-winter-2013:primary-4:matrics:none,Matrics,5,0,,,,,,,,,,,,,archive_pdf,final_premiership_placings,,
amnd-winter-2013-primary-4,metro-jets,,archive:amnd-winter-2013:primary-4:metro-jets:none,Western Jets,6,0,,,,,,,,,,,,,archive_pdf,final_premiership_placings,,
amnd-winter-2013-primary-4,adelaide-cougars,,archive:amnd-winter-2013:primary-4:adelaide-cougars:none,Adelaide Cougars,7,0,,,,,,,,,,,,,archive_pdf,final_premiership_placings,,
amnd-winter-2013-primary-4,garville,,archive:amnd-winter-2013:primary-4:garville:none,Garville,8,0,,,,,,,,,,,,,archive_pdf,final_premiership_placings,,
amnd-winter-2013-primary-5,cheerio-netball-club,,archive:amnd-winter-2013:primary-5:cheerio-netball-club:none,Cheerio Phoenix,1,1,,,,,,,,,,,,,archive_pdf,final_premiership_placings,,
amnd-winter-2013-primary-5,northeast-zodiac,,archive:amnd-winter-2013:primary-5:northeast-zodiac:none,Northeast Zodiac,2,1,,,,,,,,,,,,,archive_pdf,final_premiership_placings,,
amnd-winter-2013-primary-5,adelaide-wildcats,,archive:amnd-winter-2013:primary-5:adelaide-wildcats:none,Adelaide Wildcats,3,1,,,,,,,,,,,,,archive_pdf,final_premiership_placings,,
amnd-winter-2013-primary-5,tango-netball-club-inc,,archive:amnd-winter-2013:primary-5:tango-netball-club-inc:none,Tango,4,1,,,,,,,,,,,,,archive_pdf,final_premiership_placings,,
amnd-winter-2013-primary-5,metro-jets,,archive:amnd-winter-2013:primary-5:metro-jets:none,Western Jets,5,0,,,,,,,,,,,,,archive_pdf,final_premiership_placings,,
amnd-winter-2013-primary-5,oakdale-netball-club-sa,,archive:amnd-winter-2013:primary-5:oakdale-netball-club-sa:none,Oakdale Phoenix,6,0,,,,,,,,,,,,,archive_pdf,final_premiership_placings,,
amnd-winter-2013-primary-5,norwood-netball-club,,archive:amnd-winter-2013:primary-5:norwood-netball-club:none,Newton Jaguars,7,0,,,,,,,,,,,,,archive_pdf,final_premiership_placings,,
amnd-winter-2013-primary-5,matrics,,archive:amnd-winter-2013:primary-5:matrics:none,Matrics,8,0,,,,,,,,,,,,,archive_pdf,final_premiership_placings,,
amnd-winter-2013-primary-6,contax,,archive:amnd-winter-2013:primary-6:contax:none,Contax,1,1,,,,,,,,,,,,,archive_pdf,final_premiership_placings,,
amnd-winter-2013-primary-6,garville,,archive:amnd-winter-2013:primary-6:garville:none,Garville,2,1,,,,,,,,,,,,,archive_pdf,final_premiership_placings,,
amnd-winter-2013-primary-6,woods-panthers,,archive:amnd-winter-2013:primary-6:woods-panthers:none,Woods Panthers,3,1,,,,,,,,,,,,,archive_pdf,final_premiership_placings,,
amnd-winter-2013-primary-6,adelaide-cougars,,archive:amnd-winter-2013:primary-6:adelaide-cougars:none,Adelaide Cougars,4,1,,,,,,,,,,,,,archive_pdf,final_premiership_placings,,
amnd-winter-2013-primary-6,northeast-zodiac,,archive:amnd-winter-2013:primary-6:northeast-zodiac:none,Northeast Zodiac,5,0,,,,,,,,,,,,,archive_pdf,final_premiership_placings,,
amnd-winter-2013-primary-6,norwood-netball-club,,archive:amnd-winter-2013:primary-6:norwood-netball-club:none,Newton Jaguars,6,0,,,,,,,,,,,,,archive_pdf,final_premiership_placings,,
amnd-winter-2013-primary-6,metro-jets,,archive:amnd-winter-2013:primary-6:metro-jets:none,Western Jets,7,0,,,,,,,,,,,,,archive_pdf,final_premiership_placings,,
amnd-winter-2013-primary-7,tango-netball-club-inc,,archive:amnd-winter-2013:primary-7:tango-netball-club-inc:none,Tango,1,1,,,,,,,,,,,,,archive_pdf,final_premiership_placings,,
amnd-winter-2013-primary-7,adelaide-wildcats,,archive:amnd-winter-2013:primary-7:adelaide-wildcats:none,Adelaide Wildcats,2,1,,,,,,,,,,,,,archive_pdf,final_premiership_placings,,
amnd-winter-2013-primary-7,oakdale-netball-club-sa,,archive:amnd-winter-2013:primary-7:oakdale-netball-club-sa:none,Oakdale Phoenix,3,1,,,,,,,,,,,,,archive_pdf,final_premiership_placings,,
amnd-winter-2013-primary-7,woods-panthers,,archive:amnd-winter-2013:primary-7:woods-panthers:none,Woods Panthers,4,1,,,,,,,,,,,,,archive_pdf,final_premiership_placings,,
amnd-winter-2013-primary-7,contax,,archive:amnd-winter-2013:primary-7:contax:none,Contax,5,0,,,,,,,,,,,,,archive_pdf,final_premiership_placings,,
amnd-winter-2013-primary-7,cheerio-netball-club,,archive:amnd-winter-2013:primary-7:cheerio-netball-club:none,Cheerio Phoenix,6,0,,,,,,,,,,,,,archive_pdf,final_premiership_placings,,
amnd-winter-2013-primary-7,matrics,,archive:amnd-winter-2013:primary-7:matrics:none,Matrics,7,0,,,,,,,,,,,,,archive_pdf,final_premiership_placings,,
amnd-winter-2013-primary-7,garville,,archive:amnd-winter-2013:primary-7:garville:none,Garville,8,0,,,,,,,,,,,,,archive_pdf,final_premiership_placings,,
amnd-winter-2013-sub-junior-1,oakdale-netball-club-sa,,archive:amnd-winter-2013:sub-junior-1:oakdale-netball-club-sa:none,Oakdale Phoenix,1,1,,,,,,,,,,,,,archive_pdf,final_premiership_placings,,
amnd-winter-2013-sub-junior-1,contax,,archive:amnd-winter-2013:sub-junior-1:contax:none,Contax,2,1,,,,,,,,,,,,,archive_pdf,final_premiership_placings,,
amnd-winter-2013-sub-junior-1,metro-jets,,archive:amnd-winter-2013:sub-junior-1:metro-jets:none,Western Jets,3,1,,,,,,,,,,,,,archive_pdf,final_premiership_placings,,
amnd-winter-2013-sub-junior-1,matrics,,archive:amnd-winter-2013:sub-junior-1:matrics:none,Matrics,4,1,,,,,,,,,,,,,archive_pdf,final_premiership_placings,,
amnd-winter-2013-sub-junior-1,tango-netball-club-inc,,archive:amnd-winter-2013:sub-junior-1:tango-netball-club-inc:none,Tango,5,0,,,,,,,,,,,,,archive_pdf,final_premiership_placings,,
amnd-winter-2013-sub-junior-1,woods-panthers,,archive:amnd-winter-2013:sub-junior-1:woods-panthers:none,Woods Panthers,6,0,,,,,,,,,,,,,archive_pdf,final_premiership_placings,,
amnd-winter-2013-sub-junior-1,garville,,archive:amnd-winter-2013:sub-junior-1:garville:none,Garville,7,0,,,,,,,,,,,,,archive_pdf,final_premiership_placings,,
amnd-winter-2013-sub-junior-1,norwood-netball-club,,archive:amnd-winter-2013:sub-junior-1:norwood-netball-club:none,Newton Jaguars,8,0,,,,,,,,,,,,,archive_pdf,final_premiership_placings,,
amnd-winter-2013-sub-junior-2,garville,,archive:amnd-winter-2013:sub-junior-2:garville:none,Garville,1,1,,,,,,,,,,,,,archive_pdf,final_premiership_placings,,
amnd-winter-2013-sub-junior-2,contax,,archive:amnd-winter-2013:sub-junior-2:contax:none,Contax,2,1,,,,,,,,,,,,,archive_pdf,final_premiership_placings,,
amnd-winter-2013-sub-junior-2,matrics,,archive:amnd-winter-2013:sub-junior-2:matrics:none,Matrics,3,1,,,,,,,,,,,,,archive_pdf,final_premiership_placings,,
amnd-winter-2013-sub-junior-2,oakdale-netball-club-sa,,archive:amnd-winter-2013:sub-junior-2:oakdale-netball-club-sa:none,Oakdale Phoenix,4,1,,,,,,,,,,,,,archive_pdf,final_premiership_placings,,
amnd-winter-2013-sub-junior-2,tango-netball-club-inc,,archive:amnd-winter-2013:sub-junior-2:tango-netball-club-inc:none,Tango,5,0,,,,,,,,,,,,,archive_pdf,final_premiership_placings,,
amnd-winter-2013-sub-junior-2,metro-jets,,archive:amnd-winter-2013:sub-junior-2:metro-jets:none,Western Jets,6,0,,,,,,,,,,,,,archive_pdf,final_premiership_placings,,
amnd-winter-2013-sub-junior-2,woods-panthers,,archive:amnd-winter-2013:sub-junior-2:woods-panthers:none,Woods Panthers,7,0,,,,,,,,,,,,,archive_pdf,final_premiership_placings,,
amnd-winter-2013-sub-junior-3,woods-panthers,,archive:amnd-winter-2013:sub-junior-3:woods-panthers:none,Woods Panthers,1,1,,,,,,,,,,,,,archive_pdf,final_premiership_placings,,
amnd-winter-2013-sub-junior-3,contax,,archive:amnd-winter-2013:sub-junior-3:contax:none,Contax,2,1,,,,,,,,,,,,,archive_pdf,final_premiership_placings,,
amnd-winter-2013-sub-junior-3,tango-netball-club-inc,,archive:amnd-winter-2013:sub-junior-3:tango-netball-club-inc:none,Tango,3,1,,,,,,,,,,,,,archive_pdf,final_premiership_placings,,
amnd-winter-2013-sub-junior-3,oakdale-netball-club-sa,,archive:amnd-winter-2013:sub-junior-3:oakdale-netball-club-sa:none,Oakdale Phoenix,4,1,,,,,,,,,,,,,archive_pdf,final_premiership_placings,,
amnd-winter-2013-sub-junior-3,metro-jets,,archive:amnd-winter-2013:sub-junior-3:metro-jets:none,Western Jets,5,0,,,,,,,,,,,,,archive_pdf,final_premiership_placings,,
amnd-winter-2013-sub-junior-3,adelaide-cougars,,archive:amnd-winter-2013:sub-junior-3:adelaide-cougars:none,Adelaide Cougars,6,0,,,,,,,,,,,,,archive_pdf,final_premiership_placings,,
amnd-winter-2013-sub-junior-3,matrics,,archive:amnd-winter-2013:sub-junior-3:matrics:none,Matrics,7,0,,,,,,,,,,,,,archive_pdf,final_premiership_placings,,
amnd-winter-2013-sub-junior-3,garville,,archive:amnd-winter-2013:sub-junior-3:garville:none,Garville,8,0,,,,,,,,,,,,,archive_pdf,final_premiership_placings,,
amnd-winter-2013-sub-junior-3,norwood-netball-club,,archive:amnd-winter-2013:sub-junior-3:norwood-netball-club:none,Newton Jaguars,9,0,,,,,,,,,,,,,archive_pdf,final_premiership_placings,,
amnd-winter-2013-sub-junior-4,woods-panthers,,archive:amnd-winter-2013:sub-junior-4:woods-panthers:none,Woods Panthers,1,1,,,,,,,,,,,,,archive_pdf,final_premiership_placings,,
amnd-winter-2013-sub-junior-4,adelaide-wildcats,,archive:amnd-winter-2013:sub-junior-4:adelaide-wildcats:none,Adelaide Wildcats,2,1,,,,,,,,,,,,,archive_pdf,final_premiership_placings,,
amnd-winter-2013-sub-junior-4,metro-jets,,archive:amnd-winter-2013:sub-junior-4:metro-jets:none,Western Jets,3,1,,,,,,,,,,,,,archive_pdf,final_premiership_placings,,
amnd-winter-2013-sub-junior-4,contax,,archive:amnd-winter-2013:sub-junior-4:contax:none,Contax,4,1,,,,,,,,,,,,,archive_pdf,final_premiership_placings,,
amnd-winter-2013-sub-junior-4,matrics,,archive:amnd-winter-2013:sub-junior-4:matrics:none,Matrics,5,0,,,,,,,,,,,,,archive_pdf,final_premiership_placings,,
amnd-winter-2013-sub-junior-4,oakdale-netball-club-sa,,archive:amnd-winter-2013:sub-junior-4:oakdale-netball-club-sa:none,Oakdale Phoenix,6,0,,,,,,,,,,,,,archive_pdf,final_premiership_placings,,
amnd-winter-2013-sub-junior-4,harlequin,,archive:amnd-winter-2013:sub-junior-4:harlequin:none,Harlequin,7,0,,,,,,,,,,,,,archive_pdf,final_premiership_placings,,
amnd-winter-2013-sub-junior-4,norwood-netball-club,,archive:amnd-winter-2013:sub-junior-4:norwood-netball-club:none,Newton Jaguars,8,0,,,,,,,,,,,,,archive_pdf,final_premiership_placings,,
amnd-winter-2013-sub-junior-5,tango-netball-club-inc,,archive:amnd-winter-2013:sub-junior-5:tango-netball-club-inc:none,Tango,1,1,,,,,,,,,,,,,archive_pdf,final_premiership_placings,,
amnd-winter-2013-sub-junior-5,oakdale-netball-club-sa,,archive:amnd-winter-2013:sub-junior-5:oakdale-netball-club-sa:none,Oakdale Phoenix,2,1,,,,,,,,,,,,,archive_pdf,final_premiership_placings,,
amnd-winter-2013-sub-junior-5,matrics,,archive:amnd-winter-2013:sub-junior-5:matrics:none,Matrics,3,1,,,,,,,,,,,,,archive_pdf,final_premiership_placings,,
amnd-winter-2013-sub-junior-5,metro-jets,,archive:amnd-winter-2013:sub-junior-5:metro-jets:none,Western Jets,4,1,,,,,,,,,,,,,archive_pdf,final_premiership_placings,,
amnd-winter-2013-sub-junior-5,contax,,archive:amnd-winter-2013:sub-junior-5:contax:none,Contax,5,0,,,,,,,,,,,,,archive_pdf,final_premiership_placings,,
amnd-winter-2013-sub-junior-5,garville,,archive:amnd-winter-2013:sub-junior-5:garville:none,Garville,6,0,,,,,,,,,,,,,archive_pdf,final_premiership_placings,,
amnd-winter-2013-sub-junior-5,northeast-zodiac,,archive:amnd-winter-2013:sub-junior-5:northeast-zodiac:none,Northeast Zodiac,7,0,,,,,,,,,,,,,archive_pdf,final_premiership_placings,,
amnd-winter-2013-sub-junior-5,norwood-netball-club,,archive:amnd-winter-2013:sub-junior-5:norwood-netball-club:none,Newton Jaguars,8,0,,,,,,,,,,,,,archive_pdf,final_premiership_placings,,
amnd-winter-2013-sub-junior-6,matrics,2,archive:amnd-winter-2013:sub-junior-6:matrics:2,Matrics,1,1,,,,,,,,,,,,,archive_pdf,final_premiership_placings,,
amnd-winter-2013-sub-junior-6,tango-netball-club-inc,2,archive:amnd-winter-2013:sub-junior-6:tango-netball-club-inc:2,Tango,2,1,,,,,,,,,,,,,archive_pdf,final_premiership_placings,,
amnd-winter-2013-sub-junior-6,matrics,1,archive:amnd-winter-2013:sub-junior-6:matrics:1,Matrics,3,1,,,,,,,,,,,,,archive_pdf,final_premiership_placings,,
amnd-winter-2013-sub-junior-6,tango-netball-club-inc,1,archive:amnd-winter-2013:sub-junior-6:tango-netball-club-inc:1,Tango,4,1,,,,,,,,,,,,,archive_pdf,final_premiership_placings,,
amnd-winter-2013-sub-junior-6,metro-jets,,archive:amnd-winter-2013:sub-junior-6:metro-jets:none,Western Jets,5,0,,,,,,,,,,,,,archive_pdf,final_premiership_placings,,
amnd-winter-2013-sub-junior-6,adelaide-wildcats,,archive:amnd-winter-2013:sub-junior-6:adelaide-wildcats:none,Adelaide Wildcats,6,0,,,,,,,,,,,,,archive_pdf,final_premiership_placings,,
amnd-winter-2013-sub-junior-6,cheerio-netball-club,,archive:amnd-winter-2013:sub-junior-6:cheerio-netball-club:none,Cheerio Phoenix,7,0,,,,,,,,,,,,,archive_pdf,final_premiership_placings,,
amnd-winter-2013-sub-junior-6,contax,,archive:amnd-winter-2013:sub-junior-6:contax:none,Contax,8,0,,,,,,,,,,,,,archive_pdf,final_premiership_placings,,
amnd-winter-2013-sub-junior-6,woods-panthers,,archive:amnd-winter-2013:sub-junior-6:woods-panthers:none,Woods Panthers,9,0,,,,,,,,,,,,,archive_pdf,final_premiership_placings,,
amnd-winter-2013-sub-junior-7,matrics,,archive:amnd-winter-2013:sub-junior-7:matrics:none,Matrics,1,1,,,,,,,,,,,,,archive_pdf,final_premiership_placings,,
amnd-winter-2013-sub-junior-7,tango-netball-club-inc,,archive:amnd-winter-2013:sub-junior-7:tango-netball-club-inc:none,Tango,2,1,,,,,,,,,,,,,archive_pdf,final_premiership_placings,,
amnd-winter-2013-sub-junior-7,metro-jets,1,archive:amnd-winter-2013:sub-junior-7:metro-jets:1,Western Jets,3,1,,,,,,,,,,,,,archive_pdf,final_premiership_placings,,
amnd-winter-2013-sub-junior-7,oakdale-netball-club-sa,,archive:amnd-winter-2013:sub-junior-7:oakdale-netball-club-sa:none,Oakdale Phoenix,4,1,,,,,,,,,,,,,archive_pdf,final_premiership_placings,,
amnd-winter-2013-sub-junior-7,semaphore,,archive:amnd-winter-2013:sub-junior-7:semaphore:none,Semaphore,5,0,,,,,,,,,,,,,archive_pdf,final_premiership_placings,,
amnd-winter-2013-sub-junior-7,garville,,archive:amnd-winter-2013:sub-junior-7:garville:none,Garville,6,0,,,,,,,,,,,,,archive_pdf,final_premiership_placings,,
amnd-winter-2013-sub-junior-7,adelaide-wildcats,,archive:amnd-winter-2013:sub-junior-7:adelaide-wildcats:none,Adelaide Wildcats,7,0,,,,,,,,,,,,,archive_pdf,final_premiership_placings,,
amnd-winter-2013-sub-junior-7,adelaide-cougars,,archive:amnd-winter-2013:sub-junior-7:adelaide-cougars:none,Adelaide Cougars,8,0,,,,,,,,,,,,,archive_pdf,final_premiership_placings,,
amnd-winter-2013-sub-junior-7,cheerio-netball-club,,archive:amnd-winter-2013:sub-junior-7:cheerio-netball-club:none,Cheerio Phoenix,9,0,,,,,,,,,,,,,archive_pdf,final_premiership_placings,,
amnd-winter-2013-sub-junior-7,metro-jets,2,archive:amnd-winter-2013:sub-junior-7:metro-jets:2,Western Jets,10,0,,,,,,,,,,,,,archive_pdf,final_premiership_placings,,
amnd-winter-2014-a-grade,fielders-flames,,archive:amnd-winter-2014:a-grade:fielders-flames:none,Flames,1,1,,,,,,,,,,,,,archive_pdf,final_premiership_placings,,
amnd-winter-2014-a-grade,adelaide-wildcats,,archive:amnd-winter-2014:a-grade:adelaide-wildcats:none,Adelaide Wildcats,2,1,,,,,,,,,,,,,archive_pdf,final_premiership_placings,,
amnd-winter-2014-a-grade,woods-panthers,,archive:amnd-winter-2014:a-grade:woods-panthers:none,Woods Panthers,3,1,,,,,,,,,,,,,archive_pdf,final_premiership_placings,,
amnd-winter-2014-a-grade,contax,,archive:amnd-winter-2014:a-grade:contax:none,Contax,4,1,,,,,,,,,,,,,archive_pdf,final_premiership_placings,,
amnd-winter-2014-a-grade,matrics,,archive:amnd-winter-2014:a-grade:matrics:none,Matrics,5,0,,,,,,,,,,,,,archive_pdf,final_premiership_placings,,
amnd-winter-2014-a-grade,cheerio-netball-club,,archive:amnd-winter-2014:a-grade:cheerio-netball-club:none,Cheerio Phoenix,6,0,,,,,,,,,,,,,archive_pdf,final_premiership_placings,,
amnd-winter-2014-a-grade,harlequin,,archive:amnd-winter-2014:a-grade:harlequin:none,Harlequin,7,0,,,,,,,,,,,,,archive_pdf,final_premiership_placings,,
amnd-winter-2014-a-grade,oakdale-netball-club-sa,,archive:amnd-winter-2014:a-grade:oakdale-netball-club-sa:none,Oakdale Phoenix,8,0,,,,,,,,,,,,,archive_pdf,final_premiership_placings,,
amnd-winter-2014-a-grade,tango-netball-club-inc,,archive:amnd-winter-2014:a-grade:tango-netball-club-inc:none,Tango,9,0,,,,,,,,,,,,,archive_pdf,final_premiership_placings,,
amnd-winter-2014-a-grade,norwood-netball-club,,archive:amnd-winter-2014:a-grade:norwood-netball-club:none,Newton Jaguars,10,0,,,,,,,,,,,,,archive_pdf,final_premiership_placings,,
amnd-winter-2014-amnd-league,matrics,,archive:amnd-winter-2014:amnd-league:matrics:none,Matrics,1,1,,,,,,,,,,,,,archive_pdf,final_premiership_placings,,
amnd-winter-2014-amnd-league,woods-panthers,,archive:amnd-winter-2014:amnd-league:woods-panthers:none,Woods Panthers,2,1,,,,,,,,,,,,,archive_pdf,final_premiership_placings,,
amnd-winter-2014-amnd-league,contax,,archive:amnd-winter-2014:amnd-league:contax:none,Contax,3,1,,,,,,,,,,,,,archive_pdf,final_premiership_placings,,
amnd-winter-2014-amnd-league,adelaide-wildcats,,archive:amnd-winter-2014:amnd-league:adelaide-wildcats:none,Adelaide Wildcats,4,1,,,,,,,,,,,,,archive_pdf,final_premiership_placings,,
amnd-winter-2014-amnd-league,tango-netball-club-inc,,archive:amnd-winter-2014:amnd-league:tango-netball-club-inc:none,Tango,5,0,,,,,,,,,,,,,archive_pdf,final_premiership_placings,,
amnd-winter-2014-amnd-league,oakdale-netball-club-sa,,archive:amnd-winter-2014:amnd-league:oakdale-netball-club-sa:none,Oakdale Phoenix,6,0,,,,,,,,,,,,,archive_pdf,final_premiership_placings,,
amnd-winter-2014-amnd-league,cheerio-netball-club,,archive:amnd-winter-2014:amnd-league:cheerio-netball-club:none,Cheerio Phoenix,7,0,,,,,,,,,,,,,archive_pdf,final_premiership_placings,,
amnd-winter-2014-amnd-league,norwood-netball-club,,archive:amnd-winter-2014:amnd-league:norwood-netball-club:none,Newton Jaguars,8,0,,,,,,,,,,,,,archive_pdf,final_premiership_placings,,
amnd-winter-2014-amnd-league,garville,,archive:amnd-winter-2014:amnd-league:garville:none,Garville,9,0,,,,,,,,,,,,,archive_pdf,final_premiership_placings,,
amnd-winter-2014-amnd-league,harlequin,,archive:amnd-winter-2014:amnd-league:harlequin:none,Harlequin,10,0,,,,,,,,,,,,,archive_pdf,final_premiership_placings,,
amnd-winter-2014-amnd-league,metro-jets,,archive:amnd-winter-2014:amnd-league:metro-jets:none,Western Jets,11,0,,,,,,,,,,,,,archive_pdf,final_premiership_placings,,
amnd-winter-2014-amnd-league,adelaide-cougars,,archive:amnd-winter-2014:amnd-league:adelaide-cougars:none,Adelaide Cougars,12,0,,,,,,,,,,,,,archive_pdf,final_premiership_placings,,
amnd-winter-2014-b-1,adelaide-swish,,archive:amnd-winter-2014:b-1:adelaide-swish:none,Swish,1,1,,,,,,,,,,,,,archive_pdf,final_premiership_placings,,
amnd-winter-2014-b-1,contax,,archive:amnd-winter-2014:b-1:contax:none,Contax,2,1,,,,,,,,,,,,,archive_pdf,final_premiership_placings,,
amnd-winter-2014-b-1,pembroke-o-s,,archive:amnd-winter-2014:b-1:pembroke-o-s:none,Pembroke O.S.,3,1,,,,,,,,,,,,,archive_pdf,final_premiership_placings,,
amnd-winter-2014-b-1,garville,,archive:amnd-winter-2014:b-1:garville:none,Garville,4,1,,,,,,,,,,,,,archive_pdf,final_premiership_placings,,
amnd-winter-2014-b-1,adelaide-university,,archive:amnd-winter-2014:b-1:adelaide-university:none,Adelaide University,5,0,,,,,,,,,,,,,archive_pdf,final_premiership_placings,,
amnd-winter-2014-b-1,oakdale-netball-club-sa,,archive:amnd-winter-2014:b-1:oakdale-netball-club-sa:none,Oakdale Phoenix,6,0,,,,,,,,,,,,,archive_pdf,final_premiership_placings,,
amnd-winter-2014-b-1,adelaide-wildcats,,archive:amnd-winter-2014:b-1:adelaide-wildcats:none,Adelaide Wildcats,7,0,,,,,,,,,,,,,archive_pdf,final_premiership_placings,,
amnd-winter-2014-b-1,woods-panthers,,archive:amnd-winter-2014:b-1:woods-panthers:none,Woods Panthers,8,0,,,,,,,,,,,,,archive_pdf,final_premiership_placings,,
amnd-winter-2014-b-1,cheerio-netball-club,,archive:amnd-winter-2014:b-1:cheerio-netball-club:none,Cheerio Phoenix,9,0,,,,,,,,,,,,,archive_pdf,final_premiership_placings,,
amnd-winter-2014-b-1,sacred-heart-o-c,,archive:amnd-winter-2014:b-1:sacred-heart-o-c:none,Sacred Heart O.C.,10,0,,,,,,,,,,,,,archive_pdf,final_premiership_placings,,
amnd-winter-2014-b-2,adelaide-swish,,archive:amnd-winter-2014:b-2:adelaide-swish:none,Swish,1,1,,,,,,,,,,,,,archive_pdf,final_premiership_placings,,
amnd-winter-2014-b-2,contax,,archive:amnd-winter-2014:b-2:contax:none,Contax,2,1,,,,,,,,,,,,,archive_pdf,final_premiership_placings,,
amnd-winter-2014-b-2,city-coasters,,archive:amnd-winter-2014:b-2:city-coasters:none,City Coasters,3,1,,,,,,,,,,,,,archive_pdf,final_premiership_placings,,
amnd-winter-2014-b-2,matrics,,archive:amnd-winter-2014:b-2:matrics:none,Matrics,4,1,,,,,,,,,,,,,archive_pdf,final_premiership_placings,,
amnd-winter-2014-b-2,metro-jets,,archive:amnd-winter-2014:b-2:metro-jets:none,Western Jets,5,0,,,,,,,,,,,,,archive_pdf,final_premiership_placings,,
amnd-winter-2014-b-2,adelaide-cougars,,archive:amnd-winter-2014:b-2:adelaide-cougars:none,Adelaide Cougars,6,0,,,,,,,,,,,,,archive_pdf,final_premiership_placings,,
amnd-winter-2014-b-2,walkerville,,archive:amnd-winter-2014:b-2:walkerville:none,Walkerville,7,0,,,,,,,,,,,,,archive_pdf,final_premiership_placings,,
amnd-winter-2014-b-2,adelaide-wildcats,,archive:amnd-winter-2014:b-2:adelaide-wildcats:none,Adelaide Wildcats,8,0,,,,,,,,,,,,,archive_pdf,final_premiership_placings,,
amnd-winter-2014-b-2,woods-panthers,,archive:amnd-winter-2014:b-2:woods-panthers:none,Woods Panthers,9,0,,,,,,,,,,,,,archive_pdf,final_premiership_placings,,
amnd-winter-2014-b-2,oakdale-netball-club-sa,,archive:amnd-winter-2014:b-2:oakdale-netball-club-sa:none,Oakdale Phoenix,10,0,,,,,,,,,,,,,archive_pdf,final_premiership_placings,,
amnd-winter-2014-b-3,westminster-o-s,,archive:amnd-winter-2014:b-3:westminster-o-s:none,Westminster O.S.,1,1,,,,,,,,,,,,,archive_pdf,final_premiership_placings,,
amnd-winter-2014-b-3,mosa,,archive:amnd-winter-2014:b-3:mosa:none,MOSA,2,1,,,,,,,,,,,,,archive_pdf,final_premiership_placings,,
amnd-winter-2014-b-3,walkerville,,archive:amnd-winter-2014:b-3:walkerville:none,Walkerville,3,1,,,,,,,,,,,,,archive_pdf,final_premiership_placings,,
amnd-winter-2014-b-3,adelaide-university,,archive:amnd-winter-2014:b-3:adelaide-university:none,Adelaide University,4,1,,,,,,,,,,,,,archive_pdf,final_premiership_placings,,
amnd-winter-2014-b-3,contax,,archive:amnd-winter-2014:b-3:contax:none,Contax,5,0,,,,,,,,,,,,,archive_pdf,final_premiership_placings,,
amnd-winter-2014-b-3,metro-jets,,archive:amnd-winter-2014:b-3:metro-jets:none,Western Jets,6,0,,,,,,,,,,,,,archive_pdf,final_premiership_placings,,
amnd-winter-2014-b-3,garville,,archive:amnd-winter-2014:b-3:garville:none,Garville,7,0,,,,,,,,,,,,,archive_pdf,final_premiership_placings,,
amnd-winter-2014-b-3,cheerio-netball-club,,archive:amnd-winter-2014:b-3:cheerio-netball-club:none,Cheerio Phoenix,8,0,,,,,,,,,,,,,archive_pdf,final_premiership_placings,,
amnd-winter-2014-b-3,matrics,,archive:amnd-winter-2014:b-3:matrics:none,Matrics,9,0,,,,,,,,,,,,,archive_pdf,final_premiership_placings,,
amnd-winter-2014-b-3,tango-netball-club-inc,,archive:amnd-winter-2014:b-3:tango-netball-club-inc:none,Tango,10,0,,,,,,,,,,,,,archive_pdf,final_premiership_placings,,
amnd-winter-2014-b-4,old-ignatians,,archive:amnd-winter-2014:b-4:old-ignatians:none,Old Ignatians,1,1,,,,,,,,,,,,,archive_pdf,final_premiership_placings,,
amnd-winter-2014-b-4,sacred-heart-o-c,,archive:amnd-winter-2014:b-4:sacred-heart-o-c:none,Sacred Heart O.C.,2,1,,,,,,,,,,,,,archive_pdf,final_premiership_placings,,
amnd-winter-2014-b-4,walkerville,,archive:amnd-winter-2014:b-4:walkerville:none,Walkerville,3,1,,,,,,,,,,,,,archive_pdf,final_premiership_placings,,
amnd-winter-2014-b-4,pembroke-o-s,,archive:amnd-winter-2014:b-4:pembroke-o-s:none,Pembroke O.S.,4,1,,,,,,,,,,,,,archive_pdf,final_premiership_placings,,
amnd-winter-2014-b-4,city-coasters,,archive:amnd-winter-2014:b-4:city-coasters:none,City Coasters,5,0,,,,,,,,,,,,,archive_pdf,final_premiership_placings,,
amnd-winter-2014-b-4,harlequin,,archive:amnd-winter-2014:b-4:harlequin:none,Harlequin,6,0,,,,,,,,,,,,,archive_pdf,final_premiership_placings,,
amnd-winter-2014-b-4,woods-panthers,,archive:amnd-winter-2014:b-4:woods-panthers:none,Woods Panthers,7,0,,,,,,,,,,,,,archive_pdf,final_premiership_placings,,
amnd-winter-2014-b-4,adelaide-wildcats,,archive:amnd-winter-2014:b-4:adelaide-wildcats:none,Adelaide Wildcats,8,0,,,,,,,,,,,,,archive_pdf,final_premiership_placings,,
amnd-winter-2014-b-4,metro-jets,,archive:amnd-winter-2014:b-4:metro-jets:none,Western Jets,9,0,,,,,,,,,,,,,archive_pdf,final_premiership_placings,,
amnd-winter-2014-b-4,adelaide-cougars,,archive:amnd-winter-2014:b-4:adelaide-cougars:none,Adelaide Cougars,10,0,,,,,,,,,,,,,archive_pdf,final_premiership_placings,,
amnd-winter-2014-b-5,city-coasters,,archive:amnd-winter-2014:b-5:city-coasters:none,City Coasters,1,1,,,,,,,,,,,,,archive_pdf,final_premiership_placings,,
amnd-winter-2014-b-5,cheerio-netball-club,,archive:amnd-winter-2014:b-5:cheerio-netball-club:none,Cheerio Phoenix,2,1,,,,,,,,,,,,,archive_pdf,final_premiership_placings,,
amnd-winter-2014-b-5,garville,,archive:amnd-winter-2014:b-5:garville:none,Garville,3,1,,,,,,,,,,,,,archive_pdf,final_premiership_placings,,
amnd-winter-2014-b-5,pembroke-o-s,,archive:amnd-winter-2014:b-5:pembroke-o-s:none,Pembroke O.S.,4,1,,,,,,,,,,,,,archive_pdf,final_premiership_placings,,
amnd-winter-2014-b-5,harlequin,,archive:amnd-winter-2014:b-5:harlequin:none,Harlequin,5,0,,,,,,,,,,,,,archive_pdf,final_premiership_placings,,
amnd-winter-2014-b-5,westminster-o-s,,archive:amnd-winter-2014:b-5:westminster-o-s:none,Westminster O.S.,6,0,,,,,,,,,,,,,archive_pdf,final_premiership_placings,,
amnd-winter-2014-b-5,sacred-heart-o-c,,archive:amnd-winter-2014:b-5:sacred-heart-o-c:none,Sacred Heart O.C.,7,0,,,,,,,,,,,,,archive_pdf,final_premiership_placings,,
amnd-winter-2014-b-5,metro-jets,,archive:amnd-winter-2014:b-5:metro-jets:none,Western Jets,8,0,,,,,,,,,,,,,archive_pdf,final_premiership_placings,,
amnd-winter-2014-b-5,walkerville,,archive:amnd-winter-2014:b-5:walkerville:none,Walkerville,9,0,,,,,,,,,,,,,archive_pdf,final_premiership_placings,,
amnd-winter-2014-b-5,adelaide-swish,,archive:amnd-winter-2014:b-5:adelaide-swish:none,Swish,10,0,,,,,,,,,,,,,archive_pdf,final_premiership_placings,,
amnd-winter-2014-c-1,adelaide-university,,archive:amnd-winter-2014:c-1:adelaide-university:none,Adelaide University,1,1,,,,,,,,,,,,,archive_pdf,final_premiership_placings,,
amnd-winter-2014-c-1,city-coasters,1,archive:amnd-winter-2014:c-1:city-coasters:1,City Coasters,2,1,,,,,,,,,,,,,archive_pdf,final_premiership_placings,,
amnd-winter-2014-c-1,pembroke-o-s,,archive:amnd-winter-2014:c-1:pembroke-o-s:none,Pembroke O.S.,3,1,,,,,,,,,,,,,archive_pdf,final_premiership_placings,,
amnd-winter-2014-c-1,cheerio-netball-club,,archive:amnd-winter-2014:c-1:cheerio-netball-club:none,Cheerio Phoenix,4,1,,,,,,,,,,,,,archive_pdf,final_premiership_placings,,
amnd-winter-2014-c-1,city-coasters,2,archive:amnd-winter-2014:c-1:city-coasters:2,City Coasters,5,0,,,,,,,,,,,,,archive_pdf,final_premiership_placings,,
amnd-winter-2014-c-1,walkerville,,archive:amnd-winter-2014:c-1:walkerville:none,Walkerville,6,0,,,,,,,,,,,,,archive_pdf,final_premiership_placings,,
amnd-winter-2014-c-1,mosa,,archive:amnd-winter-2014:c-1:mosa:none,MOSA,7,0,,,,,,,,,,,,,archive_pdf,final_premiership_placings,,
amnd-winter-2014-c-2,old-ignatians,,archive:amnd-winter-2014:c-2:old-ignatians:none,Old Ignatians,1,1,,,,,,,,,,,,,archive_pdf,final_premiership_placings,,
amnd-winter-2014-c-2,pembroke-o-s,,archive:amnd-winter-2014:c-2:pembroke-o-s:none,Pembroke O.S.,2,1,,,,,,,,,,,,,archive_pdf,final_premiership_placings,,
amnd-winter-2014-c-2,walkerville,,archive:amnd-winter-2014:c-2:walkerville:none,Walkerville,3,1,,,,,,,,,,,,,archive_pdf,final_premiership_placings,,
amnd-winter-2014-c-2,adelaide-university,,archive:amnd-winter-2014:c-2:adelaide-university:none,Adelaide University,4,1,,,,,,,,,,,,,archive_pdf,final_premiership_placings,,
amnd-winter-2014-c-2,cheerio-netball-club,,archive:amnd-winter-2014:c-2:cheerio-netball-club:none,Cheerio Phoenix,5,0,,,,,,,,,,,,,archive_pdf,final_premiership_placings,,
amnd-winter-2014-c-2,adelaide-wildcats,,archive:amnd-winter-2014:c-2:adelaide-wildcats:none,Adelaide Wildcats,6,0,,,,,,,,,,,,,archive_pdf,final_premiership_placings,,
amnd-winter-2014-c-2,westminster-o-s,,archive:amnd-winter-2014:c-2:westminster-o-s:none,Westminster O.S.,7,0,,,,,,,,,,,,,archive_pdf,final_premiership_placings,,
amnd-winter-2014-c-3,old-ignatians,,archive:amnd-winter-2014:c-3:old-ignatians:none,Old Ignatians,1,1,,,,,,,,,,,,,archive_pdf,final_premiership_placings,,
amnd-winter-2014-c-3,garville,,archive:amnd-winter-2014:c-3:garville:none,Garville,2,1,,,,,,,,,,,,,archive_pdf,final_premiership_placings,,
amnd-winter-2014-c-3,sacred-heart-o-c,,archive:amnd-winter-2014:c-3:sacred-heart-o-c:none,Sacred Heart O.C.,3,1,,,,,,,,,,,,,archive_pdf,final_premiership_placings,,
amnd-winter-2014-c-3,city-coasters,,archive:amnd-winter-2014:c-3:city-coasters:none,City Coasters,4,1,,,,,,,,,,,,,archive_pdf,final_premiership_placings,,
amnd-winter-2014-c-3,westminster-o-s,,archive:amnd-winter-2014:c-3:westminster-o-s:none,Westminster O.S.,5,0,,,,,,,,,,,,,archive_pdf,final_premiership_placings,,
amnd-winter-2014-c-3,adelaide-university,,archive:amnd-winter-2014:c-3:adelaide-university:none,Adelaide University,6,0,,,,,,,,,,,,,archive_pdf,final_premiership_placings,,
amnd-winter-2014-c-3,metro-jets,,archive:amnd-winter-2014:c-3:metro-jets:none,Western Jets,7,0,,,,,,,,,,,,,archive_pdf,final_premiership_placings,,
amnd-winter-2014-c-3,walkerville,,archive:amnd-winter-2014:c-3:walkerville:none,Walkerville,8,0,,,,,,,,,,,,,archive_pdf,final_premiership_placings,,
amnd-winter-2014-c-3,pembroke-o-s,,archive:amnd-winter-2014:c-3:pembroke-o-s:none,Pembroke O.S.,9,0,,,,,,,,,,,,,archive_pdf,final_premiership_placings,,
amnd-winter-2014-c-3,woods-panthers,,archive:amnd-winter-2014:c-3:woods-panthers:none,Woods Panthers,10,0,,,,,,,,,,,,,archive_pdf,final_premiership_placings,,
amnd-winter-2014-c-4,adelaide-university,,archive:amnd-winter-2014:c-4:adelaide-university:none,Adelaide University,1,1,,,,,,,,,,,,,archive_pdf,final_premiership_placings,,
amnd-winter-2014-c-4,old-ignatians,,archive:amnd-winter-2014:c-4:old-ignatians:none,Old Ignatians,2,1,,,,,,,,,,,,,archive_pdf,final_premiership_placings,,
amnd-winter-2014-c-4,sacred-heart-o-c,,archive:amnd-winter-2014:c-4:sacred-heart-o-c:none,Sacred Heart O.C.,3,1,,,,,,,,,,,,,archive_pdf,final_premiership_placings,,
amnd-winter-2014-c-4,pembroke-o-s,2,archive:amnd-winter-2014:c-4:pembroke-o-s:2,Pembroke O.S.,4,1,,,,,,,,,,,,,archive_pdf,final_premiership_placings,,
amnd-winter-2014-c-4,pembroke-o-s,1,archive:amnd-winter-2014:c-4:pembroke-o-s:1,Pembroke O.S.,5,0,,,,,,,,,,,,,archive_pdf,final_premiership_placings,,
amnd-winter-2014-c-4,walford-o-s,,archive:amnd-winter-2014:c-4:walford-o-s:none,Walford O.S.,6,0,,,,,,,,,,,,,archive_pdf,final_premiership_placings,,
amnd-winter-2014-c-4,walkerville,,archive:amnd-winter-2014:c-4:walkerville:none,Walkerville,7,0,,,,,,,,,,,,,archive_pdf,final_premiership_placings,,
amnd-winter-2014-c-6,norwood-netball-club,,archive:amnd-winter-2014:c-6:norwood-netball-club:none,Newton Jaguars,1,1,,,,,,,,,,,,,archive_pdf,final_premiership_placings,,
amnd-winter-2014-c-6,semaphore,,archive:amnd-winter-2014:c-6:semaphore:none,Semaphore,2,1,,,,,,,,,,,,,archive_pdf,final_premiership_placings,,
amnd-winter-2014-c-6,matrics,,archive:amnd-winter-2014:c-6:matrics:none,Matrics,3,1,,,,,,,,,,,,,archive_pdf,final_premiership_placings,,
amnd-winter-2014-c-6,contax,,archive:amnd-winter-2014:c-6:contax:none,Contax,4,1,,,,,,,,,,,,,archive_pdf,final_premiership_placings,,
amnd-winter-2014-c-6,woods-panthers,,archive:amnd-winter-2014:c-6:woods-panthers:none,Woods Panthers,5,0,,,,,,,,,,,,,archive_pdf,final_premiership_placings,,
amnd-winter-2014-inter-1,garville,,archive:amnd-winter-2014:inter-1:garville:none,Garville,1,1,,,,,,,,,,,,,archive_pdf,final_premiership_placings,,
amnd-winter-2014-inter-1,contax,,archive:amnd-winter-2014:inter-1:contax:none,Contax,2,1,,,,,,,,,,,,,archive_pdf,final_premiership_placings,,
amnd-winter-2014-inter-1,matrics,,archive:amnd-winter-2014:inter-1:matrics:none,Matrics,3,1,,,,,,,,,,,,,archive_pdf,final_premiership_placings,,
amnd-winter-2014-inter-1,oakdale-netball-club-sa,,archive:amnd-winter-2014:inter-1:oakdale-netball-club-sa:none,Oakdale Phoenix,4,1,,,,,,,,,,,,,archive_pdf,final_premiership_placings,,
amnd-winter-2014-inter-1,woods-panthers,,archive:amnd-winter-2014:inter-1:woods-panthers:none,Woods Panthers,5,0,,,,,,,,,,,,,archive_pdf,final_premiership_placings,,
amnd-winter-2014-inter-1,norwood-netball-club,,archive:amnd-winter-2014:inter-1:norwood-netball-club:none,Newton Jaguars,6,0,,,,,,,,,,,,,archive_pdf,final_premiership_placings,,
amnd-winter-2014-inter-1,tango-netball-club-inc,,archive:amnd-winter-2014:inter-1:tango-netball-club-inc:none,Tango,7,0,,,,,,,,,,,,,archive_pdf,final_premiership_placings,,
amnd-winter-2014-inter-1,adelaide-cougars,,archive:amnd-winter-2014:inter-1:adelaide-cougars:none,Adelaide Cougars,8,0,,,,,,,,,,,,,archive_pdf,final_premiership_placings,,
amnd-winter-2014-inter-1,metro-jets,,archive:amnd-winter-2014:inter-1:metro-jets:none,Western Jets,9,0,,,,,,,,,,,,,archive_pdf,final_premiership_placings,,
amnd-winter-2014-inter-1,harlequin,,archive:amnd-winter-2014:inter-1:harlequin:none,Harlequin,10,0,,,,,,,,,,,,,archive_pdf,final_premiership_placings,,
amnd-winter-2014-inter-2,contax,1,archive:amnd-winter-2014:inter-2:contax:1,Contax,1,1,,,,,,,,,,,,,archive_pdf,final_premiership_placings,,
amnd-winter-2014-inter-2,contax,2,archive:amnd-winter-2014:inter-2:contax:2,Contax,2,1,,,,,,,,,,,,,archive_pdf,final_premiership_placings,,
amnd-winter-2014-inter-2,matrics,,archive:amnd-winter-2014:inter-2:matrics:none,Matrics,3,1,,,,,,,,,,,,,archive_pdf,final_premiership_placings,,
amnd-winter-2014-inter-2,oakdale-netball-club-sa,,archive:amnd-winter-2014:inter-2:oakdale-netball-club-sa:none,Oakdale Phoenix,4,1,,,,,,,,,,,,,archive_pdf,final_premiership_placings,,
amnd-winter-2014-inter-2,garville,,archive:amnd-winter-2014:inter-2:garville:none,Garville,5,0,,,,,,,,,,,,,archive_pdf,final_premiership_placings,,
amnd-winter-2014-inter-2,adelaide-wildcats,,archive:amnd-winter-2014:inter-2:adelaide-wildcats:none,Adelaide Wildcats,6,0,,,,,,,,,,,,,archive_pdf,final_premiership_placings,,
amnd-winter-2014-inter-2,metro-jets,,archive:amnd-winter-2014:inter-2:metro-jets:none,Western Jets,7,0,,,,,,,,,,,,,archive_pdf,final_premiership_placings,,
amnd-winter-2014-inter-2,woods-panthers,,archive:amnd-winter-2014:inter-2:woods-panthers:none,Woods Panthers,8,0,,,,,,,,,,,,,archive_pdf,final_premiership_placings,,
amnd-winter-2014-inter-2,tango-netball-club-inc,,archive:amnd-winter-2014:inter-2:tango-netball-club-inc:none,Tango,9,0,,,,,,,,,,,,,archive_pdf,final_premiership_placings,,
amnd-winter-2014-inter-2,adelaide-cougars,,archive:amnd-winter-2014:inter-2:adelaide-cougars:none,Adelaide Cougars,10,0,,,,,,,,,,,,,archive_pdf,final_premiership_placings,,
amnd-winter-2014-inter-3,garville,,archive:amnd-winter-2014:inter-3:garville:none,Garville,1,1,,,,,,,,,,,,,archive_pdf,final_premiership_placings,,
amnd-winter-2014-inter-3,oakdale-netball-club-sa,,archive:amnd-winter-2014:inter-3:oakdale-netball-club-sa:none,Oakdale Phoenix,2,1,,,,,,,,,,,,,archive_pdf,final_premiership_placings,,
amnd-winter-2014-inter-3,cheerio-netball-club,,archive:amnd-winter-2014:inter-3:cheerio-netball-club:none,Cheerio Phoenix,3,1,,,,,,,,,,,,,archive_pdf,final_premiership_placings,,
amnd-winter-2014-inter-3,metro-jets,,archive:amnd-winter-2014:inter-3:metro-jets:none,Western Jets,4,1,,,,,,,,,,,,,archive_pdf,final_premiership_placings,,
amnd-winter-2014-inter-3,woods-panthers,,archive:amnd-winter-2014:inter-3:woods-panthers:none,Woods Panthers,5,0,,,,,,,,,,,,,archive_pdf,final_premiership_placings,,
amnd-winter-2014-inter-3,matrics,,archive:amnd-winter-2014:inter-3:matrics:none,Matrics,6,0,,,,,,,,,,,,,archive_pdf,final_premiership_placings,,
amnd-winter-2014-inter-3,norwood-netball-club,,archive:amnd-winter-2014:inter-3:norwood-netball-club:none,Newton Jaguars,7,0,,,,,,,,,,,,,archive_pdf,final_premiership_placings,,
amnd-winter-2014-inter-3,tango-netball-club-inc,,archive:amnd-winter-2014:inter-3:tango-netball-club-inc:none,Tango,8,0,,,,,,,,,,,,,archive_pdf,final_premiership_placings,,
amnd-winter-2014-inter-3,harlequin,,archive:amnd-winter-2014:inter-3:harlequin:none,Harlequin,9,0,,,,,,,,,,,,,archive_pdf,final_premiership_placings,,
amnd-winter-2014-inter-3,adelaide-cougars,,archive:amnd-winter-2014:inter-3:adelaide-cougars:none,Adelaide Cougars,10,0,,,,,,,,,,,,,archive_pdf,final_premiership_placings,,
amnd-winter-2014-inter-4,contax,,archive:amnd-winter-2014:inter-4:contax:none,Contax,1,1,,,,,,,,,,,,,archive_pdf,final_premiership_placings,,
amnd-winter-2014-inter-4,oakdale-netball-club-sa,,archive:amnd-winter-2014:inter-4:oakdale-netball-club-sa:none,Oakdale Phoenix,2,1,,,,,,,,,,,,,archive_pdf,final_premiership_placings,,
amnd-winter-2014-inter-4,garville,,archive:amnd-winter-2014:inter-4:garville:none,Garville,3,1,,,,,,,,,,,,,archive_pdf,final_premiership_placings,,
amnd-winter-2014-inter-4,woods-panthers,,archive:amnd-winter-2014:inter-4:woods-panthers:none,Woods Panthers,4,1,,,,,,,,,,,,,archive_pdf,final_premiership_placings,,
amnd-winter-2014-inter-4,northeast-zodiac,,archive:amnd-winter-2014:inter-4:northeast-zodiac:none,Northeast Zodiac,5,0,,,,,,,,,,,,,archive_pdf,final_premiership_placings,,
amnd-winter-2014-inter-4,metro-jets,,archive:amnd-winter-2014:inter-4:metro-jets:none,Western Jets,6,0,,,,,,,,,,,,,archive_pdf,final_premiership_placings,,
amnd-winter-2014-inter-4,adelaide-wildcats,,archive:amnd-winter-2014:inter-4:adelaide-wildcats:none,Adelaide Wildcats,7,0,,,,,,,,,,,,,archive_pdf,final_premiership_placings,,
amnd-winter-2014-inter-4,adelaide-cougars,,archive:amnd-winter-2014:inter-4:adelaide-cougars:none,Adelaide Cougars,8,0,,,,,,,,,,,,,archive_pdf,final_premiership_placings,,
amnd-winter-2014-inter-4,norwood-netball-club,,archive:amnd-winter-2014:inter-4:norwood-netball-club:none,Newton Jaguars,9,0,,,,,,,,,,,,,archive_pdf,final_premiership_placings,,
amnd-winter-2014-inter-5,contax,,archive:amnd-winter-2014:inter-5:contax:none,Contax,1,1,,,,,,,,,,,,,archive_pdf,final_premiership_placings,,
amnd-winter-2014-inter-5,oakdale-netball-club-sa,1,archive:amnd-winter-2014:inter-5:oakdale-netball-club-sa:1,Oakdale Phoenix,2,1,,,,,,,,,,,,,archive_pdf,final_premiership_placings,,
amnd-winter-2014-inter-5,oakdale-netball-club-sa,2,archive:amnd-winter-2014:inter-5:oakdale-netball-club-sa:2,Oakdale Phoenix,3,1,,,,,,,,,,,,,archive_pdf,final_premiership_placings,,
amnd-winter-2014-inter-5,tango-netball-club-inc,,archive:amnd-winter-2014:inter-5:tango-netball-club-inc:none,Tango,4,1,,,,,,,,,,,,,archive_pdf,final_premiership_placings,,
amnd-winter-2014-inter-5,matrics,,archive:amnd-winter-2014:inter-5:matrics:none,Matrics,5,0,,,,,,,,,,,,,archive_pdf,final_premiership_placings,,
amnd-winter-2014-inter-5,metro-jets,,archive:amnd-winter-2014:inter-5:metro-jets:none,Western Jets,6,0,,,,,,,,,,,,,archive_pdf,final_premiership_placings,,
amnd-winter-2014-inter-5,cheerio-netball-club,,archive:amnd-winter-2014:inter-5:cheerio-netball-club:none,Cheerio Phoenix,7,0,,,,,,,,,,,,,archive_pdf,final_premiership_placings,,
amnd-winter-2014-inter-5,semaphore,,archive:amnd-winter-2014:inter-5:semaphore:none,Semaphore,8,0,,,,,,,,,,,,,archive_pdf,final_premiership_placings,,
amnd-winter-2014-junior-1,tango-netball-club-inc,,archive:amnd-winter-2014:junior-1:tango-netball-club-inc:none,Tango,1,1,,,,,,,,,,,,,archive_pdf,final_premiership_placings,,
amnd-winter-2014-junior-1,contax,,archive:amnd-winter-2014:junior-1:contax:none,Contax,2,1,,,,,,,,,,,,,archive_pdf,final_premiership_placings,,
amnd-winter-2014-junior-1,oakdale-netball-club-sa,,archive:amnd-winter-2014:junior-1:oakdale-netball-club-sa:none,Oakdale Phoenix,3,1,,,,,,,,,,,,,archive_pdf,final_premiership_placings,,
amnd-winter-2014-junior-1,matrics,,archive:amnd-winter-2014:junior-1:matrics:none,Matrics,4,1,,,,,,,,,,,,,archive_pdf,final_premiership_placings,,
amnd-winter-2014-junior-1,woods-panthers,,archive:amnd-winter-2014:junior-1:woods-panthers:none,Woods Panthers,5,0,,,,,,,,,,,,,archive_pdf,final_premiership_placings,,
amnd-winter-2014-junior-1,metro-jets,,archive:amnd-winter-2014:junior-1:metro-jets:none,Western Jets,6,0,,,,,,,,,,,,,archive_pdf,final_premiership_placings,,
amnd-winter-2014-junior-1,garville,,archive:amnd-winter-2014:junior-1:garville:none,Garville,7,0,,,,,,,,,,,,,archive_pdf,final_premiership_placings,,
amnd-winter-2014-junior-1,norwood-netball-club,,archive:amnd-winter-2014:junior-1:norwood-netball-club:none,Newton Jaguars,8,0,,,,,,,,,,,,,archive_pdf,final_premiership_placings,,
amnd-winter-2014-junior-2,woods-panthers,,archive:amnd-winter-2014:junior-2:woods-panthers:none,Woods Panthers,1,1,,,,,,,,,,,,,archive_pdf,final_premiership_placings,,
amnd-winter-2014-junior-2,contax,1,archive:amnd-winter-2014:junior-2:contax:1,Contax,2,1,,,,,,,,,,,,,archive_pdf,final_premiership_placings,,
amnd-winter-2014-junior-2,contax,2,archive:amnd-winter-2014:junior-2:contax:2,Contax,3,1,,,,,,,,,,,,,archive_pdf,final_premiership_placings,,
amnd-winter-2014-junior-2,oakdale-netball-club-sa,,archive:amnd-winter-2014:junior-2:oakdale-netball-club-sa:none,Oakdale Phoenix,4,1,,,,,,,,,,,,,archive_pdf,final_premiership_placings,,
amnd-winter-2014-junior-2,tango-netball-club-inc,,archive:amnd-winter-2014:junior-2:tango-netball-club-inc:none,Tango,5,0,,,,,,,,,,,,,archive_pdf,final_premiership_placings,,
amnd-winter-2014-junior-2,matrics,,archive:amnd-winter-2014:junior-2:matrics:none,Matrics,6,0,,,,,,,,,,,,,archive_pdf,final_premiership_placings,,
amnd-winter-2014-junior-2,adelaide-cougars,,archive:amnd-winter-2014:junior-2:adelaide-cougars:none,Adelaide Cougars,7,0,,,,,,,,,,,,,archive_pdf,final_premiership_placings,,
amnd-winter-2014-junior-3,woods-panthers,,archive:amnd-winter-2014:junior-3:woods-panthers:none,Woods Panthers,1,1,,,,,,,,,,,,,archive_pdf,final_premiership_placings,,
amnd-winter-2014-junior-3,metro-jets,,archive:amnd-winter-2014:junior-3:metro-jets:none,Western Jets,2,1,,,,,,,,,,,,,archive_pdf,final_premiership_placings,,
amnd-winter-2014-junior-3,tango-netball-club-inc,,archive:amnd-winter-2014:junior-3:tango-netball-club-inc:none,Tango,3,1,,,,,,,,,,,,,archive_pdf,final_premiership_placings,,
amnd-winter-2014-junior-3,contax,,archive:amnd-winter-2014:junior-3:contax:none,Contax,4,1,,,,,,,,,,,,,archive_pdf,final_premiership_placings,,
amnd-winter-2014-junior-3,oakdale-netball-club-sa,,archive:amnd-winter-2014:junior-3:oakdale-netball-club-sa:none,Oakdale Phoenix,5,0,,,,,,,,,,,,,archive_pdf,final_premiership_placings,,
amnd-winter-2014-junior-3,matrics,,archive:amnd-winter-2014:junior-3:matrics:none,Matrics,6,0,,,,,,,,,,,,,archive_pdf,final_premiership_placings,,
amnd-winter-2014-junior-3,garville,1,archive:amnd-winter-2014:junior-3:garville:1,Garville,7,0,,,,,,,,,,,,,archive_pdf,final_premiership_placings,,
amnd-winter-2014-junior-3,norwood-netball-club,,archive:amnd-winter-2014:junior-3:norwood-netball-club:none,Newton Jaguars,8,0,,,,,,,,,,,,,archive_pdf,final_premiership_placings,,
amnd-winter-2014-junior-3,garville,2,archive:amnd-winter-2014:junior-3:garville:2,Garville,9,0,,,,,,,,,,,,,archive_pdf,final_premiership_placings,,
amnd-winter-2014-junior-3,adelaide-cougars,,archive:amnd-winter-2014:junior-3:adelaide-cougars:none,Adelaide Cougars,10,0,,,,,,,,,,,,,archive_pdf,final_premiership_placings,,
amnd-winter-2014-junior-4,matrics,,archive:amnd-winter-2014:junior-4:matrics:none,Matrics,1,1,,,,,,,,,,,,,archive_pdf,final_premiership_placings,,
amnd-winter-2014-junior-4,tango-netball-club-inc,,archive:amnd-winter-2014:junior-4:tango-netball-club-inc:none,Tango,2,1,,,,,,,,,,,,,archive_pdf,final_premiership_placings,,
amnd-winter-2014-junior-4,northeast-zodiac,,archive:amnd-winter-2014:junior-4:northeast-zodiac:none,Northeast Zodiac,3,1,,,,,,,,,,,,,archive_pdf,final_premiership_placings,,
amnd-winter-2014-junior-4,contax,,archive:amnd-winter-2014:junior-4:contax:none,Contax,4,1,,,,,,,,,,,,,archive_pdf,final_premiership_placings,,
amnd-winter-2014-junior-4,woods-panthers,,archive:amnd-winter-2014:junior-4:woods-panthers:none,Woods Panthers,5,0,,,,,,,,,,,,,archive_pdf,final_premiership_placings,,
amnd-winter-2014-junior-4,oakdale-netball-club-sa,,archive:amnd-winter-2014:junior-4:oakdale-netball-club-sa:none,Oakdale Phoenix,6,0,,,,,,,,,,,,,archive_pdf,final_premiership_placings,,
amnd-winter-2014-junior-4,metro-jets,,archive:amnd-winter-2014:junior-4:metro-jets:none,Western Jets,7,0,,,,,,,,,,,,,archive_pdf,final_premiership_placings,,
amnd-winter-2014-junior-4,adelaide-wildcats,,archive:amnd-winter-2014:junior-4:adelaide-wildcats:none,Adelaide Wildcats,8,0,,,,,,,,,,,,,archive_pdf,final_premiership_placings,,
amnd-winter-2014-junior-5,matrics,,archive:amnd-winter-2014:junior-5:matrics:none,Matrics,1,1,,,,,,,,,,,,,archive_pdf,final_premiership_placings,,
amnd-winter-2014-junior-5,tango-netball-club-inc,,archive:amnd-winter-2014:junior-5:tango-netball-club-inc:none,Tango,2,1,,,,,,,,,,,,,archive_pdf,final_premiership_placings,,
amnd-winter-2014-junior-5,woods-panthers,1,archive:amnd-winter-2014:junior-5:woods-panthers:1,Woods Panthers,3,1,,,,,,,,,,,,,archive_pdf,final_premiership_placings,,
amnd-winter-2014-junior-5,oakdale-netball-club-sa,,archive:amnd-winter-2014:junior-5:oakdale-netball-club-sa:none,Oakdale Phoenix,4,1,,,,,,,,,,,,,archive_pdf,final_premiership_placings,,
amnd-winter-2014-junior-5,woods-panthers,2,archive:amnd-winter-2014:junior-5:woods-panthers:2,Woods Panthers,5,0,,,,,,,,,,,,,archive_pdf,final_premiership_placings,,
amnd-winter-2014-junior-5,cheerio-netball-club,,archive:amnd-winter-2014:junior-5:cheerio-netball-club:none,Cheerio Phoenix,6,0,,,,,,,,,,,,,archive_pdf,final_premiership_placings,,
amnd-winter-2014-junior-5,garville,,archive:amnd-winter-2014:junior-5:garville:none,Garville,7,0,,,,,,,,,,,,,archive_pdf,final_premiership_placings,,
amnd-winter-2014-junior-5,contax,,archive:amnd-winter-2014:junior-5:contax:none,Contax,8,0,,,,,,,,,,,,,archive_pdf,final_premiership_placings,,
amnd-winter-2014-junior-6,woods-panthers,1,archive:amnd-winter-2014:junior-6:woods-panthers:1,Woods Panthers,1,1,,,,,,,,,,,,,archive_pdf,final_premiership_placings,,
amnd-winter-2014-junior-6,tango-netball-club-inc,,archive:amnd-winter-2014:junior-6:tango-netball-club-inc:none,Tango,2,1,,,,,,,,,,,,,archive_pdf,final_premiership_placings,,
amnd-winter-2014-junior-6,harlequin,,archive:amnd-winter-2014:junior-6:harlequin:none,Harlequin,3,1,,,,,,,,,,,,,archive_pdf,final_premiership_placings,,
amnd-winter-2014-junior-6,woods-panthers,2,archive:amnd-winter-2014:junior-6:woods-panthers:2,Woods Panthers,4,1,,,,,,,,,,,,,archive_pdf,final_premiership_placings,,
amnd-winter-2014-junior-6,metro-jets,,archive:amnd-winter-2014:junior-6:metro-jets:none,Western Jets,5,0,,,,,,,,,,,,,archive_pdf,final_premiership_placings,,
amnd-winter-2014-junior-6,norwood-netball-club,,archive:amnd-winter-2014:junior-6:norwood-netball-club:none,Newton Jaguars,6,0,,,,,,,,,,,,,archive_pdf,final_premiership_placings,,
amnd-winter-2014-junior-6,matrics,,archive:amnd-winter-2014:junior-6:matrics:none,Matrics,7,0,,,,,,,,,,,,,archive_pdf,final_premiership_placings,,
amnd-winter-2014-junior-6,garville,,archive:amnd-winter-2014:junior-6:garville:none,Garville,8,0,,,,,,,,,,,,,archive_pdf,final_premiership_placings,,
amnd-winter-2014-junior-7,matrics,1,archive:amnd-winter-2014:junior-7:matrics:1,Matrics,1,1,,,,,,,,,,,,,archive_pdf,final_premiership_placings,,
amnd-winter-2014-junior-7,matrics,2,archive:amnd-winter-2014:junior-7:matrics:2,Matrics,2,1,,,,,,,,,,,,,archive_pdf,final_premiership_placings,,
amnd-winter-2014-junior-7,oakdale-netball-club-sa,,archive:amnd-winter-2014:junior-7:oakdale-netball-club-sa:none,Oakdale Phoenix,3,1,,,,,,,,,,,,,archive_pdf,final_premiership_placings,,
amnd-winter-2014-junior-7,tango-netball-club-inc,,archive:amnd-winter-2014:junior-7:tango-netball-club-inc:none,Tango,4,1,,,,,,,,,,,,,archive_pdf,final_premiership_placings,,
amnd-winter-2014-junior-7,semaphore,,archive:amnd-winter-2014:junior-7:semaphore:none,Semaphore,5,0,,,,,,,,,,,,,archive_pdf,final_premiership_placings,,
amnd-winter-2014-junior-7,harlequin,,archive:amnd-winter-2014:junior-7:harlequin:none,Harlequin,6,0,,,,,,,,,,,,,archive_pdf,final_premiership_placings,,
amnd-winter-2014-junior-7,metro-jets,,archive:amnd-winter-2014:junior-7:metro-jets:none,Western Jets,7,0,,,,,,,,,,,,,archive_pdf,final_premiership_placings,,
amnd-winter-2014-junior-7,adelaide-cougars,,archive:amnd-winter-2014:junior-7:adelaide-cougars:none,Adelaide Cougars,8,0,,,,,,,,,,,,,archive_pdf,final_premiership_placings,,
amnd-winter-2014-junior-8,oakdale-netball-club-sa,,archive:amnd-winter-2014:junior-8:oakdale-netball-club-sa:none,Oakdale Phoenix,1,1,,,,,,,,,,,,,archive_pdf,final_premiership_placings,,
amnd-winter-2014-junior-8,tango-netball-club-inc,,archive:amnd-winter-2014:junior-8:tango-netball-club-inc:none,Tango,2,1,,,,,,,,,,,,,archive_pdf,final_premiership_placings,,
amnd-winter-2014-junior-8,woods-panthers,,archive:amnd-winter-2014:junior-8:woods-panthers:none,Woods Panthers,3,1,,,,,,,,,,,,,archive_pdf,final_premiership_placings,,
amnd-winter-2014-junior-8,metro-jets,,archive:amnd-winter-2014:junior-8:metro-jets:none,Western Jets,4,1,,,,,,,,,,,,,archive_pdf,final_premiership_placings,,
amnd-winter-2014-junior-8,adelaide-wildcats,,archive:amnd-winter-2014:junior-8:adelaide-wildcats:none,Adelaide Wildcats,5,0,,,,,,,,,,,,,archive_pdf,final_premiership_placings,,
amnd-winter-2014-junior-8,cheerio-netball-club,,archive:amnd-winter-2014:junior-8:cheerio-netball-club:none,Cheerio Phoenix,6,0,,,,,,,,,,,,,archive_pdf,final_premiership_placings,,
amnd-winter-2014-primary-1,oakdale-netball-club-sa,,archive:amnd-winter-2014:primary-1:oakdale-netball-club-sa:none,Oakdale Phoenix,1,1,,,,,,,,,,,,,archive_pdf,final_premiership_placings,,
amnd-winter-2014-primary-1,contax,,archive:amnd-winter-2014:primary-1:contax:none,Contax,2,1,,,,,,,,,,,,,archive_pdf,final_premiership_placings,,
amnd-winter-2014-primary-1,tango-netball-club-inc,,archive:amnd-winter-2014:primary-1:tango-netball-club-inc:none,Tango,3,1,,,,,,,,,,,,,archive_pdf,final_premiership_placings,,
amnd-winter-2014-primary-1,woods-panthers,,archive:amnd-winter-2014:primary-1:woods-panthers:none,Woods Panthers,4,1,,,,,,,,,,,,,archive_pdf,final_premiership_placings,,
amnd-winter-2014-primary-1,adelaide-wildcats,,archive:amnd-winter-2014:primary-1:adelaide-wildcats:none,Adelaide Wildcats,5,0,,,,,,,,,,,,,archive_pdf,final_premiership_placings,,
amnd-winter-2014-primary-1,garville,,archive:amnd-winter-2014:primary-1:garville:none,Garville,6,0,,,,,,,,,,,,,archive_pdf,final_premiership_placings,,
amnd-winter-2014-primary-1,matrics,,archive:amnd-winter-2014:primary-1:matrics:none,Matrics,7,0,,,,,,,,,,,,,archive_pdf,final_premiership_placings,,
amnd-winter-2014-primary-2,metro-jets,1,archive:amnd-winter-2014:primary-2:metro-jets:1,Western Jets,1,1,,,,,,,,,,,,,archive_pdf,final_premiership_placings,,
amnd-winter-2014-primary-2,contax,,archive:amnd-winter-2014:primary-2:contax:none,Contax,2,1,,,,,,,,,,,,,archive_pdf,final_premiership_placings,,
amnd-winter-2014-primary-2,norwood-netball-club,,archive:amnd-winter-2014:primary-2:norwood-netball-club:none,Newton Jaguars,3,1,,,,,,,,,,,,,archive_pdf,final_premiership_placings,,
amnd-winter-2014-primary-2,matrics,,archive:amnd-winter-2014:primary-2:matrics:none,Matrics,4,1,,,,,,,,,,,,,archive_pdf,final_premiership_placings,,
amnd-winter-2014-primary-2,oakdale-netball-club-sa,,archive:amnd-winter-2014:primary-2:oakdale-netball-club-sa:none,Oakdale Phoenix,5,0,,,,,,,,,,,,,archive_pdf,final_premiership_placings,,
amnd-winter-2014-primary-2,woods-panthers,,archive:amnd-winter-2014:primary-2:woods-panthers:none,Woods Panthers,6,0,,,,,,,,,,,,,archive_pdf,final_premiership_placings,,
amnd-winter-2014-primary-2,garville,,archive:amnd-winter-2014:primary-2:garville:none,Garville,7,0,,,,,,,,,,,,,archive_pdf,final_premiership_placings,,
amnd-winter-2014-primary-2,tango-netball-club-inc,,archive:amnd-winter-2014:primary-2:tango-netball-club-inc:none,Tango,8,0,,,,,,,,,,,,,archive_pdf,final_premiership_placings,,
amnd-winter-2014-primary-2,metro-jets,2,archive:amnd-winter-2014:primary-2:metro-jets:2,Western Jets,9,0,,,,,,,,,,,,,archive_pdf,final_premiership_placings,,
amnd-winter-2014-primary-3,woods-panthers,,archive:amnd-winter-2014:primary-3:woods-panthers:none,Woods Panthers,1,1,,,,,,,,,,,,,archive_pdf,final_premiership_placings,,
amnd-winter-2014-primary-3,adelaide-cougars,,archive:amnd-winter-2014:primary-3:adelaide-cougars:none,Adelaide Cougars,2,1,,,,,,,,,,,,,archive_pdf,final_premiership_placings,,
amnd-winter-2014-primary-3,northeast-zodiac,,archive:amnd-winter-2014:primary-3:northeast-zodiac:none,Northeast Zodiac,3,1,,,,,,,,,,,,,archive_pdf,final_premiership_placings,,
amnd-winter-2014-primary-3,contax,,archive:amnd-winter-2014:primary-3:contax:none,Contax,4,1,,,,,,,,,,,,,archive_pdf,final_premiership_placings,,
amnd-winter-2014-primary-3,harlequin,,archive:amnd-winter-2014:primary-3:harlequin:none,Harlequin,5,0,,,,,,,,,,,,,archive_pdf,final_premiership_placings,,
amnd-winter-2014-primary-3,matrics,,archive:amnd-winter-2014:primary-3:matrics:none,Matrics,6,0,,,,,,,,,,,,,archive_pdf,final_premiership_placings,,
amnd-winter-2014-primary-3,norwood-netball-club,,archive:amnd-winter-2014:primary-3:norwood-netball-club:none,Newton Jaguars,7,0,,,,,,,,,,,,,archive_pdf,final_premiership_placings,,
amnd-winter-2014-primary-3,metro-jets,,archive:amnd-winter-2014:primary-3:metro-jets:none,Western Jets,8,0,,,,,,,,,,,,,archive_pdf,final_premiership_placings,,
amnd-winter-2014-primary-4,cheerio-netball-club,,archive:amnd-winter-2014:primary-4:cheerio-netball-club:none,Cheerio Phoenix,1,1,,,,,,,,,,,,,archive_pdf,final_premiership_placings,,
amnd-winter-2014-primary-4,adelaide-wildcats,,archive:amnd-winter-2014:primary-4:adelaide-wildcats:none,Adelaide Wildcats,2,1,,,,,,,,,,,,,archive_pdf,final_premiership_placings,,
amnd-winter-2014-primary-4,tango-netball-club-inc,,archive:amnd-winter-2014:primary-4:tango-netball-club-inc:none,Tango,3,1,,,,,,,,,,,,,archive_pdf,final_premiership_placings,,
amnd-winter-2014-primary-4,oakdale-netball-club-sa,,archive:amnd-winter-2014:primary-4:oakdale-netball-club-sa:none,Oakdale Phoenix,4,1,,,,,,,,,,,,,archive_pdf,final_premiership_placings,,
amnd-winter-2014-primary-4,garville,,archive:amnd-winter-2014:primary-4:garville:none,Garville,5,0,,,,,,,,,,,,,archive_pdf,final_premiership_placings,,
amnd-winter-2014-primary-4,matrics,,archive:amnd-winter-2014:primary-4:matrics:none,Matrics,6,0,,,,,,,,,,,,,archive_pdf,final_premiership_placings,,
amnd-winter-2014-primary-4,contax,,archive:amnd-winter-2014:primary-4:contax:none,Contax,7,0,,,,,,,,,,,,,archive_pdf,final_premiership_placings,,
amnd-winter-2014-primary-4,norwood-netball-club,,archive:amnd-winter-2014:primary-4:norwood-netball-club:none,Newton Jaguars,8,0,,,,,,,,,,,,,archive_pdf,final_premiership_placings,,
amnd-winter-2014-primary-5,woods-panthers,,archive:amnd-winter-2014:primary-5:woods-panthers:none,Woods Panthers,1,1,,,,,,,,,,,,,archive_pdf,final_premiership_placings,,
amnd-winter-2014-primary-5,garville,,archive:amnd-winter-2014:primary-5:garville:none,Garville,2,1,,,,,,,,,,,,,archive_pdf,final_premiership_placings,,
amnd-winter-2014-primary-5,matrics,1,archive:amnd-winter-2014:primary-5:matrics:1,Matrics,3,1,,,,,,,,,,,,,archive_pdf,final_premiership_placings,,
amnd-winter-2014-primary-5,cheerio-netball-club,,archive:amnd-winter-2014:primary-5:cheerio-netball-club:none,Cheerio Phoenix,4,1,,,,,,,,,,,,,archive_pdf,final_premiership_placings,,
amnd-winter-2014-primary-5,northeast-zodiac,,archive:amnd-winter-2014:primary-5:northeast-zodiac:none,Northeast Zodiac,5,0,,,,,,,,,,,,,archive_pdf,final_premiership_placings,,
amnd-winter-2014-primary-5,matrics,2,archive:amnd-winter-2014:primary-5:matrics:2,Matrics,6,0,,,,,,,,,,,,,archive_pdf,final_premiership_placings,,
amnd-winter-2014-primary-5,metro-jets,,archive:amnd-winter-2014:primary-5:metro-jets:none,Western Jets,7,0,,,,,,,,,,,,,archive_pdf,final_premiership_placings,,
amnd-winter-2014-primary-6,contax,,archive:amnd-winter-2014:primary-6:contax:none,Contax,1,1,,,,,,,,,,,,,archive_pdf,final_premiership_placings,,
amnd-winter-2014-primary-6,woods-panthers,,archive:amnd-winter-2014:primary-6:woods-panthers:none,Woods Panthers,2,1,,,,,,,,,,,,,archive_pdf,final_premiership_placings,,
amnd-winter-2014-primary-6,tango-netball-club-inc,,archive:amnd-winter-2014:primary-6:tango-netball-club-inc:none,Tango,3,1,,,,,,,,,,,,,archive_pdf,final_premiership_placings,,
amnd-winter-2014-primary-6,garville,2,archive:amnd-winter-2014:primary-6:garville:2,Garville,4,1,,,,,,,,,,,,,archive_pdf,final_premiership_placings,,
amnd-winter-2014-primary-6,norwood-netball-club,,archive:amnd-winter-2014:primary-6:norwood-netball-club:none,Newton Jaguars,5,0,,,,,,,,,,,,,archive_pdf,final_premiership_placings,,
amnd-winter-2014-primary-6,garville,1,archive:amnd-winter-2014:primary-6:garville:1,Garville,6,0,,,,,,,,,,,,,archive_pdf,final_premiership_placings,,
amnd-winter-2014-primary-6,adelaide-wildcats,,archive:amnd-winter-2014:primary-6:adelaide-wildcats:none,Adelaide Wildcats,7,0,,,,,,,,,,,,,archive_pdf,final_premiership_placings,,
amnd-winter-2014-primary-7,oakdale-netball-club-sa,,archive:amnd-winter-2014:primary-7:oakdale-netball-club-sa:none,Oakdale Phoenix,1,1,,,,,,,,,,,,,archive_pdf,final_premiership_placings,,
amnd-winter-2014-primary-7,woods-panthers,,archive:amnd-winter-2014:primary-7:woods-panthers:none,Woods Panthers,2,1,,,,,,,,,,,,,archive_pdf,final_premiership_placings,,
amnd-winter-2014-primary-7,norwood-netball-club,,archive:amnd-winter-2014:primary-7:norwood-netball-club:none,Newton Jaguars,3,1,,,,,,,,,,,,,archive_pdf,final_premiership_placings,,
amnd-winter-2014-primary-7,contax,,archive:amnd-winter-2014:primary-7:contax:none,Contax,4,1,,,,,,,,,,,,,archive_pdf,final_premiership_placings,,
amnd-winter-2014-primary-7,metro-jets,,archive:amnd-winter-2014:primary-7:metro-jets:none,Western Jets,5,0,,,,,,,,,,,,,archive_pdf,final_premiership_placings,,
amnd-winter-2014-primary-7,cheerio-netball-club,,archive:amnd-winter-2014:primary-7:cheerio-netball-club:none,Cheerio Phoenix,6,0,,,,,,,,,,,,,archive_pdf,final_premiership_placings,,
amnd-winter-2014-sub-junior-1,oakdale-netball-club-sa,,archive:amnd-winter-2014:sub-junior-1:oakdale-netball-club-sa:none,Oakdale Phoenix,1,1,,,,,,,,,,,,,archive_pdf,final_premiership_placings,,
amnd-winter-2014-sub-junior-1,contax,,archive:amnd-winter-2014:sub-junior-1:contax:none,Contax,2,1,,,,,,,,,,,,,archive_pdf,final_premiership_placings,,
amnd-winter-2014-sub-junior-1,matrics,,archive:amnd-winter-2014:sub-junior-1:matrics:none,Matrics,3,1,,,,,,,,,,,,,archive_pdf,final_premiership_placings,,
amnd-winter-2014-sub-junior-1,garville,,archive:amnd-winter-2014:sub-junior-1:garville:none,Garville,4,1,,,,,,,,,,,,,archive_pdf,final_premiership_placings,,
amnd-winter-2014-sub-junior-1,metro-jets,,archive:amnd-winter-2014:sub-junior-1:metro-jets:none,Western Jets,5,0,,,,,,,,,,,,,archive_pdf,final_premiership_placings,,
amnd-winter-2014-sub-junior-1,tango-netball-club-inc,,archive:amnd-winter-2014:sub-junior-1:tango-netball-club-inc:none,Tango,6,0,,,,,,,,,,,,,archive_pdf,final_premiership_placings,,
amnd-winter-2014-sub-junior-1,woods-panthers,,archive:amnd-winter-2014:sub-junior-1:woods-panthers:none,Woods Panthers,7,0,,,,,,,,,,,,,archive_pdf,final_premiership_placings,,
amnd-winter-2014-sub-junior-1,norwood-netball-club,,archive:amnd-winter-2014:sub-junior-1:norwood-netball-club:none,Newton Jaguars,8,0,,,,,,,,,,,,,archive_pdf,final_premiership_placings,,
amnd-winter-2014-sub-junior-2,contax,1,archive:amnd-winter-2014:sub-junior-2:contax:1,Contax,1,1,,,,,,,,,,,,,archive_pdf,final_premiership_placings,,
amnd-winter-2014-sub-junior-2,oakdale-netball-club-sa,,archive:amnd-winter-2014:sub-junior-2:oakdale-netball-club-sa:none,Oakdale Phoenix,2,1,,,,,,,,,,,,,archive_pdf,final_premiership_placings,,
amnd-winter-2014-sub-junior-2,tango-netball-club-inc,,archive:amnd-winter-2014:sub-junior-2:tango-netball-club-inc:none,Tango,3,1,,,,,,,,,,,,,archive_pdf,final_premiership_placings,,
amnd-winter-2014-sub-junior-2,matrics,1,archive:amnd-winter-2014:sub-junior-2:matrics:1,Matrics,4,1,,,,,,,,,,,,,archive_pdf,final_premiership_placings,,
amnd-winter-2014-sub-junior-2,contax,2,archive:amnd-winter-2014:sub-junior-2:contax:2,Contax,5,0,,,,,,,,,,,,,archive_pdf,final_premiership_placings,,
amnd-winter-2014-sub-junior-2,matrics,2,archive:amnd-winter-2014:sub-junior-2:matrics:2,Matrics,6,0,,,,,,,,,,,,,archive_pdf,final_premiership_placings,,
amnd-winter-2014-sub-junior-2,garville,,archive:amnd-winter-2014:sub-junior-2:garville:none,Garville,7,0,,,,,,,,,,,,,archive_pdf,final_premiership_placings,,
amnd-winter-2014-sub-junior-2,adelaide-wildcats,,archive:amnd-winter-2014:sub-junior-2:adelaide-wildcats:none,Adelaide Wildcats,8,0,,,,,,,,,,,,,archive_pdf,final_premiership_placings,,
amnd-winter-2014-sub-junior-3,metro-jets,1,archive:amnd-winter-2014:sub-junior-3:metro-jets:1,Western Jets,1,1,,,,,,,,,,,,,archive_pdf,final_premiership_placings,,
amnd-winter-2014-sub-junior-3,contax,,archive:amnd-winter-2014:sub-junior-3:contax:none,Contax,2,1,,,,,,,,,,,,,archive_pdf,final_premiership_placings,,
amnd-winter-2014-sub-junior-3,oakdale-netball-club-sa,,archive:amnd-winter-2014:sub-junior-3:oakdale-netball-club-sa:none,Oakdale Phoenix,3,1,,,,,,,,,,,,,archive_pdf,final_premiership_placings,,
amnd-winter-2014-sub-junior-3,metro-jets,2,archive:amnd-winter-2014:sub-junior-3:metro-jets:2,Western Jets,4,1,,,,,,,,,,,,,archive_pdf,final_premiership_placings,,
amnd-winter-2014-sub-junior-3,tango-netball-club-inc,,archive:amnd-winter-2014:sub-junior-3:tango-netball-club-inc:none,Tango,5,0,,,,,,,,,,,,,archive_pdf,final_premiership_placings,,
amnd-winter-2014-sub-junior-3,garville,,archive:amnd-winter-2014:sub-junior-3:garville:none,Garville,6,0,,,,,,,,,,,,,archive_pdf,final_premiership_placings,,
amnd-winter-2014-sub-junior-3,woods-panthers,,archive:amnd-winter-2014:sub-junior-3:woods-panthers:none,Woods Panthers,7,0,,,,,,,,,,,,,archive_pdf,final_premiership_placings,,
amnd-winter-2014-sub-junior-4,harlequin,,archive:amnd-winter-2014:sub-junior-4:harlequin:none,Harlequin,1,1,,,,,,,,,,,,,archive_pdf,final_premiership_placings,,
amnd-winter-2014-sub-junior-4,metro-jets,,archive:amnd-winter-2014:sub-junior-4:metro-jets:none,Western Jets,2,1,,,,,,,,,,,,,archive_pdf,final_premiership_placings,,
amnd-winter-2014-sub-junior-4,woods-panthers,,archive:amnd-winter-2014:sub-junior-4:woods-panthers:none,Woods Panthers,3,1,,,,,,,,,,,,,archive_pdf,final_premiership_placings,,
amnd-winter-2014-sub-junior-4,matrics,,archive:amnd-winter-2014:sub-junior-4:matrics:none,Matrics,4,1,,,,,,,,,,,,,archive_pdf,final_premiership_placings,,
amnd-winter-2014-sub-junior-4,contax,,archive:amnd-winter-2014:sub-junior-4:contax:none,Contax,5,0,,,,,,,,,,,,,archive_pdf,final_premiership_placings,,
amnd-winter-2014-sub-junior-4,adelaide-cougars,,archive:amnd-winter-2014:sub-junior-4:adelaide-cougars:none,Adelaide Cougars,6,0,,,,,,,,,,,,,archive_pdf,final_premiership_placings,,
amnd-winter-2014-sub-junior-4,oakdale-netball-club-sa,,archive:amnd-winter-2014:sub-junior-4:oakdale-netball-club-sa:none,Oakdale Phoenix,7,0,,,,,,,,,,,,,archive_pdf,final_premiership_placings,,
amnd-winter-2014-sub-junior-4,garville,,archive:amnd-winter-2014:sub-junior-4:garville:none,Garville,8,0,,,,,,,,,,,,,archive_pdf,final_premiership_placings,,
amnd-winter-2014-sub-junior-5,matrics,1,archive:amnd-winter-2014:sub-junior-5:matrics:1,Matrics,1,1,,,,,,,,,,,,,archive_pdf,final_premiership_placings,,
amnd-winter-2014-sub-junior-5,contax,,archive:amnd-winter-2014:sub-junior-5:contax:none,Contax,2,1,,,,,,,,,,,,,archive_pdf,final_premiership_placings,,
amnd-winter-2014-sub-junior-5,tango-netball-club-inc,2,archive:amnd-winter-2014:sub-junior-5:tango-netball-club-inc:2,Tango,3,1,,,,,,,,,,,,,archive_pdf,final_premiership_placings,,
amnd-winter-2014-sub-junior-5,matrics,2,archive:amnd-winter-2014:sub-junior-5:matrics:2,Matrics,4,1,,,,,,,,,,,,,archive_pdf,final_premiership_placings,,
amnd-winter-2014-sub-junior-5,tango-netball-club-inc,1,archive:amnd-winter-2014:sub-junior-5:tango-netball-club-inc:1,Tango,5,0,,,,,,,,,,,,,archive_pdf,final_premiership_placings,,
amnd-winter-2014-sub-junior-5,norwood-netball-club,,archive:amnd-winter-2014:sub-junior-5:norwood-netball-club:none,Newton Jaguars,6,0,,,,,,,,,,,,,archive_pdf,final_premiership_placings,,
amnd-winter-2014-sub-junior-5,cheerio-netball-club,,archive:amnd-winter-2014:sub-junior-5:cheerio-netball-club:none,Cheerio Phoenix,7,0,,,,,,,,,,,,,archive_pdf,final_premiership_placings,,
amnd-winter-2014-sub-junior-5,metro-jets,,archive:amnd-winter-2014:sub-junior-5:metro-jets:none,Western Jets,8,0,,,,,,,,,,,,,archive_pdf,final_premiership_placings,,
amnd-winter-2014-sub-junior-6,matrics,,archive:amnd-winter-2014:sub-junior-6:matrics:none,Matrics,1,1,,,,,,,,,,,,,archive_pdf,final_premiership_placings,,
amnd-winter-2014-sub-junior-6,tango-netball-club-inc,,archive:amnd-winter-2014:sub-junior-6:tango-netball-club-inc:none,Tango,2,1,,,,,,,,,,,,,archive_pdf,final_premiership_placings,,
amnd-winter-2014-sub-junior-6,garville,2,archive:amnd-winter-2014:sub-junior-6:garville:2,Garville,3,1,,,,,,,,,,,,,archive_pdf,final_premiership_placings,,
amnd-winter-2014-sub-junior-6,adelaide-wildcats,,archive:amnd-winter-2014:sub-junior-6:adelaide-wildcats:none,Adelaide Wildcats,4,1,,,,,,,,,,,,,archive_pdf,final_premiership_placings,,
amnd-winter-2014-sub-junior-6,contax,,archive:amnd-winter-2014:sub-junior-6:contax:none,Contax,5,0,,,,,,,,,,,,,archive_pdf,final_premiership_placings,,
amnd-winter-2014-sub-junior-6,oakdale-netball-club-sa,,archive:amnd-winter-2014:sub-junior-6:oakdale-netball-club-sa:none,Oakdale Phoenix,6,0,,,,,,,,,,,,,archive_pdf,final_premiership_placings,,
amnd-winter-2014-sub-junior-6,garville,1,archive:amnd-winter-2014:sub-junior-6:garville:1,Garville,7,0,,,,,,,,,,,,,archive_pdf,final_premiership_placings,,
amnd-winter-2014-sub-junior-6,norwood-netball-club,,archive:amnd-winter-2014:sub-junior-6:norwood-netball-club:none,Newton Jaguars,8,0,,,,,,,,,,,,,archive_pdf,final_premiership_placings,,
amnd-winter-2014-sub-junior-6,harlequin,,archive:amnd-winter-2014:sub-junior-6:harlequin:none,Harlequin,9,0,,,,,,,,,,,,,archive_pdf,final_premiership_placings,,
amnd-winter-2014-sub-junior-6,adelaide-cougars,,archive:amnd-winter-2014:sub-junior-6:adelaide-cougars:none,Adelaide Cougars,10,0,,,,,,,,,,,,,archive_pdf,final_premiership_placings,,
amnd-winter-2014-sub-junior-7,northeast-zodiac,,archive:amnd-winter-2014:sub-junior-7:northeast-zodiac:none,Northeast Zodiac,1,1,,,,,,,,,,,,,archive_pdf,final_premiership_placings,,
amnd-winter-2014-sub-junior-7,metro-jets,,archive:amnd-winter-2014:sub-junior-7:metro-jets:none,Western Jets,2,1,,,,,,,,,,,,,archive_pdf,final_premiership_placings,,
amnd-winter-2014-sub-junior-7,woods-panthers,,archive:amnd-winter-2014:sub-junior-7:woods-panthers:none,Woods Panthers,3,1,,,,,,,,,,,,,archive_pdf,final_premiership_placings,,
amnd-winter-2014-sub-junior-7,adelaide-wildcats,1,archive:amnd-winter-2014:sub-junior-7:adelaide-wildcats:1,Adelaide Wildcats,4,1,,,,,,,,,,,,,archive_pdf,final_premiership_placings,,
amnd-winter-2014-sub-junior-7,adelaide-wildcats,2,archive:amnd-winter-2014:sub-junior-7:adelaide-wildcats:2,Adelaide Wildcats,5,0,,,,,,,,,,,,,archive_pdf,final_premiership_placings,,
amnd-winter-2014-sub-junior-7,oakdale-netball-club-sa,,archive:amnd-winter-2014:sub-junior-7:oakdale-netball-club-sa:none,Oakdale Phoenix,6,0,,,,,,,,,,,,,archive_pdf,final_premiership_placings,,
amnd-winter-2014-sub-junior-8,matrics,,archive:amnd-winter-2014:sub-junior-8:matrics:none,Matrics,1,1,,,,,,,,,,,,,archive_pdf,final_premiership_placings,,
amnd-winter-2014-sub-junior-8,metro-jets,,archive:amnd-winter-2014:sub-junior-8:metro-jets:none,Western Jets,2,1,,,,,,,,,,,,,archive_pdf,final_premiership_placings,,
amnd-winter-2014-sub-junior-8,semaphore,,archive:amnd-winter-2014:sub-junior-8:semaphore:none,Semaphore,3,1,,,,,,,,,,,,,archive_pdf,final_premiership_placings,,
amnd-winter-2014-sub-junior-8,tango-netball-club-inc,,archive:amnd-winter-2014:sub-junior-8:tango-netball-club-inc:none,Tango,4,1,,,,,,,,,,,,,archive_pdf,final_premiership_placings,,
amnd-winter-2014-sub-junior-8,garville,,archive:amnd-winter-2014:sub-junior-8:garville:none,Garville,5,0,,,,,,,,,,,,,archive_pdf,final_premiership_placings,,
amnd-winter-2014-sub-junior-8,cheerio-netball-club,,archive:amnd-winter-2014:sub-junior-8:cheerio-netball-club:none,Cheerio Phoenix,6,0,,,,,,,,,,,,,archive_pdf,final_premiership_placings,,
amnd-winter-2014-sub-junior-8,woods-panthers,,archive:amnd-winter-2014:sub-junior-8:woods-panthers:none,Woods Panthers,7,0,,,,,,,,,,,,,archive_pdf,final_premiership_placings,,
amnd-winter-2014-sub-junior-8,norwood-netball-club,,archive:amnd-winter-2014:sub-junior-8:norwood-netball-club:none,Newton Jaguars,8,0,,,,,,,,,,,,,archive_pdf,final_premiership_placings,,
amnd-winter-2016-a-grade,fielders-flames,,archive:amnd-winter-2016:a-grade:fielders-flames:none,Flames,1,1,,,,,,,,,,,,,archive_pdf,final_premiership_placings,,
amnd-winter-2016-a-grade,oakdale-netball-club-sa,,archive:amnd-winter-2016:a-grade:oakdale-netball-club-sa:none,Oakdale Phoenix,2,1,,,,,,,,,,,,,archive_pdf,final_premiership_placings,,
amnd-winter-2016-a-grade,contax,,archive:amnd-winter-2016:a-grade:contax:none,Contax,3,1,,,,,,,,,,,,,archive_pdf,final_premiership_placings,,
amnd-winter-2016-a-grade,matrics,,archive:amnd-winter-2016:a-grade:matrics:none,Matrics,4,1,,,,,,,,,,,,,archive_pdf,final_premiership_placings,,
amnd-winter-2016-a-grade,adelaide-cougars,,archive:amnd-winter-2016:a-grade:adelaide-cougars:none,Adelaide Cougars,5,0,,,,,,,,,,,,,archive_pdf,final_premiership_placings,,
amnd-winter-2016-a-grade,harlequin,,archive:amnd-winter-2016:a-grade:harlequin:none,Harlequin,6,0,,,,,,,,,,,,,archive_pdf,final_premiership_placings,,
amnd-winter-2016-a-grade,adelaide-wildcats,,archive:amnd-winter-2016:a-grade:adelaide-wildcats:none,Adelaide Wildcats,7,0,,,,,,,,,,,,,archive_pdf,final_premiership_placings,,
amnd-winter-2016-a-grade,woods-panthers,,archive:amnd-winter-2016:a-grade:woods-panthers:none,Woods Panthers,8,0,,,,,,,,,,,,,archive_pdf,final_premiership_placings,,
amnd-winter-2016-a-grade,cheerio-netball-club,,archive:amnd-winter-2016:a-grade:cheerio-netball-club:none,Cheerio,9,0,,,,,,,,,,,,,archive_pdf,final_premiership_placings,,
amnd-winter-2016-a-grade,norwood-netball-club,,archive:amnd-winter-2016:a-grade:norwood-netball-club:none,Newton Jaguars,10,0,,,,,,,,,,,,,archive_pdf,final_premiership_placings,,
amnd-winter-2016-amnd-league,tango-netball-club-inc,,archive:amnd-winter-2016:amnd-league:tango-netball-club-inc:none,Tango,1,1,,,,,,,,,,,,,archive_pdf,final_premiership_placings,,
amnd-winter-2016-amnd-league,contax,,archive:amnd-winter-2016:amnd-league:contax:none,Contax,2,1,,,,,,,,,,,,,archive_pdf,final_premiership_placings,,
amnd-winter-2016-amnd-league,matrics,,archive:amnd-winter-2016:amnd-league:matrics:none,Matrics,3,1,,,,,,,,,,,,,archive_pdf,final_premiership_placings,,
amnd-winter-2016-amnd-league,woods-panthers,,archive:amnd-winter-2016:amnd-league:woods-panthers:none,Woods Panthers,4,1,,,,,,,,,,,,,archive_pdf,final_premiership_placings,,
amnd-winter-2016-amnd-league,harlequin,,archive:amnd-winter-2016:amnd-league:harlequin:none,Harlequin,5,0,,,,,,,,,,,,,archive_pdf,final_premiership_placings,,
amnd-winter-2016-amnd-league,cheerio-netball-club,,archive:amnd-winter-2016:amnd-league:cheerio-netball-club:none,Cheerio,6,0,,,,,,,,,,,,,archive_pdf,final_premiership_placings,,
amnd-winter-2016-amnd-league,norwood-netball-club,,archive:amnd-winter-2016:amnd-league:norwood-netball-club:none,Newton Jaguars,7,0,,,,,,,,,,,,,archive_pdf,final_premiership_placings,,
amnd-winter-2016-amnd-league,adelaide-wildcats,,archive:amnd-winter-2016:amnd-league:adelaide-wildcats:none,Adelaide Wildcats,8,0,,,,,,,,,,,,,archive_pdf,final_premiership_placings,,
amnd-winter-2016-amnd-league,metro-jets,,archive:amnd-winter-2016:amnd-league:metro-jets:none,Western Jets,9,0,,,,,,,,,,,,,archive_pdf,final_premiership_placings,,
amnd-winter-2016-amnd-league,garville,,archive:amnd-winter-2016:amnd-league:garville:none,Garville,10,0,,,,,,,,,,,,,archive_pdf,final_premiership_placings,,
amnd-winter-2016-b-1,adelaide-swish,,archive:amnd-winter-2016:b-1:adelaide-swish:none,Swish,1,1,,,,,,,,,,,,,archive_pdf,final_premiership_placings,,
amnd-winter-2016-b-1,adelaide-wildcats,,archive:amnd-winter-2016:b-1:adelaide-wildcats:none,Adelaide Wildcats,2,1,,,,,,,,,,,,,archive_pdf,final_premiership_placings,,
amnd-winter-2016-b-1,pembroke-o-s,,archive:amnd-winter-2016:b-1:pembroke-o-s:none,Pembroke O.S.,3,1,,,,,,,,,,,,,archive_pdf,final_premiership_placings,,
amnd-winter-2016-b-1,contax,,archive:amnd-winter-2016:b-1:contax:none,Contax,4,1,,,,,,,,,,,,,archive_pdf,final_premiership_placings,,
amnd-winter-2016-b-1,garville,,archive:amnd-winter-2016:b-1:garville:none,Garville,5,0,,,,,,,,,,,,,archive_pdf,final_premiership_placings,,
amnd-winter-2016-b-1,oakdale-netball-club-sa,,archive:amnd-winter-2016:b-1:oakdale-netball-club-sa:none,Oakdale Phoenix,6,0,,,,,,,,,,,,,archive_pdf,final_premiership_placings,,
amnd-winter-2016-b-1,tango-netball-club-inc,,archive:amnd-winter-2016:b-1:tango-netball-club-inc:none,Tango,7,0,,,,,,,,,,,,,archive_pdf,final_premiership_placings,,
amnd-winter-2016-b-1,adelaide-university,,archive:amnd-winter-2016:b-1:adelaide-university:none,Adelaide University,8,0,,,,,,,,,,,,,archive_pdf,final_premiership_placings,,
amnd-winter-2016-b-1,cheerio-netball-club,,archive:amnd-winter-2016:b-1:cheerio-netball-club:none,Cheerio,9,0,,,,,,,,,,,,,archive_pdf,final_premiership_placings,,
amnd-winter-2016-b-1,adelaide-cougars,,archive:amnd-winter-2016:b-1:adelaide-cougars:none,Adelaide Cougars,10,0,,,,,,,,,,,,,archive_pdf,final_premiership_placings,,
amnd-winter-2016-b-2,adelaide-swish,,archive:amnd-winter-2016:b-2:adelaide-swish:none,Swish,1,1,,,,,,,,,,,,,archive_pdf,final_premiership_placings,,
amnd-winter-2016-b-2,metro-jets,,archive:amnd-winter-2016:b-2:metro-jets:none,Western Jets,2,1,,,,,,,,,,,,,archive_pdf,final_premiership_placings,,
amnd-winter-2016-b-2,walkerville,,archive:amnd-winter-2016:b-2:walkerville:none,Walkerville,3,1,,,,,,,,,,,,,archive_pdf,final_premiership_placings,,
amnd-winter-2016-b-2,sacred-heart-o-c,,archive:amnd-winter-2016:b-2:sacred-heart-o-c:none,Sacred Heart O.C.,4,1,,,,,,,,,,,,,archive_pdf,final_premiership_placings,,
amnd-winter-2016-b-2,westminster-o-s,,archive:amnd-winter-2016:b-2:westminster-o-s:none,Westminster O.S.,5,0,,,,,,,,,,,,,archive_pdf,final_premiership_placings,,
amnd-winter-2016-b-2,matrics,,archive:amnd-winter-2016:b-2:matrics:none,Matrics,6,0,,,,,,,,,,,,,archive_pdf,final_premiership_placings,,
amnd-winter-2016-b-2,oakdale-netball-club-sa,,archive:amnd-winter-2016:b-2:oakdale-netball-club-sa:none,Oakdale Phoenix,7,0,,,,,,,,,,,,,archive_pdf,final_premiership_placings,,
amnd-winter-2016-b-2,woods-panthers,,archive:amnd-winter-2016:b-2:woods-panthers:none,Woods Panthers,8,0,,,,,,,,,,,,,archive_pdf,final_premiership_placings,,
amnd-winter-2016-b-2,adelaide-wildcats,,archive:amnd-winter-2016:b-2:adelaide-wildcats:none,Adelaide Wildcats,9,0,,,,,,,,,,,,,archive_pdf,final_premiership_placings,,
amnd-winter-2016-b-2,contax,,archive:amnd-winter-2016:b-2:contax:none,Contax,10,0,,,,,,,,,,,,,archive_pdf,final_premiership_placings,,
amnd-winter-2016-b-3,metro-jets,,archive:amnd-winter-2016:b-3:metro-jets:none,Western Jets,1,1,,,,,,,,,,,,,archive_pdf,final_premiership_placings,,
amnd-winter-2016-b-3,sacred-heart-o-c,,archive:amnd-winter-2016:b-3:sacred-heart-o-c:none,Sacred Heart O.C.,2,1,,,,,,,,,,,,,archive_pdf,final_premiership_placings,,
amnd-winter-2016-b-3,city-coasters,,archive:amnd-winter-2016:b-3:city-coasters:none,City Coasters,3,1,,,,,,,,,,,,,archive_pdf,final_premiership_placings,,
amnd-winter-2016-b-3,old-ignatians,,archive:amnd-winter-2016:b-3:old-ignatians:none,Old Ignatians,4,1,,,,,,,,,,,,,archive_pdf,final_premiership_placings,,
amnd-winter-2016-b-3,pembroke-o-s,,archive:amnd-winter-2016:b-3:pembroke-o-s:none,Pembroke O.S.,5,0,,,,,,,,,,,,,archive_pdf,final_premiership_placings,,
amnd-winter-2016-b-3,woods-panthers,2,archive:amnd-winter-2016:b-3:woods-panthers:2,Woods Panthers,6,0,,,,,,,,,,,,,archive_pdf,final_premiership_placings,,
amnd-winter-2016-b-3,walkerville,,archive:amnd-winter-2016:b-3:walkerville:none,Walkerville,7,0,,,,,,,,,,,,,archive_pdf,final_premiership_placings,,
amnd-winter-2016-b-3,adelaide-university,,archive:amnd-winter-2016:b-3:adelaide-university:none,Adelaide University,8,0,,,,,,,,,,,,,archive_pdf,final_premiership_placings,,
amnd-winter-2016-b-3,woods-panthers,1,archive:amnd-winter-2016:b-3:woods-panthers:1,Woods Panthers,9,0,,,,,,,,,,,,,archive_pdf,final_premiership_placings,,
amnd-winter-2016-b-3,adelaide-cougars,,archive:amnd-winter-2016:b-3:adelaide-cougars:none,Adelaide Cougars,10,0,,,,,,,,,,,,,archive_pdf,final_premiership_placings,,
amnd-winter-2016-b-4,pembroke-o-s,,archive:amnd-winter-2016:b-4:pembroke-o-s:none,Pembroke O.S.,1,1,,,,,,,,,,,,,archive_pdf,final_premiership_placings,,
amnd-winter-2016-b-4,seymour-o-c,,archive:amnd-winter-2016:b-4:seymour-o-c:none,Seymour O.C.,2,1,,,,,,,,,,,,,archive_pdf,final_premiership_placings,,
amnd-winter-2016-b-4,walkerville,,archive:amnd-winter-2016:b-4:walkerville:none,Walkerville,3,1,,,,,,,,,,,,,archive_pdf,final_premiership_placings,,
amnd-winter-2016-b-4,harlequin,1,archive:amnd-winter-2016:b-4:harlequin:1,Harlequin,4,1,,,,,,,,,,,,,archive_pdf,final_premiership_placings,,
amnd-winter-2016-b-4,matrics,,archive:amnd-winter-2016:b-4:matrics:none,Matrics,5,0,,,,,,,,,,,,,archive_pdf,final_premiership_placings,,
amnd-winter-2016-b-4,garville,1,archive:amnd-winter-2016:b-4:garville:1,Garville,6,0,,,,,,,,,,,,,archive_pdf,final_premiership_placings,,
amnd-winter-2016-b-4,norwood-netball-club,,archive:amnd-winter-2016:b-4:norwood-netball-club:none,Newton Jaguars,7,0,,,,,,,,,,,,,archive_pdf,final_premiership_placings,,
amnd-winter-2016-b-4,cheerio-netball-club,,archive:amnd-winter-2016:b-4:cheerio-netball-club:none,Cheerio,8,0,,,,,,,,,,,,,archive_pdf,final_premiership_placings,,
amnd-winter-2016-b-4,harlequin,2,archive:amnd-winter-2016:b-4:harlequin:2,Harlequin,9,0,,,,,,,,,,,,,archive_pdf,final_premiership_placings,,
amnd-winter-2016-b-4,garville,2,archive:amnd-winter-2016:b-4:garville:2,Garville,10,0,,,,,,,,,,,,,archive_pdf,final_premiership_placings,,
amnd-winter-2016-b-5,contax,,archive:amnd-winter-2016:b-5:contax:none,Contax,1,1,,,,,,,,,,,,,archive_pdf,final_premiership_placings,,
amnd-winter-2016-b-5,city-coasters,1,archive:amnd-winter-2016:b-5:city-coasters:1,City Coasters,2,1,,,,,,,,,,,,,archive_pdf,final_premiership_placings,,
amnd-winter-2016-b-5,metro-jets,,archive:amnd-winter-2016:b-5:metro-jets:none,Western Jets,3,1,,,,,,,,,,,,,archive_pdf,final_premiership_placings,,
amnd-winter-2016-b-5,city-coasters,2,archive:amnd-winter-2016:b-5:city-coasters:2,City Coasters,4,1,,,,,,,,,,,,,archive_pdf,final_premiership_placings,,
amnd-winter-2016-b-5,sacred-heart-o-c,,archive:amnd-winter-2016:b-5:sacred-heart-o-c:none,Sacred Heart O.C.,5,0,,,,,,,,,,,,,archive_pdf,final_premiership_placings,,
amnd-winter-2016-b-5,walkerville,,archive:amnd-winter-2016:b-5:walkerville:none,Walkerville,6,0,,,,,,,,,,,,,archive_pdf,final_premiership_placings,,
amnd-winter-2016-b-5,adelaide-wildcats,,archive:amnd-winter-2016:b-5:adelaide-wildcats:none,Adelaide Wildcats,7,0,,,,,,,,,,,,,archive_pdf,final_premiership_placings,,
amnd-winter-2016-b-5,pembroke-o-s,,archive:amnd-winter-2016:b-5:pembroke-o-s:none,Pembroke O.S.,8,0,,,,,,,,,,,,,archive_pdf,final_premiership_placings,,
amnd-winter-2016-b-5,westminster-o-s,,archive:amnd-winter-2016:b-5:westminster-o-s:none,Westminster O.S.,9,0,,,,,,,,,,,,,archive_pdf,final_premiership_placings,,
amnd-winter-2016-b-5,oakdale-netball-club-sa,,archive:amnd-winter-2016:b-5:oakdale-netball-club-sa:none,Oakdale Phoenix,10,0,,,,,,,,,,,,,archive_pdf,final_premiership_placings,,
amnd-winter-2016-b-6,adelaide-swish,,archive:amnd-winter-2016:b-6:adelaide-swish:none,Swish,1,1,,,,,,,,,,,,,archive_pdf,final_premiership_placings,,
amnd-winter-2016-b-6,old-ignatians,,archive:amnd-winter-2016:b-6:old-ignatians:none,Old Ignatians,2,1,,,,,,,,,,,,,archive_pdf,final_premiership_placings,,
amnd-winter-2016-b-6,walkerville,2,archive:amnd-winter-2016:b-6:walkerville:2,Walkerville,3,1,,,,,,,,,,,,,archive_pdf,final_premiership_placings,,
amnd-winter-2016-b-6,city-coasters,,archive:amnd-winter-2016:b-6:city-coasters:none,City Coasters,4,1,,,,,,,,,,,,,archive_pdf,final_premiership_placings,,
amnd-winter-2016-b-6,walkerville,1,archive:amnd-winter-2016:b-6:walkerville:1,Walkerville,5,0,,,,,,,,,,,,,archive_pdf,final_premiership_placings,,
amnd-winter-2016-b-6,cheerio-netball-club,,archive:amnd-winter-2016:b-6:cheerio-netball-club:none,Cheerio,6,0,,,,,,,,,,,,,archive_pdf,final_premiership_placings,,
amnd-winter-2016-b-6,metro-jets,,archive:amnd-winter-2016:b-6:metro-jets:none,Western Jets,7,0,,,,,,,,,,,,,archive_pdf,final_premiership_placings,,
amnd-winter-2016-b-6,tango-netball-club-inc,,archive:amnd-winter-2016:b-6:tango-netball-club-inc:none,Tango,8,0,,,,,,,,,,,,,archive_pdf,final_premiership_placings,,
amnd-winter-2016-b-6,woods-panthers,,archive:amnd-winter-2016:b-6:woods-panthers:none,Woods Panthers,9,0,,,,,,,,,,,,,archive_pdf,final_premiership_placings,,
amnd-winter-2016-b-6,adelaide-wildcats,,archive:amnd-winter-2016:b-6:adelaide-wildcats:none,Adelaide Wildcats,10,0,,,,,,,,,,,,,archive_pdf,final_premiership_placings,,
amnd-winter-2016-c-1,old-ignatians,,archive:amnd-winter-2016:c-1:old-ignatians:none,Old Ignatians,1,1,,,,,,,,,,,,,archive_pdf,final_premiership_placings,,
amnd-winter-2016-c-1,walkerville,2,archive:amnd-winter-2016:c-1:walkerville:2,Walkerville,2,1,,,,,,,,,,,,,archive_pdf,final_premiership_placings,,
amnd-winter-2016-c-1,pembroke-o-s,2,archive:amnd-winter-2016:c-1:pembroke-o-s:2,Pembroke O.S.,3,1,,,,,,,,,,,,,archive_pdf,final_premiership_placings,,
amnd-winter-2016-c-1,adelaide-university,,archive:amnd-winter-2016:c-1:adelaide-university:none,Adelaide University,4,1,,,,,,,,,,,,,archive_pdf,final_premiership_placings,,
amnd-winter-2016-c-1,walkerville,1,archive:amnd-winter-2016:c-1:walkerville:1,Walkerville,5,0,,,,,,,,,,,,,archive_pdf,final_premiership_placings,,
amnd-winter-2016-c-1,norwood-netball-club,,archive:amnd-winter-2016:c-1:norwood-netball-club:none,Newton Jaguars,6,0,,,,,,,,,,,,,archive_pdf,final_premiership_placings,,
amnd-winter-2016-c-1,garville,,archive:amnd-winter-2016:c-1:garville:none,Garville,7,0,,,,,,,,,,,,,archive_pdf,final_premiership_placings,,
amnd-winter-2016-c-1,cheerio-netball-club,,archive:amnd-winter-2016:c-1:cheerio-netball-club:none,Cheerio,8,0,,,,,,,,,,,,,archive_pdf,final_premiership_placings,,
amnd-winter-2016-c-1,pembroke-o-s,1,archive:amnd-winter-2016:c-1:pembroke-o-s:1,Pembroke O.S.,9,0,,,,,,,,,,,,,archive_pdf,final_premiership_placings,,
amnd-winter-2016-c-1,adelaide-cougars,,archive:amnd-winter-2016:c-1:adelaide-cougars:none,Adelaide Cougars,10,0,,,,,,,,,,,,,archive_pdf,final_premiership_placings,,
amnd-winter-2016-c-2,mosa,,archive:amnd-winter-2016:c-2:mosa:none,MOSA,1,1,,,,,,,,,,,,,archive_pdf,final_premiership_placings,,
amnd-winter-2016-c-2,adelaide-university,2,archive:amnd-winter-2016:c-2:adelaide-university:2,Adelaide University,2,1,,,,,,,,,,,,,archive_pdf,final_premiership_placings,,
amnd-winter-2016-c-2,sacred-heart-o-c,,archive:amnd-winter-2016:c-2:sacred-heart-o-c:none,Sacred Heart O.C.,3,1,,,,,,,,,,,,,archive_pdf,final_premiership_placings,,
amnd-winter-2016-c-2,adelaide-university,1,archive:amnd-winter-2016:c-2:adelaide-university:1,Adelaide University,4,1,,,,,,,,,,,,,archive_pdf,final_premiership_placings,,
amnd-winter-2016-c-2,adelaide-wildcats,,archive:amnd-winter-2016:c-2:adelaide-wildcats:none,Adelaide Wildcats,5,0,,,,,,,,,,,,,archive_pdf,final_premiership_placings,,
amnd-winter-2016-c-2,pembroke-o-s,1,archive:amnd-winter-2016:c-2:pembroke-o-s:1,Pembroke O.S.,6,0,,,,,,,,,,,,,archive_pdf,final_premiership_placings,,
amnd-winter-2016-c-2,pembroke-o-s,2,archive:amnd-winter-2016:c-2:pembroke-o-s:2,Pembroke O.S.,7,0,,,,,,,,,,,,,archive_pdf,final_premiership_placings,,
amnd-winter-2016-c-2,old-ignatians,,archive:amnd-winter-2016:c-2:old-ignatians:none,Old Ignatians,8,0,,,,,,,,,,,,,archive_pdf,final_premiership_placings,,
amnd-winter-2016-c-2,westminster-o-s,,archive:amnd-winter-2016:c-2:westminster-o-s:none,Westminster O.S.,9,0,,,,,,,,,,,,,archive_pdf,final_premiership_placings,,
amnd-winter-2016-c-2,city-coasters,,archive:amnd-winter-2016:c-2:city-coasters:none,City Coasters,10,0,,,,,,,,,,,,,archive_pdf,final_premiership_placings,,
amnd-winter-2016-c-3,sacred-heart-o-c,,archive:amnd-winter-2016:c-3:sacred-heart-o-c:none,Sacred Heart O.C.,1,1,,,,,,,,,,,,,archive_pdf,final_premiership_placings,,
amnd-winter-2016-c-3,city-coasters,,archive:amnd-winter-2016:c-3:city-coasters:none,City Coasters,2,1,,,,,,,,,,,,,archive_pdf,final_premiership_placings,,
amnd-winter-2016-c-3,old-ignatians,,archive:amnd-winter-2016:c-3:old-ignatians:none,Old Ignatians,3,1,,,,,,,,,,,,,archive_pdf,final_premiership_placings,,
amnd-winter-2016-c-3,walkerville,1,archive:amnd-winter-2016:c-3:walkerville:1,Walkerville,4,1,,,,,,,,,,,,,archive_pdf,final_premiership_placings,,
amnd-winter-2016-c-3,metro-jets,,archive:amnd-winter-2016:c-3:metro-jets:none,Western Jets,5,0,,,,,,,,,,,,,archive_pdf,final_premiership_placings,,
amnd-winter-2016-c-3,walkerville,2,archive:amnd-winter-2016:c-3:walkerville:2,Walkerville,6,0,,,,,,,,,,,,,archive_pdf,final_premiership_placings,,
amnd-winter-2016-c-3,pembroke-o-s,1,archive:amnd-winter-2016:c-3:pembroke-o-s:1,Pembroke O.S.,7,0,,,,,,,,,,,,,archive_pdf,final_premiership_placings,,
amnd-winter-2016-c-3,pembroke-o-s,2,archive:amnd-winter-2016:c-3:pembroke-o-s:2,Pembroke O.S.,8,0,,,,,,,,,,,,,archive_pdf,final_premiership_placings,,
amnd-winter-2016-c-4,adelaide-university,,archive:amnd-winter-2016:c-4:adelaide-university:none,Adelaide University,1,1,,,,,,,,,,,,,archive_pdf,final_premiership_placings,,
amnd-winter-2016-c-4,semaphore,,archive:amnd-winter-2016:c-4:semaphore:none,Semaphore,2,1,,,,,,,,,,,,,archive_pdf,final_premiership_placings,,
amnd-winter-2016-c-4,walkerville,2,archive:amnd-winter-2016:c-4:walkerville:2,Walkerville,3,1,,,,,,,,,,,,,archive_pdf,final_premiership_placings,,
amnd-winter-2016-c-4,pembroke-o-s,1,archive:amnd-winter-2016:c-4:pembroke-o-s:1,Pembroke O.S.,4,1,,,,,,,,,,,,,archive_pdf,final_premiership_placings,,
amnd-winter-2016-c-4,sacred-heart-o-c,,archive:amnd-winter-2016:c-4:sacred-heart-o-c:none,Sacred Heart O.C.,5,0,,,,,,,,,,,,,archive_pdf,final_premiership_placings,,
amnd-winter-2016-c-4,pembroke-o-s,2,archive:amnd-winter-2016:c-4:pembroke-o-s:2,Pembroke O.S.,6,0,,,,,,,,,,,,,archive_pdf,final_premiership_placings,,
amnd-winter-2016-c-4,city-coasters,,archive:amnd-winter-2016:c-4:city-coasters:none,City Coasters,7,0,,,,,,,,,,,,,archive_pdf,final_premiership_placings,,
amnd-winter-2016-c-4,walkerville,1,archive:amnd-winter-2016:c-4:walkerville:1,Walkerville,8,0,,,,,,,,,,,,,archive_pdf,final_premiership_placings,,
amnd-winter-2016-c-6,semaphore,,archive:amnd-winter-2016:c-6:semaphore:none,Semaphore,1,1,,,,,,,,,,,,,archive_pdf,final_premiership_placings,,
amnd-winter-2016-c-6,norwood-netball-club,,archive:amnd-winter-2016:c-6:norwood-netball-club:none,Newton Jaguars,2,1,,,,,,,,,,,,,archive_pdf,final_premiership_placings,,
amnd-winter-2016-c-6,harlequin,,archive:amnd-winter-2016:c-6:harlequin:none,Harlequin,3,1,,,,,,,,,,,,,archive_pdf,final_premiership_placings,,
amnd-winter-2016-c-6,matrics,,archive:amnd-winter-2016:c-6:matrics:none,Matrics,4,1,,,,,,,,,,,,,archive_pdf,final_premiership_placings,,
amnd-winter-2016-c-6,contax,,archive:amnd-winter-2016:c-6:contax:none,Contax,5,0,,,,,,,,,,,,,archive_pdf,final_premiership_placings,,
amnd-winter-2016-c-6,woods-panthers,,archive:amnd-winter-2016:c-6:woods-panthers:none,Woods Panthers,6,0,,,,,,,,,,,,,archive_pdf,final_premiership_placings,,
amnd-winter-2016-inter-1,matrics,,archive:amnd-winter-2016:inter-1:matrics:none,Matrics,1,1,,,,,,,,,,,,,archive_pdf,final_premiership_placings,,
amnd-winter-2016-inter-1,contax,1,archive:amnd-winter-2016:inter-1:contax:1,Contax,2,1,,,,,,,,,,,,,archive_pdf,final_premiership_placings,,
amnd-winter-2016-inter-1,tango-netball-club-inc,,archive:amnd-winter-2016:inter-1:tango-netball-club-inc:none,Tango,3,1,,,,,,,,,,,,,archive_pdf,final_premiership_placings,,
amnd-winter-2016-inter-1,woods-panthers,,archive:amnd-winter-2016:inter-1:woods-panthers:none,Woods Panthers,4,1,,,,,,,,,,,,,archive_pdf,final_premiership_placings,,
amnd-winter-2016-inter-1,garville,,archive:amnd-winter-2016:inter-1:garville:none,Garville,5,0,,,,,,,,,,,,,archive_pdf,final_premiership_placings,,
amnd-winter-2016-inter-1,oakdale-netball-club-sa,,archive:amnd-winter-2016:inter-1:oakdale-netball-club-sa:none,Oakdale Phoenix,6,0,,,,,,,,,,,,,archive_pdf,final_premiership_placings,,
amnd-winter-2016-inter-1,contax,2,archive:amnd-winter-2016:inter-1:contax:2,Contax,7,0,,,,,,,,,,,,,archive_pdf,final_premiership_placings,,
amnd-winter-2016-inter-1,norwood-netball-club,,archive:amnd-winter-2016:inter-1:norwood-netball-club:none,Newton Jaguars,8,0,,,,,,,,,,,,,archive_pdf,final_premiership_placings,,
amnd-winter-2016-inter-2,tango-netball-club-inc,,archive:amnd-winter-2016:inter-2:tango-netball-club-inc:none,Tango,1,1,,,,,,,,,,,,,archive_pdf,final_premiership_placings,,
amnd-winter-2016-inter-2,woods-panthers,,archive:amnd-winter-2016:inter-2:woods-panthers:none,Woods Panthers,2,1,,,,,,,,,,,,,archive_pdf,final_premiership_placings,,
amnd-winter-2016-inter-2,contax,,archive:amnd-winter-2016:inter-2:contax:none,Contax,3,1,,,,,,,,,,,,,archive_pdf,final_premiership_placings,,
amnd-winter-2016-inter-2,matrics,1,archive:amnd-winter-2016:inter-2:matrics:1,Matrics,4,1,,,,,,,,,,,,,archive_pdf,final_premiership_placings,,
amnd-winter-2016-inter-2,matrics,2,archive:amnd-winter-2016:inter-2:matrics:2,Matrics,5,0,,,,,,,,,,,,,archive_pdf,final_premiership_placings,,
amnd-winter-2016-inter-2,metro-jets,,archive:amnd-winter-2016:inter-2:metro-jets:none,Western Jets,6,0,,,,,,,,,,,,,archive_pdf,final_premiership_placings,,
amnd-winter-2016-inter-2,oakdale-netball-club-sa,,archive:amnd-winter-2016:inter-2:oakdale-netball-club-sa:none,Oakdale Phoenix,7,0,,,,,,,,,,,,,archive_pdf,final_premiership_placings,,
amnd-winter-2016-inter-2,garville,,archive:amnd-winter-2016:inter-2:garville:none,Garville,8,0,,,,,,,,,,,,,archive_pdf,final_premiership_placings,,
amnd-winter-2016-inter-3,norwood-netball-club,,archive:amnd-winter-2016:inter-3:norwood-netball-club:none,Newton Jaguars,1,1,,,,,,,,,,,,,archive_pdf,final_premiership_placings,,
amnd-winter-2016-inter-3,adelaide-wildcats,,archive:amnd-winter-2016:inter-3:adelaide-wildcats:none,Adelaide Wildcats,2,1,,,,,,,,,,,,,archive_pdf,final_premiership_placings,,
amnd-winter-2016-inter-3,contax,,archive:amnd-winter-2016:inter-3:contax:none,Contax,3,1,,,,,,,,,,,,,archive_pdf,final_premiership_placings,,
amnd-winter-2016-inter-3,tango-netball-club-inc,,archive:amnd-winter-2016:inter-3:tango-netball-club-inc:none,Tango,4,1,,,,,,,,,,,,,archive_pdf,final_premiership_placings,,
amnd-winter-2016-inter-3,woods-panthers,,archive:amnd-winter-2016:inter-3:woods-panthers:none,Woods Panthers,5,0,,,,,,,,,,,,,archive_pdf,final_premiership_placings,,
amnd-winter-2016-inter-3,metro-jets,,archive:amnd-winter-2016:inter-3:metro-jets:none,Western Jets,6,0,,,,,,,,,,,,,archive_pdf,final_premiership_placings,,
amnd-winter-2016-inter-3,garville,,archive:amnd-winter-2016:inter-3:garville:none,Garville,7,0,,,,,,,,,,,,,archive_pdf,final_premiership_placings,,
amnd-winter-2016-inter-3,oakdale-netball-club-sa,,archive:amnd-winter-2016:inter-3:oakdale-netball-club-sa:none,Oakdale Phoenix,8,0,,,,,,,,,,,,,archive_pdf,final_premiership_placings,,
amnd-winter-2016-inter-4,matrics,,archive:amnd-winter-2016:inter-4:matrics:none,Matrics,1,1,,,,,,,,,,,,,archive_pdf,final_premiership_placings,,
amnd-winter-2016-inter-4,adelaide-cougars,,archive:amnd-winter-2016:inter-4:adelaide-cougars:none,Adelaide Cougars,2,1,,,,,,,,,,,,,archive_pdf,final_premiership_placings,,
amnd-winter-2016-inter-4,harlequin,,archive:amnd-winter-2016:inter-4:harlequin:none,Harlequin,3,1,,,,,,,,,,,,,archive_pdf,final_premiership_placings,,
amnd-winter-2016-inter-4,woods-panthers,,archive:amnd-winter-2016:inter-4:woods-panthers:none,Woods Panthers,4,1,,,,,,,,,,,,,archive_pdf,final_premiership_placings,,
amnd-winter-2016-inter-4,contax,,archive:amnd-winter-2016:inter-4:contax:none,Contax,5,0,,,,,,,,,,,,,archive_pdf,final_premiership_placings,,
amnd-winter-2016-inter-4,cheerio-netball-club,,archive:amnd-winter-2016:inter-4:cheerio-netball-club:none,Cheerio,6,0,,,,,,,,,,,,,archive_pdf,final_premiership_placings,,
amnd-winter-2016-inter-4,oakdale-netball-club-sa,,archive:amnd-winter-2016:inter-4:oakdale-netball-club-sa:none,Oakdale Phoenix,7,0,,,,,,,,,,,,,archive_pdf,final_premiership_placings,,
amnd-winter-2016-inter-4,garville,,archive:amnd-winter-2016:inter-4:garville:none,Garville,8,0,,,,,,,,,,,,,archive_pdf,final_premiership_placings,,
amnd-winter-2016-inter-5,matrics,1,archive:amnd-winter-2016:inter-5:matrics:1,Matrics,1,1,,,,,,,,,,,,,archive_pdf,final_premiership_placings,,
amnd-winter-2016-inter-5,metro-jets,,archive:amnd-winter-2016:inter-5:metro-jets:none,Western Jets,2,1,,,,,,,,,,,,,archive_pdf,final_premiership_placings,,
amnd-winter-2016-inter-5,norwood-netball-club,1,archive:amnd-winter-2016:inter-5:norwood-netball-club:1,Newton Jaguars,3,1,,,,,,,,,,,,,archive_pdf,final_premiership_placings,,
amnd-winter-2016-inter-5,tango-netball-club-inc,,archive:amnd-winter-2016:inter-5:tango-netball-club-inc:none,Tango,4,1,,,,,,,,,,,,,archive_pdf,final_premiership_placings,,
amnd-winter-2016-inter-5,woods-panthers,,archive:amnd-winter-2016:inter-5:woods-panthers:none,Woods Panthers,5,0,,,,,,,,,,,,,archive_pdf,final_premiership_placings,,
amnd-winter-2016-inter-5,norwood-netball-club,2,archive:amnd-winter-2016:inter-5:norwood-netball-club:2,Newton Jaguars,6,0,,,,,,,,,,,,,archive_pdf,final_premiership_placings,,
amnd-winter-2016-inter-5,matrics,2,archive:amnd-winter-2016:inter-5:matrics:2,Matrics,7,0,,,,,,,,,,,,,archive_pdf,final_premiership_placings,,
amnd-winter-2016-inter-5,semaphore,,archive:amnd-winter-2016:inter-5:semaphore:none,Semaphore,8,0,,,,,,,,,,,,,archive_pdf,final_premiership_placings,,
amnd-winter-2016-inter-5,oakdale-netball-club-sa,,archive:amnd-winter-2016:inter-5:oakdale-netball-club-sa:none,Oakdale Phoenix,9,0,,,,,,,,,,,,,archive_pdf,final_premiership_placings,,
amnd-winter-2016-junior-1,matrics,,archive:amnd-winter-2016:junior-1:matrics:none,Matrics,1,1,,,,,,,,,,,,,archive_pdf,final_premiership_placings,,
amnd-winter-2016-junior-1,tango-netball-club-inc,,archive:amnd-winter-2016:junior-1:tango-netball-club-inc:none,Tango,2,1,,,,,,,,,,,,,archive_pdf,final_premiership_placings,,
amnd-winter-2016-junior-1,oakdale-netball-club-sa,,archive:amnd-winter-2016:junior-1:oakdale-netball-club-sa:none,Oakdale Phoenix,3,1,,,,,,,,,,,,,archive_pdf,final_premiership_placings,,
amnd-winter-2016-junior-1,contax,1,archive:amnd-winter-2016:junior-1:contax:1,Contax,4,1,,,,,,,,,,,,,archive_pdf,final_premiership_placings,,
amnd-winter-2016-junior-1,woods-panthers,,archive:amnd-winter-2016:junior-1:woods-panthers:none,Woods Panthers,5,0,,,,,,,,,,,,,archive_pdf,final_premiership_placings,,
amnd-winter-2016-junior-1,garville,,archive:amnd-winter-2016:junior-1:garville:none,Garville,6,0,,,,,,,,,,,,,archive_pdf,final_premiership_placings,,
amnd-winter-2016-junior-1,contax,2,archive:amnd-winter-2016:junior-1:contax:2,Contax,7,0,,,,,,,,,,,,,archive_pdf,final_premiership_placings,,
amnd-winter-2016-junior-2,contax,,archive:amnd-winter-2016:junior-2:contax:none,Contax,1,1,,,,,,,,,,,,,archive_pdf,final_premiership_placings,,
amnd-winter-2016-junior-2,tango-netball-club-inc,1,archive:amnd-winter-2016:junior-2:tango-netball-club-inc:1,Tango,2,1,,,,,,,,,,,,,archive_pdf,final_premiership_placings,,
amnd-winter-2016-junior-2,oakdale-netball-club-sa,,archive:amnd-winter-2016:junior-2:oakdale-netball-club-sa:none,Oakdale Phoenix,3,1,,,,,,,,,,,,,archive_pdf,final_premiership_placings,,
amnd-winter-2016-junior-2,metro-jets,,archive:amnd-winter-2016:junior-2:metro-jets:none,Western Jets,4,1,,,,,,,,,,,,,archive_pdf,final_premiership_placings,,
amnd-winter-2016-junior-2,garville,,archive:amnd-winter-2016:junior-2:garville:none,Garville,5,0,,,,,,,,,,,,,archive_pdf,final_premiership_placings,,
amnd-winter-2016-junior-2,matrics,,archive:amnd-winter-2016:junior-2:matrics:none,Matrics,6,0,,,,,,,,,,,,,archive_pdf,final_premiership_placings,,
amnd-winter-2016-junior-2,woods-panthers,,archive:amnd-winter-2016:junior-2:woods-panthers:none,Woods Panthers,7,0,,,,,,,,,,,,,archive_pdf,final_premiership_placings,,
amnd-winter-2016-junior-2,tango-netball-club-inc,2,archive:amnd-winter-2016:junior-2:tango-netball-club-inc:2,Tango,8,0,,,,,,,,,,,,,archive_pdf,final_premiership_placings,,
amnd-winter-2016-junior-3,contax,,archive:amnd-winter-2016:junior-3:contax:none,Contax,1,1,,,,,,,,,,,,,archive_pdf,final_premiership_placings,,
amnd-winter-2016-junior-3,adelaide-wildcats,,archive:amnd-winter-2016:junior-3:adelaide-wildcats:none,Adelaide Wildcats,2,1,,,,,,,,,,,,,archive_pdf,final_premiership_placings,,
amnd-winter-2016-junior-3,metro-jets,,archive:amnd-winter-2016:junior-3:metro-jets:none,Western Jets,3,1,,,,,,,,,,,,,archive_pdf,final_premiership_placings,,
amnd-winter-2016-junior-3,garville,1,archive:amnd-winter-2016:junior-3:garville:1,Garville,4,1,,,,,,,,,,,,,archive_pdf,final_premiership_placings,,
amnd-winter-2016-junior-3,tango-netball-club-inc,,archive:amnd-winter-2016:junior-3:tango-netball-club-inc:none,Tango,5,0,,,,,,,,,,,,,archive_pdf,final_premiership_placings,,
amnd-winter-2016-junior-3,matrics,,archive:amnd-winter-2016:junior-3:matrics:none,Matrics,6,0,,,,,,,,,,,,,archive_pdf,final_premiership_placings,,
amnd-winter-2016-junior-3,garville,2,archive:amnd-winter-2016:junior-3:garville:2,Garville,7,0,,,,,,,,,,,,,archive_pdf,final_premiership_placings,,
amnd-winter-2016-junior-3,oakdale-netball-club-sa,,archive:amnd-winter-2016:junior-3:oakdale-netball-club-sa:none,Oakdale Phoenix,8,0,,,,,,,,,,,,,archive_pdf,final_premiership_placings,,
amnd-winter-2016-junior-4,contax,,archive:amnd-winter-2016:junior-4:contax:none,Contax,1,1,,,,,,,,,,,,,archive_pdf,final_premiership_placings,,
amnd-winter-2016-junior-4,matrics,,archive:amnd-winter-2016:junior-4:matrics:none,Matrics,2,1,,,,,,,,,,,,,archive_pdf,final_premiership_placings,,
amnd-winter-2016-junior-4,woods-panthers,1,archive:amnd-winter-2016:junior-4:woods-panthers:1,Woods Panthers,3,1,,,,,,,,,,,,,archive_pdf,final_premiership_placings,,
amnd-winter-2016-junior-4,tango-netball-club-inc,,archive:amnd-winter-2016:junior-4:tango-netball-club-inc:none,Tango,4,1,,,,,,,,,,,,,archive_pdf,final_premiership_placings,,
amnd-winter-2016-junior-4,adelaide-cougars,,archive:amnd-winter-2016:junior-4:adelaide-cougars:none,Adelaide Cougars,5,0,,,,,,,,,,,,,archive_pdf,final_premiership_placings,,
amnd-winter-2016-junior-4,woods-panthers,2,archive:amnd-winter-2016:junior-4:woods-panthers:2,Woods Panthers,6,0,,,,,,,,,,,,,archive_pdf,final_premiership_placings,,
amnd-winter-2016-junior-4,metro-jets,,archive:amnd-winter-2016:junior-4:metro-jets:none,Western Jets,7,0,,,,,,,,,,,,,archive_pdf,final_premiership_placings,,
amnd-winter-2016-junior-4,garville,,archive:amnd-winter-2016:junior-4:garville:none,Garville,8,0,,,,,,,,,,,,,archive_pdf,final_premiership_placings,,
amnd-winter-2016-junior-5,contax,,archive:amnd-winter-2016:junior-5:contax:none,Contax,1,1,,,,,,,,,,,,,archive_pdf,final_premiership_placings,,
amnd-winter-2016-junior-5,matrics,2,archive:amnd-winter-2016:junior-5:matrics:2,Matrics,2,1,,,,,,,,,,,,,archive_pdf,final_premiership_placings,,
amnd-winter-2016-junior-5,matrics,1,archive:amnd-winter-2016:junior-5:matrics:1,Matrics,3,1,,,,,,,,,,,,,archive_pdf,final_premiership_placings,,
amnd-winter-2016-junior-5,harlequin,,archive:amnd-winter-2016:junior-5:harlequin:none,Harlequin,4,1,,,,,,,,,,,,,archive_pdf,final_premiership_placings,,
amnd-winter-2016-junior-5,garville,,archive:amnd-winter-2016:junior-5:garville:none,Garville,5,0,,,,,,,,,,,,,archive_pdf,final_premiership_placings,,
amnd-winter-2016-junior-5,tango-netball-club-inc,,archive:amnd-winter-2016:junior-5:tango-netball-club-inc:none,Tango,6,0,,,,,,,,,,,,,archive_pdf,final_premiership_placings,,
amnd-winter-2016-junior-5,metro-jets,,archive:amnd-winter-2016:junior-5:metro-jets:none,Western Jets,7,0,,,,,,,,,,,,,archive_pdf,final_premiership_placings,,
amnd-winter-2016-junior-5,woods-panthers,,archive:amnd-winter-2016:junior-5:woods-panthers:none,Woods Panthers,8,0,,,,,,,,,,,,,archive_pdf,final_premiership_placings,,
amnd-winter-2016-junior-6,norwood-netball-club,,archive:amnd-winter-2016:junior-6:norwood-netball-club:none,Newton Jaguars,1,1,,,,,,,,,,,,,archive_pdf,final_premiership_placings,,
amnd-winter-2016-junior-6,oakdale-netball-club-sa,,archive:amnd-winter-2016:junior-6:oakdale-netball-club-sa:none,Oakdale Phoenix,2,1,,,,,,,,,,,,,archive_pdf,final_premiership_placings,,
amnd-winter-2016-junior-6,adelaide-wildcats,,archive:amnd-winter-2016:junior-6:adelaide-wildcats:none,Adelaide Wildcats,3,1,,,,,,,,,,,,,archive_pdf,final_premiership_placings,,
amnd-winter-2016-junior-6,cheerio-netball-club,,archive:amnd-winter-2016:junior-6:cheerio-netball-club:none,Cheerio,4,1,,,,,,,,,,,,,archive_pdf,final_premiership_placings,,
amnd-winter-2016-junior-6,tango-netball-club-inc,,archive:amnd-winter-2016:junior-6:tango-netball-club-inc:none,Tango,5,0,,,,,,,,,,,,,archive_pdf,final_premiership_placings,,
amnd-winter-2016-junior-6,harlequin,,archive:amnd-winter-2016:junior-6:harlequin:none,Harlequin,6,0,,,,,,,,,,,,,archive_pdf,final_premiership_placings,,
amnd-winter-2016-junior-6,adelaide-cougars,,archive:amnd-winter-2016:junior-6:adelaide-cougars:none,Adelaide Cougars,7,0,,,,,,,,,,,,,archive_pdf,final_premiership_placings,,
amnd-winter-2016-junior-6,woods-panthers,,archive:amnd-winter-2016:junior-6:woods-panthers:none,Woods Panthers,8,0,,,,,,,,,,,,,archive_pdf,final_premiership_placings,,
amnd-winter-2016-junior-7,contax,2,archive:amnd-winter-2016:junior-7:contax:2,Contax,1,1,,,,,,,,,,,,,archive_pdf,final_premiership_placings,,
amnd-winter-2016-junior-7,contax,1,archive:amnd-winter-2016:junior-7:contax:1,Contax,2,1,,,,,,,,,,,,,archive_pdf,final_premiership_placings,,
amnd-winter-2016-junior-7,matrics,1,archive:amnd-winter-2016:junior-7:matrics:1,Matrics,3,1,,,,,,,,,,,,,archive_pdf,final_premiership_placings,,
amnd-winter-2016-junior-7,adelaide-wildcats,,archive:amnd-winter-2016:junior-7:adelaide-wildcats:none,Adelaide Wildcats,4,1,,,,,,,,,,,,,archive_pdf,final_premiership_placings,,
amnd-winter-2016-junior-7,semaphore,,archive:amnd-winter-2016:junior-7:semaphore:none,Semaphore,5,0,,,,,,,,,,,,,archive_pdf,final_premiership_placings,,
amnd-winter-2016-junior-7,metro-jets,,archive:amnd-winter-2016:junior-7:metro-jets:none,Western Jets,6,0,,,,,,,,,,,,,archive_pdf,final_premiership_placings,,
amnd-winter-2016-junior-7,matrics,2,archive:amnd-winter-2016:junior-7:matrics:2,Matrics,7,0,,,,,,,,,,,,,archive_pdf,final_premiership_placings,,
amnd-winter-2016-junior-7,garville,,archive:amnd-winter-2016:junior-7:garville:none,Garville,8,0,,,,,,,,,,,,,archive_pdf,final_premiership_placings,,
amnd-winter-2016-junior-8,adelaide-wildcats,1,archive:amnd-winter-2016:junior-8:adelaide-wildcats:1,Adelaide Wildcats,1,1,,,,,,,,,,,,,archive_pdf,final_premiership_placings,,
amnd-winter-2016-junior-8,norwood-netball-club,,archive:amnd-winter-2016:junior-8:norwood-netball-club:none,Newton Jaguars,2,1,,,,,,,,,,,,,archive_pdf,final_premiership_placings,,
amnd-winter-2016-junior-8,adelaide-wildcats,2,archive:amnd-winter-2016:junior-8:adelaide-wildcats:2,Adelaide Wildcats,3,1,,,,,,,,,,,,,archive_pdf,final_premiership_placings,,
amnd-winter-2016-junior-8,cheerio-netball-club,,archive:amnd-winter-2016:junior-8:cheerio-netball-club:none,Cheerio,4,1,,,,,,,,,,,,,archive_pdf,final_premiership_placings,,
amnd-winter-2016-junior-8,garville,,archive:amnd-winter-2016:junior-8:garville:none,Garville,5,0,,,,,,,,,,,,,archive_pdf,final_premiership_placings,,
amnd-winter-2016-junior-8,woods-panthers,,archive:amnd-winter-2016:junior-8:woods-panthers:none,Woods Panthers,6,0,,,,,,,,,,,,,archive_pdf,final_premiership_placings,,
amnd-winter-2016-primary-1,oakdale-netball-club-sa,,archive:amnd-winter-2016:primary-1:oakdale-netball-club-sa:none,Oakdale Phoenix,1,1,,,,,,,,,,,,,archive_pdf,final_premiership_placings,,
amnd-winter-2016-primary-1,matrics,,archive:amnd-winter-2016:primary-1:matrics:none,Matrics,2,1,,,,,,,,,,,,,archive_pdf,final_premiership_placings,,
amnd-winter-2016-primary-1,contax,,archive:amnd-winter-2016:primary-1:contax:none,Contax,3,1,,,,,,,,,,,,,archive_pdf,final_premiership_placings,,
amnd-winter-2016-primary-1,garville,,archive:amnd-winter-2016:primary-1:garville:none,Garville,4,1,,,,,,,,,,,,,archive_pdf,final_premiership_placings,,
amnd-winter-2016-primary-1,metro-jets,,archive:amnd-winter-2016:primary-1:metro-jets:none,Western Jets,5,0,,,,,,,,,,,,,archive_pdf,final_premiership_placings,,
amnd-winter-2016-primary-1,woods-panthers,,archive:amnd-winter-2016:primary-1:woods-panthers:none,Woods Panthers,6,0,,,,,,,,,,,,,archive_pdf,final_premiership_placings,,
amnd-winter-2016-primary-2,tango-netball-club-inc,,archive:amnd-winter-2016:primary-2:tango-netball-club-inc:none,Tango,1,1,,,,,,,,,,,,,archive_pdf,final_premiership_placings,,
amnd-winter-2016-primary-2,contax,,archive:amnd-winter-2016:primary-2:contax:none,Contax,2,1,,,,,,,,,,,,,archive_pdf,final_premiership_placings,,
amnd-winter-2016-primary-2,norwood-netball-club,,archive:amnd-winter-2016:primary-2:norwood-netball-club:none,Newton Jaguars,3,1,,,,,,,,,,,,,archive_pdf,final_premiership_placings,,
amnd-winter-2016-primary-2,northeast-zodiac,,archive:amnd-winter-2016:primary-2:northeast-zodiac:none,Northeast Zodiac,4,1,,,,,,,,,,,,,archive_pdf,final_premiership_placings,,
amnd-winter-2016-primary-2,garville,,archive:amnd-winter-2016:primary-2:garville:none,Garville,5,0,,,,,,,,,,,,,archive_pdf,final_premiership_placings,,
amnd-winter-2016-primary-2,matrics,1,archive:amnd-winter-2016:primary-2:matrics:1,Matrics,6,0,,,,,,,,,,,,,archive_pdf,final_premiership_placings,,
amnd-winter-2016-primary-2,woods-panthers,,archive:amnd-winter-2016:primary-2:woods-panthers:none,Woods Panthers,7,0,,,,,,,,,,,,,archive_pdf,final_premiership_placings,,
amnd-winter-2016-primary-2,matrics,2,archive:amnd-winter-2016:primary-2:matrics:2,Matrics,8,0,,,,,,,,,,,,,archive_pdf,final_premiership_placings,,
amnd-winter-2016-primary-3,adelaide-wildcats,,archive:amnd-winter-2016:primary-3:adelaide-wildcats:none,Adelaide Wildcats,1,1,,,,,,,,,,,,,archive_pdf,final_premiership_placings,,
amnd-winter-2016-primary-3,harlequin,,archive:amnd-winter-2016:primary-3:harlequin:none,Harlequin,2,1,,,,,,,,,,,,,archive_pdf,final_premiership_placings,,
amnd-winter-2016-primary-3,garville,1,archive:amnd-winter-2016:primary-3:garville:1,Garville,3,1,,,,,,,,,,,,,archive_pdf,final_premiership_placings,,
amnd-winter-2016-primary-3,oakdale-netball-club-sa,,archive:amnd-winter-2016:primary-3:oakdale-netball-club-sa:none,Oakdale Phoenix,4,1,,,,,,,,,,,,,archive_pdf,final_premiership_placings,,
amnd-winter-2016-primary-3,garville,2,archive:amnd-winter-2016:primary-3:garville:2,Garville,5,0,,,,,,,,,,,,,archive_pdf,final_premiership_placings,,
amnd-winter-2016-primary-3,contax,,archive:amnd-winter-2016:primary-3:contax:none,Contax,6,0,,,,,,,,,,,,,archive_pdf,final_premiership_placings,,
amnd-winter-2016-primary-3,matrics,,archive:amnd-winter-2016:primary-3:matrics:none,Matrics,7,0,,,,,,,,,,,,,archive_pdf,final_premiership_placings,,
amnd-winter-2016-primary-3,tango-netball-club-inc,,archive:amnd-winter-2016:primary-3:tango-netball-club-inc:none,Tango,8,0,,,,,,,,,,,,,archive_pdf,final_premiership_placings,,
amnd-winter-2016-primary-4,contax,,archive:amnd-winter-2016:primary-4:contax:none,Contax,1,1,,,,,,,,,,,,,archive_pdf,final_premiership_placings,,
amnd-winter-2016-primary-4,oakdale-netball-club-sa,,archive:amnd-winter-2016:primary-4:oakdale-netball-club-sa:none,Oakdale Phoenix,2,1,,,,,,,,,,,,,archive_pdf,final_premiership_placings,,
amnd-winter-2016-primary-4,adelaide-wildcats,,archive:amnd-winter-2016:primary-4:adelaide-wildcats:none,Adelaide Wildcats,3,1,,,,,,,,,,,,,archive_pdf,final_premiership_placings,,
amnd-winter-2016-primary-4,garville,,archive:amnd-winter-2016:primary-4:garville:none,Garville,4,1,,,,,,,,,,,,,archive_pdf,final_premiership_placings,,
amnd-winter-2016-primary-4,norwood-netball-club,,archive:amnd-winter-2016:primary-4:norwood-netball-club:none,Newton Jaguars,5,0,,,,,,,,,,,,,archive_pdf,final_premiership_placings,,
amnd-winter-2016-primary-4,metro-jets,,archive:amnd-winter-2016:primary-4:metro-jets:none,Western Jets,6,0,,,,,,,,,,,,,archive_pdf,final_premiership_placings,,
amnd-winter-2016-primary-4,northeast-zodiac,,archive:amnd-winter-2016:primary-4:northeast-zodiac:none,Northeast Zodiac,7,0,,,,,,,,,,,,,archive_pdf,final_premiership_placings,,
amnd-winter-2016-primary-4,woods-panthers,,archive:amnd-winter-2016:primary-4:woods-panthers:none,Woods Panthers,8,0,,,,,,,,,,,,,archive_pdf,final_premiership_placings,,
amnd-winter-2016-primary-5,matrics,,archive:amnd-winter-2016:primary-5:matrics:none,Matrics,1,1,,,,,,,,,,,,,archive_pdf,final_premiership_placings,,
amnd-winter-2016-primary-5,adelaide-wildcats,,archive:amnd-winter-2016:primary-5:adelaide-wildcats:none,Adelaide Wildcats,2,1,,,,,,,,,,,,,archive_pdf,final_premiership_placings,,
amnd-winter-2016-primary-5,cheerio-netball-club,,archive:amnd-winter-2016:primary-5:cheerio-netball-club:none,Cheerio,3,1,,,,,,,,,,,,,archive_pdf,final_premiership_placings,,
amnd-winter-2016-primary-5,contax,,archive:amnd-winter-2016:primary-5:contax:none,Contax,4,1,,,,,,,,,,,,,archive_pdf,final_premiership_placings,,
amnd-winter-2016-primary-5,woods-panthers,,archive:amnd-winter-2016:primary-5:woods-panthers:none,Woods Panthers,5,0,,,,,,,,,,,,,archive_pdf,final_premiership_placings,,
amnd-winter-2016-primary-5,garville,,archive:amnd-winter-2016:primary-5:garville:none,Garville,6,0,,,,,,,,,,,,,archive_pdf,final_premiership_placings,,
amnd-winter-2016-primary-5,harlequin,,archive:amnd-winter-2016:primary-5:harlequin:none,Harlequin,7,0,,,,,,,,,,,,,archive_pdf,final_premiership_placings,,
amnd-winter-2016-primary-5,metro-jets,,archive:amnd-winter-2016:primary-5:metro-jets:none,Western Jets,8,0,,,,,,,,,,,,,archive_pdf,final_premiership_placings,,
amnd-winter-2016-primary-6,garville,,archive:amnd-winter-2016:primary-6:garville:none,Garville,1,1,,,,,,,,,,,,,archive_pdf,final_premiership_placings,,
amnd-winter-2016-primary-6,matrics,,archive:amnd-winter-2016:primary-6:matrics:none,Matrics,2,1,,,,,,,,,,,,,archive_pdf,final_premiership_placings,,
amnd-winter-2016-primary-6,adelaide-cougars,,archive:amnd-winter-2016:primary-6:adelaide-cougars:none,Adelaide Cougars,3,1,,,,,,,,,,,,,archive_pdf,final_premiership_placings,,
amnd-winter-2016-primary-6,oakdale-netball-club-sa,,archive:amnd-winter-2016:primary-6:oakdale-netball-club-sa:none,Oakdale Phoenix,4,1,,,,,,,,,,,,,archive_pdf,final_premiership_placings,,
amnd-winter-2016-primary-6,metro-jets,,archive:amnd-winter-2016:primary-6:metro-jets:none,Western Jets,5,0,,,,,,,,,,,,,archive_pdf,final_premiership_placings,,
amnd-winter-2016-primary-6,woods-panthers,,archive:amnd-winter-2016:primary-6:woods-panthers:none,Woods Panthers,6,0,,,,,,,,,,,,,archive_pdf,final_premiership_placings,,
amnd-winter-2016-primary-6,norwood-netball-club,,archive:amnd-winter-2016:primary-6:norwood-netball-club:none,Newton Jaguars,7,0,,,,,,,,,,,,,archive_pdf,final_premiership_placings,,
amnd-winter-2016-primary-6,adelaide-wildcats,,archive:amnd-winter-2016:primary-6:adelaide-wildcats:none,Adelaide Wildcats,8,0,,,,,,,,,,,,,archive_pdf,final_premiership_placings,,
amnd-winter-2016-sub-junior-1,oakdale-netball-club-sa,,archive:amnd-winter-2016:sub-junior-1:oakdale-netball-club-sa:none,Oakdale Phoenix,1,1,,,,,,,,,,,,,archive_pdf,final_premiership_placings,,
amnd-winter-2016-sub-junior-1,tango-netball-club-inc,,archive:amnd-winter-2016:sub-junior-1:tango-netball-club-inc:none,Tango,2,1,,,,,,,,,,,,,archive_pdf,final_premiership_placings,,
amnd-winter-2016-sub-junior-1,contax,,archive:amnd-winter-2016:sub-junior-1:contax:none,Contax,3,1,,,,,,,,,,,,,archive_pdf,final_premiership_placings,,
amnd-winter-2016-sub-junior-1,garville,,archive:amnd-winter-2016:sub-junior-1:garville:none,Garville,4,1,,,,,,,,,,,,,archive_pdf,final_premiership_placings,,
amnd-winter-2016-sub-junior-1,matrics,,archive:amnd-winter-2016:sub-junior-1:matrics:none,Matrics,5,0,,,,,,,,,,,,,archive_pdf,final_premiership_placings,,
amnd-winter-2016-sub-junior-1,woods-panthers,,archive:amnd-winter-2016:sub-junior-1:woods-panthers:none,Woods Panthers,6,0,,,,,,,,,,,,,archive_pdf,final_premiership_placings,,
amnd-winter-2016-sub-junior-2,contax,,archive:amnd-winter-2016:sub-junior-2:contax:none,Contax,1,1,,,,,,,,,,,,,archive_pdf,final_premiership_placings,,
amnd-winter-2016-sub-junior-2,woods-panthers,,archive:amnd-winter-2016:sub-junior-2:woods-panthers:none,Woods Panthers,2,1,,,,,,,,,,,,,archive_pdf,final_premiership_placings,,
amnd-winter-2016-sub-junior-2,oakdale-netball-club-sa,,archive:amnd-winter-2016:sub-junior-2:oakdale-netball-club-sa:none,Oakdale Phoenix,3,1,,,,,,,,,,,,,archive_pdf,final_premiership_placings,,
amnd-winter-2016-sub-junior-2,tango-netball-club-inc,,archive:amnd-winter-2016:sub-junior-2:tango-netball-club-inc:none,Tango,4,1,,,,,,,,,,,,,archive_pdf,final_premiership_placings,,
amnd-winter-2016-sub-junior-2,norwood-netball-club,,archive:amnd-winter-2016:sub-junior-2:norwood-netball-club:none,Newton Jaguars,5,0,,,,,,,,,,,,,archive_pdf,final_premiership_placings,,
amnd-winter-2016-sub-junior-2,adelaide-wildcats,,archive:amnd-winter-2016:sub-junior-2:adelaide-wildcats:none,Adelaide Wildcats,6,0,,,,,,,,,,,,,archive_pdf,final_premiership_placings,,
amnd-winter-2016-sub-junior-2,matrics,,archive:amnd-winter-2016:sub-junior-2:matrics:none,Matrics,7,0,,,,,,,,,,,,,archive_pdf,final_premiership_placings,,
amnd-winter-2016-sub-junior-2,metro-jets,,archive:amnd-winter-2016:sub-junior-2:metro-jets:none,Western Jets,8,0,,,,,,,,,,,,,archive_pdf,final_premiership_placings,,
amnd-winter-2016-sub-junior-3,contax,,archive:amnd-winter-2016:sub-junior-3:contax:none,Contax,1,1,,,,,,,,,,,,,archive_pdf,final_premiership_placings,,
amnd-winter-2016-sub-junior-3,northeast-zodiac,,archive:amnd-winter-2016:sub-junior-3:northeast-zodiac:none,Northeast Zodiac,2,1,,,,,,,,,,,,,archive_pdf,final_premiership_placings,,
amnd-winter-2016-sub-junior-3,metro-jets,,archive:amnd-winter-2016:sub-junior-3:metro-jets:none,Western Jets,3,1,,,,,,,,,,,,,archive_pdf,final_premiership_placings,,
amnd-winter-2016-sub-junior-3,tango-netball-club-inc,,archive:amnd-winter-2016:sub-junior-3:tango-netball-club-inc:none,Tango,4,1,,,,,,,,,,,,,archive_pdf,final_premiership_placings,,
amnd-winter-2016-sub-junior-3,matrics,1,archive:amnd-winter-2016:sub-junior-3:matrics:1,Matrics,5,0,,,,,,,,,,,,,archive_pdf,final_premiership_placings,,
amnd-winter-2016-sub-junior-3,garville,,archive:amnd-winter-2016:sub-junior-3:garville:none,Garville,6,0,,,,,,,,,,,,,archive_pdf,final_premiership_placings,,
amnd-winter-2016-sub-junior-3,woods-panthers,,archive:amnd-winter-2016:sub-junior-3:woods-panthers:none,Woods Panthers,7,0,,,,,,,,,,,,,archive_pdf,final_premiership_placings,,
amnd-winter-2016-sub-junior-3,matrics,2,archive:amnd-winter-2016:sub-junior-3:matrics:2,Matrics,8,0,,,,,,,,,,,,,archive_pdf,final_premiership_placings,,
amnd-winter-2016-sub-junior-4,contax,,archive:amnd-winter-2016:sub-junior-4:contax:none,Contax,1,1,,,,,,,,,,,,,archive_pdf,final_premiership_placings,,
amnd-winter-2016-sub-junior-4,adelaide-wildcats,,archive:amnd-winter-2016:sub-junior-4:adelaide-wildcats:none,Adelaide Wildcats,2,1,,,,,,,,,,,,,archive_pdf,final_premiership_placings,,
amnd-winter-2016-sub-junior-4,cheerio-netball-club,,archive:amnd-winter-2016:sub-junior-4:cheerio-netball-club:none,Cheerio,3,1,,,,,,,,,,,,,archive_pdf,final_premiership_placings,,
amnd-winter-2016-sub-junior-4,oakdale-netball-club-sa,,archive:amnd-winter-2016:sub-junior-4:oakdale-netball-club-sa:none,Oakdale Phoenix,4,1,,,,,,,,,,,,,archive_pdf,final_premiership_placings,,
amnd-winter-2016-sub-junior-4,metro-jets,,archive:amnd-winter-2016:sub-junior-4:metro-jets:none,Western Jets,5,0,,,,,,,,,,,,,archive_pdf,final_premiership_placings,,
amnd-winter-2016-sub-junior-4,tango-netball-club-inc,,archive:amnd-winter-2016:sub-junior-4:tango-netball-club-inc:none,Tango,6,0,,,,,,,,,,,,,archive_pdf,final_premiership_placings,,
amnd-winter-2016-sub-junior-4,woods-panthers,,archive:amnd-winter-2016:sub-junior-4:woods-panthers:none,Woods Panthers,7,0,,,,,,,,,,,,,archive_pdf,final_premiership_placings,,
amnd-winter-2016-sub-junior-4,garville,,archive:amnd-winter-2016:sub-junior-4:garville:none,Garville,8,0,,,,,,,,,,,,,archive_pdf,final_premiership_placings,,
amnd-winter-2016-sub-junior-5,contax,,archive:amnd-winter-2016:sub-junior-5:contax:none,Contax,1,1,,,,,,,,,,,,,archive_pdf,final_premiership_placings,,
amnd-winter-2016-sub-junior-5,matrics,,archive:amnd-winter-2016:sub-junior-5:matrics:none,Matrics,2,1,,,,,,,,,,,,,archive_pdf,final_premiership_placings,,
amnd-winter-2016-sub-junior-5,garville,1,archive:amnd-winter-2016:sub-junior-5:garville:1,Garville,3,1,,,,,,,,,,,,,archive_pdf,final_premiership_placings,,
amnd-winter-2016-sub-junior-5,harlequin,,archive:amnd-winter-2016:sub-junior-5:harlequin:none,Harlequin,4,1,,,,,,,,,,,,,archive_pdf,final_premiership_placings,,
amnd-winter-2016-sub-junior-5,norwood-netball-club,,archive:amnd-winter-2016:sub-junior-5:norwood-netball-club:none,Newton Jaguars,5,0,,,,,,,,,,,,,archive_pdf,final_premiership_placings,,
amnd-winter-2016-sub-junior-5,garville,2,archive:amnd-winter-2016:sub-junior-5:garville:2,Garville,6,0,,,,,,,,,,,,,archive_pdf,final_premiership_placings,,
amnd-winter-2016-sub-junior-5,woods-panthers,,archive:amnd-winter-2016:sub-junior-5:woods-panthers:none,Woods Panthers,7,0,,,,,,,,,,,,,archive_pdf,final_premiership_placings,,
amnd-winter-2016-sub-junior-5,tango-netball-club-inc,,archive:amnd-winter-2016:sub-junior-5:tango-netball-club-inc:none,Tango,8,0,,,,,,,,,,,,,archive_pdf,final_premiership_placings,,
amnd-winter-2016-sub-junior-6,matrics,,archive:amnd-winter-2016:sub-junior-6:matrics:none,Matrics,1,1,,,,,,,,,,,,,archive_pdf,final_premiership_placings,,
amnd-winter-2016-sub-junior-6,metro-jets,,archive:amnd-winter-2016:sub-junior-6:metro-jets:none,Western Jets,2,1,,,,,,,,,,,,,archive_pdf,final_premiership_placings,,
amnd-winter-2016-sub-junior-6,contax,,archive:amnd-winter-2016:sub-junior-6:contax:none,Contax,3,1,,,,,,,,,,,,,archive_pdf,final_premiership_placings,,
amnd-winter-2016-sub-junior-6,oakdale-netball-club-sa,,archive:amnd-winter-2016:sub-junior-6:oakdale-netball-club-sa:none,Oakdale Phoenix,4,1,,,,,,,,,,,,,archive_pdf,final_premiership_placings,,
amnd-winter-2016-sub-junior-6,norwood-netball-club,,archive:amnd-winter-2016:sub-junior-6:norwood-netball-club:none,Newton Jaguars,5,0,,,,,,,,,,,,,archive_pdf,final_premiership_placings,,
amnd-winter-2016-sub-junior-6,northeast-zodiac,,archive:amnd-winter-2016:sub-junior-6:northeast-zodiac:none,Northeast Zodiac,6,0,,,,,,,,,,,,,archive_pdf,final_premiership_placings,,
amnd-winter-2016-sub-junior-6,adelaide-wildcats,,archive:amnd-winter-2016:sub-junior-6:adelaide-wildcats:none,Adelaide Wildcats,7,0,,,,,,,,,,,,,archive_pdf,final_premiership_placings,,
amnd-winter-2016-sub-junior-6,adelaide-cougars,,archive:amnd-winter-2016:sub-junior-6:adelaide-cougars:none,Adelaide Cougars,8,0,,,,,,,,,,,,,archive_pdf,final_premiership_placings,,
amnd-winter-2016-sub-junior-7,contax,,archive:amnd-winter-2016:sub-junior-7:contax:none,Contax,1,1,,,,,,,,,,,,,archive_pdf,final_premiership_placings,,
amnd-winter-2016-sub-junior-7,cheerio-netball-club,,archive:amnd-winter-2016:sub-junior-7:cheerio-netball-club:none,Cheerio,2,1,,,,,,,,,,,,,archive_pdf,final_premiership_placings,,
amnd-winter-2016-sub-junior-7,norwood-netball-club,,archive:amnd-winter-2016:sub-junior-7:norwood-netball-club:none,Newton Jaguars,3,1,,,,,,,,,,,,,archive_pdf,final_premiership_placings,,
amnd-winter-2016-sub-junior-7,garville,1,archive:amnd-winter-2016:sub-junior-7:garville:1,Garville,4,1,,,,,,,,,,,,,archive_pdf,final_premiership_placings,,
amnd-winter-2016-sub-junior-7,adelaide-wildcats,,archive:amnd-winter-2016:sub-junior-7:adelaide-wildcats:none,Adelaide Wildcats,5,0,,,,,,,,,,,,,archive_pdf,final_premiership_placings,,
amnd-winter-2016-sub-junior-7,matrics,,archive:amnd-winter-2016:sub-junior-7:matrics:none,Matrics,6,0,,,,,,,,,,,,,archive_pdf,final_premiership_placings,,
amnd-winter-2016-sub-junior-7,woods-panthers,,archive:amnd-winter-2016:sub-junior-7:woods-panthers:none,Woods Panthers,7,0,,,,,,,,,,,,,archive_pdf,final_premiership_placings,,
amnd-winter-2016-sub-junior-7,garville,2,archive:amnd-winter-2016:sub-junior-7:garville:2,Garville,8,0,,,,,,,,,,,,,archive_pdf,final_premiership_placings,,
amnd-winter-2016-sub-junior-8,semaphore,,archive:amnd-winter-2016:sub-junior-8:semaphore:none,Semaphore,1,1,,,,,,,,,,,,,archive_pdf,final_premiership_placings,,
amnd-winter-2016-sub-junior-8,metro-jets,1,archive:amnd-winter-2016:sub-junior-8:metro-jets:1,Western Jets,2,1,,,,,,,,,,,,,archive_pdf,final_premiership_placings,,
amnd-winter-2016-sub-junior-8,oakdale-netball-club-sa,,archive:amnd-winter-2016:sub-junior-8:oakdale-netball-club-sa:none,Oakdale Phoenix,3,1,,,,,,,,,,,,,archive_pdf,final_premiership_placings,,
amnd-winter-2016-sub-junior-8,cheerio-netball-club,,archive:amnd-winter-2016:sub-junior-8:cheerio-netball-club:none,Cheerio,4,1,,,,,,,,,,,,,archive_pdf,final_premiership_placings,,
amnd-winter-2016-sub-junior-8,metro-jets,2,archive:amnd-winter-2016:sub-junior-8:metro-jets:2,Western Jets,5,0,,,,,,,,,,,,,archive_pdf,final_premiership_placings,,
amnd-winter-2016-sub-junior-8,adelaide-wildcats,,archive:amnd-winter-2016:sub-junior-8:adelaide-wildcats:none,Adelaide Wildcats,6,0,,,,,,,,,,,,,archive_pdf,final_premiership_placings,,
amnd-winter-2016-sub-junior-8,matrics,,archive:amnd-winter-2016:sub-junior-8:matrics:none,Matrics,7,0,,,,,,,,,,,,,archive_pdf,final_premiership_placings,,
amnd-winter-2016-sub-junior-8,norwood-netball-club,,archive:amnd-winter-2016:sub-junior-8:norwood-netball-club:none,Newton Jaguars,8,0,,,,,,,,,,,,,archive_pdf,final_premiership_placings,,
