club_key,grade_key,display_name,squad_number,playhq_id
contax,amnd-winter-2000-amnd-league,Contax,,archive:amnd-winter-2000:amnd-league:contax:none
harlequin,amnd-winter-2000-amnd-league,Harlequin,,archive:amnd-winter-2000:amnd-league:harlequin:none
woods-panthers,amnd-winter-2000-amnd-league,Woods Panthers,,archive:amnd-winter-2000:amnd-league:woods-panthers:none
tango-netball-club-inc,amnd-winter-2000-amnd-league,Tango,,archive:amnd-winter-2000:amnd-league:tango-netball-club-inc:none
adelaide-cougars,amnd-winter-2000-amnd-league,Adelaide Cougars,,archive:amnd-winter-2000:amnd-league:adelaide-cougars:none
matrics,amnd-winter-2000-amnd-league,Matrics,,archive:amnd-winter-2000:amnd-league:matrics:none
garville,amnd-winter-2000-amnd-league,Garville,,archive:amnd-winter-2000:amnd-league:garville:none
oakdale-netball-club-sa,amnd-winter-2000-amnd-league,Oakdale,,archive:amnd-winter-2000:amnd-league:oakdale-netball-club-sa:none
cheerio-netball-club,amnd-winter-2000-amnd-league,Cheerio,,archive:amnd-winter-2000:amnd-league:cheerio-netball-club:none
norwood-netball-club,amnd-winter-2000-amnd-league,Newton Jaguars,,archive:amnd-winter-2000:amnd-league:norwood-netball-club:none
cheerio-netball-club,amnd-winter-2000-a-grade,Cheerio,,archive:amnd-winter-2000:a-grade:cheerio-netball-club:none
harlequin,amnd-winter-2000-a-grade,Harlequin,,archive:amnd-winter-2000:a-grade:harlequin:none
contax,amnd-winter-2000-a-grade,Contax,,archive:amnd-winter-2000:a-grade:contax:none
garville,amnd-winter-2000-a-grade,Garville,,archive:amnd-winter-2000:a-grade:garville:none
adelaide-cougars,amnd-winter-2000-a-grade,Adelaide Cougars,,archive:amnd-winter-2000:a-grade:adelaide-cougars:none
oakdale-netball-club-sa,amnd-winter-2000-a-grade,Oakdale,,archive:amnd-winter-2000:a-grade:oakdale-netball-club-sa:none
tango-netball-club-inc,amnd-winter-2000-a-grade,Tango,,archive:amnd-winter-2000:a-grade:tango-netball-club-inc:none
woods-panthers,amnd-winter-2000-a-grade,Woods Panthers,,archive:amnd-winter-2000:a-grade:woods-panthers:none
norwood-netball-club,amnd-winter-2000-a-grade,Newton Jaguars,,archive:amnd-winter-2000:a-grade:norwood-netball-club:none
matrics,amnd-winter-2000-a-grade,Matrics,,archive:amnd-winter-2000:a-grade:matrics:none
contax,amnd-winter-2000-b-1,Contax,,archive:amnd-winter-2000:b-1:contax:none
pembroke-o-s,amnd-winter-2000-b-1,Pembroke,,archive:amnd-winter-2000:b-1:pembroke-o-s:none
glandore,amnd-winter-2000-b-1,Glandore,,archive:amnd-winter-2000:b-1:glandore:none
garville,amnd-winter-2000-b-1,Garville,,archive:amnd-winter-2000:b-1:garville:none
adelaide-cougars,amnd-winter-2000-b-1,Adelaide Cougars,,archive:amnd-winter-2000:b-1:adelaide-cougars:none
metro-magic,amnd-winter-2000-b-1,Metro Magic,,archive:amnd-winter-2000:b-1:metro-magic:none
harlequin,amnd-winter-2000-b-1,Harlequin,,archive:amnd-winter-2000:b-1:harlequin:none
cheerio-netball-club,amnd-winter-2000-b-1,Cheerio,,archive:amnd-winter-2000:b-1:cheerio-netball-club:none
hallett-cove,amnd-winter-2000-b-1,Hallett Cove,,archive:amnd-winter-2000:b-1:hallett-cove:none
oakdale-netball-club-sa,amnd-winter-2000-b-1,Oakdale,,archive:amnd-winter-2000:b-1:oakdale-netball-club-sa:none
contax,amnd-winter-2000-b-2,Contax,,archive:amnd-winter-2000:b-2:contax:none
garville,amnd-winter-2000-b-2,Garville,,archive:amnd-winter-2000:b-2:garville:none
woods-panthers,amnd-winter-2000-b-2,Woods Panthers,,archive:amnd-winter-2000:b-2:woods-panthers:none
adelaide-cougars,amnd-winter-2000-b-2,Adelaide Cougars,,archive:amnd-winter-2000:b-2:adelaide-cougars:none
adelaide-university,amnd-winter-2000-b-2,Adelaide Uni.,,archive:amnd-winter-2000:b-2:adelaide-university:none
city-coasters,amnd-winter-2000-b-2,City Coasters,,archive:amnd-winter-2000:b-2:city-coasters:none
matrics,amnd-winter-2000-b-2,Matrics,,archive:amnd-winter-2000:b-2:matrics:none
norwood-netball-club,amnd-winter-2000-b-2,Newton Jaguars,,archive:amnd-winter-2000:b-2:norwood-netball-club:none
cheerio-netball-club,amnd-winter-2000-b-2,Cheerio,,archive:amnd-winter-2000:b-2:cheerio-netball-club:none
oakdale-netball-club-sa,amnd-winter-2000-b-2,Oakdale,,archive:amnd-winter-2000:b-2:oakdale-netball-club-sa:none
contax,amnd-winter-2000-b-3,Contax,,archive:amnd-winter-2000:b-3:contax:none
seacombe,amnd-winter-2000-b-3,Seacombe,,archive:amnd-winter-2000:b-3:seacombe:none
adelaide-university,amnd-winter-2000-b-3,Adelaide Uni.,,archive:amnd-winter-2000:b-3:adelaide-university:none
clovelly-park,amnd-winter-2000-b-3,Clovelly Park,,archive:amnd-winter-2000:b-3:clovelly-park:none
metro-magic,amnd-winter-2000-b-3,Metro Magic,,archive:amnd-winter-2000:b-3:metro-magic:none
glandore,amnd-winter-2000-b-3,Glandore,,archive:amnd-winter-2000:b-3:glandore:none
adelaide-cougars,amnd-winter-2000-b-3,Adelaide Cougars,,archive:amnd-winter-2000:b-3:adelaide-cougars:none
tango-netball-club-inc,amnd-winter-2000-b-3,Tango,,archive:amnd-winter-2000:b-3:tango-netball-club-inc:none
garville,amnd-winter-2000-b-3,Garville,,archive:amnd-winter-2000:b-3:garville:none
city-coasters,amnd-winter-2000-b-3,City Coasters,,archive:amnd-winter-2000:b-3:city-coasters:none
pembroke-o-s,amnd-winter-2000-b-4,Pembroke,,archive:amnd-winter-2000:b-4:pembroke-o-s:none
contax,amnd-winter-2000-b-4,Contax,,archive:amnd-winter-2000:b-4:contax:none
blue-jays,amnd-winter-2000-b-4,Blue Jays,,archive:amnd-winter-2000:b-4:blue-jays:none
metro-magic,amnd-winter-2000-b-4,Metro Magic,,archive:amnd-winter-2000:b-4:metro-magic:none
adelaide-cougars,amnd-winter-2000-b-4,Adelaide Cougars,,archive:amnd-winter-2000:b-4:adelaide-cougars:none
matrics,amnd-winter-2000-b-4,Matrics,,archive:amnd-winter-2000:b-4:matrics:none
glandore,amnd-winter-2000-b-4,Glandore,,archive:amnd-winter-2000:b-4:glandore:none
woods-panthers,amnd-winter-2000-b-4,Woods Panthers,,archive:amnd-winter-2000:b-4:woods-panthers:none
oakdale-netball-club-sa,amnd-winter-2000-b-4,Oakdale,,archive:amnd-winter-2000:b-4:oakdale-netball-club-sa:none
city-coasters,amnd-winter-2000-b-4,City Coasters,,archive:amnd-winter-2000:b-4:city-coasters:none
cheerio-netball-club,amnd-winter-2000-c-1,Cheerio,,archive:amnd-winter-2000:c-1:cheerio-netball-club:none
harlequin,amnd-winter-2000-c-1,Harlequin,,archive:amnd-winter-2000:c-1:harlequin:none
pembroke-o-s,amnd-winter-2000-c-1,Pembroke,1,archive:amnd-winter-2000:c-1:pembroke-o-s:1
adelaide-university,amnd-winter-2000-c-1,Adelaide Uni.,,archive:amnd-winter-2000:c-1:adelaide-university:none
pembroke-o-s,amnd-winter-2000-c-1,Pembroke,2,archive:amnd-winter-2000:c-1:pembroke-o-s:2
contax,amnd-winter-2000-c-1,Contax,,archive:amnd-winter-2000:c-1:contax:none
metro-magic,amnd-winter-2000-c-1,Metro Magic,1,archive:amnd-winter-2000:c-1:metro-magic:1
city-coasters,amnd-winter-2000-c-1,City Coasters,,archive:amnd-winter-2000:c-1:city-coasters:none
metro-magic,amnd-winter-2000-c-1,Metro Magic,2,archive:amnd-winter-2000:c-1:metro-magic:2
cheerio-netball-club,amnd-winter-2000-c-2,Cheerio,,archive:amnd-winter-2000:c-2:cheerio-netball-club:none
metro-magic,amnd-winter-2000-c-2,Metro Magic,,archive:amnd-winter-2000:c-2:metro-magic:none
adelaide-university,amnd-winter-2000-c-2,Adelaide Uni.,,archive:amnd-winter-2000:c-2:adelaide-university:none
blue-jays,amnd-winter-2000-c-2,Blue Jays,,archive:amnd-winter-2000:c-2:blue-jays:none
pembroke-o-s,amnd-winter-2000-c-2,Pembroke,,archive:amnd-winter-2000:c-2:pembroke-o-s:none
clovelly-park,amnd-winter-2000-c-2,Clovelly Park,,archive:amnd-winter-2000:c-2:clovelly-park:none
woods-panthers,amnd-winter-2000-c-2,Woods Panthers,,archive:amnd-winter-2000:c-2:woods-panthers:none
city-coasters,amnd-winter-2000-c-2,City Coasters,,archive:amnd-winter-2000:c-2:city-coasters:none
garville,amnd-winter-2000-c-3,Garville,,archive:amnd-winter-2000:c-3:garville:none
glandore,amnd-winter-2000-c-3,Glandore,,archive:amnd-winter-2000:c-3:glandore:none
adelaide-university,amnd-winter-2000-c-3,Adelaide Uni.,2,archive:amnd-winter-2000:c-3:adelaide-university:2
adelaide-university,amnd-winter-2000-c-3,Adelaide Uni.,1,archive:amnd-winter-2000:c-3:adelaide-university:1
metro-magic,amnd-winter-2000-c-3,Metro Magic,,archive:amnd-winter-2000:c-3:metro-magic:none
city-coasters,amnd-winter-2000-c-3,City Coasters,,archive:amnd-winter-2000:c-3:city-coasters:none
clovelly-park,amnd-winter-2000-c-3,Clovelly Park,,archive:amnd-winter-2000:c-3:clovelly-park:none
pembroke-o-s,amnd-winter-2000-c-3,Pembroke,,archive:amnd-winter-2000:c-3:pembroke-o-s:none
matrics,amnd-winter-2000-h-grade,Matrics,,archive:amnd-winter-2000:h-grade:matrics:none
kookaburras,amnd-winter-2000-h-grade,Kookaburras,2,archive:amnd-winter-2000:h-grade:kookaburras:2
norwood-netball-club,amnd-winter-2000-h-grade,Jaguars,,archive:amnd-winter-2000:h-grade:norwood-netball-club:none
adelaide-cougars,amnd-winter-2000-h-grade,Cougars,1,archive:amnd-winter-2000:h-grade:adelaide-cougars:1
panthers,amnd-winter-2000-h-grade,Panthers,1,archive:amnd-winter-2000:h-grade:panthers:1
panthers,amnd-winter-2000-h-grade,Panthers,2,archive:amnd-winter-2000:h-grade:panthers:2
oakdale-netball-club-sa,amnd-winter-2000-h-grade,Phoenix,,archive:amnd-winter-2000:h-grade:oakdale-netball-club-sa:none
adelaide-cougars,amnd-winter-2000-h-grade,Cougars,2,archive:amnd-winter-2000:h-grade:adelaide-cougars:2
kookaburras,amnd-winter-2000-h-grade,Kookaburras,1,archive:amnd-winter-2000:h-grade:kookaburras:1
contax,amnd-winter-2000-inter-1,Contax,,archive:amnd-winter-2000:inter-1:contax:none
matrics,amnd-winter-2000-inter-1,Matrics,1,archive:amnd-winter-2000:inter-1:matrics:1
tango-netball-club-inc,amnd-winter-2000-inter-1,Tango,,archive:amnd-winter-2000:inter-1:tango-netball-club-inc:none
harlequin,amnd-winter-2000-inter-1,Harlequin,,archive:amnd-winter-2000:inter-1:harlequin:none
oakdale-netball-club-sa,amnd-winter-2000-inter-1,Oakdale,,archive:amnd-winter-2000:inter-1:oakdale-netball-club-sa:none
cheerio-netball-club,amnd-winter-2000-inter-1,Cheerio,,archive:amnd-winter-2000:inter-1:cheerio-netball-club:none
woods-panthers,amnd-winter-2000-inter-1,Woods Panthers,,archive:amnd-winter-2000:inter-1:woods-panthers:none
matrics,amnd-winter-2000-inter-1,Matrics,2,archive:amnd-winter-2000:inter-1:matrics:2
garville,amnd-winter-2000-inter-1,Garville,,archive:amnd-winter-2000:inter-1:garville:none
adelaide-cougars,amnd-winter-2000-inter-1,Adelaide Cougars,,archive:amnd-winter-2000:inter-1:adelaide-cougars:none
contax,amnd-winter-2000-inter-2,Contax,1,archive:amnd-winter-2000:inter-2:contax:1
tango-netball-club-inc,amnd-winter-2000-inter-2,Tango,,archive:amnd-winter-2000:inter-2:tango-netball-club-inc:none
matrics,amnd-winter-2000-inter-2,Matrics,,archive:amnd-winter-2000:inter-2:matrics:none
adelaide-cougars,amnd-winter-2000-inter-2,Adelaide Cougars,,archive:amnd-winter-2000:inter-2:adelaide-cougars:none
contax,amnd-winter-2000-inter-2,Contax,2,archive:amnd-winter-2000:inter-2:contax:2
norwood-netball-club,amnd-winter-2000-inter-2,Newton Jaguars,,archive:amnd-winter-2000:inter-2:norwood-netball-club:none
cheerio-netball-club,amnd-winter-2000-inter-2,Cheerio,,archive:amnd-winter-2000:inter-2:cheerio-netball-club:none
woods-panthers,amnd-winter-2000-inter-2,Woods Panthers,,archive:amnd-winter-2000:inter-2:woods-panthers:none
harlequin,amnd-winter-2000-inter-2,Harlequin,,archive:amnd-winter-2000:inter-2:harlequin:none
oakdale-netball-club-sa,amnd-winter-2000-inter-2,Oakdale,,archive:amnd-winter-2000:inter-2:oakdale-netball-club-sa:none
contax,amnd-winter-2000-inter-3,Contax,1,archive:amnd-winter-2000:inter-3:contax:1
garville,amnd-winter-2000-inter-3,Garville,1,archive:amnd-winter-2000:inter-3:garville:1
contax,amnd-winter-2000-inter-3,Contax,2,archive:amnd-winter-2000:inter-3:contax:2
tango-netball-club-inc,amnd-winter-2000-inter-3,Tango,,archive:amnd-winter-2000:inter-3:tango-netball-club-inc:none
adelaide-cougars,amnd-winter-2000-inter-3,Adelaide Cougars,,archive:amnd-winter-2000:inter-3:adelaide-cougars:none
garville,amnd-winter-2000-inter-3,Garville,2,archive:amnd-winter-2000:inter-3:garville:2
cheerio-netball-club,amnd-winter-2000-inter-3,Cheerio,,archive:amnd-winter-2000:inter-3:cheerio-netball-club:none
oakdale-netball-club-sa,amnd-winter-2000-inter-3,Oakdale,,archive:amnd-winter-2000:inter-3:oakdale-netball-club-sa:none
glandore,amnd-winter-2000-inter-3,Glandore,,archive:amnd-winter-2000:inter-3:glandore:none
contax,amnd-winter-2000-inter-4,Contax,,archive:amnd-winter-2000:inter-4:contax:none
matrics,amnd-winter-2000-inter-4,Matrics,,archive:amnd-winter-2000:inter-4:matrics:none
garville,amnd-winter-2000-inter-4,Garville,,archive:amnd-winter-2000:inter-4:garville:none
cheerio-netball-club,amnd-winter-2000-inter-4,Cheerio,,archive:amnd-winter-2000:inter-4:cheerio-netball-club:none
tango-netball-club-inc,amnd-winter-2000-inter-4,Tango,,archive:amnd-winter-2000:inter-4:tango-netball-club-inc:none
clovelly-park,amnd-winter-2000-inter-4,Clovelly Park,,archive:amnd-winter-2000:inter-4:clovelly-park:none
adelaide-cougars,amnd-winter-2000-inter-4,Adelaide Cougars,,archive:amnd-winter-2000:inter-4:adelaide-cougars:none
woods-panthers,amnd-winter-2000-inter-4,Woods Panthers,,archive:amnd-winter-2000:inter-4:woods-panthers:none
oakdale-netball-club-sa,amnd-winter-2000-inter-4,Oakdale,,archive:amnd-winter-2000:inter-4:oakdale-netball-club-sa:none
garville,amnd-winter-2000-junior-1,Garville,,archive:amnd-winter-2000:junior-1:garville:none
matrics,amnd-winter-2000-junior-1,Matrics,,archive:amnd-winter-2000:junior-1:matrics:none
cheerio-netball-club,amnd-winter-2000-junior-1,Cheerio,,archive:amnd-winter-2000:junior-1:cheerio-netball-club:none
adelaide-cougars,amnd-winter-2000-junior-1,Adelaide Cougars,,archive:amnd-winter-2000:junior-1:adelaide-cougars:none
woods-panthers,amnd-winter-2000-junior-1,Woods Panthers,,archive:amnd-winter-2000:junior-1:woods-panthers:none
contax,amnd-winter-2000-junior-1,Contax,1,archive:amnd-winter-2000:junior-1:contax:1
contax,amnd-winter-2000-junior-1,Contax,2,archive:amnd-winter-2000:junior-1:contax:2
tango-netball-club-inc,amnd-winter-2000-junior-1,Tango,,archive:amnd-winter-2000:junior-1:tango-netball-club-inc:none
harlequin,amnd-winter-2000-junior-1,Harlequin,,archive:amnd-winter-2000:junior-1:harlequin:none
norwood-netball-club,amnd-winter-2000-junior-1,Newton Jaguars,,archive:amnd-winter-2000:junior-1:norwood-netball-club:none
tango-netball-club-inc,amnd-winter-2000-junior-2,Tango,,archive:amnd-winter-2000:junior-2:tango-netball-club-inc:none
cheerio-netball-club,amnd-winter-2000-junior-2,Cheerio,,archive:amnd-winter-2000:junior-2:cheerio-netball-club:none
garville,amnd-winter-2000-junior-2,Garville,,archive:amnd-winter-2000:junior-2:garville:none
matrics,amnd-winter-2000-junior-2,Matrics,,archive:amnd-winter-2000:junior-2:matrics:none
norwood-netball-club,amnd-winter-2000-junior-2,Newton Jaguars,,archive:amnd-winter-2000:junior-2:norwood-netball-club:none
contax,amnd-winter-2000-junior-2,Contax,,archive:amnd-winter-2000:junior-2:contax:none
adelaide-cougars,amnd-winter-2000-junior-2,Adelaide Cougars,,archive:amnd-winter-2000:junior-2:adelaide-cougars:none
harlequin,amnd-winter-2000-junior-2,Harlequin,,archive:amnd-winter-2000:junior-2:harlequin:none
oakdale-netball-club-sa,amnd-winter-2000-junior-2,Oakdale,,archive:amnd-winter-2000:junior-2:oakdale-netball-club-sa:none
woods-panthers,amnd-winter-2000-junior-2,Woods Panthers,,archive:amnd-winter-2000:junior-2:woods-panthers:none
garville,amnd-winter-2000-junior-3,Garville,,archive:amnd-winter-2000:junior-3:garville:none
tango-netball-club-inc,amnd-winter-2000-junior-3,Tango,,archive:amnd-winter-2000:junior-3:tango-netball-club-inc:none
brahma-united,amnd-winter-2000-junior-3,Brahma United,,archive:amnd-winter-2000:junior-3:brahma-united:none
glandore,amnd-winter-2000-junior-3,Glandore,,archive:amnd-winter-2000:junior-3:glandore:none
contax,amnd-winter-2000-junior-3,Contax,,archive:amnd-winter-2000:junior-3:contax:none
oakdale-netball-club-sa,amnd-winter-2000-junior-3,Oakdale,,archive:amnd-winter-2000:junior-3:oakdale-netball-club-sa:none
woods-panthers,amnd-winter-2000-junior-3,Woods Panthers,,archive:amnd-winter-2000:junior-3:woods-panthers:none
cheerio-netball-club,amnd-winter-2000-junior-3,Cheerio,,archive:amnd-winter-2000:junior-3:cheerio-netball-club:none
garville,amnd-winter-2000-junior-4,Garville,,archive:amnd-winter-2000:junior-4:garville:none
norwood-netball-club,amnd-winter-2000-junior-4,Newton Jaguars,,archive:amnd-winter-2000:junior-4:norwood-netball-club:none
adelaide-cougars,amnd-winter-2000-junior-4,Adelaide Cougars,,archive:amnd-winter-2000:junior-4:adelaide-cougars:none
matrics,amnd-winter-2000-junior-4,Matrics,,archive:amnd-winter-2000:junior-4:matrics:none
contax,amnd-winter-2000-junior-4,Contax,,archive:amnd-winter-2000:junior-4:contax:none
cheerio-netball-club,amnd-winter-2000-junior-4,Cheerio,,archive:amnd-winter-2000:junior-4:cheerio-netball-club:none
woods-panthers,amnd-winter-2000-junior-4,Woods Panthers,,archive:amnd-winter-2000:junior-4:woods-panthers:none
harlequin,amnd-winter-2000-junior-4,Harlequin,,archive:amnd-winter-2000:junior-4:harlequin:none
garville,amnd-winter-2000-junior-5,Garville,,archive:amnd-winter-2000:junior-5:garville:none
contax,amnd-winter-2000-junior-5,Contax,,archive:amnd-winter-2000:junior-5:contax:none
adelaide-cougars,amnd-winter-2000-junior-5,Adelaide Cougars,,archive:amnd-winter-2000:junior-5:adelaide-cougars:none
glandore,amnd-winter-2000-junior-5,Glandore,,archive:amnd-winter-2000:junior-5:glandore:none
matrics,amnd-winter-2000-junior-5,Matrics,,archive:amnd-winter-2000:junior-5:matrics:none
oakdale-netball-club-sa,amnd-winter-2000-junior-5,Oakdale,,archive:amnd-winter-2000:junior-5:oakdale-netball-club-sa:none
woods-panthers,amnd-winter-2000-junior-5,Woods Panthers,,archive:amnd-winter-2000:junior-5:woods-panthers:none
tango-netball-club-inc,amnd-winter-2000-junior-5,Tango,,archive:amnd-winter-2000:junior-5:tango-netball-club-inc:none
hallett-cove,amnd-winter-2000-junior-6,Hallett Cove,,archive:amnd-winter-2000:junior-6:hallett-cove:none
garville,amnd-winter-2000-junior-6,Garville,2,archive:amnd-winter-2000:junior-6:garville:2
norwood-netball-club,amnd-winter-2000-junior-6,Newton Jaguars,,archive:amnd-winter-2000:junior-6:norwood-netball-club:none
matrics,amnd-winter-2000-junior-6,Matrics,,archive:amnd-winter-2000:junior-6:matrics:none
adelaide-cougars,amnd-winter-2000-junior-6,Adelaide Cougars,,archive:amnd-winter-2000:junior-6:adelaide-cougars:none
woods-panthers,amnd-winter-2000-junior-6,Woods Panthers,,archive:amnd-winter-2000:junior-6:woods-panthers:none
garville,amnd-winter-2000-junior-6,Garville,1,archive:amnd-winter-2000:junior-6:garville:1
cheerio-netball-club,amnd-winter-2000-junior-6,Cheerio,,archive:amnd-winter-2000:junior-6:cheerio-netball-club:none
metro-magic,amnd-winter-2000-junior-7,Metro Magic,,archive:amnd-winter-2000:junior-7:metro-magic:none
oakdale-netball-club-sa,amnd-winter-2000-junior-7,Oakdale,,archive:amnd-winter-2000:junior-7:oakdale-netball-club-sa:none
garville,amnd-winter-2000-junior-7,Garville,,archive:amnd-winter-2000:junior-7:garville:none
clovelly-park,amnd-winter-2000-junior-7,Clovelly Park,,archive:amnd-winter-2000:junior-7:clovelly-park:none
woods-panthers,amnd-winter-2000-junior-7,Woods Panthers,,archive:amnd-winter-2000:junior-7:woods-panthers:none
glandore,amnd-winter-2000-junior-7,Glandore,,archive:amnd-winter-2000:junior-7:glandore:none
matrics,amnd-winter-2000-primary-1,Matrics,,archive:amnd-winter-2000:primary-1:matrics:none
contax,amnd-winter-2000-primary-1,Contax,,archive:amnd-winter-2000:primary-1:contax:none
harlequin,amnd-winter-2000-primary-1,Harlequin,,archive:amnd-winter-2000:primary-1:harlequin:none
oakdale-netball-club-sa,amnd-winter-2000-primary-1,Oakdale,,archive:amnd-winter-2000:primary-1:oakdale-netball-club-sa:none
cheerio-netball-club,amnd-winter-2000-primary-1,Cheerio,,archive:amnd-winter-2000:primary-1:cheerio-netball-club:none
woods-panthers,amnd-winter-2000-primary-1,Woods Panthers,,archive:amnd-winter-2000:primary-1:woods-panthers:none
adelaide-cougars,amnd-winter-2000-primary-1,Adelaide Cougars,,archive:amnd-winter-2000:primary-1:adelaide-cougars:none
norwood-netball-club,amnd-winter-2000-primary-1,Newton Jaguars,,archive:amnd-winter-2000:primary-1:norwood-netball-club:none
garville,amnd-winter-2000-primary-2,Garville,1,archive:amnd-winter-2000:primary-2:garville:1
contax,amnd-winter-2000-primary-2,Contax,,archive:amnd-winter-2000:primary-2:contax:none
meadows,amnd-winter-2000-primary-2,Meadows,,archive:amnd-winter-2000:primary-2:meadows:none
cheerio-netball-club,amnd-winter-2000-primary-2,Cheerio,,archive:amnd-winter-2000:primary-2:cheerio-netball-club:none
woods-panthers,amnd-winter-2000-primary-2,Woods Panthers,,archive:amnd-winter-2000:primary-2:woods-panthers:none
garville,amnd-winter-2000-primary-2,Garville,2,archive:amnd-winter-2000:primary-2:garville:2
tango-netball-club-inc,amnd-winter-2000-primary-2,Tango,,archive:amnd-winter-2000:primary-2:tango-netball-club-inc:none
norwood-netball-club,amnd-winter-2000-primary-2,Newton Jaguars,,archive:amnd-winter-2000:primary-2:norwood-netball-club:none
adelaide-cougars,amnd-winter-2000-primary-3,Adelaide Cougars,,archive:amnd-winter-2000:primary-3:adelaide-cougars:none
oakdale-netball-club-sa,amnd-winter-2000-primary-3,Oakdale,,archive:amnd-winter-2000:primary-3:oakdale-netball-club-sa:none
contax,amnd-winter-2000-primary-3,Contax,,archive:amnd-winter-2000:primary-3:contax:none
woods-panthers,amnd-winter-2000-primary-3,Woods Panthers,,archive:amnd-winter-2000:primary-3:woods-panthers:none
norwood-netball-club,amnd-winter-2000-primary-3,Newton Jaguars,,archive:amnd-winter-2000:primary-3:norwood-netball-club:none
tango-netball-club-inc,amnd-winter-2000-primary-3,Tango,,archive:amnd-winter-2000:primary-3:tango-netball-club-inc:none
garville,amnd-winter-2000-primary-3,Garville,,archive:amnd-winter-2000:primary-3:garville:none
matrics,amnd-winter-2000-primary-3,Matrics,,archive:amnd-winter-2000:primary-3:matrics:none
adelaide-cougars,amnd-winter-2000-primary-4,Adelaide Cougars,,archive:amnd-winter-2000:primary-4:adelaide-cougars:none
contax,amnd-winter-2000-primary-4,Contax,,archive:amnd-winter-2000:primary-4:contax:none
woods-panthers,amnd-winter-2000-primary-4,Woods Panthers,1,archive:amnd-winter-2000:primary-4:woods-panthers:1
norwood-netball-club,amnd-winter-2000-primary-4,Newton Jaguars,,archive:amnd-winter-2000:primary-4:norwood-netball-club:none
oakdale-netball-club-sa,amnd-winter-2000-primary-4,Oakdale,,archive:amnd-winter-2000:primary-4:oakdale-netball-club-sa:none
woods-panthers,amnd-winter-2000-primary-4,Woods Panthers,2,archive:amnd-winter-2000:primary-4:woods-panthers:2
cheerio-netball-club,amnd-winter-2000-primary-4,Cheerio,,archive:amnd-winter-2000:primary-4:cheerio-netball-club:none
garville,amnd-winter-2000-primary-4,Garville,,archive:amnd-winter-2000:primary-4:garville:none
harlequin,amnd-winter-2000-sub-junior-1,Harlequin,,archive:amnd-winter-2000:sub-junior-1:harlequin:none
matrics,amnd-winter-2000-sub-junior-1,Matrics,,archive:amnd-winter-2000:sub-junior-1:matrics:none
tango-netball-club-inc,amnd-winter-2000-sub-junior-1,Tango,,archive:amnd-winter-2000:sub-junior-1:tango-netball-club-inc:none
adelaide-cougars,amnd-winter-2000-sub-junior-1,Adelaide Cougars,,archive:amnd-winter-2000:sub-junior-1:adelaide-cougars:none
garville,amnd-winter-2000-sub-junior-1,Garville,,archive:amnd-winter-2000:sub-junior-1:garville:none
woods-panthers,amnd-winter-2000-sub-junior-1,Woods Panthers,,archive:amnd-winter-2000:sub-junior-1:woods-panthers:none
contax,amnd-winter-2000-sub-junior-1,Contax,,archive:amnd-winter-2000:sub-junior-1:contax:none
oakdale-netball-club-sa,amnd-winter-2000-sub-junior-1,Oakdale,,archive:amnd-winter-2000:sub-junior-1:oakdale-netball-club-sa:none
garville,amnd-winter-2000-sub-junior-2,Garville,,archive:amnd-winter-2000:sub-junior-2:garville:none
matrics,amnd-winter-2000-sub-junior-2,Matrics,,archive:amnd-winter-2000:sub-junior-2:matrics:none
norwood-netball-club,amnd-winter-2000-sub-junior-2,Newton Jaguars,,archive:amnd-winter-2000:sub-junior-2:norwood-netball-club:none
contax,amnd-winter-2000-sub-junior-2,Contax,,archive:amnd-winter-2000:sub-junior-2:contax:none
cheerio-netball-club,amnd-winter-2000-sub-junior-2,Cheerio,,archive:amnd-winter-2000:sub-junior-2:cheerio-netball-club:none
adelaide-cougars,amnd-winter-2000-sub-junior-2,Adelaide Cougars,,archive:amnd-winter-2000:sub-junior-2:adelaide-cougars:none
woods-panthers,amnd-winter-2000-sub-junior-2,Woods Panthers,,archive:amnd-winter-2000:sub-junior-2:woods-panthers:none
tango-netball-club-inc,amnd-winter-2000-sub-junior-2,Tango,,archive:amnd-winter-2000:sub-junior-2:tango-netball-club-inc:none
harlequin,amnd-winter-2000-sub-junior-3,Harlequin,1,archive:amnd-winter-2000:sub-junior-3:harlequin:1
norwood-netball-club,amnd-winter-2000-sub-junior-3,Newton Jaguars,,archive:amnd-winter-2000:sub-junior-3:norwood-netball-club:none
contax,amnd-winter-2000-sub-junior-3,Contax,,archive:amnd-winter-2000:sub-junior-3:contax:none
garville,amnd-winter-2000-sub-junior-3,Garville,,archive:amnd-winter-2000:sub-junior-3:garville:none
matrics,amnd-winter-2000-sub-junior-3,Matrics,,archive:amnd-winter-2000:sub-junior-3:matrics:none
harlequin,amnd-winter-2000-sub-junior-3,Harlequin,2,archive:amnd-winter-2000:sub-junior-3:harlequin:2
cheerio-netball-club,amnd-winter-2000-sub-junior-3,Cheerio,,archive:amnd-winter-2000:sub-junior-3:cheerio-netball-club:none
woods-panthers,amnd-winter-2000-sub-junior-3,Woods Panthers,,archive:amnd-winter-2000:sub-junior-3:woods-panthers:none
norwood-netball-club,amnd-winter-2000-sub-junior-4,Newton Jaguars,,archive:amnd-winter-2000:sub-junior-4:norwood-netball-club:none
woods-panthers,amnd-winter-2000-sub-junior-4,Woods Panthers,,archive:amnd-winter-2000:sub-junior-4:woods-panthers:none
hallett-cove,amnd-winter-2000-sub-junior-4,Hallett Cove,,archive:amnd-winter-2000:sub-junior-4:hallett-cove:none
garville,amnd-winter-2000-sub-junior-4,Garville,,archive:amnd-winter-2000:sub-junior-4:garville:none
contax,amnd-winter-2000-sub-junior-4,Contax,,archive:amnd-winter-2000:sub-junior-4:contax:none
matrics,amnd-winter-2000-sub-junior-4,Matrics,,archive:amnd-winter-2000:sub-junior-4:matrics:none
oakdale-netball-club-sa,amnd-winter-2000-sub-junior-4,Oakdale,,archive:amnd-winter-2000:sub-junior-4:oakdale-netball-club-sa:none
adelaide-cougars,amnd-winter-2000-sub-junior-4,Adelaide Cougars,,archive:amnd-winter-2000:sub-junior-4:adelaide-cougars:none
tango-netball-club-inc,amnd-winter-2000-sub-junior-5,Tango,,archive:amnd-winter-2000:sub-junior-5:tango-netball-club-inc:none
garville,amnd-winter-2000-sub-junior-5,Garville,,archive:amnd-winter-2000:sub-junior-5:garville:none
norwood-netball-club,amnd-winter-2000-sub-junior-5,Newton Jaguars,,archive:amnd-winter-2000:sub-junior-5:norwood-netball-club:none
cheerio-netball-club,amnd-winter-2000-sub-junior-5,Cheerio,,archive:amnd-winter-2000:sub-junior-5:cheerio-netball-club:none
contax,amnd-winter-2000-sub-junior-5,Contax,,archive:amnd-winter-2000:sub-junior-5:contax:none
adelaide-cougars,amnd-winter-2000-sub-junior-5,Adelaide Cougars,,archive:amnd-winter-2000:sub-junior-5:adelaide-cougars:none
oakdale-netball-club-sa,amnd-winter-2000-sub-junior-5,Oakdale,,archive:amnd-winter-2000:sub-junior-5:oakdale-netball-club-sa:none
woods-panthers,amnd-winter-2000-sub-junior-5,Woods Panthers,,archive:amnd-winter-2000:sub-junior-5:woods-panthers:none
contax,amnd-winter-2000-sub-junior-6,Contax,,archive:amnd-winter-2000:sub-junior-6:contax:none
garville,amnd-winter-2000-sub-junior-6,Garville,,archive:amnd-winter-2000:sub-junior-6:garville:none
norwood-netball-club,amnd-winter-2000-sub-junior-6,Newton Jaguars,,archive:amnd-winter-2000:sub-junior-6:norwood-netball-club:none
metro-magic,amnd-winter-2000-sub-junior-6,Metro Magic,,archive:amnd-winter-2000:sub-junior-6:metro-magic:none
matrics,amnd-winter-2000-sub-junior-6,Matrics,,archive:amnd-winter-2000:sub-junior-6:matrics:none
woods-panthers,amnd-winter-2000-sub-junior-6,Woods Panthers,1,archive:amnd-winter-2000:sub-junior-6:woods-panthers:1
tango-netball-club-inc,amnd-winter-2000-sub-junior-6,Tango,,archive:amnd-winter-2000:sub-junior-6:tango-netball-club-inc:none
woods-panthers,amnd-winter-2000-sub-junior-6,Woods Panthers,2,archive:amnd-winter-2000:sub-junior-6:woods-panthers:2
glandore,amnd-winter-2000-sub-junior-7,Glandore,,archive:amnd-winter-2000:sub-junior-7:glandore:none
clovelly-park,amnd-winter-2000-sub-junior-7,Clovelly Park,,archive:amnd-winter-2000:sub-junior-7:clovelly-park:none
metro-magic,amnd-winter-2000-sub-junior-7,Metro Magic,,archive:amnd-winter-2000:sub-junior-7:metro-magic:none
garville,amnd-winter-2000-sub-junior-7,Garville,,archive:amnd-winter-2000:sub-junior-7:garville:none
cheerio-netball-club,amnd-winter-2000-sub-junior-7,Cheerio,,archive:amnd-winter-2000:sub-junior-7:cheerio-netball-club:none
woods-panthers,amnd-winter-2000-sub-junior-7,Woods Panthers,,archive:amnd-winter-2000:sub-junior-7:woods-panthers:none
oakdale-netball-club-sa,amnd-winter-2001-amnd-league,Oakdale,,archive:amnd-winter-2001:amnd-league:oakdale-netball-club-sa:none
contax,amnd-winter-2001-amnd-league,Contax,,archive:amnd-winter-2001:amnd-league:contax:none
tango-netball-club-inc,amnd-winter-2001-amnd-league,Tango,,archive:amnd-winter-2001:amnd-league:tango-netball-club-inc:none
woods-panthers,amnd-winter-2001-amnd-league,Woods Panthers,,archive:amnd-winter-2001:amnd-league:woods-panthers:none
matrics,amnd-winter-2001-amnd-league,Matrics,,archive:amnd-winter-2001:amnd-league:matrics:none
cheerio-netball-club,amnd-winter-2001-amnd-league,Cheerio,,archive:amnd-winter-2001:amnd-league:cheerio-netball-club:none
norwood-netball-club,amnd-winter-2001-amnd-league,Newton Jaguars,,archive:amnd-winter-2001:amnd-league:norwood-netball-club:none
harlequin,amnd-winter-2001-amnd-league,Harlequin,,archive:amnd-winter-2001:amnd-league:harlequin:none
garville,amnd-winter-2001-amnd-league,Garville,,archive:amnd-winter-2001:amnd-league:garville:none
adelaide-cougars,amnd-winter-2001-amnd-league,Adelaide Cougars,,archive:amnd-winter-2001:amnd-league:adelaide-cougars:none
glandore,amnd-winter-2001-a-grade,Glandore,,archive:amnd-winter-2001:a-grade:glandore:none
contax,amnd-winter-2001-a-grade,Contax,,archive:amnd-winter-2001:a-grade:contax:none
oakdale-netball-club-sa,amnd-winter-2001-a-grade,Oakdale,,archive:amnd-winter-2001:a-grade:oakdale-netball-club-sa:none
cheerio-netball-club,amnd-winter-2001-a-grade,Cheerio,,archive:amnd-winter-2001:a-grade:cheerio-netball-club:none
garville,amnd-winter-2001-a-grade,Garville,,archive:amnd-winter-2001:a-grade:garville:none
woods-panthers,amnd-winter-2001-a-grade,Woods Panthers,,archive:amnd-winter-2001:a-grade:woods-panthers:none
tango-netball-club-inc,amnd-winter-2001-a-grade,Tango,,archive:amnd-winter-2001:a-grade:tango-netball-club-inc:none
adelaide-cougars,amnd-winter-2001-a-grade,Adelaide Cougars,,archive:amnd-winter-2001:a-grade:adelaide-cougars:none
norwood-netball-club,amnd-winter-2001-a-grade,Newton Jaguars,,archive:amnd-winter-2001:a-grade:norwood-netball-club:none
matrics,amnd-winter-2001-a-grade,Matrics,,archive:amnd-winter-2001:a-grade:matrics:none
garville,amnd-winter-2001-b-1,Garville,,archive:amnd-winter-2001:b-1:garville:none
harlequin,amnd-winter-2001-b-1,Harlequin,,archive:amnd-winter-2001:b-1:harlequin:none
pembroke-o-s,amnd-winter-2001-b-1,Pembroke,,archive:amnd-winter-2001:b-1:pembroke-o-s:none
cheerio-netball-club,amnd-winter-2001-b-1,Cheerio,,archive:amnd-winter-2001:b-1:cheerio-netball-club:none
contax,amnd-winter-2001-b-1,Contax,,archive:amnd-winter-2001:b-1:contax:none
tango-netball-club-inc,amnd-winter-2001-b-1,Tango,,archive:amnd-winter-2001:b-1:tango-netball-club-inc:none
adelaide-cougars,amnd-winter-2001-b-1,Adelaide Cougars,,archive:amnd-winter-2001:b-1:adelaide-cougars:none
oakdale-netball-club-sa,amnd-winter-2001-b-1,Oakdale,,archive:amnd-winter-2001:b-1:oakdale-netball-club-sa:none
metro-magic,amnd-winter-2001-b-1,Metro Magic,,archive:amnd-winter-2001:b-1:metro-magic:none
woods-panthers,amnd-winter-2001-b-1,Woods Panthers,,archive:amnd-winter-2001:b-1:woods-panthers:none
contax,amnd-winter-2001-b-2,Contax,,archive:amnd-winter-2001:b-2:contax:none
adelaide-cougars,amnd-winter-2001-b-2,Adelaide Cougars,,archive:amnd-winter-2001:b-2:adelaide-cougars:none
adelaide-university,amnd-winter-2001-b-2,Adelaide Uni.,,archive:amnd-winter-2001:b-2:adelaide-university:none
harlequin,amnd-winter-2001-b-2,Harlequin,,archive:amnd-winter-2001:b-2:harlequin:none
city-coasters,amnd-winter-2001-b-2,City Coasters,,archive:amnd-winter-2001:b-2:city-coasters:none
garville,amnd-winter-2001-b-2,Garville,,archive:amnd-winter-2001:b-2:garville:none
cheerio-netball-club,amnd-winter-2001-b-2,Cheerio,,archive:amnd-winter-2001:b-2:cheerio-netball-club:none
matrics,amnd-winter-2001-b-2,Matrics,,archive:amnd-winter-2001:b-2:matrics:none
oakdale-netball-club-sa,amnd-winter-2001-b-2,Oakdale,,archive:amnd-winter-2001:b-2:oakdale-netball-club-sa:none
norwood-netball-club,amnd-winter-2001-b-2,Newton Jaguars,,archive:amnd-winter-2001:b-2:norwood-netball-club:none
metro-magic,amnd-winter-2001-b-3,Metro Magic,,archive:amnd-winter-2001:b-3:metro-magic:none
contax,amnd-winter-2001-b-3,Contax,,archive:amnd-winter-2001:b-3:contax:none
clovelly-park,amnd-winter-2001-b-3,Clovelly Park,,archive:amnd-winter-2001:b-3:clovelly-park:none
adelaide-cougars,amnd-winter-2001-b-3,Adelaide Cougars,,archive:amnd-winter-2001:b-3:adelaide-cougars:none
pembroke-o-s,amnd-winter-2001-b-3,Pembroke,,archive:amnd-winter-2001:b-3:pembroke-o-s:none
matrics,amnd-winter-2001-b-3,Matrics,,archive:amnd-winter-2001:b-3:matrics:none
oakdale-netball-club-sa,amnd-winter-2001-b-3,Oakdale,,archive:amnd-winter-2001:b-3:oakdale-netball-club-sa:none
glandore,amnd-winter-2001-b-3,Glandore,,archive:amnd-winter-2001:b-3:glandore:none
tango-netball-club-inc,amnd-winter-2001-b-3,Tango,,archive:amnd-winter-2001:b-3:tango-netball-club-inc:none
contax,amnd-winter-2001-b-4,Contax,,archive:amnd-winter-2001:b-4:contax:none
metro-magic,amnd-winter-2001-b-4,Metro Magic,,archive:amnd-winter-2001:b-4:metro-magic:none
adelaide-university,amnd-winter-2001-b-4,Adelaide Uni.,,archive:amnd-winter-2001:b-4:adelaide-university:none
city-coasters,amnd-winter-2001-b-4,City Coasters,,archive:amnd-winter-2001:b-4:city-coasters:none
harlequin,amnd-winter-2001-b-4,Harlequin,,archive:amnd-winter-2001:b-4:harlequin:none
pembroke-o-s,amnd-winter-2001-b-4,Pembroke,,archive:amnd-winter-2001:b-4:pembroke-o-s:none
cheerio-netball-club,amnd-winter-2001-b-4,Cheerio,,archive:amnd-winter-2001:b-4:cheerio-netball-club:none
woods-panthers,amnd-winter-2001-b-4,Woods Panthers,,archive:amnd-winter-2001:b-4:woods-panthers:none
oakdale-netball-club-sa,amnd-winter-2001-b-4,Oakdale,,archive:amnd-winter-2001:b-4:oakdale-netball-club-sa:none
adelaide-university,amnd-winter-2001-c-1,Adelaide Uni.,,archive:amnd-winter-2001:c-1:adelaide-university:none
garville,amnd-winter-2001-c-1,Garville,,archive:amnd-winter-2001:c-1:garville:none
clovelly-park,amnd-winter-2001-c-1,Clovelly Park,,archive:amnd-winter-2001:c-1:clovelly-park:none
flinders-university,amnd-winter-2001-c-1,Flinders Uni.,,archive:amnd-winter-2001:c-1:flinders-university:none
cheerio-netball-club,amnd-winter-2001-c-1,Cheerio,,archive:amnd-winter-2001:c-1:cheerio-netball-club:none
blue-jays,amnd-winter-2001-c-1,Blue Jays,,archive:amnd-winter-2001:c-1:blue-jays:none
contax,amnd-winter-2001-c-1,Contax,,archive:amnd-winter-2001:c-1:contax:none
pembroke-o-s,amnd-winter-2001-c-1,Pembroke,,archive:amnd-winter-2001:c-1:pembroke-o-s:none
city-coasters,amnd-winter-2001-c-2,City Coasters,,archive:amnd-winter-2001:c-2:city-coasters:none
adelaide-university,amnd-winter-2001-c-2,Adelaide Uni.,1,archive:amnd-winter-2001:c-2:adelaide-university:1
clovelly-park,amnd-winter-2001-c-2,Clovelly Park,,archive:amnd-winter-2001:c-2:clovelly-park:none
adelaide-cougars,amnd-winter-2001-c-2,Adelaide Cougars,,archive:amnd-winter-2001:c-2:adelaide-cougars:none
glandore,amnd-winter-2001-c-2,Glandore,,archive:amnd-winter-2001:c-2:glandore:none
oakdale-netball-club-sa,amnd-winter-2001-c-2,Oakdale,,archive:amnd-winter-2001:c-2:oakdale-netball-club-sa:none
adelaide-university,amnd-winter-2001-c-2,Adelaide Uni.,2,archive:amnd-winter-2001:c-2:adelaide-university:2
metro-magic,amnd-winter-2001-c-2,Metro Magic,,archive:amnd-winter-2001:c-2:metro-magic:none
woods-panthers,amnd-winter-2001-c-2,Woods Panthers,,archive:amnd-winter-2001:c-2:woods-panthers:none
city-coasters,amnd-winter-2001-c-3,City Coasters,,archive:amnd-winter-2001:c-3:city-coasters:none
flinders-university,amnd-winter-2001-c-3,Flinders Uni.,,archive:amnd-winter-2001:c-3:flinders-university:none
metro-magic,amnd-winter-2001-c-3,Metro Magic,,archive:amnd-winter-2001:c-3:metro-magic:none
pembroke-o-s,amnd-winter-2001-c-3,Pembroke,,archive:amnd-winter-2001:c-3:pembroke-o-s:none
adelaide-university,amnd-winter-2001-c-3,Adelaide Uni.,,archive:amnd-winter-2001:c-3:adelaide-university:none
clovelly-park,amnd-winter-2001-c-3,Clovelly Park,,archive:amnd-winter-2001:c-3:clovelly-park:none
oakdale-netball-club-sa,amnd-winter-2001-h-grade,Phoenix,,archive:amnd-winter-2001:h-grade:oakdale-netball-club-sa:none
matrics,amnd-winter-2001-h-grade,Matrics,1,archive:amnd-winter-2001:h-grade:matrics:1
adelaide-cougars,amnd-winter-2001-h-grade,Adelaide Cougars,,archive:amnd-winter-2001:h-grade:adelaide-cougars:none
cardijn-cats,amnd-winter-2001-h-grade,Cardijn Cats,,archive:amnd-winter-2001:h-grade:cardijn-cats:none
matrics,amnd-winter-2001-h-grade,Matrics,2,archive:amnd-winter-2001:h-grade:matrics:2
norwood-netball-club,amnd-winter-2001-h-grade,Newton Jaguars,,archive:amnd-winter-2001:h-grade:norwood-netball-club:none
panthers,amnd-winter-2001-h-grade,Panthers,,archive:amnd-winter-2001:h-grade:panthers:none
kookaburras,amnd-winter-2001-h-grade,Kookaburras,,archive:amnd-winter-2001:h-grade:kookaburras:none
harlequin,amnd-winter-2001-inter-1,Harlequin,,archive:amnd-winter-2001:inter-1:harlequin:none
matrics,amnd-winter-2001-inter-1,Matrics,,archive:amnd-winter-2001:inter-1:matrics:none
adelaide-cougars,amnd-winter-2001-inter-1,Adelaide Cougars,,archive:amnd-winter-2001:inter-1:adelaide-cougars:none
tango-netball-club-inc,amnd-winter-2001-inter-1,Tango,,archive:amnd-winter-2001:inter-1:tango-netball-club-inc:none
contax,amnd-winter-2001-inter-1,Contax,,archive:amnd-winter-2001:inter-1:contax:none
oakdale-netball-club-sa,amnd-winter-2001-inter-1,Oakdale,,archive:amnd-winter-2001:inter-1:oakdale-netball-club-sa:none
garville,amnd-winter-2001-inter-1,Garville,,archive:amnd-winter-2001:inter-1:garville:none
cheerio-netball-club,amnd-winter-2001-inter-1,Cheerio,,archive:amnd-winter-2001:inter-1:cheerio-netball-club:none
norwood-netball-club,amnd-winter-2001-inter-1,Newton Jaguars,,archive:amnd-winter-2001:inter-1:norwood-netball-club:none
woods-panthers,amnd-winter-2001-inter-1,Woods Panthers,,archive:amnd-winter-2001:inter-1:woods-panthers:none
matrics,amnd-winter-2001-inter-2,Matrics,,archive:amnd-winter-2001:inter-2:matrics:none
adelaide-cougars,amnd-winter-2001-inter-2,Adelaide Cougars,,archive:amnd-winter-2001:inter-2:adelaide-cougars:none
tango-netball-club-inc,amnd-winter-2001-inter-2,Tango,,archive:amnd-winter-2001:inter-2:tango-netball-club-inc:none
contax,amnd-winter-2001-inter-2,Contax,1,archive:amnd-winter-2001:inter-2:contax:1
contax,amnd-winter-2001-inter-2,Contax,2,archive:amnd-winter-2001:inter-2:contax:2
garville,amnd-winter-2001-inter-2,Garville,,archive:amnd-winter-2001:inter-2:garville:none
woods-panthers,amnd-winter-2001-inter-2,Woods Panthers,,archive:amnd-winter-2001:inter-2:woods-panthers:none
cheerio-netball-club,amnd-winter-2001-inter-2,Cheerio,,archive:amnd-winter-2001:inter-2:cheerio-netball-club:none
harlequin,amnd-winter-2001-inter-2,Harlequin,,archive:amnd-winter-2001:inter-2:harlequin:none
oakdale-netball-club-sa,amnd-winter-2001-inter-2,Oakdale,,archive:amnd-winter-2001:inter-2:oakdale-netball-club-sa:none
norwood-netball-club,amnd-winter-2001-inter-3,Newton Jaguars,,archive:amnd-winter-2001:inter-3:norwood-netball-club:none
tango-netball-club-inc,amnd-winter-2001-inter-3,Tango,,archive:amnd-winter-2001:inter-3:tango-netball-club-inc:none
metro-magic,amnd-winter-2001-inter-3,Metro Magic,,archive:amnd-winter-2001:inter-3:metro-magic:none
adelaide-cougars,amnd-winter-2001-inter-3,Adelaide Cougars,,archive:amnd-winter-2001:inter-3:adelaide-cougars:none
matrics,amnd-winter-2001-inter-3,Matrics,,archive:amnd-winter-2001:inter-3:matrics:none
contax,amnd-winter-2001-inter-3,Contax,,archive:amnd-winter-2001:inter-3:contax:none
glandore,amnd-winter-2001-inter-3,Glandore,,archive:amnd-winter-2001:inter-3:glandore:none
cheerio-netball-club,amnd-winter-2001-inter-3,Cheerio,,archive:amnd-winter-2001:inter-3:cheerio-netball-club:none
woods-panthers,amnd-winter-2001-inter-3,Woods Panthers,,archive:amnd-winter-2001:inter-3:woods-panthers:none
garville,amnd-winter-2001-inter-3,Garville,,archive:amnd-winter-2001:inter-3:garville:none
garville,amnd-winter-2001-inter-4,Garville,,archive:amnd-winter-2001:inter-4:garville:none
tango-netball-club-inc,amnd-winter-2001-inter-4,Tango,,archive:amnd-winter-2001:inter-4:tango-netball-club-inc:none
michelangelo,amnd-winter-2001-inter-4,Michelangelo,,archive:amnd-winter-2001:inter-4:michelangelo:none
adelaide-cougars,amnd-winter-2001-inter-4,Adelaide Cougars,,archive:amnd-winter-2001:inter-4:adelaide-cougars:none
matrics,amnd-winter-2001-inter-4,Matrics,,archive:amnd-winter-2001:inter-4:matrics:none
contax,amnd-winter-2001-inter-4,Contax,,archive:amnd-winter-2001:inter-4:contax:none
metro-magic,amnd-winter-2001-inter-4,Metro Magic,,archive:amnd-winter-2001:inter-4:metro-magic:none
clovelly-park,amnd-winter-2001-inter-4,Clovelly Park,,archive:amnd-winter-2001:inter-4:clovelly-park:none
oakdale-netball-club-sa,amnd-winter-2001-inter-4,Oakdale,,archive:amnd-winter-2001:inter-4:oakdale-netball-club-sa:none
garville,amnd-winter-2001-inter-5,Garville,,archive:amnd-winter-2001:inter-5:garville:none
adelaide-cougars,amnd-winter-2001-inter-5,Adelaide Cougars,,archive:amnd-winter-2001:inter-5:adelaide-cougars:none
woods-panthers,amnd-winter-2001-inter-5,Woods Panthers,,archive:amnd-winter-2001:inter-5:woods-panthers:none
glandore,amnd-winter-2001-inter-5,Glandore,,archive:amnd-winter-2001:inter-5:glandore:none
cheerio-netball-club,amnd-winter-2001-inter-5,Cheerio,,archive:amnd-winter-2001:inter-5:cheerio-netball-club:none
michelangelo,amnd-winter-2001-inter-5,Michelangelo,,archive:amnd-winter-2001:inter-5:michelangelo:none
woods-panthers,amnd-winter-2001-junior-1,Woods Panthers,,archive:amnd-winter-2001:junior-1:woods-panthers:none
matrics,amnd-winter-2001-junior-1,Matrics,,archive:amnd-winter-2001:junior-1:matrics:none
cheerio-netball-club,amnd-winter-2001-junior-1,Cheerio,,archive:amnd-winter-2001:junior-1:cheerio-netball-club:none
harlequin,amnd-winter-2001-junior-1,Harlequin,1,archive:amnd-winter-2001:junior-1:harlequin:1
tango-netball-club-inc,amnd-winter-2001-junior-1,Tango,,archive:amnd-winter-2001:junior-1:tango-netball-club-inc:none
adelaide-cougars,amnd-winter-2001-junior-1,Adelaide Cougars,,archive:amnd-winter-2001:junior-1:adelaide-cougars:none
garville,amnd-winter-2001-junior-1,Garville,,archive:amnd-winter-2001:junior-1:garville:none
harlequin,amnd-winter-2001-junior-1,Harlequin,2,archive:amnd-winter-2001:junior-1:harlequin:2
brahma-united,amnd-winter-2001-junior-1,Brahma United,,archive:amnd-winter-2001:junior-1:brahma-united:none
contax,amnd-winter-2001-junior-1,Contax,,archive:amnd-winter-2001:junior-1:contax:none
matrics,amnd-winter-2001-junior-2,Matrics,,archive:amnd-winter-2001:junior-2:matrics:none
garville,amnd-winter-2001-junior-2,Garville,,archive:amnd-winter-2001:junior-2:garville:none
woods-panthers,amnd-winter-2001-junior-2,Woods Panthers,,archive:amnd-winter-2001:junior-2:woods-panthers:none
norwood-netball-club,amnd-winter-2001-junior-2,Newton Jaguars,1,archive:amnd-winter-2001:junior-2:norwood-netball-club:1
tango-netball-club-inc,amnd-winter-2001-junior-2,Tango,,archive:amnd-winter-2001:junior-2:tango-netball-club-inc:none
contax,amnd-winter-2001-junior-2,Contax,,archive:amnd-winter-2001:junior-2:contax:none
norwood-netball-club,amnd-winter-2001-junior-2,Newton Jaguars,2,archive:amnd-winter-2001:junior-2:norwood-netball-club:2
oakdale-netball-club-sa,amnd-winter-2001-junior-2,Oakdale,,archive:amnd-winter-2001:junior-2:oakdale-netball-club-sa:none
adelaide-cougars,amnd-winter-2001-junior-2,Adelaide Cougars,,archive:amnd-winter-2001:junior-2:adelaide-cougars:none
cheerio-netball-club,amnd-winter-2001-junior-2,Cheerio,,archive:amnd-winter-2001:junior-2:cheerio-netball-club:none
garville,amnd-winter-2001-junior-3,Garville,,archive:amnd-winter-2001:junior-3:garville:none
contax,amnd-winter-2001-junior-3,Contax,1,archive:amnd-winter-2001:junior-3:contax:1
contax,amnd-winter-2001-junior-3,Contax,2,archive:amnd-winter-2001:junior-3:contax:2
matrics,amnd-winter-2001-junior-3,Matrics,2,archive:amnd-winter-2001:junior-3:matrics:2
oakdale-netball-club-sa,amnd-winter-2001-junior-3,Oakdale,,archive:amnd-winter-2001:junior-3:oakdale-netball-club-sa:none
matrics,amnd-winter-2001-junior-3,Matrics,1,archive:amnd-winter-2001:junior-3:matrics:1
woods-panthers,amnd-winter-2001-junior-3,Woods Panthers,,archive:amnd-winter-2001:junior-3:woods-panthers:none
harlequin,amnd-winter-2001-junior-3,Harlequin,,archive:amnd-winter-2001:junior-3:harlequin:none
adelaide-cougars,amnd-winter-2001-junior-3,Adelaide Cougars,,archive:amnd-winter-2001:junior-3:adelaide-cougars:none
hallett-cove,amnd-winter-2001-junior-4,Hallett Cove,,archive:amnd-winter-2001:junior-4:hallett-cove:none
contax,amnd-winter-2001-junior-4,Contax,,archive:amnd-winter-2001:junior-4:contax:none
garville,amnd-winter-2001-junior-4,Garville,,archive:amnd-winter-2001:junior-4:garville:none
oakdale-netball-club-sa,amnd-winter-2001-junior-4,Oakdale,,archive:amnd-winter-2001:junior-4:oakdale-netball-club-sa:none
glandore,amnd-winter-2001-junior-4,Glandore,,archive:amnd-winter-2001:junior-4:glandore:none
woods-panthers,amnd-winter-2001-junior-4,Woods Panthers,,archive:amnd-winter-2001:junior-4:woods-panthers:none
tango-netball-club-inc,amnd-winter-2001-junior-4,Tango,,archive:amnd-winter-2001:junior-4:tango-netball-club-inc:none
cheerio-netball-club,amnd-winter-2001-junior-4,Cheerio,1,archive:amnd-winter-2001:junior-4:cheerio-netball-club:1
metro-magic,amnd-winter-2001-junior-4,Metro Magic,,archive:amnd-winter-2001:junior-4:metro-magic:none
cheerio-netball-club,amnd-winter-2001-junior-4,Cheerio,2,archive:amnd-winter-2001:junior-4:cheerio-netball-club:2
garville,amnd-winter-2001-junior-5,Garville,2,archive:amnd-winter-2001:junior-5:garville:2
garville,amnd-winter-2001-junior-5,Garville,1,archive:amnd-winter-2001:junior-5:garville:1
woods-panthers,amnd-winter-2001-junior-5,Woods Panthers,2,archive:amnd-winter-2001:junior-5:woods-panthers:2
matrics,amnd-winter-2001-junior-5,Matrics,,archive:amnd-winter-2001:junior-5:matrics:none
woods-panthers,amnd-winter-2001-junior-5,Woods Panthers,1,archive:amnd-winter-2001:junior-5:woods-panthers:1
norwood-netball-club,amnd-winter-2001-junior-5,Newton Jaguars,2,archive:amnd-winter-2001:junior-5:norwood-netball-club:2
contax,amnd-winter-2001-junior-5,Contax,,archive:amnd-winter-2001:junior-5:contax:none
norwood-netball-club,amnd-winter-2001-junior-5,Newton Jaguars,1,archive:amnd-winter-2001:junior-5:norwood-netball-club:1
adelaide-cougars,amnd-winter-2001-junior-6,Adelaide Cougars,,archive:amnd-winter-2001:junior-6:adelaide-cougars:none
garville,amnd-winter-2001-junior-6,Garville,,archive:amnd-winter-2001:junior-6:garville:none
clovelly-park,amnd-winter-2001-junior-6,Clovelly Park,,archive:amnd-winter-2001:junior-6:clovelly-park:none
oakdale-netball-club-sa,amnd-winter-2001-junior-6,Oakdale,,archive:amnd-winter-2001:junior-6:oakdale-netball-club-sa:none
woods-panthers,amnd-winter-2001-junior-6,Woods Panthers,,archive:amnd-winter-2001:junior-6:woods-panthers:none
glandore,amnd-winter-2001-junior-6,Glandore,,archive:amnd-winter-2001:junior-6:glandore:none
metro-magic,amnd-winter-2001-junior-6,Metro Magic,,archive:amnd-winter-2001:junior-6:metro-magic:none
michelangelo,amnd-winter-2001-junior-6,Michelangelo,,archive:amnd-winter-2001:junior-6:michelangelo:none
contax,amnd-winter-2001-primary-1,Contax,,archive:amnd-winter-2001:primary-1:contax:none
matrics,amnd-winter-2001-primary-1,Matrics,,archive:amnd-winter-2001:primary-1:matrics:none
cheerio-netball-club,amnd-winter-2001-primary-1,Cheerio,,archive:amnd-winter-2001:primary-1:cheerio-netball-club:none
woods-panthers,amnd-winter-2001-primary-1,Woods Panthers,,archive:amnd-winter-2001:primary-1:woods-panthers:none
harlequin,amnd-winter-2001-primary-1,Harlequin,,archive:amnd-winter-2001:primary-1:harlequin:none
norwood-netball-club,amnd-winter-2001-primary-1,Newton Jaguars,,archive:amnd-winter-2001:primary-1:norwood-netball-club:none
garville,amnd-winter-2001-primary-1,Garville,,archive:amnd-winter-2001:primary-1:garville:none
adelaide-cougars,amnd-winter-2001-primary-1,Adelaide Cougars,,archive:amnd-winter-2001:primary-1:adelaide-cougars:none
oakdale-netball-club-sa,amnd-winter-2001-primary-2,Oakdale,1,archive:amnd-winter-2001:primary-2:oakdale-netball-club-sa:1
contax,amnd-winter-2001-primary-2,Contax,,archive:amnd-winter-2001:primary-2:contax:none
tango-netball-club-inc,amnd-winter-2001-primary-2,Tango,,archive:amnd-winter-2001:primary-2:tango-netball-club-inc:none
oakdale-netball-club-sa,amnd-winter-2001-primary-2,Oakdale,2,archive:amnd-winter-2001:primary-2:oakdale-netball-club-sa:2
garville,amnd-winter-2001-primary-2,Garville,,archive:amnd-winter-2001:primary-2:garville:none
cheerio-netball-club,amnd-winter-2001-primary-2,Cheerio,,archive:amnd-winter-2001:primary-2:cheerio-netball-club:none
norwood-netball-club,amnd-winter-2001-primary-2,Newton Jaguars,,archive:amnd-winter-2001:primary-2:norwood-netball-club:none
harlequin,amnd-winter-2001-primary-2,Harlequin,,archive:amnd-winter-2001:primary-2:harlequin:none
contax,amnd-winter-2001-primary-3,Contax,1,archive:amnd-winter-2001:primary-3:contax:1
contax,amnd-winter-2001-primary-3,Contax,2,archive:amnd-winter-2001:primary-3:contax:2
woods-panthers,amnd-winter-2001-primary-3,Woods Panthers,1,archive:amnd-winter-2001:primary-3:woods-panthers:1
woods-panthers,amnd-winter-2001-primary-3,Woods Panthers,2,archive:amnd-winter-2001:primary-3:woods-panthers:2
adelaide-cougars,amnd-winter-2001-primary-3,Adelaide Cougars,,archive:amnd-winter-2001:primary-3:adelaide-cougars:none
oakdale-netball-club-sa,amnd-winter-2001-primary-3,Oakdale,,archive:amnd-winter-2001:primary-3:oakdale-netball-club-sa:none
garville,amnd-winter-2001-primary-4,Garville,1,archive:amnd-winter-2001:primary-4:garville:1
matrics,amnd-winter-2001-primary-4,Matrics,,archive:amnd-winter-2001:primary-4:matrics:none
woods-panthers,amnd-winter-2001-primary-4,Woods Panthers,,archive:amnd-winter-2001:primary-4:woods-panthers:none
norwood-netball-club,amnd-winter-2001-primary-4,Newton Jaguars,,archive:amnd-winter-2001:primary-4:norwood-netball-club:none
hallett-cove,amnd-winter-2001-primary-4,Hallett Cove,,archive:amnd-winter-2001:primary-4:hallett-cove:none
garville,amnd-winter-2001-primary-4,Garville,2,archive:amnd-winter-2001:primary-4:garville:2
adelaide-cougars,amnd-winter-2001-primary-5,Adelaide Cougars,,archive:amnd-winter-2001:primary-5:adelaide-cougars:none
metro-magic,amnd-winter-2001-primary-5,Metro Magic,,archive:amnd-winter-2001:primary-5:metro-magic:none
norwood-netball-club,amnd-winter-2001-primary-5,Newton Jaguars,,archive:amnd-winter-2001:primary-5:norwood-netball-club:none
oakdale-netball-club-sa,amnd-winter-2001-primary-5,Oakdale,,archive:amnd-winter-2001:primary-5:oakdale-netball-club-sa:none
garville,amnd-winter-2001-primary-5,Garville,,archive:amnd-winter-2001:primary-5:garville:none
cheerio-netball-club,amnd-winter-2001-primary-5,Cheerio,,archive:amnd-winter-2001:primary-5:cheerio-netball-club:none
cheerio-netball-club,amnd-winter-2001-sub-junior-1,Cheerio,,archive:amnd-winter-2001:sub-junior-1:cheerio-netball-club:none
garville,amnd-winter-2001-sub-junior-1,Garville,,archive:amnd-winter-2001:sub-junior-1:garville:none
harlequin,amnd-winter-2001-sub-junior-1,Harlequin,,archive:amnd-winter-2001:sub-junior-1:harlequin:none
tango-netball-club-inc,amnd-winter-2001-sub-junior-1,Tango,,archive:amnd-winter-2001:sub-junior-1:tango-netball-club-inc:none
norwood-netball-club,amnd-winter-2001-sub-junior-1,Newton Jaguars,,archive:amnd-winter-2001:sub-junior-1:norwood-netball-club:none
matrics,amnd-winter-2001-sub-junior-1,Matrics,,archive:amnd-winter-2001:sub-junior-1:matrics:none
contax,amnd-winter-2001-sub-junior-1,Contax,,archive:amnd-winter-2001:sub-junior-1:contax:none
adelaide-cougars,amnd-winter-2001-sub-junior-1,Adelaide Cougars,,archive:amnd-winter-2001:sub-junior-1:adelaide-cougars:none
harlequin,amnd-winter-2001-sub-junior-2,Harlequin,,archive:amnd-winter-2001:sub-junior-2:harlequin:none
garville,amnd-winter-2001-sub-junior-2,Garville,,archive:amnd-winter-2001:sub-junior-2:garville:none
contax,amnd-winter-2001-sub-junior-2,Contax,,archive:amnd-winter-2001:sub-junior-2:contax:none
cheerio-netball-club,amnd-winter-2001-sub-junior-2,Cheerio,,archive:amnd-winter-2001:sub-junior-2:cheerio-netball-club:none
matrics,amnd-winter-2001-sub-junior-2,Matrics,,archive:amnd-winter-2001:sub-junior-2:matrics:none
oakdale-netball-club-sa,amnd-winter-2001-sub-junior-2,Oakdale,1,archive:amnd-winter-2001:sub-junior-2:oakdale-netball-club-sa:1
woods-panthers,amnd-winter-2001-sub-junior-2,Woods Panthers,,archive:amnd-winter-2001:sub-junior-2:woods-panthers:none
oakdale-netball-club-sa,amnd-winter-2001-sub-junior-2,Oakdale,2,archive:amnd-winter-2001:sub-junior-2:oakdale-netball-club-sa:2
contax,amnd-winter-2001-sub-junior-3,Contax,2,archive:amnd-winter-2001:sub-junior-3:contax:2
norwood-netball-club,amnd-winter-2001-sub-junior-3,Newton Jaguars,,archive:amnd-winter-2001:sub-junior-3:norwood-netball-club:none
contax,amnd-winter-2001-sub-junior-3,Contax,1,archive:amnd-winter-2001:sub-junior-3:contax:1
harlequin,amnd-winter-2001-sub-junior-3,Harlequin,,archive:amnd-winter-2001:sub-junior-3:harlequin:none
garville,amnd-winter-2001-sub-junior-3,Garville,,archive:amnd-winter-2001:sub-junior-3:garville:none
woods-panthers,amnd-winter-2001-sub-junior-3,Woods Panthers,,archive:amnd-winter-2001:sub-junior-3:woods-panthers:none
matrics,amnd-winter-2001-sub-junior-3,Matrics,,archive:amnd-winter-2001:sub-junior-3:matrics:none
adelaide-cougars,amnd-winter-2001-sub-junior-3,Adelaide Cougars,,archive:amnd-winter-2001:sub-junior-3:adelaide-cougars:none
woods-panthers,amnd-winter-2001-sub-junior-4,Woods Panthers,,archive:amnd-winter-2001:sub-junior-4:woods-panthers:none
hallett-cove,amnd-winter-2001-sub-junior-4,Hallett Cove,,archive:amnd-winter-2001:sub-junior-4:hallett-cove:none
contax,amnd-winter-2001-sub-junior-4,Contax,,archive:amnd-winter-2001:sub-junior-4:contax:none
metro-magic,amnd-winter-2001-sub-junior-4,Metro Magic,,archive:amnd-winter-2001:sub-junior-4:metro-magic:none
norwood-netball-club,amnd-winter-2001-sub-junior-4,Newton Jaguars,,archive:amnd-winter-2001:sub-junior-4:norwood-netball-club:none
cheerio-netball-club,amnd-winter-2001-sub-junior-4,Cheerio,,archive:amnd-winter-2001:sub-junior-4:cheerio-netball-club:none
garville,amnd-winter-2001-sub-junior-4,Garville,,archive:amnd-winter-2001:sub-junior-4:garville:none
oakdale-netball-club-sa,amnd-winter-2001-sub-junior-4,Oakdale,,archive:amnd-winter-2001:sub-junior-4:oakdale-netball-club-sa:none
tango-netball-club-inc,amnd-winter-2001-sub-junior-5,Tango,,archive:amnd-winter-2001:sub-junior-5:tango-netball-club-inc:none
garville,amnd-winter-2001-sub-junior-5,Garville,,archive:amnd-winter-2001:sub-junior-5:garville:none
woods-panthers,amnd-winter-2001-sub-junior-5,Woods Panthers,,archive:amnd-winter-2001:sub-junior-5:woods-panthers:none
norwood-netball-club,amnd-winter-2001-sub-junior-5,Newton Jaguars,,archive:amnd-winter-2001:sub-junior-5:norwood-netball-club:none
clovelly-park,amnd-winter-2001-sub-junior-5,Clovelly Park,,archive:amnd-winter-2001:sub-junior-5:clovelly-park:none
cheerio-netball-club,amnd-winter-2001-sub-junior-5,Cheerio,,archive:amnd-winter-2001:sub-junior-5:cheerio-netball-club:none
matrics,amnd-winter-2001-sub-junior-5,Matrics,,archive:amnd-winter-2001:sub-junior-5:matrics:none
contax,amnd-winter-2001-sub-junior-6,Contax,,archive:amnd-winter-2001:sub-junior-6:contax:none
adelaide-cougars,amnd-winter-2001-sub-junior-6,Adelaide Cougars,,archive:amnd-winter-2001:sub-junior-6:adelaide-cougars:none
tango-netball-club-inc,amnd-winter-2001-sub-junior-6,Tango,,archive:amnd-winter-2001:sub-junior-6:tango-netball-club-inc:none
woods-panthers,amnd-winter-2001-sub-junior-6,Woods Panthers,,archive:amnd-winter-2001:sub-junior-6:woods-panthers:none
metro-magic,amnd-winter-2001-sub-junior-6,Metro Magic,,archive:amnd-winter-2001:sub-junior-6:metro-magic:none
glandore,amnd-winter-2001-sub-junior-6,Glandore,,archive:amnd-winter-2001:sub-junior-6:glandore:none
cheerio-netball-club,amnd-winter-2001-sub-junior-7,Cheerio,,archive:amnd-winter-2001:sub-junior-7:cheerio-netball-club:none
oakdale-netball-club-sa,amnd-winter-2001-sub-junior-7,Oakdale,,archive:amnd-winter-2001:sub-junior-7:oakdale-netball-club-sa:none
adelaide-cougars,amnd-winter-2001-sub-junior-7,Adelaide Cougars,,archive:amnd-winter-2001:sub-junior-7:adelaide-cougars:none
woods-panthers,amnd-winter-2001-sub-junior-7,Woods Panthers,,archive:amnd-winter-2001:sub-junior-7:woods-panthers:none
garville,amnd-winter-2001-sub-junior-7,Garville,,archive:amnd-winter-2001:sub-junior-7:garville:none
michelangelo,amnd-winter-2001-sub-junior-7,Michelangelo,,archive:amnd-winter-2001:sub-junior-7:michelangelo:none
adelaide-cougars,amnd-winter-2001-sub-junior-8,Adelaide Cougars,,archive:amnd-winter-2001:sub-junior-8:adelaide-cougars:none
contax,amnd-winter-2001-sub-junior-8,Contax,,archive:amnd-winter-2001:sub-junior-8:contax:none
michelangelo,amnd-winter-2001-sub-junior-8,Michelangelo,,archive:amnd-winter-2001:sub-junior-8:michelangelo:none
woods-panthers,amnd-winter-2001-sub-junior-8,Woods Panthers,,archive:amnd-winter-2001:sub-junior-8:woods-panthers:none
garville,amnd-winter-2001-sub-junior-8,Garville,,archive:amnd-winter-2001:sub-junior-8:garville:none
norwood-netball-club,amnd-winter-2001-sub-junior-8,Newton Jaguars,,archive:amnd-winter-2001:sub-junior-8:norwood-netball-club:none
glandore,amnd-winter-2002-amnd-league,Glandore,,archive:amnd-winter-2002:amnd-league:glandore:none
tango-netball-club-inc,amnd-winter-2002-amnd-league,Tango,,archive:amnd-winter-2002:amnd-league:tango-netball-club-inc:none
oakdale-netball-club-sa,amnd-winter-2002-amnd-league,Oakdale,,archive:amnd-winter-2002:amnd-league:oakdale-netball-club-sa:none
garville,amnd-winter-2002-amnd-league,Garville,,archive:amnd-winter-2002:amnd-league:garville:none
contax,amnd-winter-2002-amnd-league,Contax,,archive:amnd-winter-2002:amnd-league:contax:none
norwood-netball-club,amnd-winter-2002-amnd-league,Newton Jaguars,,archive:amnd-winter-2002:amnd-league:norwood-netball-club:none
matrics,amnd-winter-2002-amnd-league,Matrics,,archive:amnd-winter-2002:amnd-league:matrics:none
harlequin,amnd-winter-2002-amnd-league,Harlequin,,archive:amnd-winter-2002:amnd-league:harlequin:none
woods-panthers,amnd-winter-2002-amnd-league,Woods Panthers,,archive:amnd-winter-2002:amnd-league:woods-panthers:none
cheerio-netball-club,amnd-winter-2002-amnd-league,Cheerio,,archive:amnd-winter-2002:amnd-league:cheerio-netball-club:none
adelaide-cougars,amnd-winter-2002-a-grade,Cougars,,archive:amnd-winter-2002:a-grade:adelaide-cougars:none
garville,amnd-winter-2002-a-grade,Garville,,archive:amnd-winter-2002:a-grade:garville:none
contax,amnd-winter-2002-a-grade,Contax,,archive:amnd-winter-2002:a-grade:contax:none
tango-netball-club-inc,amnd-winter-2002-a-grade,Tango,,archive:amnd-winter-2002:a-grade:tango-netball-club-inc:none
woods-panthers,amnd-winter-2002-a-grade,Woods Panthers,,archive:amnd-winter-2002:a-grade:woods-panthers:none
harlequin,amnd-winter-2002-a-grade,Harlequin,,archive:amnd-winter-2002:a-grade:harlequin:none
norwood-netball-club,amnd-winter-2002-a-grade,Newton Jaguars,,archive:amnd-winter-2002:a-grade:norwood-netball-club:none
oakdale-netball-club-sa,amnd-winter-2002-a-grade,Oakdale,,archive:amnd-winter-2002:a-grade:oakdale-netball-club-sa:none
cheerio-netball-club,amnd-winter-2002-a-grade,Cheerio,,archive:amnd-winter-2002:a-grade:cheerio-netball-club:none
matrics,amnd-winter-2002-a-grade,Matrics,,archive:amnd-winter-2002:a-grade:matrics:none
contax,amnd-winter-2002-b-1,Contax,,archive:amnd-winter-2002:b-1:contax:none
adelaide-cougars,amnd-winter-2002-b-1,Cougars,,archive:amnd-winter-2002:b-1:adelaide-cougars:none
metro-magic,amnd-winter-2002-b-1,Metro Magic,,archive:amnd-winter-2002:b-1:metro-magic:none
pembroke-o-s,amnd-winter-2002-b-1,Pembroke,,archive:amnd-winter-2002:b-1:pembroke-o-s:none
tango-netball-club-inc,amnd-winter-2002-b-1,Tango,,archive:amnd-winter-2002:b-1:tango-netball-club-inc:none
garville,amnd-winter-2002-b-1,Garville,,archive:amnd-winter-2002:b-1:garville:none
sacred-heart-o-c,amnd-winter-2002-b-1,Sacred Heart,,archive:amnd-winter-2002:b-1:sacred-heart-o-c:none
woods-panthers,amnd-winter-2002-b-1,Woods Panthers,,archive:amnd-winter-2002:b-1:woods-panthers:none
oakdale-netball-club-sa,amnd-winter-2002-b-1,Oakdale,,archive:amnd-winter-2002:b-1:oakdale-netball-club-sa:none
cheerio-netball-club,amnd-winter-2002-b-1,Cheerio,,archive:amnd-winter-2002:b-1:cheerio-netball-club:none
contax,amnd-winter-2002-b-2,Contax,,archive:amnd-winter-2002:b-2:contax:none
city-coasters,amnd-winter-2002-b-2,City Coasters,,archive:amnd-winter-2002:b-2:city-coasters:none
adelaide-university,amnd-winter-2002-b-2,Adelaide Uni.,,archive:amnd-winter-2002:b-2:adelaide-university:none
metro-magic,amnd-winter-2002-b-2,Metro Magic,,archive:amnd-winter-2002:b-2:metro-magic:none
adelaide-cougars,amnd-winter-2002-b-2,Cougars,,archive:amnd-winter-2002:b-2:adelaide-cougars:none
harlequin,amnd-winter-2002-b-2,Harlequin,,archive:amnd-winter-2002:b-2:harlequin:none
cheerio-netball-club,amnd-winter-2002-b-2,Cheerio,,archive:amnd-winter-2002:b-2:cheerio-netball-club:none
matrics,amnd-winter-2002-b-2,Matrics,,archive:amnd-winter-2002:b-2:matrics:none
norwood-netball-club,amnd-winter-2002-b-2,Newton Jaguars,,archive:amnd-winter-2002:b-2:norwood-netball-club:none
garville,amnd-winter-2002-b-2,Garville,,archive:amnd-winter-2002:b-2:garville:none
clovelly-park,amnd-winter-2002-b-3,Clovelly Park,,archive:amnd-winter-2002:b-3:clovelly-park:none
glandore,amnd-winter-2002-b-3,Glandore,,archive:amnd-winter-2002:b-3:glandore:none
adelaide-university,amnd-winter-2002-b-3,Adelaide Uni.,,archive:amnd-winter-2002:b-3:adelaide-university:none
adelaide-cougars,amnd-winter-2002-b-3,Cougars,,archive:amnd-winter-2002:b-3:adelaide-cougars:none
contax,amnd-winter-2002-b-3,Contax,,archive:amnd-winter-2002:b-3:contax:none
michelangelo,amnd-winter-2002-b-3,Michelangelo,,archive:amnd-winter-2002:b-3:michelangelo:none
sacred-heart-o-c,amnd-winter-2002-b-3,Sacred Heart,,archive:amnd-winter-2002:b-3:sacred-heart-o-c:none
pembroke-o-s,amnd-winter-2002-b-3,Pembroke,,archive:amnd-winter-2002:b-3:pembroke-o-s:none
oakdale-netball-club-sa,amnd-winter-2002-b-3,Oakdale,,archive:amnd-winter-2002:b-3:oakdale-netball-club-sa:none
tango-netball-club-inc,amnd-winter-2002-b-3,Tango,,archive:amnd-winter-2002:b-3:tango-netball-club-inc:none
city-coasters,amnd-winter-2002-b-4,City Coasters,,archive:amnd-winter-2002:b-4:city-coasters:none
adelaide-university,amnd-winter-2002-b-4,Adelaide Uni.,,archive:amnd-winter-2002:b-4:adelaide-university:none
matrics,amnd-winter-2002-b-4,Matrics,,archive:amnd-winter-2002:b-4:matrics:none
contax,amnd-winter-2002-b-4,Contax,,archive:amnd-winter-2002:b-4:contax:none
harlequin,amnd-winter-2002-b-4,Harlequin,,archive:amnd-winter-2002:b-4:harlequin:none
woods-panthers,amnd-winter-2002-b-4,Woods Panthers,,archive:amnd-winter-2002:b-4:woods-panthers:none
cheerio-netball-club,amnd-winter-2002-b-4,Cheerio,,archive:amnd-winter-2002:b-4:cheerio-netball-club:none
adelaide-cougars,amnd-winter-2002-b-4,Cougars,,archive:amnd-winter-2002:b-4:adelaide-cougars:none
metro-magic,amnd-winter-2002-b-4,Metro Magic,,archive:amnd-winter-2002:b-4:metro-magic:none
garville,amnd-winter-2002-b-4,Garville,,archive:amnd-winter-2002:b-4:garville:none
contax,amnd-winter-2002-c-1,Contax,,archive:amnd-winter-2002:c-1:contax:none
flinders-university,amnd-winter-2002-c-1,Flinders Uni.,,archive:amnd-winter-2002:c-1:flinders-university:none
adelaide-university,amnd-winter-2002-c-1,Adelaide Uni.,,archive:amnd-winter-2002:c-1:adelaide-university:none
clovelly-park,amnd-winter-2002-c-1,Clovelly Park,,archive:amnd-winter-2002:c-1:clovelly-park:none
glandore,amnd-winter-2002-c-1,Glandore,,archive:amnd-winter-2002:c-1:glandore:none
pembroke-o-s,amnd-winter-2002-c-1,Pembroke,,archive:amnd-winter-2002:c-1:pembroke-o-s:none
city-coasters,amnd-winter-2002-c-1,City Coasters,,archive:amnd-winter-2002:c-1:city-coasters:none
cheerio-netball-club,amnd-winter-2002-c-1,Cheerio,,archive:amnd-winter-2002:c-1:cheerio-netball-club:none
michelangelo,amnd-winter-2002-c-1,Michelangelo,,archive:amnd-winter-2002:c-1:michelangelo:none
oakdale-netball-club-sa,amnd-winter-2002-c-1,Oakdale,,archive:amnd-winter-2002:c-1:oakdale-netball-club-sa:none
michelangelo,amnd-winter-2002-c-2,Michelangelo,,archive:amnd-winter-2002:c-2:michelangelo:none
adelaide-university,amnd-winter-2002-c-2,Adelaide Uni.,,archive:amnd-winter-2002:c-2:adelaide-university:none
clovelly-park,amnd-winter-2002-c-2,Clovelly Park,,archive:amnd-winter-2002:c-2:clovelly-park:none
sacred-heart-o-c,amnd-winter-2002-c-2,Sacred Heart,,archive:amnd-winter-2002:c-2:sacred-heart-o-c:none
pembroke-o-s,amnd-winter-2002-c-2,Pembroke,,archive:amnd-winter-2002:c-2:pembroke-o-s:none
flinders-university,amnd-winter-2002-c-2,Flinders Uni.,,archive:amnd-winter-2002:c-2:flinders-university:none
city-coasters,amnd-winter-2002-c-2,City Coasters,,archive:amnd-winter-2002:c-2:city-coasters:none
clovelly-park,amnd-winter-2002-c-3,Clovelly Park,,archive:amnd-winter-2002:c-3:clovelly-park:none
woods-panthers,amnd-winter-2002-c-3,Woods Panthers,,archive:amnd-winter-2002:c-3:woods-panthers:none
pembroke-o-s,amnd-winter-2002-c-3,Pembroke,,archive:amnd-winter-2002:c-3:pembroke-o-s:none
sacred-heart-o-c,amnd-winter-2002-c-3,Sacred Heart,,archive:amnd-winter-2002:c-3:sacred-heart-o-c:none
adelaide-university,amnd-winter-2002-c-3,Adeaide Uni.,,archive:amnd-winter-2002:c-3:adelaide-university:none
metro-magic,amnd-winter-2002-c-3,Metro Magic,,archive:amnd-winter-2002:c-3:metro-magic:none
oakdale-netball-club-sa,amnd-winter-2002-h-grade,Phoenix,,archive:amnd-winter-2002:h-grade:oakdale-netball-club-sa:none
norwood-netball-club,amnd-winter-2002-h-grade,Jaguars,,archive:amnd-winter-2002:h-grade:norwood-netball-club:none
matrics,amnd-winter-2002-h-grade,Matrics,,archive:amnd-winter-2002:h-grade:matrics:none
cardijn-cats,amnd-winter-2002-h-grade,Cardijn Cats,,archive:amnd-winter-2002:h-grade:cardijn-cats:none
woods,amnd-winter-2002-h-grade,Woods,,archive:amnd-winter-2002:h-grade:woods:none
adelaide-cougars,amnd-winter-2002-h-grade,Cougars,,archive:amnd-winter-2002:h-grade:adelaide-cougars:none
panthers,amnd-winter-2002-h-grade,Panthers,,archive:amnd-winter-2002:h-grade:panthers:none
matrics,amnd-winter-2002-inter-1,Matrics,,archive:amnd-winter-2002:inter-1:matrics:none
contax,amnd-winter-2002-inter-1,Contax,,archive:amnd-winter-2002:inter-1:contax:none
woods-panthers,amnd-winter-2002-inter-1,Woods Panthers,,archive:amnd-winter-2002:inter-1:woods-panthers:none
cheerio-netball-club,amnd-winter-2002-inter-1,Cheerio,,archive:amnd-winter-2002:inter-1:cheerio-netball-club:none
adelaide-cougars,amnd-winter-2002-inter-1,Cougars,,archive:amnd-winter-2002:inter-1:adelaide-cougars:none
harlequin,amnd-winter-2002-inter-1,Harlequin,,archive:amnd-winter-2002:inter-1:harlequin:none
tango-netball-club-inc,amnd-winter-2002-inter-1,Tango,,archive:amnd-winter-2002:inter-1:tango-netball-club-inc:none
garville,amnd-winter-2002-inter-1,Garville,,archive:amnd-winter-2002:inter-1:garville:none
oakdale-netball-club-sa,amnd-winter-2002-inter-1,Oakdale,,archive:amnd-winter-2002:inter-1:oakdale-netball-club-sa:none
norwood-netball-club,amnd-winter-2002-inter-1,Newton Jaguars,,archive:amnd-winter-2002:inter-1:norwood-netball-club:none
woods-panthers,amnd-winter-2002-inter-2,Woods Panthers,,archive:amnd-winter-2002:inter-2:woods-panthers:none
contax,amnd-winter-2002-inter-2,Contax,,archive:amnd-winter-2002:inter-2:contax:none
adelaide-cougars,amnd-winter-2002-inter-2,Cougars,,archive:amnd-winter-2002:inter-2:adelaide-cougars:none
matrics,amnd-winter-2002-inter-2,Matrics,,archive:amnd-winter-2002:inter-2:matrics:none
tango-netball-club-inc,amnd-winter-2002-inter-2,Tango,,archive:amnd-winter-2002:inter-2:tango-netball-club-inc:none
cheerio-netball-club,amnd-winter-2002-inter-2,Cheerio,,archive:amnd-winter-2002:inter-2:cheerio-netball-club:none
garville,amnd-winter-2002-inter-2,Garville,,archive:amnd-winter-2002:inter-2:garville:none
harlequin,amnd-winter-2002-inter-2,Harlequin,,archive:amnd-winter-2002:inter-2:harlequin:none
metro-magic,amnd-winter-2002-inter-2,Metro Magic,,archive:amnd-winter-2002:inter-2:metro-magic:none
norwood-netball-club,amnd-winter-2002-inter-2,Newton Jaguars,,archive:amnd-winter-2002:inter-2:norwood-netball-club:none
cove-lightning,amnd-winter-2002-inter-3,Cove Lightning,,archive:amnd-winter-2002:inter-3:cove-lightning:none
oakdale-netball-club-sa,amnd-winter-2002-inter-3,Oakdale,,archive:amnd-winter-2002:inter-3:oakdale-netball-club-sa:none
contax,amnd-winter-2002-inter-3,Contax,2,archive:amnd-winter-2002:inter-3:contax:2
contax,amnd-winter-2002-inter-3,Contax,1,archive:amnd-winter-2002:inter-3:contax:1
garville,amnd-winter-2002-inter-3,Garville,,archive:amnd-winter-2002:inter-3:garville:none
glandore,amnd-winter-2002-inter-3,Glandore,,archive:amnd-winter-2002:inter-3:glandore:none
matrics,amnd-winter-2002-inter-3,Matrics,,archive:amnd-winter-2002:inter-3:matrics:none
tango-netball-club-inc,amnd-winter-2002-inter-3,Tango,,archive:amnd-winter-2002:inter-3:tango-netball-club-inc:none
woods-panthers,amnd-winter-2002-inter-3,Woods Panthers,,archive:amnd-winter-2002:inter-3:woods-panthers:none
adelaide-cougars,amnd-winter-2002-inter-3,Cougars,,archive:amnd-winter-2002:inter-3:adelaide-cougars:none
contax,amnd-winter-2002-inter-4,Contax,,archive:amnd-winter-2002:inter-4:contax:none
garville,amnd-winter-2002-inter-4,Garville,,archive:amnd-winter-2002:inter-4:garville:none
woods-panthers,amnd-winter-2002-inter-4,Woods Panthers,,archive:amnd-winter-2002:inter-4:woods-panthers:none
oakdale-netball-club-sa,amnd-winter-2002-inter-4,Oakdale,,archive:amnd-winter-2002:inter-4:oakdale-netball-club-sa:none
harlequin,amnd-winter-2002-inter-4,Harlequin,,archive:amnd-winter-2002:inter-4:harlequin:none
michelangelo,amnd-winter-2002-inter-4,Michelangelo,,archive:amnd-winter-2002:inter-4:michelangelo:none
cheerio-netball-club,amnd-winter-2002-inter-4,Cheerio,,archive:amnd-winter-2002:inter-4:cheerio-netball-club:none
adelaide-cougars,amnd-winter-2002-inter-4,Cougars,,archive:amnd-winter-2002:inter-4:adelaide-cougars:none
metro-magic,amnd-winter-2002-inter-4,Metro Magic,,archive:amnd-winter-2002:inter-4:metro-magic:none
garville,amnd-winter-2002-inter-5,Garville,,archive:amnd-winter-2002:inter-5:garville:none
contax,amnd-winter-2002-inter-5,Contax,,archive:amnd-winter-2002:inter-5:contax:none
matrics,amnd-winter-2002-inter-5,Matrics,,archive:amnd-winter-2002:inter-5:matrics:none
oakdale-netball-club-sa,amnd-winter-2002-inter-5,Oakdale,,archive:amnd-winter-2002:inter-5:oakdale-netball-club-sa:none
norwood-netball-club,amnd-winter-2002-inter-5,Newton Jaguars,,archive:amnd-winter-2002:inter-5:norwood-netball-club:none
clovelly-park,amnd-winter-2002-inter-5,Clovelly Park,,archive:amnd-winter-2002:inter-5:clovelly-park:none
adelaide-university,amnd-winter-2002-inter-6,Adelaide Uni.,,archive:amnd-winter-2002:inter-6:adelaide-university:none
metro-magic,amnd-winter-2002-inter-6,Metro Magic,,archive:amnd-winter-2002:inter-6:metro-magic:none
garville,amnd-winter-2002-inter-6,Garville,,archive:amnd-winter-2002:inter-6:garville:none
cheerio-netball-club,amnd-winter-2002-inter-6,Cheerio,,archive:amnd-winter-2002:inter-6:cheerio-netball-club:none
woods-panthers,amnd-winter-2002-inter-6,Woods Panthers,,archive:amnd-winter-2002:inter-6:woods-panthers:none
glandore,amnd-winter-2002-inter-6,Glandore,,archive:amnd-winter-2002:inter-6:glandore:none
michelangelo,amnd-winter-2002-inter-6,Michelangelo,,archive:amnd-winter-2002:inter-6:michelangelo:none
harlequin,amnd-winter-2002-junior-1,Harlequin,1,archive:amnd-winter-2002:junior-1:harlequin:1
garville,amnd-winter-2002-junior-1,Garville,,archive:amnd-winter-2002:junior-1:garville:none
tango-netball-club-inc,amnd-winter-2002-junior-1,Tango,,archive:amnd-winter-2002:junior-1:tango-netball-club-inc:none
matrics,amnd-winter-2002-junior-1,Matrics,,archive:amnd-winter-2002:junior-1:matrics:none
contax,amnd-winter-2002-junior-1,Contax,,archive:amnd-winter-2002:junior-1:contax:none
harlequin,amnd-winter-2002-junior-1,Harlequin,2,archive:amnd-winter-2002:junior-1:harlequin:2
cheerio-netball-club,amnd-winter-2002-junior-1,Cheerio,,archive:amnd-winter-2002:junior-1:cheerio-netball-club:none
woods-panthers,amnd-winter-2002-junior-1,Woods Panthers,,archive:amnd-winter-2002:junior-1:woods-panthers:none
adelaide-cougars,amnd-winter-2002-junior-1,Cougars,,archive:amnd-winter-2002:junior-1:adelaide-cougars:none
norwood-netball-club,amnd-winter-2002-junior-1,Newton Jaguars,,archive:amnd-winter-2002:junior-1:norwood-netball-club:none
contax,amnd-winter-2002-junior-2,Contax,,archive:amnd-winter-2002:junior-2:contax:none
adelaide-cougars,amnd-winter-2002-junior-2,Cougars,,archive:amnd-winter-2002:junior-2:adelaide-cougars:none
oakdale-netball-club-sa,amnd-winter-2002-junior-2,Oakdale,1,archive:amnd-winter-2002:junior-2:oakdale-netball-club-sa:1
matrics,amnd-winter-2002-junior-2,Matrics,,archive:amnd-winter-2002:junior-2:matrics:none
garville,amnd-winter-2002-junior-2,Garville,,archive:amnd-winter-2002:junior-2:garville:none
norwood-netball-club,amnd-winter-2002-junior-2,Newton Jaguars,,archive:amnd-winter-2002:junior-2:norwood-netball-club:none
woods-panthers,amnd-winter-2002-junior-2,Woods Panthers,,archive:amnd-winter-2002:junior-2:woods-panthers:none
tango-netball-club-inc,amnd-winter-2002-junior-2,Tango,,archive:amnd-winter-2002:junior-2:tango-netball-club-inc:none
golden-grove,amnd-winter-2002-junior-2,Golden Grove,,archive:amnd-winter-2002:junior-2:golden-grove:none
oakdale-netball-club-sa,amnd-winter-2002-junior-2,Oakdale,2,archive:amnd-winter-2002:junior-2:oakdale-netball-club-sa:2
contax,amnd-winter-2002-junior-3,Contax,1,archive:amnd-winter-2002:junior-3:contax:1
matrics,amnd-winter-2002-junior-3,Matrics,,archive:amnd-winter-2002:junior-3:matrics:none
garville,amnd-winter-2002-junior-3,Garville,,archive:amnd-winter-2002:junior-3:garville:none
harlequin,amnd-winter-2002-junior-3,Harlequin,,archive:amnd-winter-2002:junior-3:harlequin:none
contax,amnd-winter-2002-junior-3,Contax,2,archive:amnd-winter-2002:junior-3:contax:2
cheerio-netball-club,amnd-winter-2002-junior-3,Cheerio,,archive:amnd-winter-2002:junior-3:cheerio-netball-club:none
adelaide-cougars,amnd-winter-2002-junior-3,Cougars,,archive:amnd-winter-2002:junior-3:adelaide-cougars:none
woods-panthers,amnd-winter-2002-junior-3,Woods Panthers,,archive:amnd-winter-2002:junior-3:woods-panthers:none
metro-magic,amnd-winter-2002-junior-3,Metro Magic,,archive:amnd-winter-2002:junior-3:metro-magic:none
tango-netball-club-inc,amnd-winter-2002-junior-3,Tango,,archive:amnd-winter-2002:junior-3:tango-netball-club-inc:none
matrics,amnd-winter-2002-junior-4,Matrics,,archive:amnd-winter-2002:junior-4:matrics:none
contax,amnd-winter-2002-junior-4,Contax,,archive:amnd-winter-2002:junior-4:contax:none
norwood-netball-club,amnd-winter-2002-junior-4,Newton Jaguars,,archive:amnd-winter-2002:junior-4:norwood-netball-club:none
garville,amnd-winter-2002-junior-4,Garville,,archive:amnd-winter-2002:junior-4:garville:none
woods-panthers,amnd-winter-2002-junior-4,Woods Panthers,1,archive:amnd-winter-2002:junior-4:woods-panthers:1
woods-panthers,amnd-winter-2002-junior-4,Woods Panthers,2,archive:amnd-winter-2002:junior-4:woods-panthers:2
harlequin,amnd-winter-2002-junior-4,Harlequin,,archive:amnd-winter-2002:junior-4:harlequin:none
glandore,amnd-winter-2002-junior-4,Glandore,,archive:amnd-winter-2002:junior-4:glandore:none
oakdale-netball-club-sa,amnd-winter-2002-junior-4,Oakdale,,archive:amnd-winter-2002:junior-4:oakdale-netball-club-sa:none
contax,amnd-winter-2002-junior-5,Contax,,archive:amnd-winter-2002:junior-5:contax:none
garville,amnd-winter-2002-junior-5,Garville,,archive:amnd-winter-2002:junior-5:garville:none
norwood-netball-club,amnd-winter-2002-junior-5,Newton Jaguars,,archive:amnd-winter-2002:junior-5:norwood-netball-club:none
michelangelo,amnd-winter-2002-junior-5,Michelangelo,,archive:amnd-winter-2002:junior-5:michelangelo:none
cheerio-netball-club,amnd-winter-2002-junior-5,Cheerio,,archive:amnd-winter-2002:junior-5:cheerio-netball-club:none
matrics,amnd-winter-2002-junior-5,Matrics,1,archive:amnd-winter-2002:junior-5:matrics:1
matrics,amnd-winter-2002-junior-5,Matrics,2,archive:amnd-winter-2002:junior-5:matrics:2
adelaide-cougars,amnd-winter-2002-junior-5,Cougars,,archive:amnd-winter-2002:junior-5:adelaide-cougars:none
oakdale-netball-club-sa,amnd-winter-2002-junior-5,Oakdale,,archive:amnd-winter-2002:junior-5:oakdale-netball-club-sa:none
contax,amnd-winter-2002-junior-6,Contax,,archive:amnd-winter-2002:junior-6:contax:none
norwood-netball-club,amnd-winter-2002-junior-6,Newton Jaguars,,archive:amnd-winter-2002:junior-6:norwood-netball-club:none
woods-panthers,amnd-winter-2002-junior-6,Woods Panthers,1,archive:amnd-winter-2002:junior-6:woods-panthers:1
metro-magic,amnd-winter-2002-junior-6,Metro Magic,,archive:amnd-winter-2002:junior-6:metro-magic:none
garville,amnd-winter-2002-junior-6,Garville,,archive:amnd-winter-2002:junior-6:garville:none
glandore,amnd-winter-2002-junior-6,Glandore,,archive:amnd-winter-2002:junior-6:glandore:none
clovelly-park,amnd-winter-2002-junior-6,Clovelly Park,,archive:amnd-winter-2002:junior-6:clovelly-park:none
cheerio-netball-club,amnd-winter-2002-junior-6,Cheerio,,archive:amnd-winter-2002:junior-6:cheerio-netball-club:none
woods-panthers,amnd-winter-2002-junior-6,Woods Panthers,2,archive:amnd-winter-2002:junior-6:woods-panthers:2
woods-panthers,amnd-winter-2002-primary-1,Woods Panthers,,archive:amnd-winter-2002:primary-1:woods-panthers:none
harlequin,amnd-winter-2002-primary-1,Harlequin,,archive:amnd-winter-2002:primary-1:harlequin:none
contax,amnd-winter-2002-primary-1,Contax,1,archive:amnd-winter-2002:primary-1:contax:1
garville,amnd-winter-2002-primary-1,Garville,,archive:amnd-winter-2002:primary-1:garville:none
oakdale-netball-club-sa,amnd-winter-2002-primary-1,Oakdale,,archive:amnd-winter-2002:primary-1:oakdale-netball-club-sa:none
adelaide-cougars,amnd-winter-2002-primary-1,Cougars,,archive:amnd-winter-2002:primary-1:adelaide-cougars:none
contax,amnd-winter-2002-primary-1,Contax,2,archive:amnd-winter-2002:primary-1:contax:2
matrics,amnd-winter-2002-primary-1,Matrics,,archive:amnd-winter-2002:primary-1:matrics:none
woods-panthers,amnd-winter-2002-primary-2,Woods Panthers,,archive:amnd-winter-2002:primary-2:woods-panthers:none
adelaide-cougars,amnd-winter-2002-primary-2,Cougars,,archive:amnd-winter-2002:primary-2:adelaide-cougars:none
norwood-netball-club,amnd-winter-2002-primary-2,Newton Jaguars,,archive:amnd-winter-2002:primary-2:norwood-netball-club:none
harlequin,amnd-winter-2002-primary-2,Harlequin,,archive:amnd-winter-2002:primary-2:harlequin:none
matrics,amnd-winter-2002-primary-2,Matrics,,archive:amnd-winter-2002:primary-2:matrics:none
garville,amnd-winter-2002-primary-2,Garville,,archive:amnd-winter-2002:primary-2:garville:none
contax,amnd-winter-2002-primary-2,Contax,,archive:amnd-winter-2002:primary-2:contax:none
oakdale-netball-club-sa,amnd-winter-2002-primary-2,Oakdale,,archive:amnd-winter-2002:primary-2:oakdale-netball-club-sa:none
garville,amnd-winter-2002-primary-3,Garville,1,archive:amnd-winter-2002:primary-3:garville:1
michelangelo,amnd-winter-2002-primary-3,Michelangelo,,archive:amnd-winter-2002:primary-3:michelangelo:none
garville,amnd-winter-2002-primary-3,Garville,2,archive:amnd-winter-2002:primary-3:garville:2
woods-panthers,amnd-winter-2002-primary-3,Woods Panthers,,archive:amnd-winter-2002:primary-3:woods-panthers:none
tango-netball-club-inc,amnd-winter-2002-primary-3,Tango,,archive:amnd-winter-2002:primary-3:tango-netball-club-inc:none
cheerio-netball-club,amnd-winter-2002-primary-3,Cheerio,,archive:amnd-winter-2002:primary-3:cheerio-netball-club:none
adelaide-cougars,amnd-winter-2002-primary-4,Cougars,,archive:amnd-winter-2002:primary-4:adelaide-cougars:none
glandore,amnd-winter-2002-primary-4,Glandore,,archive:amnd-winter-2002:primary-4:glandore:none
contax,amnd-winter-2002-primary-4,Contax,,archive:amnd-winter-2002:primary-4:contax:none
garville,amnd-winter-2002-primary-4,Garville,,archive:amnd-winter-2002:primary-4:garville:none
tango-netball-club-inc,amnd-winter-2002-primary-4,Tango,,archive:amnd-winter-2002:primary-4:tango-netball-club-inc:none
woods-panthers,amnd-winter-2002-primary-4,Woods Panthers,,archive:amnd-winter-2002:primary-4:woods-panthers:none
metro-magic,amnd-winter-2002-primary-5,Metro Magic,,archive:amnd-winter-2002:primary-5:metro-magic:none
oakdale-netball-club-sa,amnd-winter-2002-primary-5,Oakdale,,archive:amnd-winter-2002:primary-5:oakdale-netball-club-sa:none
norwood-netball-club,amnd-winter-2002-primary-5,Newton Jaguars,,archive:amnd-winter-2002:primary-5:norwood-netball-club:none
michelangelo,amnd-winter-2002-primary-5,Michelangelo,,archive:amnd-winter-2002:primary-5:michelangelo:none
matrics,amnd-winter-2002-primary-5,Matrics,,archive:amnd-winter-2002:primary-5:matrics:none
garville,amnd-winter-2002-primary-5,Garville,,archive:amnd-winter-2002:primary-5:garville:none
contax,amnd-winter-2002-sub-junior-1,Contax,,archive:amnd-winter-2002:sub-junior-1:contax:none
harlequin,amnd-winter-2002-sub-junior-1,Harlequin,,archive:amnd-winter-2002:sub-junior-1:harlequin:none
hallett-cove,amnd-winter-2002-sub-junior-1,Hallett Cove,,archive:amnd-winter-2002:sub-junior-1:hallett-cove:none
matrics,amnd-winter-2002-sub-junior-1,Matrics,,archive:amnd-winter-2002:sub-junior-1:matrics:none
woods-panthers,amnd-winter-2002-sub-junior-1,Woods Panthers,,archive:amnd-winter-2002:sub-junior-1:woods-panthers:none
norwood-netball-club,amnd-winter-2002-sub-junior-1,Newton Jaguars,,archive:amnd-winter-2002:sub-junior-1:norwood-netball-club:none
cheerio-netball-club,amnd-winter-2002-sub-junior-1,Cheerio,,archive:amnd-winter-2002:sub-junior-1:cheerio-netball-club:none
garville,amnd-winter-2002-sub-junior-1,Garville,,archive:amnd-winter-2002:sub-junior-1:garville:none
contax,amnd-winter-2002-sub-junior-2,Contax,2,archive:amnd-winter-2002:sub-junior-2:contax:2
contax,amnd-winter-2002-sub-junior-2,Contax,1,archive:amnd-winter-2002:sub-junior-2:contax:1
adelaide-cougars,amnd-winter-2002-sub-junior-2,Cougars,2,archive:amnd-winter-2002:sub-junior-2:adelaide-cougars:2
woods-panthers,amnd-winter-2002-sub-junior-2,Woods Panthers,1,archive:amnd-winter-2002:sub-junior-2:woods-panthers:1
woods-panthers,amnd-winter-2002-sub-junior-2,Woods Panthers,2,archive:amnd-winter-2002:sub-junior-2:woods-panthers:2
cheerio-netball-club,amnd-winter-2002-sub-junior-2,Cheerio,,archive:amnd-winter-2002:sub-junior-2:cheerio-netball-club:none
adelaide-cougars,amnd-winter-2002-sub-junior-2,Cougars,1,archive:amnd-winter-2002:sub-junior-2:adelaide-cougars:1
matrics,amnd-winter-2002-sub-junior-2,Matrics,,archive:amnd-winter-2002:sub-junior-2:matrics:none
harlequin,amnd-winter-2002-sub-junior-3,Harlequin,,archive:amnd-winter-2002:sub-junior-3:harlequin:none
contax,amnd-winter-2002-sub-junior-3,Contax,,archive:amnd-winter-2002:sub-junior-3:contax:none
tango-netball-club-inc,amnd-winter-2002-sub-junior-3,Tango,1,archive:amnd-winter-2002:sub-junior-3:tango-netball-club-inc:1
oakdale-netball-club-sa,amnd-winter-2002-sub-junior-3,Oakdale,,archive:amnd-winter-2002:sub-junior-3:oakdale-netball-club-sa:none
garville,amnd-winter-2002-sub-junior-3,Garville,,archive:amnd-winter-2002:sub-junior-3:garville:none
matrics,amnd-winter-2002-sub-junior-3,Matrics,,archive:amnd-winter-2002:sub-junior-3:matrics:none
norwood-netball-club,amnd-winter-2002-sub-junior-3,Newton Jaguars,,archive:amnd-winter-2002:sub-junior-3:norwood-netball-club:none
tango-netball-club-inc,amnd-winter-2002-sub-junior-3,Tango,2,archive:amnd-winter-2002:sub-junior-3:tango-netball-club-inc:2
contax,amnd-winter-2002-sub-junior-4,Contax,1,archive:amnd-winter-2002:sub-junior-4:contax:1
adelaide-cougars,amnd-winter-2002-sub-junior-4,Cougars,,archive:amnd-winter-2002:sub-junior-4:adelaide-cougars:none
contax,amnd-winter-2002-sub-junior-4,Contax,2,archive:amnd-winter-2002:sub-junior-4:contax:2
harlequin,amnd-winter-2002-sub-junior-4,Harlequin,,archive:amnd-winter-2002:sub-junior-4:harlequin:none
woods-panthers,amnd-winter-2002-sub-junior-4,Woods Panthers,,archive:amnd-winter-2002:sub-junior-4:woods-panthers:none
norwood-netball-club,amnd-winter-2002-sub-junior-4,Newton Jaguars,,archive:amnd-winter-2002:sub-junior-4:norwood-netball-club:none
oakdale-netball-club-sa,amnd-winter-2002-sub-junior-4,Oakdale,,archive:amnd-winter-2002:sub-junior-4:oakdale-netball-club-sa:none
garville,amnd-winter-2002-sub-junior-4,Garville,,archive:amnd-winter-2002:sub-junior-4:garville:none
woods-panthers,amnd-winter-2002-sub-junior-5,Woods Panthers,,archive:amnd-winter-2002:sub-junior-5:woods-panthers:none
norwood-netball-club,amnd-winter-2002-sub-junior-5,Newton Jaguars,,archive:amnd-winter-2002:sub-junior-5:norwood-netball-club:none
oakdale-netball-club-sa,amnd-winter-2002-sub-junior-5,Oakdale,,archive:amnd-winter-2002:sub-junior-5:oakdale-netball-club-sa:none
michelangelo,amnd-winter-2002-sub-junior-5,Michelangelo,,archive:amnd-winter-2002:sub-junior-5:michelangelo:none
cheerio-netball-club,amnd-winter-2002-sub-junior-5,Cheerio,,archive:amnd-winter-2002:sub-junior-5:cheerio-netball-club:none
garville,amnd-winter-2002-sub-junior-5,Garville,,archive:amnd-winter-2002:sub-junior-5:garville:none
metro-magic,amnd-winter-2002-sub-junior-5,M/Magic,,archive:amnd-winter-2002:sub-junior-5:metro-magic:none
matrics,amnd-winter-2002-sub-junior-5,Matrics,,archive:amnd-winter-2002:sub-junior-5:matrics:none
glandore,amnd-winter-2002-sub-junior-6,Glandore,,archive:amnd-winter-2002:sub-junior-6:glandore:none
contax,amnd-winter-2002-sub-junior-6,Contax,,archive:amnd-winter-2002:sub-junior-6:contax:none
adelaide-cougars,amnd-winter-2002-sub-junior-6,Cougars,,archive:amnd-winter-2002:sub-junior-6:adelaide-cougars:none
woods-panthers,amnd-winter-2002-sub-junior-6,Woods Panthers,2,archive:amnd-winter-2002:sub-junior-6:woods-panthers:2
oakdale-netball-club-sa,amnd-winter-2002-sub-junior-6,Oakdale,,archive:amnd-winter-2002:sub-junior-6:oakdale-netball-club-sa:none
panthers,amnd-winter-2002-sub-junior-6,Panthers,1,archive:amnd-winter-2002:sub-junior-6:panthers:1
garville,amnd-winter-2002-sub-junior-6,Garville,,archive:amnd-winter-2002:sub-junior-6:garville:none
metro-magic,amnd-winter-2002-sub-junior-6,Metro Magic,,archive:amnd-winter-2002:sub-junior-6:metro-magic:none
norwood-netball-club,amnd-winter-2002-sub-junior-7,Newton Jaguars,1,archive:amnd-winter-2002:sub-junior-7:norwood-netball-club:1
michelangelo,amnd-winter-2002-sub-junior-7,Michelangelo,,archive:amnd-winter-2002:sub-junior-7:michelangelo:none
woods-panthers,amnd-winter-2002-sub-junior-7,Woods Panthers,,archive:amnd-winter-2002:sub-junior-7:woods-panthers:none
adelaide-cougars,amnd-winter-2002-sub-junior-7,Cougars,,archive:amnd-winter-2002:sub-junior-7:adelaide-cougars:none
norwood-netball-club,amnd-winter-2002-sub-junior-7,Newton Jaguars,2,archive:amnd-winter-2002:sub-junior-7:norwood-netball-club:2
clovelly-park,amnd-winter-2002-sub-junior-7,Clovelly Park,,archive:amnd-winter-2002:sub-junior-7:clovelly-park:none
garville,amnd-winter-2002-sub-junior-7,Garville,,archive:amnd-winter-2002:sub-junior-7:garville:none
glandore,amnd-winter-2002-sub-junior-7,Glandore,,archive:amnd-winter-2002:sub-junior-7:glandore:none
matrics,amnd-winter-2003-amnd-league,Matrics,,archive:amnd-winter-2003:amnd-league:matrics:none
glandore,amnd-winter-2003-amnd-league,Glandore,,archive:amnd-winter-2003:amnd-league:glandore:none
contax,amnd-winter-2003-amnd-league,Contax,,archive:amnd-winter-2003:amnd-league:contax:none
garville,amnd-winter-2003-amnd-league,Garville,,archive:amnd-winter-2003:amnd-league:garville:none
woods-panthers,amnd-winter-2003-amnd-league,Woods Panthers,,archive:amnd-winter-2003:amnd-league:woods-panthers:none
oakdale-netball-club-sa,amnd-winter-2003-amnd-league,Oakdale,,archive:amnd-winter-2003:amnd-league:oakdale-netball-club-sa:none
adelaide-cougars,amnd-winter-2003-amnd-league,Adelaide Cougars,,archive:amnd-winter-2003:amnd-league:adelaide-cougars:none
cheerio-netball-club,amnd-winter-2003-amnd-league,Cheerio,,archive:amnd-winter-2003:amnd-league:cheerio-netball-club:none
norwood-netball-club,amnd-winter-2003-amnd-league,Newton Jaguars,,archive:amnd-winter-2003:amnd-league:norwood-netball-club:none
tango-netball-club-inc,amnd-winter-2003-amnd-league,Tango,,archive:amnd-winter-2003:amnd-league:tango-netball-club-inc:none
harlequin,amnd-winter-2003-a-grade,Harlequin,,archive:amnd-winter-2003:a-grade:harlequin:none
adelaide-cougars,amnd-winter-2003-a-grade,Adelaide Cougars,,archive:amnd-winter-2003:a-grade:adelaide-cougars:none
garville,amnd-winter-2003-a-grade,Garville,,archive:amnd-winter-2003:a-grade:garville:none
norwood-netball-club,amnd-winter-2003-a-grade,Newton Jaguars,,archive:amnd-winter-2003:a-grade:norwood-netball-club:none
matrics,amnd-winter-2003-a-grade,Matrics,,archive:amnd-winter-2003:a-grade:matrics:none
contax,amnd-winter-2003-a-grade,Contax,,archive:amnd-winter-2003:a-grade:contax:none
cheerio-netball-club,amnd-winter-2003-a-grade,Cheerio,,archive:amnd-winter-2003:a-grade:cheerio-netball-club:none
woods-panthers,amnd-winter-2003-a-grade,Woods Panthers,,archive:amnd-winter-2003:a-grade:woods-panthers:none
tango-netball-club-inc,amnd-winter-2003-a-grade,Tango,,archive:amnd-winter-2003:a-grade:tango-netball-club-inc:none
oakdale-netball-club-sa,amnd-winter-2003-a-grade,Oakdale,,archive:amnd-winter-2003:a-grade:oakdale-netball-club-sa:none
contax,amnd-winter-2003-b-1,Contax,,archive:amnd-winter-2003:b-1:contax:none
metro-magic,amnd-winter-2003-b-1,Metro Magic,,archive:amnd-winter-2003:b-1:metro-magic:none
harlequin,amnd-winter-2003-b-1,Harlequin,,archive:amnd-winter-2003:b-1:harlequin:none
pembroke-o-s,amnd-winter-2003-b-1,Pembroke,,archive:amnd-winter-2003:b-1:pembroke-o-s:none
sacred-heart-o-c,amnd-winter-2003-b-1,Sacred Heart O.C.,,archive:amnd-winter-2003:b-1:sacred-heart-o-c:none
adelaide-university,amnd-winter-2003-b-1,Adelaide University,,archive:amnd-winter-2003:b-1:adelaide-university:none
garville,amnd-winter-2003-b-1,Garville,,archive:amnd-winter-2003:b-1:garville:none
oakdale-netball-club-sa,amnd-winter-2003-b-1,Oakdale,,archive:amnd-winter-2003:b-1:oakdale-netball-club-sa:none
woods-panthers,amnd-winter-2003-b-1,Woods Panthers,,archive:amnd-winter-2003:b-1:woods-panthers:none
cheerio-netball-club,amnd-winter-2003-b-1,Cheerio,,archive:amnd-winter-2003:b-1:cheerio-netball-club:none
fielders-flames,amnd-winter-2003-b-2,Fielders,,archive:amnd-winter-2003:b-2:fielders-flames:none
city-coasters,amnd-winter-2003-b-2,City Coasters,,archive:amnd-winter-2003:b-2:city-coasters:none
contax,amnd-winter-2003-b-2,Contax,,archive:amnd-winter-2003:b-2:contax:none
metro-magic,amnd-winter-2003-b-2,Metro Magic,,archive:amnd-winter-2003:b-2:metro-magic:none
clovelly-park,amnd-winter-2003-b-2,Clovelly Park,,archive:amnd-winter-2003:b-2:clovelly-park:none
glandore,amnd-winter-2003-b-2,Glandore,,archive:amnd-winter-2003:b-2:glandore:none
adelaide-cougars,amnd-winter-2003-b-2,Adelaide Cougars,,archive:amnd-winter-2003:b-2:adelaide-cougars:none
matrics,amnd-winter-2003-b-2,Matrics,,archive:amnd-winter-2003:b-2:matrics:none
cheerio-netball-club,amnd-winter-2003-b-2,Cheerio,,archive:amnd-winter-2003:b-2:cheerio-netball-club:none
harlequin,amnd-winter-2003-b-2,Harlequin,,archive:amnd-winter-2003:b-2:harlequin:none
michelangelo,amnd-winter-2003-b-3,Michelangelo,,archive:amnd-winter-2003:b-3:michelangelo:none
adelaide-university,amnd-winter-2003-b-3,Adelaide University,,archive:amnd-winter-2003:b-3:adelaide-university:none
contax,amnd-winter-2003-b-3,Contax,,archive:amnd-winter-2003:b-3:contax:none
city-coasters,amnd-winter-2003-b-3,City Coasters,,archive:amnd-winter-2003:b-3:city-coasters:none
cheerio-netball-club,amnd-winter-2003-b-3,Cheerio,,archive:amnd-winter-2003:b-3:cheerio-netball-club:none
pembroke-o-s,amnd-winter-2003-b-3,Pembroke,,archive:amnd-winter-2003:b-3:pembroke-o-s:none
adelaide-cougars,amnd-winter-2003-b-3,Adelaide Cougars,,archive:amnd-winter-2003:b-3:adelaide-cougars:none
sacred-heart-o-c,amnd-winter-2003-b-3,Sacred Heart O.C.,,archive:amnd-winter-2003:b-3:sacred-heart-o-c:none
norwood-netball-club,amnd-winter-2003-b-3,Newton Jaguars,,archive:amnd-winter-2003:b-3:norwood-netball-club:none
garville,amnd-winter-2003-b-3,Garville,,archive:amnd-winter-2003:b-3:garville:none
flinders-university,amnd-winter-2003-b-4,Flinders University,,archive:amnd-winter-2003:b-4:flinders-university:none
cove-lightning,amnd-winter-2003-b-4,Cove Lightning,,archive:amnd-winter-2003:b-4:cove-lightning:none
contax,amnd-winter-2003-b-4,Contax,,archive:amnd-winter-2003:b-4:contax:none
adelaide-university,amnd-winter-2003-b-4,Adelaide University,,archive:amnd-winter-2003:b-4:adelaide-university:none
harlequin,amnd-winter-2003-b-4,Harlequin,,archive:amnd-winter-2003:b-4:harlequin:none
matrics,amnd-winter-2003-b-4,Matrics,,archive:amnd-winter-2003:b-4:matrics:none
woods-panthers,amnd-winter-2003-b-4,Woods Panthers,,archive:amnd-winter-2003:b-4:woods-panthers:none
tango-netball-club-inc,amnd-winter-2003-b-4,Tango,,archive:amnd-winter-2003:b-4:tango-netball-club-inc:none
oakdale-netball-club-sa,amnd-winter-2003-b-4,Oakdale,,archive:amnd-winter-2003:b-4:oakdale-netball-club-sa:none
cheerio-netball-club,amnd-winter-2003-b-4,Cheerio,,archive:amnd-winter-2003:b-4:cheerio-netball-club:none
westminster-o-s,amnd-winter-2003-c-1,Westminster O.S.,,archive:amnd-winter-2003:c-1:westminster-o-s:none
glandore,amnd-winter-2003-c-1,Glandore,,archive:amnd-winter-2003:c-1:glandore:none
adelaide-university,amnd-winter-2003-c-1,Adelaide University,,archive:amnd-winter-2003:c-1:adelaide-university:none
clovelly-park,amnd-winter-2003-c-1,Clovelly Park,,archive:amnd-winter-2003:c-1:clovelly-park:none
michelangelo,amnd-winter-2003-c-1,Michelangelo,,archive:amnd-winter-2003:c-1:michelangelo:none
contax,amnd-winter-2003-c-1,Contax,,archive:amnd-winter-2003:c-1:contax:none
pembroke-o-s,amnd-winter-2003-c-1,Pembroke,,archive:amnd-winter-2003:c-1:pembroke-o-s:none
garville,amnd-winter-2003-c-1,Garville,,archive:amnd-winter-2003:c-1:garville:none
city-coasters,amnd-winter-2003-c-1,City Coasters,,archive:amnd-winter-2003:c-1:city-coasters:none
metro-magic,amnd-winter-2003-c-1,Metro Magic,,archive:amnd-winter-2003:c-1:metro-magic:none
matrics,amnd-winter-2003-c-2,Matrics,,archive:amnd-winter-2003:c-2:matrics:none
contax,amnd-winter-2003-c-2,Contax,,archive:amnd-winter-2003:c-2:contax:none
adelaide-cougars,amnd-winter-2003-c-2,Adelaide Cougars,,archive:amnd-winter-2003:c-2:adelaide-cougars:none
michelangelo,amnd-winter-2003-c-2,Michelangelo,,archive:amnd-winter-2003:c-2:michelangelo:none
flinders-university,amnd-winter-2003-c-2,Flinders University,,archive:amnd-winter-2003:c-2:flinders-university:none
adelaide-university,amnd-winter-2003-c-2,Adelaide University,,archive:amnd-winter-2003:c-2:adelaide-university:none
city-coasters,amnd-winter-2003-c-2,City Coasters,,archive:amnd-winter-2003:c-2:city-coasters:none
clovelly-park,amnd-winter-2003-c-2,Clovelly Park,,archive:amnd-winter-2003:c-2:clovelly-park:none
semaphore,amnd-winter-2003-c-3,Semaphore,,archive:amnd-winter-2003:c-3:semaphore:none
woods-panthers,amnd-winter-2003-c-3,Woods Panthers,,archive:amnd-winter-2003:c-3:woods-panthers:none
adelaide-university,amnd-winter-2003-c-3,Adelaide University,,archive:amnd-winter-2003:c-3:adelaide-university:none
glandore,amnd-winter-2003-c-3,Glandore,,archive:amnd-winter-2003:c-3:glandore:none
matrics,amnd-winter-2003-c-3,Matrics,,archive:amnd-winter-2003:c-3:matrics:none
sacred-heart-o-c,amnd-winter-2003-c-3,Sacred Heart O.C.,,archive:amnd-winter-2003:c-3:sacred-heart-o-c:none
clovelly-park,amnd-winter-2003-c-3,Clovelly Park,,archive:amnd-winter-2003:c-3:clovelly-park:none
pembroke-o-s,amnd-winter-2003-c-3,Pembroke,,archive:amnd-winter-2003:c-3:pembroke-o-s:none
westminster-o-s,amnd-winter-2003-c-4,Westminster O.S.,,archive:amnd-winter-2003:c-4:westminster-o-s:none
sacred-heart-o-c,amnd-winter-2003-c-4,Sacred Heart O.C.,,archive:amnd-winter-2003:c-4:sacred-heart-o-c:none
michelangelo,amnd-winter-2003-c-4,Michelangelo,,archive:amnd-winter-2003:c-4:michelangelo:none
flinders-university,amnd-winter-2003-c-4,Flinders University,,archive:amnd-winter-2003:c-4:flinders-university:none
city-coasters,amnd-winter-2003-c-4,City Coasters,,archive:amnd-winter-2003:c-4:city-coasters:none
pembroke-o-s,amnd-winter-2003-c-4,Pembroke,,archive:amnd-winter-2003:c-4:pembroke-o-s:none
adelaide-university,amnd-winter-2003-c-4,Adelaide University,,archive:amnd-winter-2003:c-4:adelaide-university:none
matrics,amnd-winter-2003-h-grade,Matrics,,archive:amnd-winter-2003:h-grade:matrics:none
norwood-netball-club,amnd-winter-2003-h-grade,Jaguars,,archive:amnd-winter-2003:h-grade:norwood-netball-club:none
oakdale-netball-club-sa,amnd-winter-2003-h-grade,Phoenix,,archive:amnd-winter-2003:h-grade:oakdale-netball-club-sa:none
cardijn-cats,amnd-winter-2003-h-grade,Cardijn Cats,,archive:amnd-winter-2003:h-grade:cardijn-cats:none
panthers,amnd-winter-2003-h-grade,Panthers,,archive:amnd-winter-2003:h-grade:panthers:none
kilburn-knights,amnd-winter-2003-h-grade,Kilburn Knights,,archive:amnd-winter-2003:h-grade:kilburn-knights:none
woods-panthers,amnd-winter-2003-h-grade,Woodspanthers,,archive:amnd-winter-2003:h-grade:woods-panthers:none
harlequin,amnd-winter-2003-inter-1,Harlequin,,archive:amnd-winter-2003:inter-1:harlequin:none
matrics,amnd-winter-2003-inter-1,Matrics,,archive:amnd-winter-2003:inter-1:matrics:none
woods-panthers,amnd-winter-2003-inter-1,Woods Panthers,,archive:amnd-winter-2003:inter-1:woods-panthers:none
tango-netball-club-inc,amnd-winter-2003-inter-1,Tango,,archive:amnd-winter-2003:inter-1:tango-netball-club-inc:none
garville,amnd-winter-2003-inter-1,Garville,,archive:amnd-winter-2003:inter-1:garville:none
contax,amnd-winter-2003-inter-1,Contax,1,archive:amnd-winter-2003:inter-1:contax:1
contax,amnd-winter-2003-inter-1,Contax,2,archive:amnd-winter-2003:inter-1:contax:2
norwood-netball-club,amnd-winter-2003-inter-1,Newton Jaguars,,archive:amnd-winter-2003:inter-1:norwood-netball-club:none
cheerio-netball-club,amnd-winter-2003-inter-1,Cheerio,,archive:amnd-winter-2003:inter-1:cheerio-netball-club:none
oakdale-netball-club-sa,amnd-winter-2003-inter-1,Oakdale,,archive:amnd-winter-2003:inter-1:oakdale-netball-club-sa:none
woods-panthers,amnd-winter-2003-inter-2,Woods Panthers,,archive:amnd-winter-2003:inter-2:woods-panthers:none
matrics,amnd-winter-2003-inter-2,Matrics,,archive:amnd-winter-2003:inter-2:matrics:none
adelaide-cougars,amnd-winter-2003-inter-2,Adelaide Cougars,1,archive:amnd-winter-2003:inter-2:adelaide-cougars:1
garville,amnd-winter-2003-inter-2,Garville,,archive:amnd-winter-2003:inter-2:garville:none
contax,amnd-winter-2003-inter-2,Contax,,archive:amnd-winter-2003:inter-2:contax:none
adelaide-cougars,amnd-winter-2003-inter-2,Adelaide Cougars,2,archive:amnd-winter-2003:inter-2:adelaide-cougars:2
harlequin,amnd-winter-2003-inter-2,Harlequin,,archive:amnd-winter-2003:inter-2:harlequin:none
tango-netball-club-inc,amnd-winter-2003-inter-2,Tango,,archive:amnd-winter-2003:inter-2:tango-netball-club-inc:none
contax,amnd-winter-2003-inter-3,Contax,,archive:amnd-winter-2003:inter-3:contax:none
norwood-netball-club,amnd-winter-2003-inter-3,Newton Jaguars,,archive:amnd-winter-2003:inter-3:norwood-netball-club:none
adelaide-cougars,amnd-winter-2003-inter-3,Adelaide Cougars,,archive:amnd-winter-2003:inter-3:adelaide-cougars:none
harlequin,amnd-winter-2003-inter-3,Harlequin,,archive:amnd-winter-2003:inter-3:harlequin:none
matrics,amnd-winter-2003-inter-3,Matrics,,archive:amnd-winter-2003:inter-3:matrics:none
garville,amnd-winter-2003-inter-3,Garville,,archive:amnd-winter-2003:inter-3:garville:none
cheerio-netball-club,amnd-winter-2003-inter-3,Cheerio,,archive:amnd-winter-2003:inter-3:cheerio-netball-club:none
oakdale-netball-club-sa,amnd-winter-2003-inter-3,Oakdale,,archive:amnd-winter-2003:inter-3:oakdale-netball-club-sa:none
cheerio-netball-club,amnd-winter-2003-inter-4,Cheerio,,archive:amnd-winter-2003:inter-4:cheerio-netball-club:none
matrics,amnd-winter-2003-inter-4,Matrics,,archive:amnd-winter-2003:inter-4:matrics:none
woods-panthers,amnd-winter-2003-inter-4,Woods Panthers,,archive:amnd-winter-2003:inter-4:woods-panthers:none
norwood-netball-club,amnd-winter-2003-inter-4,Newton Jaguars,,archive:amnd-winter-2003:inter-4:norwood-netball-club:none
contax,amnd-winter-2003-inter-4,Contax,,archive:amnd-winter-2003:inter-4:contax:none
adelaide-cougars,amnd-winter-2003-inter-4,Adelaide Cougars,,archive:amnd-winter-2003:inter-4:adelaide-cougars:none
oakdale-netball-club-sa,amnd-winter-2003-inter-4,Oakdale,,archive:amnd-winter-2003:inter-4:oakdale-netball-club-sa:none
garville,amnd-winter-2003-inter-4,Garville,,archive:amnd-winter-2003:inter-4:garville:none
woods-panthers,amnd-winter-2003-inter-5,Woods Panthers,,archive:amnd-winter-2003:inter-5:woods-panthers:none
norwood-netball-club,amnd-winter-2003-inter-5,Newton Jaguars,,archive:amnd-winter-2003:inter-5:norwood-netball-club:none
glandore,amnd-winter-2003-inter-5,Glandore,,archive:amnd-winter-2003:inter-5:glandore:none
matrics,amnd-winter-2003-inter-5,Matrics,,archive:amnd-winter-2003:inter-5:matrics:none
michelangelo,amnd-winter-2003-inter-5,Michelangelo,,archive:amnd-winter-2003:inter-5:michelangelo:none
cheerio-netball-club,amnd-winter-2003-inter-5,Cheerio,,archive:amnd-winter-2003:inter-5:cheerio-netball-club:none
garville,amnd-winter-2003-junior-1,Garville,,archive:amnd-winter-2003:junior-1:garville:none
harlequin,amnd-winter-2003-junior-1,Harlequin,1,archive:amnd-winter-2003:junior-1:harlequin:1
cheerio-netball-club,amnd-winter-2003-junior-1,Cheerio,,archive:amnd-winter-2003:junior-1:cheerio-netball-club:none
tango-netball-club-inc,amnd-winter-2003-junior-1,Tango,,archive:amnd-winter-2003:junior-1:tango-netball-club-inc:none
harlequin,amnd-winter-2003-junior-1,Harlequin,2,archive:amnd-winter-2003:junior-1:harlequin:2
woods-panthers,amnd-winter-2003-junior-1,Woods Panthers,,archive:amnd-winter-2003:junior-1:woods-panthers:none
contax,amnd-winter-2003-junior-1,Contax,,archive:amnd-winter-2003:junior-1:contax:none
matrics,amnd-winter-2003-junior-1,Matrics,,archive:amnd-winter-2003:junior-1:matrics:none
adelaide-cougars,amnd-winter-2003-junior-1,Adelaide Cougars,,archive:amnd-winter-2003:junior-1:adelaide-cougars:none
norwood-netball-club,amnd-winter-2003-junior-1,Newton Jaguars,,archive:amnd-winter-2003:junior-1:norwood-netball-club:none
contax,amnd-winter-2003-junior-2,Contax,1,archive:amnd-winter-2003:junior-2:contax:1
matrics,amnd-winter-2003-junior-2,Matrics,,archive:amnd-winter-2003:junior-2:matrics:none
garville,amnd-winter-2003-junior-2,Garville,,archive:amnd-winter-2003:junior-2:garville:none
harlequin,amnd-winter-2003-junior-2,Harlequin,,archive:amnd-winter-2003:junior-2:harlequin:none
oakdale-netball-club-sa,amnd-winter-2003-junior-2,Oakdale,,archive:amnd-winter-2003:junior-2:oakdale-netball-club-sa:none
woods-panthers,amnd-winter-2003-junior-2,Woods Panthers,,archive:amnd-winter-2003:junior-2:woods-panthers:none
cheerio-netball-club,amnd-winter-2003-junior-2,Cheerio,,archive:amnd-winter-2003:junior-2:cheerio-netball-club:none
contax,amnd-winter-2003-junior-2,Contax,2,archive:amnd-winter-2003:junior-2:contax:2
tango-netball-club-inc,amnd-winter-2003-junior-2,Tango,,archive:amnd-winter-2003:junior-2:tango-netball-club-inc:none
norwood-netball-club,amnd-winter-2003-junior-2,Newton Jaguars,,archive:amnd-winter-2003:junior-2:norwood-netball-club:none
contax,amnd-winter-2003-junior-3,Contax,,archive:amnd-winter-2003:junior-3:contax:none
garville,amnd-winter-2003-junior-3,Garville,1,archive:amnd-winter-2003:junior-3:garville:1
garville,amnd-winter-2003-junior-3,Garville,2,archive:amnd-winter-2003:junior-3:garville:2
oakdale-netball-club-sa,amnd-winter-2003-junior-3,Oakdale,,archive:amnd-winter-2003:junior-3:oakdale-netball-club-sa:none
northeast-zodiac,amnd-winter-2003-junior-3,Northeast Zodiacs,,archive:amnd-winter-2003:junior-3:northeast-zodiac:none
metro-magic,amnd-winter-2003-junior-3,Meto Magic,,archive:amnd-winter-2003:junior-3:metro-magic:none
matrics,amnd-winter-2003-junior-3,Matrics,,archive:amnd-winter-2003:junior-3:matrics:none
adelaide-cougars,amnd-winter-2003-junior-3,Adelaide Cougars,2,archive:amnd-winter-2003:junior-3:adelaide-cougars:2
adelaide-cougars,amnd-winter-2003-junior-3,Adelaide Cougars,1,archive:amnd-winter-2003:junior-3:adelaide-cougars:1
woods-panthers,amnd-winter-2003-junior-3,Woods Panthers,,archive:amnd-winter-2003:junior-3:woods-panthers:none
cheerio-netball-club,amnd-winter-2003-junior-4,Cheerio,,archive:amnd-winter-2003:junior-4:cheerio-netball-club:none
garville,amnd-winter-2003-junior-4,Garville,,archive:amnd-winter-2003:junior-4:garville:none
harlequin,amnd-winter-2003-junior-4,Harlequin,,archive:amnd-winter-2003:junior-4:harlequin:none
contax,amnd-winter-2003-junior-4,Contax,,archive:amnd-winter-2003:junior-4:contax:none
woods-panthers,amnd-winter-2003-junior-4,Woods Panthers,,archive:amnd-winter-2003:junior-4:woods-panthers:none
michelangelo,amnd-winter-2003-junior-4,Michelangelo,,archive:amnd-winter-2003:junior-4:michelangelo:none
tango-netball-club-inc,amnd-winter-2003-junior-4,Tango,,archive:amnd-winter-2003:junior-4:tango-netball-club-inc:none
norwood-netball-club,amnd-winter-2003-junior-4,Newton Jaguars,,archive:amnd-winter-2003:junior-4:norwood-netball-club:none
matrics,amnd-winter-2003-junior-4,Matrics,,archive:amnd-winter-2003:junior-4:matrics:none
semaphore,amnd-winter-2003-junior-4,Semaphore,,archive:amnd-winter-2003:junior-4:semaphore:none
clovelly-park,amnd-winter-2003-junior-5,Clovelly Park,,archive:amnd-winter-2003:junior-5:clovelly-park:none
norwood-netball-club,amnd-winter-2003-junior-5,Newton Jaguars,,archive:amnd-winter-2003:junior-5:norwood-netball-club:none
contax,amnd-winter-2003-junior-5,Contax,1,archive:amnd-winter-2003:junior-5:contax:1
matrics,amnd-winter-2003-junior-5,Matrics,,archive:amnd-winter-2003:junior-5:matrics:none
adelaide-cougars,amnd-winter-2003-junior-5,Adelaide Cougars,,archive:amnd-winter-2003:junior-5:adelaide-cougars:none
woods-panthers,amnd-winter-2003-junior-5,Woods Panthers,,archive:amnd-winter-2003:junior-5:woods-panthers:none
contax,amnd-winter-2003-junior-5,Contax,2,archive:amnd-winter-2003:junior-5:contax:2
glandore,amnd-winter-2003-junior-5,Glandore,,archive:amnd-winter-2003:junior-5:glandore:none
garville,amnd-winter-2003-junior-5,Garville,,archive:amnd-winter-2003:junior-5:garville:none
cheerio-netball-club,amnd-winter-2003-junior-5,Cheerio,,archive:amnd-winter-2003:junior-5:cheerio-netball-club:none
adelaide-cougars,amnd-winter-2003-junior-6,Adelaide Cougars,,archive:amnd-winter-2003:junior-6:adelaide-cougars:none
cheerio-netball-club,amnd-winter-2003-junior-6,Cheerio,,archive:amnd-winter-2003:junior-6:cheerio-netball-club:none
woods-panthers,amnd-winter-2003-junior-6,Woods Panthers,,archive:amnd-winter-2003:junior-6:woods-panthers:none
matrics,amnd-winter-2003-junior-6,Matrics,,archive:amnd-winter-2003:junior-6:matrics:none
garville,amnd-winter-2003-junior-6,Garville,,archive:amnd-winter-2003:junior-6:garville:none
metro-magic,amnd-winter-2003-junior-6,Metro Magic,,archive:amnd-winter-2003:junior-6:metro-magic:none
oakdale-netball-club-sa,amnd-winter-2003-junior-6,Oakdale,,archive:amnd-winter-2003:junior-6:oakdale-netball-club-sa:none
norwood-netball-club,amnd-winter-2003-junior-6,Newton Jaguars,,archive:amnd-winter-2003:junior-6:norwood-netball-club:none
michelangelo,amnd-winter-2003-junior-6,Michelangelo,,archive:amnd-winter-2003:junior-6:michelangelo:none
clovelly-park,amnd-winter-2003-junior-6,Clovelly Park,,archive:amnd-winter-2003:junior-6:clovelly-park:none
harlequin,amnd-winter-2003-primary-1,Harlequin,,archive:amnd-winter-2003:primary-1:harlequin:none
garville,amnd-winter-2003-primary-1,Garville,,archive:amnd-winter-2003:primary-1:garville:none
adelaide-cougars,amnd-winter-2003-primary-1,Adelaide Cougars,,archive:amnd-winter-2003:primary-1:adelaide-cougars:none
contax,amnd-winter-2003-primary-1,Contax,,archive:amnd-winter-2003:primary-1:contax:none
tango-netball-club-inc,amnd-winter-2003-primary-1,Tango,,archive:amnd-winter-2003:primary-1:tango-netball-club-inc:none
matrics,amnd-winter-2003-primary-1,Matrics,,archive:amnd-winter-2003:primary-1:matrics:none
woods-panthers,amnd-winter-2003-primary-2,Woods Panthers,,archive:amnd-winter-2003:primary-2:woods-panthers:none
harlequin,amnd-winter-2003-primary-2,Harlequin,,archive:amnd-winter-2003:primary-2:harlequin:none
michelangelo,amnd-winter-2003-primary-2,Michelangelo,1,archive:amnd-winter-2003:primary-2:michelangelo:1
michelangelo,amnd-winter-2003-primary-2,Michelangelo,2,archive:amnd-winter-2003:primary-2:michelangelo:2
contax,amnd-winter-2003-primary-2,Contax,,archive:amnd-winter-2003:primary-2:contax:none
oakdale-netball-club-sa,amnd-winter-2003-primary-2,Oakdale,,archive:amnd-winter-2003:primary-2:oakdale-netball-club-sa:none
tango-netball-club-inc,amnd-winter-2003-primary-3,Tango,,archive:amnd-winter-2003:primary-3:tango-netball-club-inc:none
woods-panthers,amnd-winter-2003-primary-3,Woods Panthers,,archive:amnd-winter-2003:primary-3:woods-panthers:none
garville,amnd-winter-2003-primary-3,Garville,,archive:amnd-winter-2003:primary-3:garville:none
adelaide-cougars,amnd-winter-2003-primary-3,Adelaide Cougars,,archive:amnd-winter-2003:primary-3:adelaide-cougars:none
norwood-netball-club,amnd-winter-2003-primary-3,Newton Jaguars,,archive:amnd-winter-2003:primary-3:norwood-netball-club:none
matrics,amnd-winter-2003-primary-3,Matrics,,archive:amnd-winter-2003:primary-3:matrics:none
cheerio-netball-club,amnd-winter-2003-primary-4,Cheerio,,archive:amnd-winter-2003:primary-4:cheerio-netball-club:none
metro-magic,amnd-winter-2003-primary-4,Metro Magic,,archive:amnd-winter-2003:primary-4:metro-magic:none
oakdale-netball-club-sa,amnd-winter-2003-primary-4,Oakdale,,archive:amnd-winter-2003:primary-4:oakdale-netball-club-sa:none
garville,amnd-winter-2003-primary-4,Garville,,archive:amnd-winter-2003:primary-4:garville:none
matrics,amnd-winter-2003-primary-4,Matrics,,archive:amnd-winter-2003:primary-4:matrics:none
contax,amnd-winter-2003-primary-4,Contax,,archive:amnd-winter-2003:primary-4:contax:none
norwood-netball-club,amnd-winter-2003-primary-5,Newton Jaguars,,archive:amnd-winter-2003:primary-5:norwood-netball-club:none
adelaide-cougars,amnd-winter-2003-primary-5,Adelaide Cougars,,archive:amnd-winter-2003:primary-5:adelaide-cougars:none
michelangelo,amnd-winter-2003-primary-5,Michelangelo,,archive:amnd-winter-2003:primary-5:michelangelo:none
woods-panthers,amnd-winter-2003-primary-5,Woods Panthers,,archive:amnd-winter-2003:primary-5:woods-panthers:none
garville,amnd-winter-2003-primary-5,Garville,,archive:amnd-winter-2003:primary-5:garville:none
oakdale-netball-club-sa,amnd-winter-2003-primary-5,Oakdale,,archive:amnd-winter-2003:primary-5:oakdale-netball-club-sa:none
metro-magic,amnd-winter-2003-primary-6,Metro Magic,,archive:amnd-winter-2003:primary-6:metro-magic:none
garville,amnd-winter-2003-primary-6,Garville,2,archive:amnd-winter-2003:primary-6:garville:2
adelaide-cougars,amnd-winter-2003-primary-6,Adelaide Cougars,,archive:amnd-winter-2003:primary-6:adelaide-cougars:none
cheerio-netball-club,amnd-winter-2003-primary-6,Cheerio,,archive:amnd-winter-2003:primary-6:cheerio-netball-club:none
garville,amnd-winter-2003-primary-6,Garville,1,archive:amnd-winter-2003:primary-6:garville:1
michelangelo,amnd-winter-2003-primary-6,Michelangelo,,archive:amnd-winter-2003:primary-6:michelangelo:none
contax,amnd-winter-2003-sub-junior-1,Contax,1,archive:amnd-winter-2003:sub-junior-1:contax:1
harlequin,amnd-winter-2003-sub-junior-1,Harlequin,,archive:amnd-winter-2003:sub-junior-1:harlequin:none
contax,amnd-winter-2003-sub-junior-1,Contax,2,archive:amnd-winter-2003:sub-junior-1:contax:2
woods-panthers,amnd-winter-2003-sub-junior-1,Woods Panthers,,archive:amnd-winter-2003:sub-junior-1:woods-panthers:none
matrics,amnd-winter-2003-sub-junior-1,Matrics,,archive:amnd-winter-2003:sub-junior-1:matrics:none
tango-netball-club-inc,amnd-winter-2003-sub-junior-1,Tango,,archive:amnd-winter-2003:sub-junior-1:tango-netball-club-inc:none
oakdale-netball-club-sa,amnd-winter-2003-sub-junior-1,Oakdale,,archive:amnd-winter-2003:sub-junior-1:oakdale-netball-club-sa:none
garville,amnd-winter-2003-sub-junior-1,Garville,,archive:amnd-winter-2003:sub-junior-1:garville:none
harlequin,amnd-winter-2003-sub-junior-2,Harlequin,,archive:amnd-winter-2003:sub-junior-2:harlequin:none
contax,amnd-winter-2003-sub-junior-2,Contax,,archive:amnd-winter-2003:sub-junior-2:contax:none
norwood-netball-club,amnd-winter-2003-sub-junior-2,Newton Jaguars,,archive:amnd-winter-2003:sub-junior-2:norwood-netball-club:none
woods-panthers,amnd-winter-2003-sub-junior-2,Woods Panthers,,archive:amnd-winter-2003:sub-junior-2:woods-panthers:none
adelaide-cougars,amnd-winter-2003-sub-junior-2,Adelaide Cougars,,archive:amnd-winter-2003:sub-junior-2:adelaide-cougars:none
garville,amnd-winter-2003-sub-junior-2,Garville,,archive:amnd-winter-2003:sub-junior-2:garville:none
matrics,amnd-winter-2003-sub-junior-2,Matrics,,archive:amnd-winter-2003:sub-junior-2:matrics:none
oakdale-netball-club-sa,amnd-winter-2003-sub-junior-2,Oakdale,,archive:amnd-winter-2003:sub-junior-2:oakdale-netball-club-sa:none
woods-panthers,amnd-winter-2003-sub-junior-3,Woods Panthers,,archive:amnd-winter-2003:sub-junior-3:woods-panthers:none
michelangelo,amnd-winter-2003-sub-junior-3,Michelangelo,,archive:amnd-winter-2003:sub-junior-3:michelangelo:none
adelaide-cougars,amnd-winter-2003-sub-junior-3,Adelaide Cougars,,archive:amnd-winter-2003:sub-junior-3:adelaide-cougars:none
norwood-netball-club,amnd-winter-2003-sub-junior-3,Newton Jaguars,2,archive:amnd-winter-2003:sub-junior-3:norwood-netball-club:2
harlequin,amnd-winter-2003-sub-junior-3,Harlequin,,archive:amnd-winter-2003:sub-junior-3:harlequin:none
norwood-netball-club,amnd-winter-2003-sub-junior-3,Newton Jaguars,1,archive:amnd-winter-2003:sub-junior-3:norwood-netball-club:1
garville,amnd-winter-2003-sub-junior-3,Garville,,archive:amnd-winter-2003:sub-junior-3:garville:none
metro-magic,amnd-winter-2003-sub-junior-3,Metro Magic,,archive:amnd-winter-2003:sub-junior-3:metro-magic:none
norwood-netball-club,amnd-winter-2003-sub-junior-4,Newton Jaguars,,archive:amnd-winter-2003:sub-junior-4:norwood-netball-club:none
contax,amnd-winter-2003-sub-junior-4,Contax,,archive:amnd-winter-2003:sub-junior-4:contax:none
tango-netball-club-inc,amnd-winter-2003-sub-junior-4,Tango,,archive:amnd-winter-2003:sub-junior-4:tango-netball-club-inc:none
oakdale-netball-club-sa,amnd-winter-2003-sub-junior-4,Oakdale,,archive:amnd-winter-2003:sub-junior-4:oakdale-netball-club-sa:none
adelaide-cougars,amnd-winter-2003-sub-junior-4,Adelaide Cougars,1,archive:amnd-winter-2003:sub-junior-4:adelaide-cougars:1
garville,amnd-winter-2003-sub-junior-4,Garville,,archive:amnd-winter-2003:sub-junior-4:garville:none
matrics,amnd-winter-2003-sub-junior-4,Matrics,,archive:amnd-winter-2003:sub-junior-4:matrics:none
adelaide-cougars,amnd-winter-2003-sub-junior-4,Adelaide Cougars,2,archive:amnd-winter-2003:sub-junior-4:adelaide-cougars:2
contax,amnd-winter-2003-sub-junior-5,Contax,,archive:amnd-winter-2003:sub-junior-5:contax:none
woods-panthers,amnd-winter-2003-sub-junior-5,Woods Panthers,,archive:amnd-winter-2003:sub-junior-5:woods-panthers:none
oakdale-netball-club-sa,amnd-winter-2003-sub-junior-5,Oakdale,,archive:amnd-winter-2003:sub-junior-5:oakdale-netball-club-sa:none
michelangelo,amnd-winter-2003-sub-junior-5,Michelangelo,,archive:amnd-winter-2003:sub-junior-5:michelangelo:none
garville,amnd-winter-2003-sub-junior-5,Garville,,archive:amnd-winter-2003:sub-junior-5:garville:none
metro-magic,amnd-winter-2003-sub-junior-5,Metro Magic,,archive:amnd-winter-2003:sub-junior-5:metro-magic:none
adelaide-cougars,amnd-winter-2003-sub-junior-5,Adelaide Cougars,,archive:amnd-winter-2003:sub-junior-5:adelaide-cougars:none
matrics,amnd-winter-2003-sub-junior-5,Matrics,,archive:amnd-winter-2003:sub-junior-5:matrics:none
glandore,amnd-winter-2003-sub-junior-6,Glandore,,archive:amnd-winter-2003:sub-junior-6:glandore:none
cheerio-netball-club,amnd-winter-2003-sub-junior-6,Cheerio,,archive:amnd-winter-2003:sub-junior-6:cheerio-netball-club:none
contax,amnd-winter-2003-sub-junior-6,Contax,,archive:amnd-winter-2003:sub-junior-6:contax:none
garville,amnd-winter-2003-sub-junior-6,Garville,,archive:amnd-winter-2003:sub-junior-6:garville:none
norwood-netball-club,amnd-winter-2003-sub-junior-6,Newton Jaguars,,archive:amnd-winter-2003:sub-junior-6:norwood-netball-club:none
woods-panthers,amnd-winter-2003-sub-junior-6,Woods Panthers,,archive:amnd-winter-2003:sub-junior-6:woods-panthers:none
semaphore,amnd-winter-2003-sub-junior-6,Semaphore,,archive:amnd-winter-2003:sub-junior-6:semaphore:none
oakdale-netball-club-sa,amnd-winter-2003-sub-junior-6,Oakdale,,archive:amnd-winter-2003:sub-junior-6:oakdale-netball-club-sa:none
michelangelo,amnd-winter-2003-sub-junior-7,Michelangelo,,archive:amnd-winter-2003:sub-junior-7:michelangelo:none
norwood-netball-club,amnd-winter-2003-sub-junior-7,Newton Jaguars,,archive:amnd-winter-2003:sub-junior-7:norwood-netball-club:none
garville,amnd-winter-2003-sub-junior-7,Garville,,archive:amnd-winter-2003:sub-junior-7:garville:none
woods-panthers,amnd-winter-2003-sub-junior-7,Woods Panthers,,archive:amnd-winter-2003:sub-junior-7:woods-panthers:none
cheerio-netball-club,amnd-winter-2003-sub-junior-7,Cheerio,,archive:amnd-winter-2003:sub-junior-7:cheerio-netball-club:none
glandore,amnd-winter-2003-sub-junior-7,Glandore,,archive:amnd-winter-2003:sub-junior-7:glandore:none
glandore,amnd-winter-2004-amnd-league,Glandore,,archive:amnd-winter-2004:amnd-league:glandore:none
adelaide-cougars,amnd-winter-2004-amnd-league,Adelaide Cougars,,archive:amnd-winter-2004:amnd-league:adelaide-cougars:none
norwood-netball-club,amnd-winter-2004-amnd-league,Newton Jaguars,,archive:amnd-winter-2004:amnd-league:norwood-netball-club:none
woods-panthers,amnd-winter-2004-amnd-league,Woods Panthers,,archive:amnd-winter-2004:amnd-league:woods-panthers:none
matrics,amnd-winter-2004-amnd-league,Matrics,,archive:amnd-winter-2004:amnd-league:matrics:none
contax,amnd-winter-2004-amnd-league,Contax,,archive:amnd-winter-2004:amnd-league:contax:none
oakdale-netball-club-sa,amnd-winter-2004-amnd-league,Oakdale,,archive:amnd-winter-2004:amnd-league:oakdale-netball-club-sa:none
cheerio-netball-club,amnd-winter-2004-amnd-league,Cheerio,,archive:amnd-winter-2004:amnd-league:cheerio-netball-club:none
garville,amnd-winter-2004-amnd-league,Garville,,archive:amnd-winter-2004:amnd-league:garville:none
harlequin,amnd-winter-2004-amnd-league,Harlequin,,archive:amnd-winter-2004:amnd-league:harlequin:none
adelaide-cougars,amnd-winter-2004-a-grade,Adelaide Cougars,,archive:amnd-winter-2004:a-grade:adelaide-cougars:none
metro-magic,amnd-winter-2004-a-grade,Metro Magic,,archive:amnd-winter-2004:a-grade:metro-magic:none
contax,amnd-winter-2004-a-grade,Contax,,archive:amnd-winter-2004:a-grade:contax:none
cheerio-netball-club,amnd-winter-2004-a-grade,Cheerio,,archive:amnd-winter-2004:a-grade:cheerio-netball-club:none
matrics,amnd-winter-2004-a-grade,Matrics,,archive:amnd-winter-2004:a-grade:matrics:none
woods-panthers,amnd-winter-2004-a-grade,Woods Panthers,,archive:amnd-winter-2004:a-grade:woods-panthers:none
tango-netball-club-inc,amnd-winter-2004-a-grade,Tango,,archive:amnd-winter-2004:a-grade:tango-netball-club-inc:none
garville,amnd-winter-2004-a-grade,Garville,,archive:amnd-winter-2004:a-grade:garville:none
norwood-netball-club,amnd-winter-2004-a-grade,Newton Jaguars,,archive:amnd-winter-2004:a-grade:norwood-netball-club:none
oakdale-netball-club-sa,amnd-winter-2004-a-grade,Oakdale,,archive:amnd-winter-2004:a-grade:oakdale-netball-club-sa:none
fielders-flames,amnd-winter-2004-b-1,Fielders Flames,,archive:amnd-winter-2004:b-1:fielders-flames:none
sacred-heart-o-c,amnd-winter-2004-b-1,Sacred Heart O.C.,,archive:amnd-winter-2004:b-1:sacred-heart-o-c:none
contax,amnd-winter-2004-b-1,Contax,,archive:amnd-winter-2004:b-1:contax:none
glandore,amnd-winter-2004-b-1,Glandore,,archive:amnd-winter-2004:b-1:glandore:none
adelaide-university,amnd-winter-2004-b-1,Adelaide University,,archive:amnd-winter-2004:b-1:adelaide-university:none
pembroke-o-s,amnd-winter-2004-b-1,Pembroke O.S.,,archive:amnd-winter-2004:b-1:pembroke-o-s:none
oakdale-netball-club-sa,amnd-winter-2004-b-1,Oakdale,,archive:amnd-winter-2004:b-1:oakdale-netball-club-sa:none
harlequin,amnd-winter-2004-b-1,Harlequin,,archive:amnd-winter-2004:b-1:harlequin:none
garville,amnd-winter-2004-b-1,Garville,,archive:amnd-winter-2004:b-1:garville:none
woods-panthers,amnd-winter-2004-b-1,Woods Panthers,,archive:amnd-winter-2004:b-1:woods-panthers:none
clovelly-park,amnd-winter-2004-b-2,Clovelly Park,,archive:amnd-winter-2004:b-2:clovelly-park:none
city-coasters,amnd-winter-2004-b-2,City Coasters,,archive:amnd-winter-2004:b-2:city-coasters:none
michelangelo,amnd-winter-2004-b-2,Michelangelo,,archive:amnd-winter-2004:b-2:michelangelo:none
metro-magic,amnd-winter-2004-b-2,Metro Magic,,archive:amnd-winter-2004:b-2:metro-magic:none
contax,amnd-winter-2004-b-2,Contax,,archive:amnd-winter-2004:b-2:contax:none
adelaide-cougars,amnd-winter-2004-b-2,Adelaide Cougars,,archive:amnd-winter-2004:b-2:adelaide-cougars:none
matrics,amnd-winter-2004-b-2,Matrics,,archive:amnd-winter-2004:b-2:matrics:none
harlequin,amnd-winter-2004-b-2,Harlequin,,archive:amnd-winter-2004:b-2:harlequin:none
cheerio-netball-club,amnd-winter-2004-b-2,Cheerio,,archive:amnd-winter-2004:b-2:cheerio-netball-club:none
tango-netball-club-inc,amnd-winter-2004-b-2,Tango,,archive:amnd-winter-2004:b-2:tango-netball-club-inc:none
flinders-university,amnd-winter-2004-b-3,Flinders University,,archive:amnd-winter-2004:b-3:flinders-university:none
adelaide-university,amnd-winter-2004-b-3,Adelaide University,,archive:amnd-winter-2004:b-3:adelaide-university:none
westminster-o-s,amnd-winter-2004-b-3,Westminster O.S.,,archive:amnd-winter-2004:b-3:westminster-o-s:none
adelaide-cougars,amnd-winter-2004-b-3,Adelaide Cougars,,archive:amnd-winter-2004:b-3:adelaide-cougars:none
city-coasters,amnd-winter-2004-b-3,City Coasters,,archive:amnd-winter-2004:b-3:city-coasters:none
cheerio-netball-club,amnd-winter-2004-b-3,Cheerio,,archive:amnd-winter-2004:b-3:cheerio-netball-club:none
contax,amnd-winter-2004-b-3,Contax,,archive:amnd-winter-2004:b-3:contax:none
pembroke-o-s,amnd-winter-2004-b-3,Pembroke O.S.,,archive:amnd-winter-2004:b-3:pembroke-o-s:none
norwood-netball-club,amnd-winter-2004-b-3,Newton Jaguars,,archive:amnd-winter-2004:b-3:norwood-netball-club:none
garville,amnd-winter-2004-b-3,Garville,,archive:amnd-winter-2004:b-3:garville:none
woods-panthers,amnd-winter-2004-b-4,Woods Panthers,,archive:amnd-winter-2004:b-4:woods-panthers:none
glandore,amnd-winter-2004-b-4,Glandore,,archive:amnd-winter-2004:b-4:glandore:none
adelaide-university,amnd-winter-2004-b-4,Adelaide University,,archive:amnd-winter-2004:b-4:adelaide-university:none
contax,amnd-winter-2004-b-4,Contax,,archive:amnd-winter-2004:b-4:contax:none
sacred-heart-o-c,amnd-winter-2004-b-4,Sacred Heart O.C.,,archive:amnd-winter-2004:b-4:sacred-heart-o-c:none
harlequin,amnd-winter-2004-b-4,Harlequin,,archive:amnd-winter-2004:b-4:harlequin:none
matrics,amnd-winter-2004-b-4,Matrics,,archive:amnd-winter-2004:b-4:matrics:none
garville,amnd-winter-2004-b-4,Garville,,archive:amnd-winter-2004:b-4:garville:none
tango-netball-club-inc,amnd-winter-2004-b-4,Tango,,archive:amnd-winter-2004:b-4:tango-netball-club-inc:none
cheerio-netball-club,amnd-winter-2004-b-4,Cheerio,,archive:amnd-winter-2004:b-4:cheerio-netball-club:none
michelangelo,amnd-winter-2004-c-1,Michelangelo,,archive:amnd-winter-2004:c-1:michelangelo:none
semaphore,amnd-winter-2004-c-1,Semaphore,,archive:amnd-winter-2004:c-1:semaphore:none
adelaide-university,amnd-winter-2004-c-1,Adelaide University,,archive:amnd-winter-2004:c-1:adelaide-university:none
oakdale-netball-club-sa,amnd-winter-2004-c-1,Oakdale,,archive:amnd-winter-2004:c-1:oakdale-netball-club-sa:none
westminster-o-s,amnd-winter-2004-c-1,Westminster O.S.,,archive:amnd-winter-2004:c-1:westminster-o-s:none
pembroke-o-s,amnd-winter-2004-c-1,Pembroke O.S.,,archive:amnd-winter-2004:c-1:pembroke-o-s:none
clovelly-park,amnd-winter-2004-c-1,Clovelly Park,,archive:amnd-winter-2004:c-1:clovelly-park:none
matrics,amnd-winter-2004-c-1,Matrics,,archive:amnd-winter-2004:c-1:matrics:none
city-coasters,amnd-winter-2004-c-1,City Coasters,,archive:amnd-winter-2004:c-1:city-coasters:none
norwood-netball-club,amnd-winter-2004-c-1,Newton Jaguars,,archive:amnd-winter-2004:c-1:norwood-netball-club:none
flinders-university,amnd-winter-2004-c-2,Flinders University,,archive:amnd-winter-2004:c-2:flinders-university:none
henley,amnd-winter-2004-c-2,Henley,,archive:amnd-winter-2004:c-2:henley:none
adelaide-university,amnd-winter-2004-c-2,Adelaide University,,archive:amnd-winter-2004:c-2:adelaide-university:none
oakdale-netball-club-sa,amnd-winter-2004-c-2,Oakdale,,archive:amnd-winter-2004:c-2:oakdale-netball-club-sa:none
michelangelo,amnd-winter-2004-c-2,Michelangelo,,archive:amnd-winter-2004:c-2:michelangelo:none
adelaide-cougars,amnd-winter-2004-c-2,Adelaide Cougars,,archive:amnd-winter-2004:c-2:adelaide-cougars:none
woods-panthers,amnd-winter-2004-c-2,Woods Panthers,,archive:amnd-winter-2004:c-2:woods-panthers:none
pembroke-o-s,amnd-winter-2004-c-2,Pembroke O.S.,,archive:amnd-winter-2004:c-2:pembroke-o-s:none
glandore,amnd-winter-2004-c-2,Glandore,,archive:amnd-winter-2004:c-2:glandore:none
adelaide-cougars,amnd-winter-2004-c-3,Adelaide Cougars,,archive:amnd-winter-2004:c-3:adelaide-cougars:none
sacred-heart-o-c,amnd-winter-2004-c-3,Sacred Heart O.C.,,archive:amnd-winter-2004:c-3:sacred-heart-o-c:none
flinders-university,amnd-winter-2004-c-3,Flinders University,,archive:amnd-winter-2004:c-3:flinders-university:none
contax,amnd-winter-2004-c-3,Contax,,archive:amnd-winter-2004:c-3:contax:none
adelaide-university,amnd-winter-2004-c-3,Adelaide University,,archive:amnd-winter-2004:c-3:adelaide-university:none
clovelly-park,amnd-winter-2004-c-3,Clovelly Park,,archive:amnd-winter-2004:c-3:clovelly-park:none
city-coasters,amnd-winter-2004-c-4,City Coasters,,archive:amnd-winter-2004:c-4:city-coasters:none
sacred-heart-o-c,amnd-winter-2004-c-4,Sacred Heart O.C.,,archive:amnd-winter-2004:c-4:sacred-heart-o-c:none
flinders-university,amnd-winter-2004-c-4,Flinders University,,archive:amnd-winter-2004:c-4:flinders-university:none
westminster-o-s,amnd-winter-2004-c-4,Westminster O.S.,,archive:amnd-winter-2004:c-4:westminster-o-s:none
adelaide-university,amnd-winter-2004-c-4,Adelaide University,,archive:amnd-winter-2004:c-4:adelaide-university:none
pembroke-o-s,amnd-winter-2004-c-4,Pembroke O.S.,,archive:amnd-winter-2004:c-4:pembroke-o-s:none
norwood-netball-club,amnd-winter-2004-h-grade,Jaguars,,archive:amnd-winter-2004:h-grade:norwood-netball-club:none
oakdale-netball-club-sa,amnd-winter-2004-h-grade,Phoenix,,archive:amnd-winter-2004:h-grade:oakdale-netball-club-sa:none
cardijn-cats,amnd-winter-2004-h-grade,Cardijn Cats,,archive:amnd-winter-2004:h-grade:cardijn-cats:none
matrics,amnd-winter-2004-h-grade,Matrics,,archive:amnd-winter-2004:h-grade:matrics:none
panthers,amnd-winter-2004-h-grade,Panthers,,archive:amnd-winter-2004:h-grade:panthers:none
kilburn-knights,amnd-winter-2004-h-grade,Kilburn Knights,,archive:amnd-winter-2004:h-grade:kilburn-knights:none
woods-panthers,amnd-winter-2004-h-grade,Woods Panthers,,archive:amnd-winter-2004:h-grade:woods-panthers:none
garville,amnd-winter-2004-inter-1,Garville,,archive:amnd-winter-2004:inter-1:garville:none
matrics,amnd-winter-2004-inter-1,Matrics,,archive:amnd-winter-2004:inter-1:matrics:none
harlequin,amnd-winter-2004-inter-1,Harlequin,,archive:amnd-winter-2004:inter-1:harlequin:none
tango-netball-club-inc,amnd-winter-2004-inter-1,Tango,,archive:amnd-winter-2004:inter-1:tango-netball-club-inc:none
contax,amnd-winter-2004-inter-1,Contax,,archive:amnd-winter-2004:inter-1:contax:none
woods-panthers,amnd-winter-2004-inter-1,Woods Panthers,,archive:amnd-winter-2004:inter-1:woods-panthers:none
oakdale-netball-club-sa,amnd-winter-2004-inter-1,Oakdale,,archive:amnd-winter-2004:inter-1:oakdale-netball-club-sa:none
adelaide-cougars,amnd-winter-2004-inter-1,Adelaide Cougars,,archive:amnd-winter-2004:inter-1:adelaide-cougars:none
norwood-netball-club,amnd-winter-2004-inter-1,Newton Jaguars,,archive:amnd-winter-2004:inter-1:norwood-netball-club:none
cheerio-netball-club,amnd-winter-2004-inter-1,Cheerio,,archive:amnd-winter-2004:inter-1:cheerio-netball-club:none
garville,amnd-winter-2004-inter-2,Garville,,archive:amnd-winter-2004:inter-2:garville:none
harlequin,amnd-winter-2004-inter-2,Harlequin,,archive:amnd-winter-2004:inter-2:harlequin:none
contax,amnd-winter-2004-inter-2,Contax,1,archive:amnd-winter-2004:inter-2:contax:1
tango-netball-club-inc,amnd-winter-2004-inter-2,Tango,,archive:amnd-winter-2004:inter-2:tango-netball-club-inc:none
contax,amnd-winter-2004-inter-2,Contax,2,archive:amnd-winter-2004:inter-2:contax:2
matrics,amnd-winter-2004-inter-2,Matrics,,archive:amnd-winter-2004:inter-2:matrics:none
adelaide-cougars,amnd-winter-2004-inter-2,Adelaide Cougars,,archive:amnd-winter-2004:inter-2:adelaide-cougars:none
cheerio-netball-club,amnd-winter-2004-inter-2,Cheerio,,archive:amnd-winter-2004:inter-2:cheerio-netball-club:none
woods-panthers,amnd-winter-2004-inter-2,Woods Panthers,,archive:amnd-winter-2004:inter-2:woods-panthers:none
norwood-netball-club,amnd-winter-2004-inter-2,Newton Jaguars,,archive:amnd-winter-2004:inter-2:norwood-netball-club:none
harlequin,amnd-winter-2004-inter-3,Harlequin,,archive:amnd-winter-2004:inter-3:harlequin:none
garville,amnd-winter-2004-inter-3,Garville,,archive:amnd-winter-2004:inter-3:garville:none
matrics,amnd-winter-2004-inter-3,Matrics,,archive:amnd-winter-2004:inter-3:matrics:none
contax,amnd-winter-2004-inter-3,Contax,,archive:amnd-winter-2004:inter-3:contax:none
adelaide-cougars,amnd-winter-2004-inter-3,Adelaide Cougars,,archive:amnd-winter-2004:inter-3:adelaide-cougars:none
oakdale-netball-club-sa,amnd-winter-2004-inter-3,Oakdale,,archive:amnd-winter-2004:inter-3:oakdale-netball-club-sa:none
garville,amnd-winter-2004-inter-4,Garville,,archive:amnd-winter-2004:inter-4:garville:none
metro-magic,amnd-winter-2004-inter-4,Metro Magic,,archive:amnd-winter-2004:inter-4:metro-magic:none
norwood-netball-club,amnd-winter-2004-inter-4,Newton Jaguars,,archive:amnd-winter-2004:inter-4:norwood-netball-club:none
matrics,amnd-winter-2004-inter-4,Matrics,,archive:amnd-winter-2004:inter-4:matrics:none
cheerio-netball-club,amnd-winter-2004-inter-4,Cheerio,,archive:amnd-winter-2004:inter-4:cheerio-netball-club:none
woods-panthers,amnd-winter-2004-inter-4,Woods Panthers,,archive:amnd-winter-2004:inter-4:woods-panthers:none
contax,amnd-winter-2004-inter-4,Contax,,archive:amnd-winter-2004:inter-4:contax:none
tango-netball-club-inc,amnd-winter-2004-inter-4,Tango,,archive:amnd-winter-2004:inter-4:tango-netball-club-inc:none
michelangelo,amnd-winter-2004-inter-4,Michelangelo,,archive:amnd-winter-2004:inter-4:michelangelo:none
clovelly-park,amnd-winter-2004-inter-5,Clovelly Park,,archive:amnd-winter-2004:inter-5:clovelly-park:none
garville,amnd-winter-2004-inter-5,Garville,,archive:amnd-winter-2004:inter-5:garville:none
cheerio-netball-club,amnd-winter-2004-inter-5,Cheerio,,archive:amnd-winter-2004:inter-5:cheerio-netball-club:none
semaphore,amnd-winter-2004-inter-5,Semaphore,,archive:amnd-winter-2004:inter-5:semaphore:none
adelaide-cougars,amnd-winter-2004-inter-5,Adelaide Cougars,,archive:amnd-winter-2004:inter-5:adelaide-cougars:none
matrics,amnd-winter-2004-inter-5,Matrics,,archive:amnd-winter-2004:inter-5:matrics:none
contax,amnd-winter-2004-junior-1,Contax,,archive:amnd-winter-2004:junior-1:contax:none
harlequin,amnd-winter-2004-junior-1,Harlequin,,archive:amnd-winter-2004:junior-1:harlequin:none
woods-panthers,amnd-winter-2004-junior-1,Woods Panthers,,archive:amnd-winter-2004:junior-1:woods-panthers:none
tango-netball-club-inc,amnd-winter-2004-junior-1,Tango,,archive:amnd-winter-2004:junior-1:tango-netball-club-inc:none
garville,amnd-winter-2004-junior-1,Garville,,archive:amnd-winter-2004:junior-1:garville:none
matrics,amnd-winter-2004-junior-1,Matrics,,archive:amnd-winter-2004:junior-1:matrics:none
cheerio-netball-club,amnd-winter-2004-junior-1,Cheerio,,archive:amnd-winter-2004:junior-1:cheerio-netball-club:none
adelaide-cougars,amnd-winter-2004-junior-1,Adelaide Cougars,,archive:amnd-winter-2004:junior-1:adelaide-cougars:none
norwood-netball-club,amnd-winter-2004-junior-1,Newton Jaguars,,archive:amnd-winter-2004:junior-1:norwood-netball-club:none
oakdale-netball-club-sa,amnd-winter-2004-junior-1,Oakdale,,archive:amnd-winter-2004:junior-1:oakdale-netball-club-sa:none
contax,amnd-winter-2004-junior-2,Contax,,archive:amnd-winter-2004:junior-2:contax:none
harlequin,amnd-winter-2004-junior-2,Harlequin,1,archive:amnd-winter-2004:junior-2:harlequin:1
northeast-zodiac,amnd-winter-2004-junior-2,Northeast Zodiacs,,archive:amnd-winter-2004:junior-2:northeast-zodiac:none
woods-panthers,amnd-winter-2004-junior-2,Woods Panthers,,archive:amnd-winter-2004:junior-2:woods-panthers:none
harlequin,amnd-winter-2004-junior-2,Harlequin,2,archive:amnd-winter-2004:junior-2:harlequin:2
adelaide-cougars,amnd-winter-2004-junior-2,Adelaide Cougars,,archive:amnd-winter-2004:junior-2:adelaide-cougars:none
garville,amnd-winter-2004-junior-2,Garville,,archive:amnd-winter-2004:junior-2:garville:none
cove-lightning,amnd-winter-2004-junior-2,Cove Lightning,,archive:amnd-winter-2004:junior-2:cove-lightning:none
norwood-netball-club,amnd-winter-2004-junior-2,Newton Jaguars,,archive:amnd-winter-2004:junior-2:norwood-netball-club:none
tango-netball-club-inc,amnd-winter-2004-junior-2,Tango,,archive:amnd-winter-2004:junior-2:tango-netball-club-inc:none
contax,amnd-winter-2004-junior-3,Contax,1,archive:amnd-winter-2004:junior-3:contax:1
garville,amnd-winter-2004-junior-3,Garville,1,archive:amnd-winter-2004:junior-3:garville:1
harlequin,amnd-winter-2004-junior-3,Harlequin,,archive:amnd-winter-2004:junior-3:harlequin:none
contax,amnd-winter-2004-junior-3,Contax,2,archive:amnd-winter-2004:junior-3:contax:2
garville,amnd-winter-2004-junior-3,Garville,2,archive:amnd-winter-2004:junior-3:garville:2
woods-panthers,amnd-winter-2004-junior-3,Woods Panthers,,archive:amnd-winter-2004:junior-3:woods-panthers:none
metro-magic,amnd-winter-2004-junior-3,Metro Magic,,archive:amnd-winter-2004:junior-3:metro-magic:none
oakdale-netball-club-sa,amnd-winter-2004-junior-3,Oakdale,,archive:amnd-winter-2004:junior-3:oakdale-netball-club-sa:none
tango-netball-club-inc,amnd-winter-2004-junior-3,Tango,,archive:amnd-winter-2004:junior-3:tango-netball-club-inc:none
matrics,amnd-winter-2004-junior-3,Matrics,,archive:amnd-winter-2004:junior-3:matrics:none
matrics,amnd-winter-2004-junior-4,Matrics,2,archive:amnd-winter-2004:junior-4:matrics:2
garville,amnd-winter-2004-junior-4,Garville,,archive:amnd-winter-2004:junior-4:garville:none
norwood-netball-club,amnd-winter-2004-junior-4,Newton Jaguars,,archive:amnd-winter-2004:junior-4:norwood-netball-club:none
cheerio-netball-club,amnd-winter-2004-junior-4,Cheerio,,archive:amnd-winter-2004:junior-4:cheerio-netball-club:none
woods-panthers,amnd-winter-2004-junior-4,Woods Panthers,,archive:amnd-winter-2004:junior-4:woods-panthers:none
adelaide-cougars,amnd-winter-2004-junior-4,Adelaide Cougars,1,archive:amnd-winter-2004:junior-4:adelaide-cougars:1
michelangelo,amnd-winter-2004-junior-4,Michelangelo,,archive:amnd-winter-2004:junior-4:michelangelo:none
matrics,amnd-winter-2004-junior-4,Matrics,1,archive:amnd-winter-2004:junior-4:matrics:1
tango-netball-club-inc,amnd-winter-2004-junior-4,Tango,,archive:amnd-winter-2004:junior-4:tango-netball-club-inc:none
adelaide-cougars,amnd-winter-2004-junior-4,Adelaide Cougars,2,archive:amnd-winter-2004:junior-4:adelaide-cougars:2
contax,amnd-winter-2004-junior-5,Contax,,archive:amnd-winter-2004:junior-5:contax:none
northeast-zodiac,amnd-winter-2004-junior-5,Northeast Zodiacs,,archive:amnd-winter-2004:junior-5:northeast-zodiac:none
garville,amnd-winter-2004-junior-5,Garville,,archive:amnd-winter-2004:junior-5:garville:none
norwood-netball-club,amnd-winter-2004-junior-5,Newton Jaguars,,archive:amnd-winter-2004:junior-5:norwood-netball-club:none
glandore,amnd-winter-2004-junior-5,Glandore,,archive:amnd-winter-2004:junior-5:glandore:none
woods-panthers,amnd-winter-2004-junior-5,Woods Panthers,,archive:amnd-winter-2004:junior-5:woods-panthers:none
tango-netball-club-inc,amnd-winter-2004-junior-5,Tango,,archive:amnd-winter-2004:junior-5:tango-netball-club-inc:none
adelaide-cougars,amnd-winter-2004-junior-5,Adelaide Cougars,,archive:amnd-winter-2004:junior-5:adelaide-cougars:none
oakdale-netball-club-sa,amnd-winter-2004-junior-5,Oakdale,,archive:amnd-winter-2004:junior-5:oakdale-netball-club-sa:none
matrics,amnd-winter-2004-junior-5,Matrics,,archive:amnd-winter-2004:junior-5:matrics:none
woods-panthers,amnd-winter-2004-junior-6,Woods Panthers,,archive:amnd-winter-2004:junior-6:woods-panthers:none
metro-magic,amnd-winter-2004-junior-6,Metro Magic,,archive:amnd-winter-2004:junior-6:metro-magic:none
garville,amnd-winter-2004-junior-6,Garville,,archive:amnd-winter-2004:junior-6:garville:none
cheerio-netball-club,amnd-winter-2004-junior-6,Cheerio,,archive:amnd-winter-2004:junior-6:cheerio-netball-club:none
glandore,amnd-winter-2004-junior-6,Glandore,,archive:amnd-winter-2004:junior-6:glandore:none
contax,amnd-winter-2004-junior-6,Contax,,archive:amnd-winter-2004:junior-6:contax:none
norwood-netball-club,amnd-winter-2004-junior-6,Newton Jaguars,,archive:amnd-winter-2004:junior-6:norwood-netball-club:none
harlequin,amnd-winter-2004-primary-1,Harlequin,1,archive:amnd-winter-2004:primary-1:harlequin:1
michelangelo,amnd-winter-2004-primary-1,Michelangelo,,archive:amnd-winter-2004:primary-1:michelangelo:none
tango-netball-club-inc,amnd-winter-2004-primary-1,Tango,,archive:amnd-winter-2004:primary-1:tango-netball-club-inc:none
contax,amnd-winter-2004-primary-1,Contax,,archive:amnd-winter-2004:primary-1:contax:none
harlequin,amnd-winter-2004-primary-1,Harlequin,2,archive:amnd-winter-2004:primary-1:harlequin:2
woods-panthers,amnd-winter-2004-primary-1,Woods Panthers,,archive:amnd-winter-2004:primary-1:woods-panthers:none
garville,amnd-winter-2004-primary-2,Garville,,archive:amnd-winter-2004:primary-2:garville:none
tango-netball-club-inc,amnd-winter-2004-primary-2,Tango,,archive:amnd-winter-2004:primary-2:tango-netball-club-inc:none
matrics,amnd-winter-2004-primary-2,Matrics,,archive:amnd-winter-2004:primary-2:matrics:none
adelaide-cougars,amnd-winter-2004-primary-2,Adelaide Cougars,,archive:amnd-winter-2004:primary-2:adelaide-cougars:none
oakdale-netball-club-sa,amnd-winter-2004-primary-2,Oakdale,,archive:amnd-winter-2004:primary-2:oakdale-netball-club-sa:none
contax,amnd-winter-2004-primary-2,Contax,,archive:amnd-winter-2004:primary-2:contax:none
woods-panthers,amnd-winter-2004-primary-3,Woods Panthers,,archive:amnd-winter-2004:primary-3:woods-panthers:none
harlequin,amnd-winter-2004-primary-3,Harlequin,,archive:amnd-winter-2004:primary-3:harlequin:none
norwood-netball-club,amnd-winter-2004-primary-3,Newton Jaguars,,archive:amnd-winter-2004:primary-3:norwood-netball-club:none
cheerio-netball-club,amnd-winter-2004-primary-3,Cheerio,,archive:amnd-winter-2004:primary-3:cheerio-netball-club:none
garville,amnd-winter-2004-primary-3,Garville,,archive:amnd-winter-2004:primary-3:garville:none
metro-magic,amnd-winter-2004-primary-3,Metro Magic,,archive:amnd-winter-2004:primary-3:metro-magic:none
adelaide-cougars,amnd-winter-2004-primary-4,Adelaide Cougars,,archive:amnd-winter-2004:primary-4:adelaide-cougars:none
garville,amnd-winter-2004-primary-4,Garville,2,archive:amnd-winter-2004:primary-4:garville:2
matrics,amnd-winter-2004-primary-4,Matrics,,archive:amnd-winter-2004:primary-4:matrics:none
woods-panthers,amnd-winter-2004-primary-4,Woods Panthers,,archive:amnd-winter-2004:primary-4:woods-panthers:none
garville,amnd-winter-2004-primary-4,Garville,1,archive:amnd-winter-2004:primary-4:garville:1
michelangelo,amnd-winter-2004-primary-4,Michelangelo,,archive:amnd-winter-2004:primary-4:michelangelo:none
tango-netball-club-inc,amnd-winter-2004-primary-5,Tango,,archive:amnd-winter-2004:primary-5:tango-netball-club-inc:none
oakdale-netball-club-sa,amnd-winter-2004-primary-5,Oakdale,,archive:amnd-winter-2004:primary-5:oakdale-netball-club-sa:none
garville,amnd-winter-2004-primary-5,Garville,,archive:amnd-winter-2004:primary-5:garville:none
adelaide-cougars,amnd-winter-2004-primary-5,Adelaide Cougars,,archive:amnd-winter-2004:primary-5:adelaide-cougars:none
michelangelo,amnd-winter-2004-primary-5,Michelangelo,,archive:amnd-winter-2004:primary-5:michelangelo:none
contax,amnd-winter-2004-primary-5,Contax,,archive:amnd-winter-2004:primary-5:contax:none
garville,amnd-winter-2004-primary-6,Garville,,archive:amnd-winter-2004:primary-6:garville:none
semaphore,amnd-winter-2004-primary-6,Semaphore,,archive:amnd-winter-2004:primary-6:semaphore:none
woods-panthers,amnd-winter-2004-primary-6,Woods Panthers,1,archive:amnd-winter-2004:primary-6:woods-panthers:1
tango-netball-club-inc,amnd-winter-2004-primary-6,Tango,,archive:amnd-winter-2004:primary-6:tango-netball-club-inc:none
woods-panthers,amnd-winter-2004-primary-6,Woods Panthers,2,archive:amnd-winter-2004:primary-6:woods-panthers:2
norwood-netball-club,amnd-winter-2004-primary-6,Newton Jaguars,,archive:amnd-winter-2004:primary-6:norwood-netball-club:none
contax,amnd-winter-2004-primary-7,Contax,,archive:amnd-winter-2004:primary-7:contax:none
michelangelo,amnd-winter-2004-primary-7,Michelangelo,,archive:amnd-winter-2004:primary-7:michelangelo:none
oakdale-netball-club-sa,amnd-winter-2004-primary-7,Oakdale,,archive:amnd-winter-2004:primary-7:oakdale-netball-club-sa:none
matrics,amnd-winter-2004-primary-7,Matrics,,archive:amnd-winter-2004:primary-7:matrics:none
cheerio-netball-club,amnd-winter-2004-primary-7,Cheerio,,archive:amnd-winter-2004:primary-7:cheerio-netball-club:none
garville,amnd-winter-2004-primary-7,Garville,,archive:amnd-winter-2004:primary-7:garville:none
harlequin,amnd-winter-2004-sub-junior-1,Harlequin,,archive:amnd-winter-2004:sub-junior-1:harlequin:none
contax,amnd-winter-2004-sub-junior-1,Contax,,archive:amnd-winter-2004:sub-junior-1:contax:none
woods-panthers,amnd-winter-2004-sub-junior-1,Woods Panthers,,archive:amnd-winter-2004:sub-junior-1:woods-panthers:none
norwood-netball-club,amnd-winter-2004-sub-junior-1,Newton Jaguars,,archive:amnd-winter-2004:sub-junior-1:norwood-netball-club:none
matrics,amnd-winter-2004-sub-junior-1,Matrics,,archive:amnd-winter-2004:sub-junior-1:matrics:none
tango-netball-club-inc,amnd-winter-2004-sub-junior-1,Tango,,archive:amnd-winter-2004:sub-junior-1:tango-netball-club-inc:none
garville,amnd-winter-2004-sub-junior-1,Garville,,archive:amnd-winter-2004:sub-junior-1:garville:none
oakdale-netball-club-sa,amnd-winter-2004-sub-junior-1,Oakdale,,archive:amnd-winter-2004:sub-junior-1:oakdale-netball-club-sa:none
adelaide-cougars,amnd-winter-2004-sub-junior-2,Adelaide Cougars,,archive:amnd-winter-2004:sub-junior-2:adelaide-cougars:none
contax,amnd-winter-2004-sub-junior-2,Contax,,archive:amnd-winter-2004:sub-junior-2:contax:none
woods-panthers,amnd-winter-2004-sub-junior-2,Woods Panthers,,archive:amnd-winter-2004:sub-junior-2:woods-panthers:none
harlequin,amnd-winter-2004-sub-junior-2,Harlequin,1,archive:amnd-winter-2004:sub-junior-2:harlequin:1
harlequin,amnd-winter-2004-sub-junior-2,Harlequin,2,archive:amnd-winter-2004:sub-junior-2:harlequin:2
garville,amnd-winter-2004-sub-junior-2,Garville,,archive:amnd-winter-2004:sub-junior-2:garville:none
norwood-netball-club,amnd-winter-2004-sub-junior-2,Newton Jaguars,,archive:amnd-winter-2004:sub-junior-2:norwood-netball-club:none
contax,amnd-winter-2004-sub-junior-3,Contax,,archive:amnd-winter-2004:sub-junior-3:contax:none
northeast-zodiac,amnd-winter-2004-sub-junior-3,Northeast Zodiacs,,archive:amnd-winter-2004:sub-junior-3:northeast-zodiac:none
tango-netball-club-inc,amnd-winter-2004-sub-junior-3,Tango,,archive:amnd-winter-2004:sub-junior-3:tango-netball-club-inc:none
adelaide-cougars,amnd-winter-2004-sub-junior-3,Adelaide Cougars,,archive:amnd-winter-2004:sub-junior-3:adelaide-cougars:none
woods-panthers,amnd-winter-2004-sub-junior-3,Woods Panthers,,archive:amnd-winter-2004:sub-junior-3:woods-panthers:none
harlequin,amnd-winter-2004-sub-junior-3,Harlequin,,archive:amnd-winter-2004:sub-junior-3:harlequin:none
cove-lightning,amnd-winter-2004-sub-junior-3,Cove Lightning,,archive:amnd-winter-2004:sub-junior-3:cove-lightning:none
matrics,amnd-winter-2004-sub-junior-3,Matrics,,archive:amnd-winter-2004:sub-junior-3:matrics:none
michelangelo,amnd-winter-2004-sub-junior-4,Michelangelo,,archive:amnd-winter-2004:sub-junior-4:michelangelo:none
contax,amnd-winter-2004-sub-junior-4,Contax,,archive:amnd-winter-2004:sub-junior-4:contax:none
adelaide-cougars,amnd-winter-2004-sub-junior-4,Adelaide Cougars,,archive:amnd-winter-2004:sub-junior-4:adelaide-cougars:none
oakdale-netball-club-sa,amnd-winter-2004-sub-junior-4,Oakdale,,archive:amnd-winter-2004:sub-junior-4:oakdale-netball-club-sa:none
garville,amnd-winter-2004-sub-junior-4,Garville,,archive:amnd-winter-2004:sub-junior-4:garville:none
cheerio-netball-club,amnd-winter-2004-sub-junior-4,Cheerio,,archive:amnd-winter-2004:sub-junior-4:cheerio-netball-club:none
tango-netball-club-inc,amnd-winter-2004-sub-junior-4,Tango,,archive:amnd-winter-2004:sub-junior-4:tango-netball-club-inc:none
woods-panthers,amnd-winter-2004-sub-junior-4,Woods Panthers,,archive:amnd-winter-2004:sub-junior-4:woods-panthers:none
norwood-netball-club,amnd-winter-2004-sub-junior-5,Newton Jaguars,,archive:amnd-winter-2004:sub-junior-5:norwood-netball-club:none
michelangelo,amnd-winter-2004-sub-junior-5,Michelangelo,,archive:amnd-winter-2004:sub-junior-5:michelangelo:none
woods-panthers,amnd-winter-2004-sub-junior-5,Woods Panthers,,archive:amnd-winter-2004:sub-junior-5:woods-panthers:none
garville,amnd-winter-2004-sub-junior-5,Garville,2,archive:amnd-winter-2004:sub-junior-5:garville:2
garville,amnd-winter-2004-sub-junior-5,Garville,1,archive:amnd-winter-2004:sub-junior-5:garville:1
matrics,amnd-winter-2004-sub-junior-5,Matrics,,archive:amnd-winter-2004:sub-junior-5:matrics:none
contax,amnd-winter-2004-sub-junior-5,Contax,,archive:amnd-winter-2004:sub-junior-5:contax:none
metro-magic,amnd-winter-2004-sub-junior-5,Metro Magic,,archive:amnd-winter-2004:sub-junior-5:metro-magic:none
tango-netball-club-inc,amnd-winter-2004-sub-junior-6,Tango,,archive:amnd-winter-2004:sub-junior-6:tango-netball-club-inc:none
norwood-netball-club,amnd-winter-2004-sub-junior-6,Newton Jaguars,,archive:amnd-winter-2004:sub-junior-6:norwood-netball-club:none
cheerio-netball-club,amnd-winter-2004-sub-junior-6,Cheerio,1,archive:amnd-winter-2004:sub-junior-6:cheerio-netball-club:1
woods-panthers,amnd-winter-2004-sub-junior-6,Woods Panthers,,archive:amnd-winter-2004:sub-junior-6:woods-panthers:none
adelaide-cougars,amnd-winter-2004-sub-junior-6,Adelaide Cougars,,archive:amnd-winter-2004:sub-junior-6:adelaide-cougars:none
glandore,amnd-winter-2004-sub-junior-6,Glandore,,archive:amnd-winter-2004:sub-junior-6:glandore:none
cheerio-netball-club,amnd-winter-2004-sub-junior-6,Cheerio,2,archive:amnd-winter-2004:sub-junior-6:cheerio-netball-club:2
garville,amnd-winter-2004-sub-junior-6,Garville,,archive:amnd-winter-2004:sub-junior-6:garville:none
semaphore,amnd-winter-2004-sub-junior-7,Semaphore,,archive:amnd-winter-2004:sub-junior-7:semaphore:none
matrics,amnd-winter-2004-sub-junior-7,Matrics,,archive:amnd-winter-2004:sub-junior-7:matrics:none
michelangelo,amnd-winter-2004-sub-junior-7,Michelangelo,,archive:amnd-winter-2004:sub-junior-7:michelangelo:none
adelaide-cougars,amnd-winter-2004-sub-junior-7,Adelaide Cougars,,archive:amnd-winter-2004:sub-junior-7:adelaide-cougars:none
oakdale-netball-club-sa,amnd-winter-2004-sub-junior-7,Oakdale,,archive:amnd-winter-2004:sub-junior-7:oakdale-netball-club-sa:none
garville,amnd-winter-2004-sub-junior-7,Garville,,archive:amnd-winter-2004:sub-junior-7:garville:none
metro-magic,amnd-winter-2004-sub-junior-7,Metro Magic,,archive:amnd-winter-2004:sub-junior-7:metro-magic:none
adelaide-cougars,amnd-winter-2005-amnd-league,Adelaide Cougars,,archive:amnd-winter-2005:amnd-league:adelaide-cougars:none
norwood-netball-club,amnd-winter-2005-amnd-league,Newton Jaguars,,archive:amnd-winter-2005:amnd-league:norwood-netball-club:none
contax,amnd-winter-2005-amnd-league,Contax,,archive:amnd-winter-2005:amnd-league:contax:none
cheerio-netball-club,amnd-winter-2005-amnd-league,Cheerio,,archive:amnd-winter-2005:amnd-league:cheerio-netball-club:none
woods-panthers,amnd-winter-2005-amnd-league,Woods Panthers,,archive:amnd-winter-2005:amnd-league:woods-panthers:none
oakdale-netball-club-sa,amnd-winter-2005-amnd-league,Oakdale,,archive:amnd-winter-2005:amnd-league:oakdale-netball-club-sa:none
garville,amnd-winter-2005-amnd-league,Garville,,archive:amnd-winter-2005:amnd-league:garville:none
harlequin,amnd-winter-2005-amnd-league,Harlequin,,archive:amnd-winter-2005:amnd-league:harlequin:none
matrics,amnd-winter-2005-amnd-league,Matrics,,archive:amnd-winter-2005:amnd-league:matrics:none
glandore,amnd-winter-2005-amnd-league,Glandore,,archive:amnd-winter-2005:amnd-league:glandore:none
fielders-flames,amnd-winter-2005-a-grade,Flames,,archive:amnd-winter-2005:a-grade:fielders-flames:none
matrics,amnd-winter-2005-a-grade,Matrics,,archive:amnd-winter-2005:a-grade:matrics:none
contax,amnd-winter-2005-a-grade,Contax,,archive:amnd-winter-2005:a-grade:contax:none
cheerio-netball-club,amnd-winter-2005-a-grade,Cheerio,,archive:amnd-winter-2005:a-grade:cheerio-netball-club:none
adelaide-cougars,amnd-winter-2005-a-grade,Adelaide Cougars,,archive:amnd-winter-2005:a-grade:adelaide-cougars:none
garville,amnd-winter-2005-a-grade,Garville,,archive:amnd-winter-2005:a-grade:garville:none
sacred-heart-o-c,amnd-winter-2005-a-grade,Sacred Heart O.C.,,archive:amnd-winter-2005:a-grade:sacred-heart-o-c:none
woods-panthers,amnd-winter-2005-a-grade,Woods Panthers,,archive:amnd-winter-2005:a-grade:woods-panthers:none
tango-netball-club-inc,amnd-winter-2005-a-grade,Tango,,archive:amnd-winter-2005:a-grade:tango-netball-club-inc:none
metro-magic,amnd-winter-2005-a-grade,Metro Magic,,archive:amnd-winter-2005:a-grade:metro-magic:none
norwood-netball-club,amnd-winter-2005-b-1,Newton Jaguars,,archive:amnd-winter-2005:b-1:norwood-netball-club:none
clovelly-park,amnd-winter-2005-b-1,Clovelly Park,,archive:amnd-winter-2005:b-1:clovelly-park:none
contax,amnd-winter-2005-b-1,Contax,,archive:amnd-winter-2005:b-1:contax:none
pembroke-o-s,amnd-winter-2005-b-1,Pembroke O.S.,,archive:amnd-winter-2005:b-1:pembroke-o-s:none
oakdale-netball-club-sa,amnd-winter-2005-b-1,Oakdale,,archive:amnd-winter-2005:b-1:oakdale-netball-club-sa:none
adelaide-university,amnd-winter-2005-b-1,Adelaide University,,archive:amnd-winter-2005:b-1:adelaide-university:none
city-coasters,amnd-winter-2005-b-1,City Coasters,,archive:amnd-winter-2005:b-1:city-coasters:none
garville,amnd-winter-2005-b-1,Garville,,archive:amnd-winter-2005:b-1:garville:none
glandore,amnd-winter-2005-b-1,Glandore,,archive:amnd-winter-2005:b-1:glandore:none
harlequin,amnd-winter-2005-b-1,Harlequin,,archive:amnd-winter-2005:b-1:harlequin:none
metro-jets,amnd-winter-2005-b-2,Western Jets,,archive:amnd-winter-2005:b-2:metro-jets:none
adelaide-cougars,amnd-winter-2005-b-2,Adelaide Cougars,,archive:amnd-winter-2005:b-2:adelaide-cougars:none
flinders-university,amnd-winter-2005-b-2,Flinders University,,archive:amnd-winter-2005:b-2:flinders-university:none
contax,amnd-winter-2005-b-2,Contax,,archive:amnd-winter-2005:b-2:contax:none
oakdale-netball-club-sa,amnd-winter-2005-b-2,Oakdale,,archive:amnd-winter-2005:b-2:oakdale-netball-club-sa:none
harlequin,amnd-winter-2005-b-2,Harlequin,,archive:amnd-winter-2005:b-2:harlequin:none
adelaide-university,amnd-winter-2005-b-2,Adelaide University,,archive:amnd-winter-2005:b-2:adelaide-university:none
matrics,amnd-winter-2005-b-2,Matrics,,archive:amnd-winter-2005:b-2:matrics:none
woods-panthers,amnd-winter-2005-b-2,Woods Panthers,,archive:amnd-winter-2005:b-2:woods-panthers:none
metro-magic,amnd-winter-2005-b-2,Metro Magic,,archive:amnd-winter-2005:b-2:metro-magic:none
westminster-o-s,amnd-winter-2005-b-3,Westminster O.S.,,archive:amnd-winter-2005:b-3:westminster-o-s:none
contax,amnd-winter-2005-b-3,Contax,,archive:amnd-winter-2005:b-3:contax:none
cheerio-netball-club,amnd-winter-2005-b-3,Cheerio,,archive:amnd-winter-2005:b-3:cheerio-netball-club:none
adelaide-cougars,amnd-winter-2005-b-3,Adelaide Cougars,,archive:amnd-winter-2005:b-3:adelaide-cougars:none
norwood-netball-club,amnd-winter-2005-b-3,Newton Jaguars,,archive:amnd-winter-2005:b-3:norwood-netball-club:none
tango-netball-club-inc,amnd-winter-2005-b-3,Tango,,archive:amnd-winter-2005:b-3:tango-netball-club-inc:none
city-coasters,amnd-winter-2005-b-3,City Coasters,,archive:amnd-winter-2005:b-3:city-coasters:none
woods-panthers,amnd-winter-2005-b-3,Woods Panthers,,archive:amnd-winter-2005:b-3:woods-panthers:none
pembroke-o-s,amnd-winter-2005-b-3,Pembroke O.S.,,archive:amnd-winter-2005:b-3:pembroke-o-s:none
glandore,amnd-winter-2005-b-3,Glandore,,archive:amnd-winter-2005:b-3:glandore:none
adelaide-university,amnd-winter-2005-b-4,Adelaide University,,archive:amnd-winter-2005:b-4:adelaide-university:none
semaphore,amnd-winter-2005-b-4,Semaphore,,archive:amnd-winter-2005:b-4:semaphore:none
cheerio-netball-club,amnd-winter-2005-b-4,Cheerio,,archive:amnd-winter-2005:b-4:cheerio-netball-club:none
contax,amnd-winter-2005-b-4,Contax,,archive:amnd-winter-2005:b-4:contax:none
metro-jets,amnd-winter-2005-b-4,Western Jets,,archive:amnd-winter-2005:b-4:metro-jets:none
sacred-heart-o-c,amnd-winter-2005-b-4,Sacred Heart O.C.,,archive:amnd-winter-2005:b-4:sacred-heart-o-c:none
norwood-netball-club,amnd-winter-2005-b-4,Newton Jaguars,,archive:amnd-winter-2005:b-4:norwood-netball-club:none
garville,amnd-winter-2005-b-4,Garville,,archive:amnd-winter-2005:b-4:garville:none
harlequin,amnd-winter-2005-b-4,Harlequin,,archive:amnd-winter-2005:b-4:harlequin:none
matrics,amnd-winter-2005-b-4,Matrics,,archive:amnd-winter-2005:b-4:matrics:none
oakdale-netball-club-sa,amnd-winter-2005-c-1,Oakdale,,archive:amnd-winter-2005:c-1:oakdale-netball-club-sa:none
flinders-university,amnd-winter-2005-c-1,Flinders University,,archive:amnd-winter-2005:c-1:flinders-university:none
adelaide-university,amnd-winter-2005-c-1,Adelaide University,,archive:amnd-winter-2005:c-1:adelaide-university:none
city-coasters,amnd-winter-2005-c-1,City Coasters,,archive:amnd-winter-2005:c-1:city-coasters:none
garville,amnd-winter-2005-c-1,Garville,,archive:amnd-winter-2005:c-1:garville:none
clovelly-park,amnd-winter-2005-c-1,Clovelly Park,,archive:amnd-winter-2005:c-1:clovelly-park:none
cheerio-netball-club,amnd-winter-2005-c-1,Cheerio,,archive:amnd-winter-2005:c-1:cheerio-netball-club:none
sacred-heart-o-c,amnd-winter-2005-c-1,Sacred Heart O.C.,,archive:amnd-winter-2005:c-1:sacred-heart-o-c:none
seymour-o-c,amnd-winter-2005-c-2,Seymour O.C.,,archive:amnd-winter-2005:c-2:seymour-o-c:none
metro-jets,amnd-winter-2005-c-2,Western Jets,,archive:amnd-winter-2005:c-2:metro-jets:none
adelaide-university,amnd-winter-2005-c-2,Adelaide Uni.,1,archive:amnd-winter-2005:c-2:adelaide-university:1
adelaide-cougars,amnd-winter-2005-c-2,Adelaide Cougars,,archive:amnd-winter-2005:c-2:adelaide-cougars:none
flinders-university,amnd-winter-2005-c-2,Flinders University,,archive:amnd-winter-2005:c-2:flinders-university:none
tango-netball-club-inc,amnd-winter-2005-c-2,Tango,,archive:amnd-winter-2005:c-2:tango-netball-club-inc:none
pembroke-o-s,amnd-winter-2005-c-2,Pembroke O.S.,,archive:amnd-winter-2005:c-2:pembroke-o-s:none
woods-panthers,amnd-winter-2005-c-2,Woods Panthers,,archive:amnd-winter-2005:c-2:woods-panthers:none
adelaide-university,amnd-winter-2005-c-2,Adelaide Uni.,2,archive:amnd-winter-2005:c-2:adelaide-university:2
sacred-heart-o-c,amnd-winter-2005-c-2,Sacred Heart O.C.,,archive:amnd-winter-2005:c-2:sacred-heart-o-c:none
contax,amnd-winter-2005-c-3,Contax,,archive:amnd-winter-2005:c-3:contax:none
westminster-o-s,amnd-winter-2005-c-3,Westminster O.S.,,archive:amnd-winter-2005:c-3:westminster-o-s:none
clovelly-park,amnd-winter-2005-c-3,Clovelly Park,,archive:amnd-winter-2005:c-3:clovelly-park:none
pembroke-o-s,amnd-winter-2005-c-3,Pembroke O.S.,,archive:amnd-winter-2005:c-3:pembroke-o-s:none
flinders-university,amnd-winter-2005-c-3,Flinders Uni.,1,archive:amnd-winter-2005:c-3:flinders-university:1
flinders-university,amnd-winter-2005-c-3,Flinders Uni.,2,archive:amnd-winter-2005:c-3:flinders-university:2
city-coasters,amnd-winter-2005-c-3,City Coasters,,archive:amnd-winter-2005:c-3:city-coasters:none
oakdale-netball-club-sa,amnd-winter-2005-c-3,Oakdale,,archive:amnd-winter-2005:c-3:oakdale-netball-club-sa:none
adelaide-university,amnd-winter-2005-c-3,Adelaide University,,archive:amnd-winter-2005:c-3:adelaide-university:none
sacred-heart-o-c,amnd-winter-2005-c-3,Sacred Heart O.C.,,archive:amnd-winter-2005:c-3:sacred-heart-o-c:none
norwood-netball-club,amnd-winter-2005-h-grade,Jaguars,,archive:amnd-winter-2005:h-grade:norwood-netball-club:none
harlequin,amnd-winter-2005-h-grade,Harlequin,,archive:amnd-winter-2005:h-grade:harlequin:none
cardijn-cats,amnd-winter-2005-h-grade,CardijnCats,,archive:amnd-winter-2005:h-grade:cardijn-cats:none
oakdale-netball-club-sa,amnd-winter-2005-h-grade,Phoenix,,archive:amnd-winter-2005:h-grade:oakdale-netball-club-sa:none
kilburn-knights,amnd-winter-2005-h-grade,Kilburn Knights,,archive:amnd-winter-2005:h-grade:kilburn-knights:none
woods-panthers,amnd-winter-2005-h-grade,Woods Panthers,,archive:amnd-winter-2005:h-grade:woods-panthers:none
panthers,amnd-winter-2005-h-grade,Panthers,,archive:amnd-winter-2005:h-grade:panthers:none
norwood-netball-club,amnd-winter-2005-inter-1,Newton Jaguars,,archive:amnd-winter-2005:inter-1:norwood-netball-club:none
harlequin,amnd-winter-2005-inter-1,Harlequin,2,archive:amnd-winter-2005:inter-1:harlequin:2
contax,amnd-winter-2005-inter-1,Contax,,archive:amnd-winter-2005:inter-1:contax:none
harlequin,amnd-winter-2005-inter-1,Harlequin,1,archive:amnd-winter-2005:inter-1:harlequin:1
cheerio-netball-club,amnd-winter-2005-inter-1,Cheerio,,archive:amnd-winter-2005:inter-1:cheerio-netball-club:none
garville,amnd-winter-2005-inter-1,Garville,,archive:amnd-winter-2005:inter-1:garville:none
woods-panthers,amnd-winter-2005-inter-1,Woods Panthers,,archive:amnd-winter-2005:inter-1:woods-panthers:none
matrics,amnd-winter-2005-inter-1,Matrics,,archive:amnd-winter-2005:inter-1:matrics:none
tango-netball-club-inc,amnd-winter-2005-inter-1,Tango,,archive:amnd-winter-2005:inter-1:tango-netball-club-inc:none
oakdale-netball-club-sa,amnd-winter-2005-inter-1,Oakdale,,archive:amnd-winter-2005:inter-1:oakdale-netball-club-sa:none
garville,amnd-winter-2005-inter-2,Garville,,archive:amnd-winter-2005:inter-2:garville:none
adelaide-cougars,amnd-winter-2005-inter-2,Adelaide Cougars,1,archive:amnd-winter-2005:inter-2:adelaide-cougars:1
contax,amnd-winter-2005-inter-2,Contax,,archive:amnd-winter-2005:inter-2:contax:none
woods-panthers,amnd-winter-2005-inter-2,Woods Panthers,,archive:amnd-winter-2005:inter-2:woods-panthers:none
adelaide-cougars,amnd-winter-2005-inter-2,Adelaide Cougars,2,archive:amnd-winter-2005:inter-2:adelaide-cougars:2
metro-magic,amnd-winter-2005-inter-2,Metro Magic,,archive:amnd-winter-2005:inter-2:metro-magic:none
matrics,amnd-winter-2005-inter-2,Matrics,,archive:amnd-winter-2005:inter-2:matrics:none
norwood-netball-club,amnd-winter-2005-inter-2,Newton Jaguars,,archive:amnd-winter-2005:inter-2:norwood-netball-club:none
tango-netball-club-inc,amnd-winter-2005-inter-2,Tango,,archive:amnd-winter-2005:inter-2:tango-netball-club-inc:none
cheerio-netball-club,amnd-winter-2005-inter-2,Cheerio,,archive:amnd-winter-2005:inter-2:cheerio-netball-club:none
contax,amnd-winter-2005-inter-3,Contax,,archive:amnd-winter-2005:inter-3:contax:none
harlequin,amnd-winter-2005-inter-3,Harlequin,,archive:amnd-winter-2005:inter-3:harlequin:none
cove-lightning,amnd-winter-2005-inter-3,Cove Lightning,,archive:amnd-winter-2005:inter-3:cove-lightning:none
norwood-netball-club,amnd-winter-2005-inter-3,Newton Jaguars,,archive:amnd-winter-2005:inter-3:norwood-netball-club:none
garville,amnd-winter-2005-inter-3,Garville,1,archive:amnd-winter-2005:inter-3:garville:1
clovelly-park,amnd-winter-2005-inter-3,Clovelly Park,,archive:amnd-winter-2005:inter-3:clovelly-park:none
cheerio-netball-club,amnd-winter-2005-inter-3,Cheerio,,archive:amnd-winter-2005:inter-3:cheerio-netball-club:none
garville,amnd-winter-2005-inter-3,Garville,2,archive:amnd-winter-2005:inter-3:garville:2
matrics,amnd-winter-2005-inter-3,Matrics,,archive:amnd-winter-2005:inter-3:matrics:none
adelaide-cougars,amnd-winter-2005-inter-3,Adelaide Cougars,,archive:amnd-winter-2005:inter-3:adelaide-cougars:none
contax,amnd-winter-2005-inter-4,Contax,1,archive:amnd-winter-2005:inter-4:contax:1
oakdale-netball-club-sa,amnd-winter-2005-inter-4,Oakdale,1,archive:amnd-winter-2005:inter-4:oakdale-netball-club-sa:1
harlequin,amnd-winter-2005-inter-4,Harlequin,,archive:amnd-winter-2005:inter-4:harlequin:none
woods-panthers,amnd-winter-2005-inter-4,Woods Panthers,,archive:amnd-winter-2005:inter-4:woods-panthers:none
cove-lightning,amnd-winter-2005-inter-4,Cove Lightning,,archive:amnd-winter-2005:inter-4:cove-lightning:none
oakdale-netball-club-sa,amnd-winter-2005-inter-4,Oakdale,2,archive:amnd-winter-2005:inter-4:oakdale-netball-club-sa:2
contax,amnd-winter-2005-inter-4,Contax,2,archive:amnd-winter-2005:inter-4:contax:2
garville,amnd-winter-2005-inter-4,Garville,,archive:amnd-winter-2005:inter-4:garville:none
matrics,amnd-winter-2005-inter-4,Matrics,,archive:amnd-winter-2005:inter-4:matrics:none
metro-magic,amnd-winter-2005-inter-4,Metro Magic,,archive:amnd-winter-2005:inter-4:metro-magic:none
metro-jets,amnd-winter-2005-inter-5,Western Jets,,archive:amnd-winter-2005:inter-5:metro-jets:none
adelaide-cougars,amnd-winter-2005-inter-5,Adelaide Cougars,,archive:amnd-winter-2005:inter-5:adelaide-cougars:none
woods-panthers,amnd-winter-2005-inter-5,Woods Panthers,,archive:amnd-winter-2005:inter-5:woods-panthers:none
garville,amnd-winter-2005-inter-5,Garville,,archive:amnd-winter-2005:inter-5:garville:none
tango-netball-club-inc,amnd-winter-2005-inter-5,Tango,,archive:amnd-winter-2005:inter-5:tango-netball-club-inc:none
cheerio-netball-club,amnd-winter-2005-inter-5,Cheerio,,archive:amnd-winter-2005:inter-5:cheerio-netball-club:none
flinders-park,amnd-winter-2005-inter-5,Flinders Park,1,archive:amnd-winter-2005:inter-5:flinders-park:1
flinders-park,amnd-winter-2005-inter-5,Flinders Park,2,archive:amnd-winter-2005:inter-5:flinders-park:2
norwood-netball-club,amnd-winter-2005-inter-5,Newton Jaguars,,archive:amnd-winter-2005:inter-5:norwood-netball-club:none
harlequin,amnd-winter-2005-junior-1,Harlequin,1,archive:amnd-winter-2005:junior-1:harlequin:1
contax,amnd-winter-2005-junior-1,Contax,1,archive:amnd-winter-2005:junior-1:contax:1
contax,amnd-winter-2005-junior-1,Contax,2,archive:amnd-winter-2005:junior-1:contax:2
tango-netball-club-inc,amnd-winter-2005-junior-1,Tango,,archive:amnd-winter-2005:junior-1:tango-netball-club-inc:none
woods-panthers,amnd-winter-2005-junior-1,Woods Panthers,,archive:amnd-winter-2005:junior-1:woods-panthers:none
harlequin,amnd-winter-2005-junior-1,Harlequin,2,archive:amnd-winter-2005:junior-1:harlequin:2
adelaide-cougars,amnd-winter-2005-junior-1,Adelaide Cougars,,archive:amnd-winter-2005:junior-1:adelaide-cougars:none
oakdale-netball-club-sa,amnd-winter-2005-junior-1,Oakdale,,archive:amnd-winter-2005:junior-1:oakdale-netball-club-sa:none
garville,amnd-winter-2005-junior-1,Garville,,archive:amnd-winter-2005:junior-1:garville:none
norwood-netball-club,amnd-winter-2005-junior-1,Newton Jaguars,,archive:amnd-winter-2005:junior-1:norwood-netball-club:none
woods-panthers,amnd-winter-2005-junior-2,Woods Panthers,,archive:amnd-winter-2005:junior-2:woods-panthers:none
contax,amnd-winter-2005-junior-2,Contax,2,archive:amnd-winter-2005:junior-2:contax:2
contax,amnd-winter-2005-junior-2,Contax,1,archive:amnd-winter-2005:junior-2:contax:1
garville,amnd-winter-2005-junior-2,Garville,,archive:amnd-winter-2005:junior-2:garville:none
matrics,amnd-winter-2005-junior-2,Matrics,2,archive:amnd-winter-2005:junior-2:matrics:2
norwood-netball-club,amnd-winter-2005-junior-2,Newton Jaguars,2,archive:amnd-winter-2005:junior-2:norwood-netball-club:2
tango-netball-club-inc,amnd-winter-2005-junior-2,Tango,,archive:amnd-winter-2005:junior-2:tango-netball-club-inc:none
harlequin,amnd-winter-2005-junior-2,Harlequin,,archive:amnd-winter-2005:junior-2:harlequin:none
norwood-netball-club,amnd-winter-2005-junior-2,Newton Jaguars,1,archive:amnd-winter-2005:junior-2:norwood-netball-club:1
matrics,amnd-winter-2005-junior-2,Matrics,1,archive:amnd-winter-2005:junior-2:matrics:1
contax,amnd-winter-2005-junior-3,Contax,,archive:amnd-winter-2005:junior-3:contax:none
oakdale-netball-club-sa,amnd-winter-2005-junior-3,Oakdale,,archive:amnd-winter-2005:junior-3:oakdale-netball-club-sa:none
woods-panthers,amnd-winter-2005-junior-3,Woods Panthers,,archive:amnd-winter-2005:junior-3:woods-panthers:none
metro-jets,amnd-winter-2005-junior-3,Western Jets,,archive:amnd-winter-2005:junior-3:metro-jets:none
norwood-netball-club,amnd-winter-2005-junior-3,Newton Jaguars,,archive:amnd-winter-2005:junior-3:norwood-netball-club:none
tango-netball-club-inc,amnd-winter-2005-junior-3,Tango,,archive:amnd-winter-2005:junior-3:tango-netball-club-inc:none
harlequin,amnd-winter-2005-junior-3,Harlequin,,archive:amnd-winter-2005:junior-3:harlequin:none
adelaide-cougars,amnd-winter-2005-junior-3,Adelaide Cougars,1,archive:amnd-winter-2005:junior-3:adelaide-cougars:1
garville,amnd-winter-2005-junior-3,Garville,,archive:amnd-winter-2005:junior-3:garville:none
adelaide-cougars,amnd-winter-2005-junior-3,Adelaide Cougars,2,archive:amnd-winter-2005:junior-3:adelaide-cougars:2
norwood-netball-club,amnd-winter-2005-junior-4,Newton Jaguars,,archive:amnd-winter-2005:junior-4:norwood-netball-club:none
tango-netball-club-inc,amnd-winter-2005-junior-4,Tango,,archive:amnd-winter-2005:junior-4:tango-netball-club-inc:none
glandore,amnd-winter-2005-junior-4,Glandore,,archive:amnd-winter-2005:junior-4:glandore:none
woods-panthers,amnd-winter-2005-junior-4,Woods Panthers,,archive:amnd-winter-2005:junior-4:woods-panthers:none
oakdale-netball-club-sa,amnd-winter-2005-junior-4,Oakdale,,archive:amnd-winter-2005:junior-4:oakdale-netball-club-sa:none
garville,amnd-winter-2005-junior-4,Garville,,archive:amnd-winter-2005:junior-4:garville:none
metro-magic,amnd-winter-2005-junior-4,Metro Magic,,archive:amnd-winter-2005:junior-4:metro-magic:none
adelaide-cougars,amnd-winter-2005-junior-4,Adelaide Cougars,,archive:amnd-winter-2005:junior-4:adelaide-cougars:none
cheerio-netball-club,amnd-winter-2005-junior-4,Cheerio,,archive:amnd-winter-2005:junior-4:cheerio-netball-club:none
woods-panthers,amnd-winter-2005-junior-5,Woods Panthers,1,archive:amnd-winter-2005:junior-5:woods-panthers:1
contax,amnd-winter-2005-junior-5,Contax,1,archive:amnd-winter-2005:junior-5:contax:1
norwood-netball-club,amnd-winter-2005-junior-5,Newton Jaguars,,archive:amnd-winter-2005:junior-5:norwood-netball-club:none
woods-panthers,amnd-winter-2005-junior-5,Woods Panthers,2,archive:amnd-winter-2005:junior-5:woods-panthers:2
garville,amnd-winter-2005-junior-5,Garville,,archive:amnd-winter-2005:junior-5:garville:none
contax,amnd-winter-2005-junior-5,Contax,2,archive:amnd-winter-2005:junior-5:contax:2
tango-netball-club-inc,amnd-winter-2005-junior-5,Tango,,archive:amnd-winter-2005:junior-5:tango-netball-club-inc:none
matrics,amnd-winter-2005-junior-5,Matrics,,archive:amnd-winter-2005:junior-5:matrics:none
cheerio-netball-club,amnd-winter-2005-junior-5,Cheerio,,archive:amnd-winter-2005:junior-5:cheerio-netball-club:none
oakdale-netball-club-sa,amnd-winter-2005-junior-5,Oakdale,,archive:amnd-winter-2005:junior-5:oakdale-netball-club-sa:none
norwood-netball-club,amnd-winter-2005-junior-6,Newton Jaguars,,archive:amnd-winter-2005:junior-6:norwood-netball-club:none
garville,amnd-winter-2005-junior-6,Garville,,archive:amnd-winter-2005:junior-6:garville:none
tango-netball-club-inc,amnd-winter-2005-junior-6,Tango,,archive:amnd-winter-2005:junior-6:tango-netball-club-inc:none
metro-jets,amnd-winter-2005-junior-6,Western Jets,,archive:amnd-winter-2005:junior-6:metro-jets:none
adelaide-cougars,amnd-winter-2005-junior-6,Adelaide Cougars,,archive:amnd-winter-2005:junior-6:adelaide-cougars:none
semaphore,amnd-winter-2005-junior-6,Semaphore,,archive:amnd-winter-2005:junior-6:semaphore:none
glandore,amnd-winter-2005-junior-6,Glandore,,archive:amnd-winter-2005:junior-6:glandore:none
woods-panthers,amnd-winter-2005-junior-6,Woods Panthers,,archive:amnd-winter-2005:junior-6:woods-panthers:none
cheerio-netball-club,amnd-winter-2005-junior-6,Cheerio,,archive:amnd-winter-2005:junior-6:cheerio-netball-club:none
harlequin,amnd-winter-2005-primary-1,Harlequin,1,archive:amnd-winter-2005:primary-1:harlequin:1
contax,amnd-winter-2005-primary-1,Contax,,archive:amnd-winter-2005:primary-1:contax:none
tango-netball-club-inc,amnd-winter-2005-primary-1,Tango,,archive:amnd-winter-2005:primary-1:tango-netball-club-inc:none
garville,amnd-winter-2005-primary-1,Garville,,archive:amnd-winter-2005:primary-1:garville:none
harlequin,amnd-winter-2005-primary-1,Harlequin,2,archive:amnd-winter-2005:primary-1:harlequin:2
matrics,amnd-winter-2005-primary-1,Matrics,,archive:amnd-winter-2005:primary-1:matrics:none
woods-panthers,amnd-winter-2005-primary-2,Woods Panthers,,archive:amnd-winter-2005:primary-2:woods-panthers:none
norwood-netball-club,amnd-winter-2005-primary-2,Newton Jaguars,,archive:amnd-winter-2005:primary-2:norwood-netball-club:none
garville,amnd-winter-2005-primary-2,Garville,,archive:amnd-winter-2005:primary-2:garville:none
adelaide-cougars,amnd-winter-2005-primary-2,Adelaide Cougars,,archive:amnd-winter-2005:primary-2:adelaide-cougars:none
contax,amnd-winter-2005-primary-2,Contax,,archive:amnd-winter-2005:primary-2:contax:none
oakdale-netball-club-sa,amnd-winter-2005-primary-2,Oakdale,,archive:amnd-winter-2005:primary-2:oakdale-netball-club-sa:none
oakdale-netball-club-sa,amnd-winter-2005-primary-3,Oakdale,,archive:amnd-winter-2005:primary-3:oakdale-netball-club-sa:none
harlequin,amnd-winter-2005-primary-3,Harlequin,,archive:amnd-winter-2005:primary-3:harlequin:none
tango-netball-club-inc,amnd-winter-2005-primary-3,Tango,,archive:amnd-winter-2005:primary-3:tango-netball-club-inc:none
matrics,amnd-winter-2005-primary-3,Matrics,,archive:amnd-winter-2005:primary-3:matrics:none
garville,amnd-winter-2005-primary-3,Garville,,archive:amnd-winter-2005:primary-3:garville:none
contax,amnd-winter-2005-primary-3,Contax,,archive:amnd-winter-2005:primary-3:contax:none
metro-jets,amnd-winter-2005-primary-3,Western Jets,,archive:amnd-winter-2005:primary-3:metro-jets:none
woods-panthers,amnd-winter-2005-primary-3,Woods Panthers,,archive:amnd-winter-2005:primary-3:woods-panthers:none
garville,amnd-winter-2005-primary-4,Garville,,archive:amnd-winter-2005:primary-4:garville:none
woods-panthers,amnd-winter-2005-primary-4,Woods Panthers,,archive:amnd-winter-2005:primary-4:woods-panthers:none
adelaide-cougars,amnd-winter-2005-primary-4,Adelaide Cougars,1,archive:amnd-winter-2005:primary-4:adelaide-cougars:1
adelaide-cougars,amnd-winter-2005-primary-4,Adelaide Cougars,2,archive:amnd-winter-2005:primary-4:adelaide-cougars:2
contax,amnd-winter-2005-primary-4,Contax,,archive:amnd-winter-2005:primary-4:contax:none
norwood-netball-club,amnd-winter-2005-primary-4,Newton Jaguars,,archive:amnd-winter-2005:primary-4:norwood-netball-club:none
semaphore,amnd-winter-2005-primary-5,Semaphore,,archive:amnd-winter-2005:primary-5:semaphore:none
cheerio-netball-club,amnd-winter-2005-primary-5,Cheerio,,archive:amnd-winter-2005:primary-5:cheerio-netball-club:none
tango-netball-club-inc,amnd-winter-2005-primary-5,Tango,,archive:amnd-winter-2005:primary-5:tango-netball-club-inc:none
garville,amnd-winter-2005-primary-5,Garville,,archive:amnd-winter-2005:primary-5:garville:none
matrics,amnd-winter-2005-primary-5,Matrics,1,archive:amnd-winter-2005:primary-5:matrics:1
matrics,amnd-winter-2005-primary-5,Matrics,2,archive:amnd-winter-2005:primary-5:matrics:2
metro-jets,amnd-winter-2005-primary-6,Western Jets,,archive:amnd-winter-2005:primary-6:metro-jets:none
metro-magic,amnd-winter-2005-primary-6,Metro Magic,,archive:amnd-winter-2005:primary-6:metro-magic:none
tango-netball-club-inc,amnd-winter-2005-primary-6,Tango,,archive:amnd-winter-2005:primary-6:tango-netball-club-inc:none
garville,amnd-winter-2005-primary-6,Garville,,archive:amnd-winter-2005:primary-6:garville:none
oakdale-netball-club-sa,amnd-winter-2005-primary-6,Oakdale,,archive:amnd-winter-2005:primary-6:oakdale-netball-club-sa:none
contax,amnd-winter-2005-primary-6,Contax,,archive:amnd-winter-2005:primary-6:contax:none
woods-panthers,amnd-winter-2005-primary-6,Woods Panthers,,archive:amnd-winter-2005:primary-6:woods-panthers:none
norwood-netball-club,amnd-winter-2005-primary-6,Newton Jaguars,,archive:amnd-winter-2005:primary-6:norwood-netball-club:none
contax,amnd-winter-2005-sub-junior-1,Contax,,archive:amnd-winter-2005:sub-junior-1:contax:none
harlequin,amnd-winter-2005-sub-junior-1,Harlequin,1,archive:amnd-winter-2005:sub-junior-1:harlequin:1
woods-panthers,amnd-winter-2005-sub-junior-1,Woods Panthers,,archive:amnd-winter-2005:sub-junior-1:woods-panthers:none
harlequin,amnd-winter-2005-sub-junior-1,Harlequin,2,archive:amnd-winter-2005:sub-junior-1:harlequin:2
metro-jets,amnd-winter-2005-sub-junior-1,Western Jets,,archive:amnd-winter-2005:sub-junior-1:metro-jets:none
adelaide-cougars,amnd-winter-2005-sub-junior-1,Adelaide Cougars,,archive:amnd-winter-2005:sub-junior-1:adelaide-cougars:none
tango-netball-club-inc,amnd-winter-2005-sub-junior-1,Tango,,archive:amnd-winter-2005:sub-junior-1:tango-netball-club-inc:none
garville,amnd-winter-2005-sub-junior-1,Garville,,archive:amnd-winter-2005:sub-junior-1:garville:none
matrics,amnd-winter-2005-sub-junior-2,Matrics,,archive:amnd-winter-2005:sub-junior-2:matrics:none
contax,amnd-winter-2005-sub-junior-2,Contax,,archive:amnd-winter-2005:sub-junior-2:contax:none
metro-jets,amnd-winter-2005-sub-junior-2,Western Jets,,archive:amnd-winter-2005:sub-junior-2:metro-jets:none
woods-panthers,amnd-winter-2005-sub-junior-2,Woods Panthers,,archive:amnd-winter-2005:sub-junior-2:woods-panthers:none
tango-netball-club-inc,amnd-winter-2005-sub-junior-2,Tango,,archive:amnd-winter-2005:sub-junior-2:tango-netball-club-inc:none
garville,amnd-winter-2005-sub-junior-2,Garville,,archive:amnd-winter-2005:sub-junior-2:garville:none
oakdale-netball-club-sa,amnd-winter-2005-sub-junior-2,Oakdale,,archive:amnd-winter-2005:sub-junior-2:oakdale-netball-club-sa:none
norwood-netball-club,amnd-winter-2005-sub-junior-2,Newton Jaguars,,archive:amnd-winter-2005:sub-junior-2:norwood-netball-club:none
contax,amnd-winter-2005-sub-junior-3,Contax,,archive:amnd-winter-2005:sub-junior-3:contax:none
metro-jets,amnd-winter-2005-sub-junior-3,Western Jets,,archive:amnd-winter-2005:sub-junior-3:metro-jets:none
woods-panthers,amnd-winter-2005-sub-junior-3,Woods Panthers,,archive:amnd-winter-2005:sub-junior-3:woods-panthers:none
harlequin,amnd-winter-2005-sub-junior-3,Harlequin,,archive:amnd-winter-2005:sub-junior-3:harlequin:none
tango-netball-club-inc,amnd-winter-2005-sub-junior-3,Tango,,archive:amnd-winter-2005:sub-junior-3:tango-netball-club-inc:none
adelaide-cougars,amnd-winter-2005-sub-junior-3,Adelaide Cougars,,archive:amnd-winter-2005:sub-junior-3:adelaide-cougars:none
norwood-netball-club,amnd-winter-2005-sub-junior-3,Newton Jaguars,,archive:amnd-winter-2005:sub-junior-3:norwood-netball-club:none
oakdale-netball-club-sa,amnd-winter-2005-sub-junior-3,Oakdale,,archive:amnd-winter-2005:sub-junior-3:oakdale-netball-club-sa:none
tango-netball-club-inc,amnd-winter-2005-sub-junior-4,Tango,,archive:amnd-winter-2005:sub-junior-4:tango-netball-club-inc:none
harlequin,amnd-winter-2005-sub-junior-4,Harlequin,,archive:amnd-winter-2005:sub-junior-4:harlequin:none
contax,amnd-winter-2005-sub-junior-4,Contax,,archive:amnd-winter-2005:sub-junior-4:contax:none
garville,amnd-winter-2005-sub-junior-4,Garville,2,archive:amnd-winter-2005:sub-junior-4:garville:2
adelaide-cougars,amnd-winter-2005-sub-junior-4,Adelaide Cougars,,archive:amnd-winter-2005:sub-junior-4:adelaide-cougars:none
matrics,amnd-winter-2005-sub-junior-4,Matrics,,archive:amnd-winter-2005:sub-junior-4:matrics:none
woods-panthers,amnd-winter-2005-sub-junior-4,Woods Panthers,,archive:amnd-winter-2005:sub-junior-4:woods-panthers:none
garville,amnd-winter-2005-sub-junior-4,Garville,1,archive:amnd-winter-2005:sub-junior-4:garville:1
cheerio-netball-club,amnd-winter-2005-sub-junior-5,Cheerio,1,archive:amnd-winter-2005:sub-junior-5:cheerio-netball-club:1
woods-panthers,amnd-winter-2005-sub-junior-5,Woods Panthers,,archive:amnd-winter-2005:sub-junior-5:woods-panthers:none
cheerio-netball-club,amnd-winter-2005-sub-junior-5,Cheerio,2,archive:amnd-winter-2005:sub-junior-5:cheerio-netball-club:2
metro-jets,amnd-winter-2005-sub-junior-5,Western Jets,,archive:amnd-winter-2005:sub-junior-5:metro-jets:none
adelaide-cougars,amnd-winter-2005-sub-junior-5,Adelaide Cougars,,archive:amnd-winter-2005:sub-junior-5:adelaide-cougars:none
metro-magic,amnd-winter-2005-sub-junior-5,Metro Magic,,archive:amnd-winter-2005:sub-junior-5:metro-magic:none
norwood-netball-club,amnd-winter-2005-sub-junior-5,Newton Jaguars,,archive:amnd-winter-2005:sub-junior-5:norwood-netball-club:none
contax,amnd-winter-2005-sub-junior-5,Contax,,archive:amnd-winter-2005:sub-junior-5:contax:none
tango-netball-club-inc,amnd-winter-2005-sub-junior-6,Tango,2,archive:amnd-winter-2005:sub-junior-6:tango-netball-club-inc:2
oakdale-netball-club-sa,amnd-winter-2005-sub-junior-6,Oakdale,,archive:amnd-winter-2005:sub-junior-6:oakdale-netball-club-sa:none
woods-panthers,amnd-winter-2005-sub-junior-6,Woods Panthers,1,archive:amnd-winter-2005:sub-junior-6:woods-panthers:1
matrics,amnd-winter-2005-sub-junior-6,Matrics,,archive:amnd-winter-2005:sub-junior-6:matrics:none
woods-panthers,amnd-winter-2005-sub-junior-6,Woods Panthers,2,archive:amnd-winter-2005:sub-junior-6:woods-panthers:2
tango-netball-club-inc,amnd-winter-2005-sub-junior-6,Tango,1,archive:amnd-winter-2005:sub-junior-6:tango-netball-club-inc:1
metro-magic,amnd-winter-2005-sub-junior-6,Metro Magic,,archive:amnd-winter-2005:sub-junior-6:metro-magic:none
semaphore,amnd-winter-2005-sub-junior-6,Semaphore,,archive:amnd-winter-2005:sub-junior-6:semaphore:none
glandore,amnd-winter-2005-sub-junior-7,Glandore,,archive:amnd-winter-2005:sub-junior-7:glandore:none
garville,amnd-winter-2005-sub-junior-7,Garville,1,archive:amnd-winter-2005:sub-junior-7:garville:1
metro-jets,amnd-winter-2005-sub-junior-7,Western Jets,,archive:amnd-winter-2005:sub-junior-7:metro-jets:none
garville,amnd-winter-2005-sub-junior-7,Garville,2,archive:amnd-winter-2005:sub-junior-7:garville:2
cheerio-netball-club,amnd-winter-2005-sub-junior-7,Cheerio,,archive:amnd-winter-2005:sub-junior-7:cheerio-netball-club:none
norwood-netball-club,amnd-winter-2005-sub-junior-7,Newton Jaguars,,archive:amnd-winter-2005:sub-junior-7:norwood-netball-club:none
oakdale-netball-club-sa,amnd-winter-2006-amnd-league,Oakdale,,archive:amnd-winter-2006:amnd-league:oakdale-netball-club-sa:none
woods-panthers,amnd-winter-2006-amnd-league,Woods Panthers,,archive:amnd-winter-2006:amnd-league:woods-panthers:none
harlequin,amnd-winter-2006-amnd-league,Harlequin,,archive:amnd-winter-2006:amnd-league:harlequin:none
cheerio-netball-club,amnd-winter-2006-amnd-league,Cheerio,,archive:amnd-winter-2006:amnd-league:cheerio-netball-club:none
contax,amnd-winter-2006-amnd-league,Contax,,archive:amnd-winter-2006:amnd-league:contax:none
glandore-clovelly-park,amnd-winter-2006-amnd-league,Glandore/Clov.Pk,,archive:amnd-winter-2006:amnd-league:glandore-clovelly-park:none
norwood-netball-club,amnd-winter-2006-amnd-league,Newton Jaguars,,archive:amnd-winter-2006:amnd-league:norwood-netball-club:none
garville,amnd-winter-2006-amnd-league,Garville,,archive:amnd-winter-2006:amnd-league:garville:none
matrics,amnd-winter-2006-amnd-league,Matrics,,archive:amnd-winter-2006:amnd-league:matrics:none
adelaide-cougars,amnd-winter-2006-amnd-league,Adelaide Cougars,,archive:amnd-winter-2006:amnd-league:adelaide-cougars:none
norwood-netball-club,amnd-winter-2006-a-grade,Newton Jaguars,,archive:amnd-winter-2006:a-grade:norwood-netball-club:none
sacred-heart-o-c,amnd-winter-2006-a-grade,Sacred Heart O.C.,,archive:amnd-winter-2006:a-grade:sacred-heart-o-c:none
cheerio-netball-club,amnd-winter-2006-a-grade,Cheerio,,archive:amnd-winter-2006:a-grade:cheerio-netball-club:none
contax,amnd-winter-2006-a-grade,Contax,,archive:amnd-winter-2006:a-grade:contax:none
fielders-flames,amnd-winter-2006-a-grade,Flames,,archive:amnd-winter-2006:a-grade:fielders-flames:none
adelaide-cougars,amnd-winter-2006-a-grade,Adelaide Cougars,,archive:amnd-winter-2006:a-grade:adelaide-cougars:none
woods-panthers,amnd-winter-2006-a-grade,Woods Panthers,,archive:amnd-winter-2006:a-grade:woods-panthers:none
glandore-clovelly-park,amnd-winter-2006-a-grade,Glandore/Clov.Pk,,archive:amnd-winter-2006:a-grade:glandore-clovelly-park:none
garville,amnd-winter-2006-a-grade,Garville,,archive:amnd-winter-2006:a-grade:garville:none
matrics,amnd-winter-2006-a-grade,Matrics,,archive:amnd-winter-2006:a-grade:matrics:none
contax,amnd-winter-2006-b-1,Contax,,archive:amnd-winter-2006:b-1:contax:none
adelaide-university,amnd-winter-2006-b-1,Adelaide Uni.,,archive:amnd-winter-2006:b-1:adelaide-university:none
metro-jets,amnd-winter-2006-b-1,Western Jets,,archive:amnd-winter-2006:b-1:metro-jets:none
city-coasters,amnd-winter-2006-b-1,City Coasters,,archive:amnd-winter-2006:b-1:city-coasters:none
tango-netball-club-inc,amnd-winter-2006-b-1,Tango,,archive:amnd-winter-2006:b-1:tango-netball-club-inc:none
oakdale-netball-club-sa,amnd-winter-2006-b-1,Oakdale,,archive:amnd-winter-2006:b-1:oakdale-netball-club-sa:none
harlequin,amnd-winter-2006-b-1,Harlequin,,archive:amnd-winter-2006:b-1:harlequin:none
pembroke-o-s,amnd-winter-2006-b-1,Pembroke O.S.,,archive:amnd-winter-2006:b-1:pembroke-o-s:none
adelaide-cougars,amnd-winter-2006-b-1,Adelaide Cougars,,archive:amnd-winter-2006:b-1:adelaide-cougars:none
garville,amnd-winter-2006-b-1,Garville,,archive:amnd-winter-2006:b-1:garville:none
westminster-o-s,amnd-winter-2006-b-2,Westminster O.S.,,archive:amnd-winter-2006:b-2:westminster-o-s:none
flinders-university,amnd-winter-2006-b-2,Flinders Uni.,,archive:amnd-winter-2006:b-2:flinders-university:none
contax,amnd-winter-2006-b-2,Contax,,archive:amnd-winter-2006:b-2:contax:none
cheerio-netball-club,amnd-winter-2006-b-2,Cheerio,,archive:amnd-winter-2006:b-2:cheerio-netball-club:none
woods-panthers,amnd-winter-2006-b-2,Woods Panthers,,archive:amnd-winter-2006:b-2:woods-panthers:none
glandore-clovelly-park,amnd-winter-2006-b-2,Glandore/Clov.Pk,,archive:amnd-winter-2006:b-2:glandore-clovelly-park:none
harlequin,amnd-winter-2006-b-2,Harlequin,,archive:amnd-winter-2006:b-2:harlequin:none
adelaide-university,amnd-winter-2006-b-2,Adelaide Uni.,,archive:amnd-winter-2006:b-2:adelaide-university:none
oakdale-netball-club-sa,amnd-winter-2006-b-2,Oakdale,,archive:amnd-winter-2006:b-2:oakdale-netball-club-sa:none
matrics,amnd-winter-2006-b-2,Matrics,,archive:amnd-winter-2006:b-2:matrics:none
adelaide-university,amnd-winter-2006-b-3,Adelaide Uni.,,archive:amnd-winter-2006:b-3:adelaide-university:none
contax,amnd-winter-2006-b-3,Contax,,archive:amnd-winter-2006:b-3:contax:none
semaphore,amnd-winter-2006-b-3,Semaphore,,archive:amnd-winter-2006:b-3:semaphore:none
norwood-netball-club,amnd-winter-2006-b-3,Newton Jaguars,,archive:amnd-winter-2006:b-3:norwood-netball-club:none
tango-netball-club-inc,amnd-winter-2006-b-3,Tango,,archive:amnd-winter-2006:b-3:tango-netball-club-inc:none
cheerio-netball-club,amnd-winter-2006-b-3,Cheerio,,archive:amnd-winter-2006:b-3:cheerio-netball-club:none
woods-panthers,amnd-winter-2006-b-3,Woods Panthers,,archive:amnd-winter-2006:b-3:woods-panthers:none
adelaide-cougars,amnd-winter-2006-b-3,Adelaide Cougars,,archive:amnd-winter-2006:b-3:adelaide-cougars:none
glandore-clovelly-park,amnd-winter-2006-b-3,Glandore/Clov.Pk,,archive:amnd-winter-2006:b-3:glandore-clovelly-park:none
city-coasters,amnd-winter-2006-b-3,City Coasters,,archive:amnd-winter-2006:b-3:city-coasters:none
noarlunga,amnd-winter-2006-b-4,Noarlunga,,archive:amnd-winter-2006:b-4:noarlunga:none
flinders-university,amnd-winter-2006-b-4,Flinders Uni.,,archive:amnd-winter-2006:b-4:flinders-university:none
contax,amnd-winter-2006-b-4,Contax,,archive:amnd-winter-2006:b-4:contax:none
sacred-heart-o-c,amnd-winter-2006-b-4,Sacred Heart O.C.,,archive:amnd-winter-2006:b-4:sacred-heart-o-c:none
harlequin,amnd-winter-2006-b-4,Harlequin,,archive:amnd-winter-2006:b-4:harlequin:none
metro-jets,amnd-winter-2006-b-4,Western Jets,,archive:amnd-winter-2006:b-4:metro-jets:none
garville,amnd-winter-2006-b-4,Garville,,archive:amnd-winter-2006:b-4:garville:none
norwood-netball-club,amnd-winter-2006-b-4,Newton Jaguars,,archive:amnd-winter-2006:b-4:norwood-netball-club:none
oakdale-netball-club-sa,amnd-winter-2006-b-4,Oakdale,,archive:amnd-winter-2006:b-4:oakdale-netball-club-sa:none
pembroke-o-s,amnd-winter-2006-b-4,Pembroke O.S.,,archive:amnd-winter-2006:b-4:pembroke-o-s:none
seymour-o-c,amnd-winter-2006-c-1,Seymour O.C.,,archive:amnd-winter-2006:c-1:seymour-o-c:none
scotch-old-scholars,amnd-winter-2006-c-1,Scotch College O.S.,,archive:amnd-winter-2006:c-1:scotch-old-scholars:none
fielders-flames,amnd-winter-2006-c-1,Flames,,archive:amnd-winter-2006:c-1:fielders-flames:none
cove-lightning,amnd-winter-2006-c-1,Cove Lightning,,archive:amnd-winter-2006:c-1:cove-lightning:none
garville,amnd-winter-2006-c-1,Garville,,archive:amnd-winter-2006:c-1:garville:none
tango-netball-club-inc,amnd-winter-2006-c-1,Tango,,archive:amnd-winter-2006:c-1:tango-netball-club-inc:none
adelaide-university,amnd-winter-2006-c-1,Adelaide Uni.,,archive:amnd-winter-2006:c-1:adelaide-university:none
city-coasters,amnd-winter-2006-c-1,City Coasters,,archive:amnd-winter-2006:c-1:city-coasters:none
matrics,amnd-winter-2006-c-1,Matrics,,archive:amnd-winter-2006:c-1:matrics:none
glandore-clovelly-park,amnd-winter-2006-c-1,Glandore/Clov.Pk,,archive:amnd-winter-2006:c-1:glandore-clovelly-park:none
adelaide-cougars,amnd-winter-2006-c-2,Adelaide Cougars,,archive:amnd-winter-2006:c-2:adelaide-cougars:none
woods-panthers,amnd-winter-2006-c-2,Woods Panthers,,archive:amnd-winter-2006:c-2:woods-panthers:none
cheerio-netball-club,amnd-winter-2006-c-2,Cheerio,,archive:amnd-winter-2006:c-2:cheerio-netball-club:none
westminster-o-s,amnd-winter-2006-c-2,Westminster O.S.,,archive:amnd-winter-2006:c-2:westminster-o-s:none
flinders-university,amnd-winter-2006-c-2,Flinders Uni.,,archive:amnd-winter-2006:c-2:flinders-university:none
adelaide-university,amnd-winter-2006-c-2,Adelaide Uni.,2,archive:amnd-winter-2006:c-2:adelaide-university:2
metro-jets,amnd-winter-2006-c-2,Western Jets,,archive:amnd-winter-2006:c-2:metro-jets:none
adelaide-university,amnd-winter-2006-c-2,Adelaide Uni.,1,archive:amnd-winter-2006:c-2:adelaide-university:1
contax,amnd-winter-2006-c-2,Contax,,archive:amnd-winter-2006:c-2:contax:none
glandore-clovelly-park,amnd-winter-2006-c-2,Glandore/Clov.Pk,,archive:amnd-winter-2006:c-2:glandore-clovelly-park:none
harlequin,amnd-winter-2006-c-3,Harlequin,,archive:amnd-winter-2006:c-3:harlequin:none
flinders-university,amnd-winter-2006-c-3,Flinders Uni.,,archive:amnd-winter-2006:c-3:flinders-university:none
semaphore,amnd-winter-2006-c-3,Semaphore,,archive:amnd-winter-2006:c-3:semaphore:none
sacred-heart-o-c,amnd-winter-2006-c-3,Sacred Heart O.S.,,archive:amnd-winter-2006:c-3:sacred-heart-o-c:none
adelaide-university,amnd-winter-2006-c-3,Adelaide Uni.,,archive:amnd-winter-2006:c-3:adelaide-university:none
cheerio-netball-club,amnd-winter-2006-c-3,Cheerio,,archive:amnd-winter-2006:c-3:cheerio-netball-club:none
woods-panthers,amnd-winter-2006-c-4,Woods Panthers,,archive:amnd-winter-2006:c-4:woods-panthers:none
tango-netball-club-inc,amnd-winter-2006-c-4,Tango,,archive:amnd-winter-2006:c-4:tango-netball-club-inc:none
sacred-heart-o-c,amnd-winter-2006-c-4,Sacred Heart O.C.,,archive:amnd-winter-2006:c-4:sacred-heart-o-c:none
glandore-clovelly-park,amnd-winter-2006-c-4,Glandore/Clov.Pk,,archive:amnd-winter-2006:c-4:glandore-clovelly-park:none
city-coasters,amnd-winter-2006-c-4,City Coasters,,archive:amnd-winter-2006:c-4:city-coasters:none
flinders-university,amnd-winter-2006-c-4,Flinders Uni.,,archive:amnd-winter-2006:c-4:flinders-university:none
pembroke-o-s,amnd-winter-2006-c-4,Pembroke O.S.,,archive:amnd-winter-2006:c-4:pembroke-o-s:none
adelaide-university,amnd-winter-2006-c-4,Adelaide Uni.,,archive:amnd-winter-2006:c-4:adelaide-university:none
norwood-netball-club,amnd-winter-2006-h-grade,Jaguars,,archive:amnd-winter-2006:h-grade:norwood-netball-club:none
metro-jets,amnd-winter-2006-h-grade,Western Jets,,archive:amnd-winter-2006:h-grade:metro-jets:none
harlequin,amnd-winter-2006-h-grade,Harlequin,,archive:amnd-winter-2006:h-grade:harlequin:none
kilburn-knights,amnd-winter-2006-h-grade,Kilburn Knights,,archive:amnd-winter-2006:h-grade:kilburn-knights:none
panthers,amnd-winter-2006-h-grade,Panthers,,archive:amnd-winter-2006:h-grade:panthers:none
oakdale-netball-club-sa,amnd-winter-2006-inter-1,Oakdale,,archive:amnd-winter-2006:inter-1:oakdale-netball-club-sa:none
harlequin,amnd-winter-2006-inter-1,Harlequin,,archive:amnd-winter-2006:inter-1:harlequin:none
contax,amnd-winter-2006-inter-1,Contax,,archive:amnd-winter-2006:inter-1:contax:none
norwood-netball-club,amnd-winter-2006-inter-1,Newton Jaguars,,archive:amnd-winter-2006:inter-1:norwood-netball-club:none
woods-panthers,amnd-winter-2006-inter-1,Woods Panthers,,archive:amnd-winter-2006:inter-1:woods-panthers:none
tango-netball-club-inc,amnd-winter-2006-inter-1,Tango,,archive:amnd-winter-2006:inter-1:tango-netball-club-inc:none
matrics,amnd-winter-2006-inter-1,Matrics,,archive:amnd-winter-2006:inter-1:matrics:none
cheerio-netball-club,amnd-winter-2006-inter-1,Cheerio,,archive:amnd-winter-2006:inter-1:cheerio-netball-club:none
garville,amnd-winter-2006-inter-1,Garville,,archive:amnd-winter-2006:inter-1:garville:none
adelaide-cougars,amnd-winter-2006-inter-1,Adelaide Cougars,,archive:amnd-winter-2006:inter-1:adelaide-cougars:none
harlequin,amnd-winter-2006-inter-2,Harlequin,,archive:amnd-winter-2006:inter-2:harlequin:none
contax,amnd-winter-2006-inter-2,Contax,,archive:amnd-winter-2006:inter-2:contax:none
woods-panthers,amnd-winter-2006-inter-2,Woods Panthers,,archive:amnd-winter-2006:inter-2:woods-panthers:none
norwood-netball-club,amnd-winter-2006-inter-2,Newton Jaguars,,archive:amnd-winter-2006:inter-2:norwood-netball-club:none
adelaide-cougars,amnd-winter-2006-inter-2,Adelaide Cougars,,archive:amnd-winter-2006:inter-2:adelaide-cougars:none
garville,amnd-winter-2006-inter-2,Garville,,archive:amnd-winter-2006:inter-2:garville:none
oakdale-netball-club-sa,amnd-winter-2006-inter-2,Oakdale,,archive:amnd-winter-2006:inter-2:oakdale-netball-club-sa:none
tango-netball-club-inc,amnd-winter-2006-inter-2,Tango,,archive:amnd-winter-2006:inter-2:tango-netball-club-inc:none
matrics,amnd-winter-2006-inter-2,Matrics,,archive:amnd-winter-2006:inter-2:matrics:none
metro-jets,amnd-winter-2006-inter-2,Western Jets,,archive:amnd-winter-2006:inter-2:metro-jets:none
heatwave,amnd-winter-2006-inter-3,Heatwave,,archive:amnd-winter-2006:inter-3:heatwave:none
contax,amnd-winter-2006-inter-3,Contax,1,archive:amnd-winter-2006:inter-3:contax:1
woods-panthers,amnd-winter-2006-inter-3,Woods Panthers,,archive:amnd-winter-2006:inter-3:woods-panthers:none
northeast-zodiac,amnd-winter-2006-inter-3,Northeast Zodiacs,,archive:amnd-winter-2006:inter-3:northeast-zodiac:none
contax,amnd-winter-2006-inter-3,Contax,2,archive:amnd-winter-2006:inter-3:contax:2
norwood-netball-club,amnd-winter-2006-inter-3,Newton Jaguars,,archive:amnd-winter-2006:inter-3:norwood-netball-club:none
harlequin,amnd-winter-2006-inter-3,Harlequin,,archive:amnd-winter-2006:inter-3:harlequin:none
glandore-clovelly-park,amnd-winter-2006-inter-3,Glandore/Clov.Pk,,archive:amnd-winter-2006:inter-3:glandore-clovelly-park:none
garville,amnd-winter-2006-inter-3,Garville,,archive:amnd-winter-2006:inter-3:garville:none
adelaide-cougars,amnd-winter-2006-inter-3,Adelaide Cougars,,archive:amnd-winter-2006:inter-3:adelaide-cougars:none
matrics,amnd-winter-2006-inter-4,Matrics,,archive:amnd-winter-2006:inter-4:matrics:none
woods-panthers,amnd-winter-2006-inter-4,Woods Panthers,,archive:amnd-winter-2006:inter-4:woods-panthers:none
adelaide-cougars,amnd-winter-2006-inter-4,Adelaide Cougars,,archive:amnd-winter-2006:inter-4:adelaide-cougars:none
norwood-netball-club,amnd-winter-2006-inter-4,Newton Jaguars,,archive:amnd-winter-2006:inter-4:norwood-netball-club:none
cheerio-netball-club,amnd-winter-2006-inter-4,Cheerio,,archive:amnd-winter-2006:inter-4:cheerio-netball-club:none
oakdale-netball-club-sa,amnd-winter-2006-inter-4,Oakdale,,archive:amnd-winter-2006:inter-4:oakdale-netball-club-sa:none
garville,amnd-winter-2006-inter-4,Garville,,archive:amnd-winter-2006:inter-4:garville:none
metro-jets,amnd-winter-2006-inter-4,Western Jets,,archive:amnd-winter-2006:inter-4:metro-jets:none
tango-netball-club-inc,amnd-winter-2006-inter-5,Tango,,archive:amnd-winter-2006:inter-5:tango-netball-club-inc:none
norwood-netball-club,amnd-winter-2006-inter-5,Newton Jaguars,,archive:amnd-winter-2006:inter-5:norwood-netball-club:none
contax,amnd-winter-2006-inter-5,Contax,,archive:amnd-winter-2006:inter-5:contax:none
garville,amnd-winter-2006-inter-5,Garville,,archive:amnd-winter-2006:inter-5:garville:none
woods-panthers,amnd-winter-2006-inter-5,Woods Panthers,,archive:amnd-winter-2006:inter-5:woods-panthers:none
cheerio-netball-club,amnd-winter-2006-inter-5,Cheerio,,archive:amnd-winter-2006:inter-5:cheerio-netball-club:none
glandore-clovelly-park,amnd-winter-2006-inter-5,Glandore/Clov.Pk,,archive:amnd-winter-2006:inter-5:glandore-clovelly-park:none
harlequin,amnd-winter-2006-junior-1,Harlequin,,archive:amnd-winter-2006:junior-1:harlequin:none
contax,amnd-winter-2006-junior-1,Contax,,archive:amnd-winter-2006:junior-1:contax:none
adelaide-cougars,amnd-winter-2006-junior-1,Adelaide Cougars,,archive:amnd-winter-2006:junior-1:adelaide-cougars:none
woods-panthers,amnd-winter-2006-junior-1,Woods Panthers,1,archive:amnd-winter-2006:junior-1:woods-panthers:1
woods-panthers,amnd-winter-2006-junior-1,Woods Panthers,2,archive:amnd-winter-2006:junior-1:woods-panthers:2
tango-netball-club-inc,amnd-winter-2006-junior-1,Tango,,archive:amnd-winter-2006:junior-1:tango-netball-club-inc:none
oakdale-netball-club-sa,amnd-winter-2006-junior-1,Oakdale,,archive:amnd-winter-2006:junior-1:oakdale-netball-club-sa:none
norwood-netball-club,amnd-winter-2006-junior-1,Newton Jaguars,,archive:amnd-winter-2006:junior-1:norwood-netball-club:none
matrics,amnd-winter-2006-junior-1,Matrics,,archive:amnd-winter-2006:junior-1:matrics:none
garville,amnd-winter-2006-junior-1,Garville,,archive:amnd-winter-2006:junior-1:garville:none
harlequin,amnd-winter-2006-junior-2,Harlequin,1,archive:amnd-winter-2006:junior-2:harlequin:1
contax,amnd-winter-2006-junior-2,Contax,,archive:amnd-winter-2006:junior-2:contax:none
adelaide-cougars,amnd-winter-2006-junior-2,Adelaide Cougars,,archive:amnd-winter-2006:junior-2:adelaide-cougars:none
harlequin,amnd-winter-2006-junior-2,Harlequin,2,archive:amnd-winter-2006:junior-2:harlequin:2
metro-jets,amnd-winter-2006-junior-2,Western Jets,,archive:amnd-winter-2006:junior-2:metro-jets:none
garville,amnd-winter-2006-junior-2,Garville,,archive:amnd-winter-2006:junior-2:garville:none
norwood-netball-club,amnd-winter-2006-junior-2,Newton Jaguars,,archive:amnd-winter-2006:junior-2:norwood-netball-club:none
tango-netball-club-inc,amnd-winter-2006-junior-2,Tango,,archive:amnd-winter-2006:junior-2:tango-netball-club-inc:none
woods-panthers,amnd-winter-2006-junior-2,Woods Panthers,,archive:amnd-winter-2006:junior-2:woods-panthers:none
cheerio-netball-club,amnd-winter-2006-junior-2,Cheerio,,archive:amnd-winter-2006:junior-2:cheerio-netball-club:none
contax,amnd-winter-2006-junior-3,Contax,2,archive:amnd-winter-2006:junior-3:contax:2
tango-netball-club-inc,amnd-winter-2006-junior-3,Tango,,archive:amnd-winter-2006:junior-3:tango-netball-club-inc:none
metro-jets,amnd-winter-2006-junior-3,Western Jets,,archive:amnd-winter-2006:junior-3:metro-jets:none
contax,amnd-winter-2006-junior-3,Contax,1,archive:amnd-winter-2006:junior-3:contax:1
oakdale-netball-club-sa,amnd-winter-2006-junior-3,Oakdale,,archive:amnd-winter-2006:junior-3:oakdale-netball-club-sa:none
harlequin,amnd-winter-2006-junior-3,Harlequin,,archive:amnd-winter-2006:junior-3:harlequin:none
adelaide-cougars,amnd-winter-2006-junior-3,Adelaide Cougars,,archive:amnd-winter-2006:junior-3:adelaide-cougars:none
garville,amnd-winter-2006-junior-3,Garville,,archive:amnd-winter-2006:junior-3:garville:none
norwood-netball-club,amnd-winter-2006-junior-3,Newton Jaguars,,archive:amnd-winter-2006:junior-3:norwood-netball-club:none
matrics,amnd-winter-2006-junior-3,Matrics,,archive:amnd-winter-2006:junior-3:matrics:none
contax,amnd-winter-2006-junior-4,Contax,1,archive:amnd-winter-2006:junior-4:contax:1
metro-jets,amnd-winter-2006-junior-4,Western Jets,,archive:amnd-winter-2006:junior-4:metro-jets:none
contax,amnd-winter-2006-junior-4,Contax,2,archive:amnd-winter-2006:junior-4:contax:2
northeast-zodiac,amnd-winter-2006-junior-4,Northeast Zodiacs,,archive:amnd-winter-2006:junior-4:northeast-zodiac:none
tango-netball-club-inc,amnd-winter-2006-junior-4,Tango,,archive:amnd-winter-2006:junior-4:tango-netball-club-inc:none
adelaide-cougars,amnd-winter-2006-junior-4,Adelaide Cougars,,archive:amnd-winter-2006:junior-4:adelaide-cougars:none
woods-panthers,amnd-winter-2006-junior-4,Woods Panthers,,archive:amnd-winter-2006:junior-4:woods-panthers:none
cheerio-netball-club,amnd-winter-2006-junior-4,Cheerio,,archive:amnd-winter-2006:junior-4:cheerio-netball-club:none
garville,amnd-winter-2006-junior-5,Garville,,archive:amnd-winter-2006:junior-5:garville:none
noarlunga,amnd-winter-2006-junior-5,Noarlunga,,archive:amnd-winter-2006:junior-5:noarlunga:none
norwood-netball-club,amnd-winter-2006-junior-5,Newton Jaguars,,archive:amnd-winter-2006:junior-5:norwood-netball-club:none
metro-jets,amnd-winter-2006-junior-5,Western Jets,,archive:amnd-winter-2006:junior-5:metro-jets:none
tango-netball-club-inc,amnd-winter-2006-junior-5,Tango,,archive:amnd-winter-2006:junior-5:tango-netball-club-inc:none
adelaide-cougars,amnd-winter-2006-junior-5,Adelaide Cougars,,archive:amnd-winter-2006:junior-5:adelaide-cougars:none
woods-panthers,amnd-winter-2006-junior-5,Woods Panthers,,archive:amnd-winter-2006:junior-5:woods-panthers:none
semaphore,amnd-winter-2006-junior-5,Semaphore,,archive:amnd-winter-2006:junior-5:semaphore:none
contax,amnd-winter-2006-junior-6,Contax,,archive:amnd-winter-2006:junior-6:contax:none
garville,amnd-winter-2006-junior-6,Garville,,archive:amnd-winter-2006:junior-6:garville:none
tango-netball-club-inc,amnd-winter-2006-junior-6,Tango,,archive:amnd-winter-2006:junior-6:tango-netball-club-inc:none
woods-panthers,amnd-winter-2006-junior-6,Woods Panthers,,archive:amnd-winter-2006:junior-6:woods-panthers:none
norwood-netball-club,amnd-winter-2006-junior-6,Newton Jaguars,,archive:amnd-winter-2006:junior-6:norwood-netball-club:none
cheerio-netball-club,amnd-winter-2006-junior-6,Cheerio,,archive:amnd-winter-2006:junior-6:cheerio-netball-club:none
matrics,amnd-winter-2006-junior-6,Matrics,,archive:amnd-winter-2006:junior-6:matrics:none
oakdale-netball-club-sa,amnd-winter-2006-junior-6,Oakdale,,archive:amnd-winter-2006:junior-6:oakdale-netball-club-sa:none
glandore-clovelly-park,amnd-winter-2006-junior-7,Glandore/Clov.Pk,,archive:amnd-winter-2006:junior-7:glandore-clovelly-park:none
norwood-netball-club,amnd-winter-2006-junior-7,Newton Jaguars,,archive:amnd-winter-2006:junior-7:norwood-netball-club:none
adelaide-cougars,amnd-winter-2006-junior-7,Adelaide Cougars,,archive:amnd-winter-2006:junior-7:adelaide-cougars:none
woods-panthers,amnd-winter-2006-junior-7,Woods Panthers,,archive:amnd-winter-2006:junior-7:woods-panthers:none
garville,amnd-winter-2006-junior-7,Garville,,archive:amnd-winter-2006:junior-7:garville:none
cheerio-netball-club,amnd-winter-2006-junior-7,Cheerio,,archive:amnd-winter-2006:junior-7:cheerio-netball-club:none
metro-jets,amnd-winter-2006-junior-7,Western Jets,,archive:amnd-winter-2006:junior-7:metro-jets:none
tango-netball-club-inc,amnd-winter-2006-junior-7,Tango,,archive:amnd-winter-2006:junior-7:tango-netball-club-inc:none
harlequin,amnd-winter-2006-primary-1,Harlequin,,archive:amnd-winter-2006:primary-1:harlequin:none
tango-netball-club-inc,amnd-winter-2006-primary-1,Tango,,archive:amnd-winter-2006:primary-1:tango-netball-club-inc:none
contax,amnd-winter-2006-primary-1,Contax,,archive:amnd-winter-2006:primary-1:contax:none
matrics,amnd-winter-2006-primary-1,Matrics,,archive:amnd-winter-2006:primary-1:matrics:none
northeast-zodiac,amnd-winter-2006-primary-1,Northeast Zodiacs,,archive:amnd-winter-2006:primary-1:northeast-zodiac:none
oakdale-netball-club-sa,amnd-winter-2006-primary-1,Oakdale,,archive:amnd-winter-2006:primary-1:oakdale-netball-club-sa:none
metro-jets,amnd-winter-2006-primary-2,Western Jets,,archive:amnd-winter-2006:primary-2:metro-jets:none
garville,amnd-winter-2006-primary-2,Garville,,archive:amnd-winter-2006:primary-2:garville:none
tango-netball-club-inc,amnd-winter-2006-primary-2,Tango,,archive:amnd-winter-2006:primary-2:tango-netball-club-inc:none
norwood-netball-club,amnd-winter-2006-primary-2,Newton Jaguars,,archive:amnd-winter-2006:primary-2:norwood-netball-club:none
contax,amnd-winter-2006-primary-2,Contax,,archive:amnd-winter-2006:primary-2:contax:none
oakdale-netball-club-sa,amnd-winter-2006-primary-2,Oakdale,,archive:amnd-winter-2006:primary-2:oakdale-netball-club-sa:none
adelaide-cougars,amnd-winter-2006-primary-2,Adelaide Cougars,,archive:amnd-winter-2006:primary-2:adelaide-cougars:none
woods-panthers,amnd-winter-2006-primary-2,Woods Panthers,,archive:amnd-winter-2006:primary-2:woods-panthers:none
harlequin,amnd-winter-2006-primary-2,Harlequin,,archive:amnd-winter-2006:primary-2:harlequin:none
contax,amnd-winter-2006-primary-3,Contax,1,archive:amnd-winter-2006:primary-3:contax:1
woods-panthers,amnd-winter-2006-primary-3,Woods Panthers,,archive:amnd-winter-2006:primary-3:woods-panthers:none
tango-netball-club-inc,amnd-winter-2006-primary-3,Tango,,archive:amnd-winter-2006:primary-3:tango-netball-club-inc:none
harlequin,amnd-winter-2006-primary-3,Harlequin,,archive:amnd-winter-2006:primary-3:harlequin:none
garville,amnd-winter-2006-primary-3,Garville,,archive:amnd-winter-2006:primary-3:garville:none
metro-jets,amnd-winter-2006-primary-3,Western Jets,,archive:amnd-winter-2006:primary-3:metro-jets:none
contax,amnd-winter-2006-primary-3,Contax,2,archive:amnd-winter-2006:primary-3:contax:2
norwood-netball-club,amnd-winter-2006-primary-3,Newton Jaguars,,archive:amnd-winter-2006:primary-3:norwood-netball-club:none
adelaide-cougars,amnd-winter-2006-primary-4,Adelaide Cougars,,archive:amnd-winter-2006:primary-4:adelaide-cougars:none
tango-netball-club-inc,amnd-winter-2006-primary-4,Tango,,archive:amnd-winter-2006:primary-4:tango-netball-club-inc:none
semaphore,amnd-winter-2006-primary-4,Semaphore,,archive:amnd-winter-2006:primary-4:semaphore:none
matrics,amnd-winter-2006-primary-4,Matrics,,archive:amnd-winter-2006:primary-4:matrics:none
woods-panthers,amnd-winter-2006-primary-4,Woods Panthers,,archive:amnd-winter-2006:primary-4:woods-panthers:none
contax,amnd-winter-2006-primary-4,Contax,,archive:amnd-winter-2006:primary-4:contax:none
metro-jets,amnd-winter-2006-primary-6,Western Jets,,archive:amnd-winter-2006:primary-6:metro-jets:none
semaphore,amnd-winter-2006-primary-6,Semaphore,,archive:amnd-winter-2006:primary-6:semaphore:none
adelaide-cougars,amnd-winter-2006-primary-6,Adelaide Cougars,,archive:amnd-winter-2006:primary-6:adelaide-cougars:none
matrics,amnd-winter-2006-primary-6,Matrics,,archive:amnd-winter-2006:primary-6:matrics:none
oakdale-netball-club-sa,amnd-winter-2006-primary-6,Oakdale,,archive:amnd-winter-2006:primary-6:oakdale-netball-club-sa:none
garville,amnd-winter-2006-primary-6,Garville,,archive:amnd-winter-2006:primary-6:garville:none
cheerio-netball-club,amnd-winter-2006-primary-6,Cheerio,,archive:amnd-winter-2006:primary-6:cheerio-netball-club:none
woods-panthers,amnd-winter-2006-primary-6,Woods Panthers,,archive:amnd-winter-2006:primary-6:woods-panthers:none
harlequin,amnd-winter-2006-sub-junior-1,Harlequin,,archive:amnd-winter-2006:sub-junior-1:harlequin:none
tango-netball-club-inc,amnd-winter-2006-sub-junior-1,Tango,,archive:amnd-winter-2006:sub-junior-1:tango-netball-club-inc:none
contax,amnd-winter-2006-sub-junior-1,Contax,1,archive:amnd-winter-2006:sub-junior-1:contax:1
metro-jets,amnd-winter-2006-sub-junior-1,Western Jets,,archive:amnd-winter-2006:sub-junior-1:metro-jets:none
woods-panthers,amnd-winter-2006-sub-junior-1,Woods Panthers,,archive:amnd-winter-2006:sub-junior-1:woods-panthers:none
matrics,amnd-winter-2006-sub-junior-1,Matrics,,archive:amnd-winter-2006:sub-junior-1:matrics:none
garville,amnd-winter-2006-sub-junior-1,Garville,,archive:amnd-winter-2006:sub-junior-1:garville:none
contax,amnd-winter-2006-sub-junior-1,Contax,2,archive:amnd-winter-2006:sub-junior-1:contax:2
harlequin,amnd-winter-2006-sub-junior-2,Harlequin,1,archive:amnd-winter-2006:sub-junior-2:harlequin:1
woods-panthers,amnd-winter-2006-sub-junior-2,Woods Panthers,,archive:amnd-winter-2006:sub-junior-2:woods-panthers:none
harlequin,amnd-winter-2006-sub-junior-2,Harlequin,2,archive:amnd-winter-2006:sub-junior-2:harlequin:2
tango-netball-club-inc,amnd-winter-2006-sub-junior-2,Tango,,archive:amnd-winter-2006:sub-junior-2:tango-netball-club-inc:none
metro-jets,amnd-winter-2006-sub-junior-2,Western Jets,,archive:amnd-winter-2006:sub-junior-2:metro-jets:none
norwood-netball-club,amnd-winter-2006-sub-junior-2,Newton Jaguars,,archive:amnd-winter-2006:sub-junior-2:norwood-netball-club:none
adelaide-cougars,amnd-winter-2006-sub-junior-2,Adelaide Cougars,,archive:amnd-winter-2006:sub-junior-2:adelaide-cougars:none
oakdale-netball-club-sa,amnd-winter-2006-sub-junior-2,Oakdale,,archive:amnd-winter-2006:sub-junior-2:oakdale-netball-club-sa:none
woods-panthers,amnd-winter-2006-sub-junior-3,Woods Panthers,,archive:amnd-winter-2006:sub-junior-3:woods-panthers:none
northeast-zodiac,amnd-winter-2006-sub-junior-3,Northeast Zodiacs,,archive:amnd-winter-2006:sub-junior-3:northeast-zodiac:none
tango-netball-club-inc,amnd-winter-2006-sub-junior-3,Tango,,archive:amnd-winter-2006:sub-junior-3:tango-netball-club-inc:none
contax,amnd-winter-2006-sub-junior-3,Contax,,archive:amnd-winter-2006:sub-junior-3:contax:none
matrics,amnd-winter-2006-sub-junior-3,Matrics,,archive:amnd-winter-2006:sub-junior-3:matrics:none
garville,amnd-winter-2006-sub-junior-3,Garville,1,archive:amnd-winter-2006:sub-junior-3:garville:1
garville,amnd-winter-2006-sub-junior-3,Garville,2,archive:amnd-winter-2006:sub-junior-3:garville:2
norwood-netball-club,amnd-winter-2006-sub-junior-3,Newton Jaguars,,archive:amnd-winter-2006:sub-junior-3:norwood-netball-club:none
woods-panthers,amnd-winter-2006-sub-junior-4,Woods Panthers,,archive:amnd-winter-2006:sub-junior-4:woods-panthers:none
contax,amnd-winter-2006-sub-junior-4,Contax,,archive:amnd-winter-2006:sub-junior-4:contax:none
garville,amnd-winter-2006-sub-junior-4,Garville,,archive:amnd-winter-2006:sub-junior-4:garville:none
metro-jets,amnd-winter-2006-sub-junior-4,Western Jets,,archive:amnd-winter-2006:sub-junior-4:metro-jets:none
harlequin,amnd-winter-2006-sub-junior-4,Harlequin,,archive:amnd-winter-2006:sub-junior-4:harlequin:none
matrics,amnd-winter-2006-sub-junior-4,Matrics,,archive:amnd-winter-2006:sub-junior-4:matrics:none
adelaide-cougars,amnd-winter-2006-sub-junior-4,Adelaide Cougars,,archive:amnd-winter-2006:sub-junior-4:adelaide-cougars:none
oakdale-netball-club-sa,amnd-winter-2006-sub-junior-4,Oakdale,,archive:amnd-winter-2006:sub-junior-4:oakdale-netball-club-sa:none
semaphore,amnd-winter-2006-sub-junior-5,Semaphore,,archive:amnd-winter-2006:sub-junior-5:semaphore:none
tango-netball-club-inc,amnd-winter-2006-sub-junior-5,Tango,,archive:amnd-winter-2006:sub-junior-5:tango-netball-club-inc:none
cheerio-netball-club,amnd-winter-2006-sub-junior-5,Cheerio,,archive:amnd-winter-2006:sub-junior-5:cheerio-netball-club:none
woods-panthers,amnd-winter-2006-sub-junior-5,Woods Panthers,,archive:amnd-winter-2006:sub-junior-5:woods-panthers:none
norwood-netball-club,amnd-winter-2006-sub-junior-5,Newton Jaguars,,archive:amnd-winter-2006:sub-junior-5:norwood-netball-club:none
glandore-clovelly-park,amnd-winter-2006-sub-junior-5,Glandore/Clov.Pk,,archive:amnd-winter-2006:sub-junior-5:glandore-clovelly-park:none
metro-jets,amnd-winter-2006-sub-junior-5,Western Jets,,archive:amnd-winter-2006:sub-junior-5:metro-jets:none
garville,amnd-winter-2006-sub-junior-5,Garville,,archive:amnd-winter-2006:sub-junior-5:garville:none
tango-netball-club-inc,amnd-winter-2006-sub-junior-6,Tango,,archive:amnd-winter-2006:sub-junior-6:tango-netball-club-inc:none
devils-sports,amnd-winter-2006-sub-junior-6,Devils,,archive:amnd-winter-2006:sub-junior-6:devils-sports:none
norwood-netball-club,amnd-winter-2006-sub-junior-6,Newton Jaguars,,archive:amnd-winter-2006:sub-junior-6:norwood-netball-club:none
contax,amnd-winter-2006-sub-junior-6,Contax,,archive:amnd-winter-2006:sub-junior-6:contax:none
woods-panthers,amnd-winter-2006-sub-junior-6,Woods Panthers,,archive:amnd-winter-2006:sub-junior-6:woods-panthers:none
adelaide-cougars,amnd-winter-2006-sub-junior-6,Adelaide Cougars,,archive:amnd-winter-2006:sub-junior-6:adelaide-cougars:none
oakdale-netball-club-sa,amnd-winter-2006-sub-junior-7,Oakdale,,archive:amnd-winter-2006:sub-junior-7:oakdale-netball-club-sa:none
woods-panthers,amnd-winter-2006-sub-junior-7,Woods Panthers,,archive:amnd-winter-2006:sub-junior-7:woods-panthers:none
cheerio-netball-club,amnd-winter-2006-sub-junior-7,Cheerio,,archive:amnd-winter-2006:sub-junior-7:cheerio-netball-club:none
matrics,amnd-winter-2006-sub-junior-7,Matrics,,archive:amnd-winter-2006:sub-junior-7:matrics:none
tango-netball-club-inc,amnd-winter-2006-sub-junior-7,Tango,,archive:amnd-winter-2006:sub-junior-7:tango-netball-club-inc:none
garville,amnd-winter-2006-sub-junior-7,Garville,,archive:amnd-winter-2006:sub-junior-7:garville:none
woods-panthers,amnd-winter-2006-sub-junior-8,Woods Panthers,,archive:amnd-winter-2006:sub-junior-8:woods-panthers:none
semaphore,amnd-winter-2006-sub-junior-8,Semaphore,,archive:amnd-winter-2006:sub-junior-8:semaphore:none
cheerio-netball-club,amnd-winter-2006-sub-junior-8,Cheerio,,archive:amnd-winter-2006:sub-junior-8:cheerio-netball-club:none
matrics,amnd-winter-2006-sub-junior-8,Matrics,,archive:amnd-winter-2006:sub-junior-8:matrics:none
metro-jets,amnd-winter-2006-sub-junior-8,Western Jets,,archive:amnd-winter-2006:sub-junior-8:metro-jets:none
garville,amnd-winter-2006-sub-junior-8,Garville,,archive:amnd-winter-2006:sub-junior-8:garville:none
oakdale-netball-club-sa,amnd-winter-2006-sub-junior-8,Oakdale,,archive:amnd-winter-2006:sub-junior-8:oakdale-netball-club-sa:none
fielders-flames,amnd-winter-2007-a-grade,Flames,,archive:amnd-winter-2007:a-grade:fielders-flames:none
sacred-heart-o-c,amnd-winter-2007-a-grade,Sacred Heart O.C.,,archive:amnd-winter-2007:a-grade:sacred-heart-o-c:none
contax,amnd-winter-2007-a-grade,Contax,,archive:amnd-winter-2007:a-grade:contax:none
norwood-netball-club,amnd-winter-2007-a-grade,Newton Jaguars,,archive:amnd-winter-2007:a-grade:norwood-netball-club:none
garville,amnd-winter-2007-a-grade,Garville,,archive:amnd-winter-2007:a-grade:garville:none
cheerio-netball-club,amnd-winter-2007-a-grade,Cheerio,,archive:amnd-winter-2007:a-grade:cheerio-netball-club:none
adelaide-wildcats,amnd-winter-2007-a-grade,Adelaide Wildcats,,archive:amnd-winter-2007:a-grade:adelaide-wildcats:none
woods-panthers,amnd-winter-2007-a-grade,Woods Panthers,,archive:amnd-winter-2007:a-grade:woods-panthers:none
norwood-netball-club,amnd-winter-2007-amnd-league,Newton Jaguars,,archive:amnd-winter-2007:amnd-league:norwood-netball-club:none
adelaide-wildcats,amnd-winter-2007-amnd-league,Adelaide Wildcats,,archive:amnd-winter-2007:amnd-league:adelaide-wildcats:none
contax,amnd-winter-2007-amnd-league,Contax,,archive:amnd-winter-2007:amnd-league:contax:none
cheerio-netball-club,amnd-winter-2007-amnd-league,Cheerio,,archive:amnd-winter-2007:amnd-league:cheerio-netball-club:none
harlequin,amnd-winter-2007-amnd-league,Harlequin,,archive:amnd-winter-2007:amnd-league:harlequin:none
woods-panthers,amnd-winter-2007-amnd-league,Woods Panthers,,archive:amnd-winter-2007:amnd-league:woods-panthers:none
matrics,amnd-winter-2007-amnd-league,Matrics,,archive:amnd-winter-2007:amnd-league:matrics:none
adelaide-cougars,amnd-winter-2007-amnd-league,Adelaide Cougars,,archive:amnd-winter-2007:amnd-league:adelaide-cougars:none
oakdale-netball-club-sa,amnd-winter-2007-amnd-league,Oakdale,,archive:amnd-winter-2007:amnd-league:oakdale-netball-club-sa:none
garville,amnd-winter-2007-amnd-league,Garville,,archive:amnd-winter-2007:amnd-league:garville:none
city-coasters,amnd-winter-2007-b-1,City Coasters,,archive:amnd-winter-2007:b-1:city-coasters:none
adelaide-university,amnd-winter-2007-b-1,Adelaide Uniiversity,,archive:amnd-winter-2007:b-1:adelaide-university:none
metro-jets,amnd-winter-2007-b-1,Western Jets,,archive:amnd-winter-2007:b-1:metro-jets:none
harlequin,amnd-winter-2007-b-1,Harlequin,,archive:amnd-winter-2007:b-1:harlequin:none
tango-netball-club-inc,amnd-winter-2007-b-1,Tango,,archive:amnd-winter-2007:b-1:tango-netball-club-inc:none
contax,amnd-winter-2007-b-1,Contax,,archive:amnd-winter-2007:b-1:contax:none
westminster-o-s,amnd-winter-2007-b-1,Westminster O.S.,,archive:amnd-winter-2007:b-1:westminster-o-s:none
oakdale-netball-club-sa,amnd-winter-2007-b-1,Oakdale,,archive:amnd-winter-2007:b-1:oakdale-netball-club-sa:none
matrics,amnd-winter-2007-b-1,Matrics,,archive:amnd-winter-2007:b-1:matrics:none
adelaide-cougars,amnd-winter-2007-b-1,Adelaide Cougars,,archive:amnd-winter-2007:b-1:adelaide-cougars:none
scotch-old-scholars,amnd-winter-2007-b-2,Scotch O.S.,,archive:amnd-winter-2007:b-2:scotch-old-scholars:none
adelaide-swish,amnd-winter-2007-b-2,Adelaide Swish,,archive:amnd-winter-2007:b-2:adelaide-swish:none
contax,amnd-winter-2007-b-2,Contax,,archive:amnd-winter-2007:b-2:contax:none
adelaide-cougars,amnd-winter-2007-b-2,Adelaide Cougars,,archive:amnd-winter-2007:b-2:adelaide-cougars:none
cheerio-netball-club,amnd-winter-2007-b-2,Cheerio,,archive:amnd-winter-2007:b-2:cheerio-netball-club:none
adelaide-wildcats,amnd-winter-2007-b-2,Adelaide Wildcats,,archive:amnd-winter-2007:b-2:adelaide-wildcats:none
woods-panthers,amnd-winter-2007-b-2,Woods Panthers,,archive:amnd-winter-2007:b-2:woods-panthers:none
harlequin,amnd-winter-2007-b-2,Harlequin,,archive:amnd-winter-2007:b-2:harlequin:none
adelaide-university,amnd-winter-2007-b-2,Adelaide Uniiversity,,archive:amnd-winter-2007:b-2:adelaide-university:none
garville,amnd-winter-2007-b-2,Garville,,archive:amnd-winter-2007:b-2:garville:none
contax,amnd-winter-2007-b-3,Contax,,archive:amnd-winter-2007:b-3:contax:none
semaphore,amnd-winter-2007-b-3,Semaphore,,archive:amnd-winter-2007:b-3:semaphore:none
noarlunga,amnd-winter-2007-b-3,Noarlunga,,archive:amnd-winter-2007:b-3:noarlunga:none
pembroke-o-s,amnd-winter-2007-b-3,Pembroke O.S.,,archive:amnd-winter-2007:b-3:pembroke-o-s:none
flinders-university,amnd-winter-2007-b-3,Flinders University,,archive:amnd-winter-2007:b-3:flinders-university:none
tango-netball-club-inc,amnd-winter-2007-b-3,Tango,,archive:amnd-winter-2007:b-3:tango-netball-club-inc:none
cheerio-netball-club,amnd-winter-2007-b-3,Cheerio,,archive:amnd-winter-2007:b-3:cheerio-netball-club:none
matrics,amnd-winter-2007-b-3,Matrics,,archive:amnd-winter-2007:b-3:matrics:none
norwood-netball-club,amnd-winter-2007-b-3,Newton Jaguars,,archive:amnd-winter-2007:b-3:norwood-netball-club:none
adelaide-cougars,amnd-winter-2007-b-3,Adelaide Cougars,,archive:amnd-winter-2007:b-3:adelaide-cougars:none
seymour-o-c,amnd-winter-2007-b-4,Seymour O.C.,,archive:amnd-winter-2007:b-4:seymour-o-c:none
contax,amnd-winter-2007-b-4,Contax,,archive:amnd-winter-2007:b-4:contax:none
garville,amnd-winter-2007-b-4,Garville,,archive:amnd-winter-2007:b-4:garville:none
sacred-heart-o-c,amnd-winter-2007-b-4,Sacred Heart O.C.,,archive:amnd-winter-2007:b-4:sacred-heart-o-c:none
harlequin,amnd-winter-2007-b-4,Harlequin,,archive:amnd-winter-2007:b-4:harlequin:none
metro-jets,amnd-winter-2007-b-4,Western Jets,,archive:amnd-winter-2007:b-4:metro-jets:none
flinders-university,amnd-winter-2007-b-4,Flinders University,,archive:amnd-winter-2007:b-4:flinders-university:none
adelaide-university,amnd-winter-2007-b-4,Adelaide University,,archive:amnd-winter-2007:b-4:adelaide-university:none
oakdale-netball-club-sa,amnd-winter-2007-b-4,Oakdale,,archive:amnd-winter-2007:b-4:oakdale-netball-club-sa:none
norwood-netball-club,amnd-winter-2007-b-4,Newton Jaguars,,archive:amnd-winter-2007:b-4:norwood-netball-club:none
city-coasters,amnd-winter-2007-c-1,City Coasters,,archive:amnd-winter-2007:c-1:city-coasters:none
westminster-o-s,amnd-winter-2007-c-1,Westminster O.S.,,archive:amnd-winter-2007:c-1:westminster-o-s:none
woods-panthers,amnd-winter-2007-c-1,Woods Panthers,,archive:amnd-winter-2007:c-1:woods-panthers:none
adelaide-cougars,amnd-winter-2007-c-1,Adelaide Cougars,,archive:amnd-winter-2007:c-1:adelaide-cougars:none
tango-netball-club-inc,amnd-winter-2007-c-1,Tango,,archive:amnd-winter-2007:c-1:tango-netball-club-inc:none
adelaide-wildcats,amnd-winter-2007-c-1,Adelaide Wildcats,,archive:amnd-winter-2007:c-1:adelaide-wildcats:none
metro-jets,amnd-winter-2007-c-1,Western Jets,,archive:amnd-winter-2007:c-1:metro-jets:none
matrics,amnd-winter-2007-c-1,Matrics,,archive:amnd-winter-2007:c-1:matrics:none
garville,amnd-winter-2007-c-1,Garville,,archive:amnd-winter-2007:c-1:garville:none
cheerio-netball-club,amnd-winter-2007-c-2,Cheerio,,archive:amnd-winter-2007:c-2:cheerio-netball-club:none
tango-netball-club-inc,amnd-winter-2007-c-2,Tango,,archive:amnd-winter-2007:c-2:tango-netball-club-inc:none
woods-panthers,amnd-winter-2007-c-2,Woods Panthers,,archive:amnd-winter-2007:c-2:woods-panthers:none
semaphore,amnd-winter-2007-c-2,Semaphore,,archive:amnd-winter-2007:c-2:semaphore:none
harlequin,amnd-winter-2007-c-2,Harlequin,,archive:amnd-winter-2007:c-2:harlequin:none
adelaide-university,amnd-winter-2007-c-2,Adelaide University,,archive:amnd-winter-2007:c-2:adelaide-university:none
pembroke-o-s,amnd-winter-2007-c-2,Pembroke O.S.,,archive:amnd-winter-2007:c-2:pembroke-o-s:none
flinders-university,amnd-winter-2007-c-2,Flinders University,,archive:amnd-winter-2007:c-2:flinders-university:none
sacred-heart-o-c,amnd-winter-2007-c-2,Sacred Heart O.C.,,archive:amnd-winter-2007:c-2:sacred-heart-o-c:none
city-coasters,amnd-winter-2007-c-3,City Coasters,,archive:amnd-winter-2007:c-3:city-coasters:none
old-ignatians,amnd-winter-2007-c-3,Old Ignatian,,archive:amnd-winter-2007:c-3:old-ignatians:none
annesley-o-s,amnd-winter-2007-c-3,Annesley O.S.,,archive:amnd-winter-2007:c-3:annesley-o-s:none
westminster-o-s,amnd-winter-2007-c-3,Westminster O.S.,,archive:amnd-winter-2007:c-3:westminster-o-s:none
woods-panthers,amnd-winter-2007-c-3,Woods Panthers,,archive:amnd-winter-2007:c-3:woods-panthers:none
sacred-heart-o-c,amnd-winter-2007-c-3,Sacred Heart O.C.,,archive:amnd-winter-2007:c-3:sacred-heart-o-c:none
adelaide-university,amnd-winter-2007-c-3,Adelaide University,,archive:amnd-winter-2007:c-3:adelaide-university:none
contax,amnd-winter-2007-c-3,Contax,,archive:amnd-winter-2007:c-3:contax:none
flinders-university,amnd-winter-2007-c-3,Flinders University,,archive:amnd-winter-2007:c-3:flinders-university:none
city-coasters,amnd-winter-2007-c-4,City Coasters,,archive:amnd-winter-2007:c-4:city-coasters:none
westminster-o-s,amnd-winter-2007-c-4,Westminster O.S.,,archive:amnd-winter-2007:c-4:westminster-o-s:none
semaphore,amnd-winter-2007-c-4,Semaphore,,archive:amnd-winter-2007:c-4:semaphore:none
flinders-university,amnd-winter-2007-c-4,Flinders University,,archive:amnd-winter-2007:c-4:flinders-university:none
tango-netball-club-inc,amnd-winter-2007-c-4,Tango,,archive:amnd-winter-2007:c-4:tango-netball-club-inc:none
cheerio-netball-club,amnd-winter-2007-c-4,Cheerio,,archive:amnd-winter-2007:c-4:cheerio-netball-club:none
annesley-o-s,amnd-winter-2007-c-4,Annesley O.S.,,archive:amnd-winter-2007:c-4:annesley-o-s:none
sacred-heart-o-c,amnd-winter-2007-c-4,Sacred Heart O.C.,,archive:amnd-winter-2007:c-4:sacred-heart-o-c:none
norwood-netball-club,amnd-winter-2007-h-grade,Newton Jaguars,,archive:amnd-winter-2007:h-grade:norwood-netball-club:none
metro-jets,amnd-winter-2007-h-grade,Western Jets,,archive:amnd-winter-2007:h-grade:metro-jets:none
harlequin,amnd-winter-2007-h-grade,Harlequin,,archive:amnd-winter-2007:h-grade:harlequin:none
contax,amnd-winter-2007-h-grade,Contax,,archive:amnd-winter-2007:h-grade:contax:none
woods-panthers,amnd-winter-2007-h-grade,Woods Panthers,,archive:amnd-winter-2007:h-grade:woods-panthers:none
harlequin,amnd-winter-2007-inter-1,Harlequin,,archive:amnd-winter-2007:inter-1:harlequin:none
oakdale-netball-club-sa,amnd-winter-2007-inter-1,Oakdale,,archive:amnd-winter-2007:inter-1:oakdale-netball-club-sa:none
contax,amnd-winter-2007-inter-1,Contax,,archive:amnd-winter-2007:inter-1:contax:none
adelaide-cougars,amnd-winter-2007-inter-1,Adelaide Cougars,,archive:amnd-winter-2007:inter-1:adelaide-cougars:none
norwood-netball-club,amnd-winter-2007-inter-1,Newton Jaguars,,archive:amnd-winter-2007:inter-1:norwood-netball-club:none
matrics,amnd-winter-2007-inter-1,Matrics,,archive:amnd-winter-2007:inter-1:matrics:none
tango-netball-club-inc,amnd-winter-2007-inter-1,Tango,,archive:amnd-winter-2007:inter-1:tango-netball-club-inc:none
woods-panthers,amnd-winter-2007-inter-1,Woods Panthers,,archive:amnd-winter-2007:inter-1:woods-panthers:none
heatwave,amnd-winter-2007-inter-1,Heatwave,,archive:amnd-winter-2007:inter-1:heatwave:none
garville,amnd-winter-2007-inter-1,Garville,,archive:amnd-winter-2007:inter-1:garville:none
woods-panthers,amnd-winter-2007-inter-2,Woods Panthers,1,archive:amnd-winter-2007:inter-2:woods-panthers:1
harlequin,amnd-winter-2007-inter-2,Harlequin,,archive:amnd-winter-2007:inter-2:harlequin:none
contax,amnd-winter-2007-inter-2,Contax,1,archive:amnd-winter-2007:inter-2:contax:1
contax,amnd-winter-2007-inter-2,Contax,2,archive:amnd-winter-2007:inter-2:contax:2
oakdale-netball-club-sa,amnd-winter-2007-inter-2,Oakdale,,archive:amnd-winter-2007:inter-2:oakdale-netball-club-sa:none
norwood-netball-club,amnd-winter-2007-inter-2,Newton Jaguars,,archive:amnd-winter-2007:inter-2:norwood-netball-club:none
woods-panthers,amnd-winter-2007-inter-2,Woods Panthers,2,archive:amnd-winter-2007:inter-2:woods-panthers:2
matrics,amnd-winter-2007-inter-2,Matrics,,archive:amnd-winter-2007:inter-2:matrics:none
tango-netball-club-inc,amnd-winter-2007-inter-2,Tango,,archive:amnd-winter-2007:inter-2:tango-netball-club-inc:none
metro-jets,amnd-winter-2007-inter-2,Western Jets,,archive:amnd-winter-2007:inter-2:metro-jets:none
oakdale-netball-club-sa,amnd-winter-2007-inter-3,Oakdale,,archive:amnd-winter-2007:inter-3:oakdale-netball-club-sa:none
norwood-netball-club,amnd-winter-2007-inter-3,Newton Jaguars,,archive:amnd-winter-2007:inter-3:norwood-netball-club:none
cheerio-netball-club,amnd-winter-2007-inter-3,Cheerio,,archive:amnd-winter-2007:inter-3:cheerio-netball-club:none
adelaide-wildcats,amnd-winter-2007-inter-3,Adelaide Wildcats,,archive:amnd-winter-2007:inter-3:adelaide-wildcats:none
garville,amnd-winter-2007-inter-3,Garville,1,archive:amnd-winter-2007:inter-3:garville:1
harlequin,amnd-winter-2007-inter-3,Harlequin,,archive:amnd-winter-2007:inter-3:harlequin:none
adelaide-cougars,amnd-winter-2007-inter-3,Adelaide Cougars,1,archive:amnd-winter-2007:inter-3:adelaide-cougars:1
garville,amnd-winter-2007-inter-3,Garville,2,archive:amnd-winter-2007:inter-3:garville:2
adelaide-cougars,amnd-winter-2007-inter-3,Adelaide Cougars,2,archive:amnd-winter-2007:inter-3:adelaide-cougars:2
noarlunga,amnd-winter-2007-inter-3,Noarlunga,,archive:amnd-winter-2007:inter-3:noarlunga:none
contax,amnd-winter-2007-inter-4,Contax,1,archive:amnd-winter-2007:inter-4:contax:1
garville,amnd-winter-2007-inter-4,Garville,,archive:amnd-winter-2007:inter-4:garville:none
contax,amnd-winter-2007-inter-4,Contax,2,archive:amnd-winter-2007:inter-4:contax:2
norwood-netball-club,amnd-winter-2007-inter-4,Newton Jaguars,,archive:amnd-winter-2007:inter-4:norwood-netball-club:none
oakdale-netball-club-sa,amnd-winter-2007-inter-4,Oakdale,,archive:amnd-winter-2007:inter-4:oakdale-netball-club-sa:none
metro-jets,amnd-winter-2007-inter-4,Western Jets,,archive:amnd-winter-2007:inter-4:metro-jets:none
camden,amnd-winter-2007-inter-4,Camden,,archive:amnd-winter-2007:inter-4:camden:none
tango-netball-club-inc,amnd-winter-2007-inter-4,Tango,,archive:amnd-winter-2007:inter-4:tango-netball-club-inc:none
matrics,amnd-winter-2007-inter-4,Matrics,,archive:amnd-winter-2007:inter-4:matrics:none
norwood-netball-club,amnd-winter-2007-inter-5,Newton Jaguars,,archive:amnd-winter-2007:inter-5:norwood-netball-club:none
cheerio-netball-club,amnd-winter-2007-inter-5,Cheerio,,archive:amnd-winter-2007:inter-5:cheerio-netball-club:none
woods-panthers,amnd-winter-2007-inter-5,Woods Panthers,,archive:amnd-winter-2007:inter-5:woods-panthers:none
adelaide-cougars,amnd-winter-2007-inter-5,Adelaide Cougars,,archive:amnd-winter-2007:inter-5:adelaide-cougars:none
tango-netball-club-inc,amnd-winter-2007-inter-5,Tango,,archive:amnd-winter-2007:inter-5:tango-netball-club-inc:none
metro-jets,amnd-winter-2007-inter-5,Western Jets,,archive:amnd-winter-2007:inter-5:metro-jets:none
garville,amnd-winter-2007-inter-5,Garville,,archive:amnd-winter-2007:inter-5:garville:none
adelaide-wildcats,amnd-winter-2007-inter-5,Adelaide Wildcats,,archive:amnd-winter-2007:inter-5:adelaide-wildcats:none
contax,amnd-winter-2007-junior-1,Contax,,archive:amnd-winter-2007:junior-1:contax:none
adelaide-cougars,amnd-winter-2007-junior-1,Adelaide Cougars,,archive:amnd-winter-2007:junior-1:adelaide-cougars:none
tango-netball-club-inc,amnd-winter-2007-junior-1,Tango,,archive:amnd-winter-2007:junior-1:tango-netball-club-inc:none
harlequin,amnd-winter-2007-junior-1,Harlequin,1,archive:amnd-winter-2007:junior-1:harlequin:1
metro-jets,amnd-winter-2007-junior-1,Western Jets,,archive:amnd-winter-2007:junior-1:metro-jets:none
oakdale-netball-club-sa,amnd-winter-2007-junior-1,Oakdale,,archive:amnd-winter-2007:junior-1:oakdale-netball-club-sa:none
garville,amnd-winter-2007-junior-1,Garville,,archive:amnd-winter-2007:junior-1:garville:none
matrics,amnd-winter-2007-junior-1,Matrics,,archive:amnd-winter-2007:junior-1:matrics:none
harlequin,amnd-winter-2007-junior-1,Harlequin,2,archive:amnd-winter-2007:junior-1:harlequin:2
norwood-netball-club,amnd-winter-2007-junior-1,Newton Jaguars,,archive:amnd-winter-2007:junior-1:norwood-netball-club:none
metro-jets,amnd-winter-2007-junior-2,Western Jets,,archive:amnd-winter-2007:junior-2:metro-jets:none
contax,amnd-winter-2007-junior-2,Contax,,archive:amnd-winter-2007:junior-2:contax:none
tango-netball-club-inc,amnd-winter-2007-junior-2,Tango,2,archive:amnd-winter-2007:junior-2:tango-netball-club-inc:2
tango-netball-club-inc,amnd-winter-2007-junior-2,Tango,1,archive:amnd-winter-2007:junior-2:tango-netball-club-inc:1
woods-panthers,amnd-winter-2007-junior-2,Woods Panthers,2,archive:amnd-winter-2007:junior-2:woods-panthers:2
woods-panthers,amnd-winter-2007-junior-2,Woods Panthers,1,archive:amnd-winter-2007:junior-2:woods-panthers:1
matrics,amnd-winter-2007-junior-2,Matrics,,archive:amnd-winter-2007:junior-2:matrics:none
harlequin,amnd-winter-2007-junior-2,Harlequin,,archive:amnd-winter-2007:junior-2:harlequin:none
adelaide-cougars,amnd-winter-2007-junior-2,Adelaide Cougars,,archive:amnd-winter-2007:junior-2:adelaide-cougars:none
norwood-netball-club,amnd-winter-2007-junior-2,Newton Jaguars,,archive:amnd-winter-2007:junior-2:norwood-netball-club:none
noarlunga,amnd-winter-2007-junior-3,Noarlunga,,archive:amnd-winter-2007:junior-3:noarlunga:none
contax,amnd-winter-2007-junior-3,Contax,,archive:amnd-winter-2007:junior-3:contax:none
metro-jets,amnd-winter-2007-junior-3,Western Jets,1,archive:amnd-winter-2007:junior-3:metro-jets:1
metro-jets,amnd-winter-2007-junior-3,Western Jets,2,archive:amnd-winter-2007:junior-3:metro-jets:2
garville,amnd-winter-2007-junior-3,Garville,,archive:amnd-winter-2007:junior-3:garville:none
cheerio-netball-club,amnd-winter-2007-junior-3,Cheerio,,archive:amnd-winter-2007:junior-3:cheerio-netball-club:none
harlequin,amnd-winter-2007-junior-3,Harlequin,,archive:amnd-winter-2007:junior-3:harlequin:none
norwood-netball-club,amnd-winter-2007-junior-3,Newton Jaguars,,archive:amnd-winter-2007:junior-3:norwood-netball-club:none
adelaide-cougars,amnd-winter-2007-junior-3,Adelaide Cougars,,archive:amnd-winter-2007:junior-3:adelaide-cougars:none
woods-panthers,amnd-winter-2007-junior-3,Woods Panthers,,archive:amnd-winter-2007:junior-3:woods-panthers:none
contax,amnd-winter-2007-junior-4,Contax,1,archive:amnd-winter-2007:junior-4:contax:1
contax,amnd-winter-2007-junior-4,Contax,2,archive:amnd-winter-2007:junior-4:contax:2
tango-netball-club-inc,amnd-winter-2007-junior-4,Tango,,archive:amnd-winter-2007:junior-4:tango-netball-club-inc:none
northeast-zodiac,amnd-winter-2007-junior-4,Northeast Zodiacs,,archive:amnd-winter-2007:junior-4:northeast-zodiac:none
oakdale-netball-club-sa,amnd-winter-2007-junior-4,Oakdale,,archive:amnd-winter-2007:junior-4:oakdale-netball-club-sa:none
garville,amnd-winter-2007-junior-4,Garville,2,archive:amnd-winter-2007:junior-4:garville:2
woods-panthers,amnd-winter-2007-junior-4,Woods Panthers,,archive:amnd-winter-2007:junior-4:woods-panthers:none
matrics,amnd-winter-2007-junior-4,Matrics,,archive:amnd-winter-2007:junior-4:matrics:none
norwood-netball-club,amnd-winter-2007-junior-4,Newton Jaguars,,archive:amnd-winter-2007:junior-4:norwood-netball-club:none
garville,amnd-winter-2007-junior-4,Garville,1,archive:amnd-winter-2007:junior-4:garville:1
tango-netball-club-inc,amnd-winter-2007-junior-5,Tango,1,archive:amnd-winter-2007:junior-5:tango-netball-club-inc:1
adelaide-wildcats,amnd-winter-2007-junior-5,Adelaide Wildcats,,archive:amnd-winter-2007:junior-5:adelaide-wildcats:none
tango-netball-club-inc,amnd-winter-2007-junior-5,Tango,2,archive:amnd-winter-2007:junior-5:tango-netball-club-inc:2
metro-jets,amnd-winter-2007-junior-5,Western Jets,,archive:amnd-winter-2007:junior-5:metro-jets:none
woods-panthers,amnd-winter-2007-junior-5,Woods Panthers,,archive:amnd-winter-2007:junior-5:woods-panthers:none
devils-sports,amnd-winter-2007-junior-5,Devils Sports,,archive:amnd-winter-2007:junior-5:devils-sports:none
adelaide-cougars,amnd-winter-2007-junior-5,Adelaide Cougars,,archive:amnd-winter-2007:junior-5:adelaide-cougars:none
semaphore,amnd-winter-2007-junior-5,Semaphore,,archive:amnd-winter-2007:junior-5:semaphore:none
cheerio-netball-club,amnd-winter-2007-junior-5,Cheerio,,archive:amnd-winter-2007:junior-5:cheerio-netball-club:none
contax,amnd-winter-2007-junior-6,Contax,,archive:amnd-winter-2007:junior-6:contax:none
cheerio-netball-club,amnd-winter-2007-junior-6,Cheerio,,archive:amnd-winter-2007:junior-6:cheerio-netball-club:none
woods-panthers,amnd-winter-2007-junior-6,Woods Panthers,,archive:amnd-winter-2007:junior-6:woods-panthers:none
metro-jets,amnd-winter-2007-junior-6,Western Jets,,archive:amnd-winter-2007:junior-6:metro-jets:none
garville,amnd-winter-2007-junior-6,Garville,,archive:amnd-winter-2007:junior-6:garville:none
matrics,amnd-winter-2007-junior-6,Matrics,,archive:amnd-winter-2007:junior-6:matrics:none
norwood-netball-club,amnd-winter-2007-junior-6,Newton Jaguars,,archive:amnd-winter-2007:junior-6:norwood-netball-club:none
oakdale-netball-club-sa,amnd-winter-2007-junior-6,Oakdale,,archive:amnd-winter-2007:junior-6:oakdale-netball-club-sa:none
adelaide-wildcats,amnd-winter-2007-junior-7,Adelaide Wildcats,,archive:amnd-winter-2007:junior-7:adelaide-wildcats:none
metro-jets,amnd-winter-2007-junior-7,Western Jets,,archive:amnd-winter-2007:junior-7:metro-jets:none
woods-panthers,amnd-winter-2007-junior-7,Woods Panthers,1,archive:amnd-winter-2007:junior-7:woods-panthers:1
semaphore,amnd-winter-2007-junior-7,Semaphore,,archive:amnd-winter-2007:junior-7:semaphore:none
garville,amnd-winter-2007-junior-7,Garville,,archive:amnd-winter-2007:junior-7:garville:none
tango-netball-club-inc,amnd-winter-2007-junior-7,Tango,,archive:amnd-winter-2007:junior-7:tango-netball-club-inc:none
cheerio-netball-club,amnd-winter-2007-junior-7,Cheerio,1,archive:amnd-winter-2007:junior-7:cheerio-netball-club:1
woods-panthers,amnd-winter-2007-junior-7,Woods Panthers,2,archive:amnd-winter-2007:junior-7:woods-panthers:2
matrics,amnd-winter-2007-junior-7,Matrics,,archive:amnd-winter-2007:junior-7:matrics:none
cheerio-netball-club,amnd-winter-2007-junior-7,Cheerio,2,archive:amnd-winter-2007:junior-7:cheerio-netball-club:2
tango-netball-club-inc,amnd-winter-2007-primary-1,Tango,1,archive:amnd-winter-2007:primary-1:tango-netball-club-inc:1
contax,amnd-winter-2007-primary-1,Contax,1,archive:amnd-winter-2007:primary-1:contax:1
matrics,amnd-winter-2007-primary-1,Matrics,,archive:amnd-winter-2007:primary-1:matrics:none
woods-panthers,amnd-winter-2007-primary-1,Woods Panthers,,archive:amnd-winter-2007:primary-1:woods-panthers:none
harlequin,amnd-winter-2007-primary-1,Harlequin,,archive:amnd-winter-2007:primary-1:harlequin:none
tango-netball-club-inc,amnd-winter-2007-primary-1,Tango,2,archive:amnd-winter-2007:primary-1:tango-netball-club-inc:2
contax,amnd-winter-2007-primary-1,Contax,2,archive:amnd-winter-2007:primary-1:contax:2
norwood-netball-club,amnd-winter-2007-primary-1,Newton Jaguars,,archive:amnd-winter-2007:primary-1:norwood-netball-club:none
adelaide-cougars,amnd-winter-2007-primary-2,Adelaide Cougars,,archive:amnd-winter-2007:primary-2:adelaide-cougars:none
metro-jets,amnd-winter-2007-primary-2,Western Jets,,archive:amnd-winter-2007:primary-2:metro-jets:none
contax,amnd-winter-2007-primary-2,Contax,,archive:amnd-winter-2007:primary-2:contax:none
garville,amnd-winter-2007-primary-2,Garville,,archive:amnd-winter-2007:primary-2:garville:none
oakdale-netball-club-sa,amnd-winter-2007-primary-2,Oakdale,,archive:amnd-winter-2007:primary-2:oakdale-netball-club-sa:none
woods-panthers,amnd-winter-2007-primary-2,Woods Panthers,,archive:amnd-winter-2007:primary-2:woods-panthers:none
harlequin,amnd-winter-2007-primary-2,Harlequin,,archive:amnd-winter-2007:primary-2:harlequin:none
matrics,amnd-winter-2007-primary-2,Matrics,,archive:amnd-winter-2007:primary-2:matrics:none
contax,amnd-winter-2007-primary-3,Contax,1,archive:amnd-winter-2007:primary-3:contax:1
tango-netball-club-inc,amnd-winter-2007-primary-3,Tango,,archive:amnd-winter-2007:primary-3:tango-netball-club-inc:none
metro-jets,amnd-winter-2007-primary-3,Western Jets,1,archive:amnd-winter-2007:primary-3:metro-jets:1
contax,amnd-winter-2007-primary-3,Contax,2,archive:amnd-winter-2007:primary-3:contax:2
garville,amnd-winter-2007-primary-3,Garville,,archive:amnd-winter-2007:primary-3:garville:none
metro-jets,amnd-winter-2007-primary-3,Western Jets,2,archive:amnd-winter-2007:primary-3:metro-jets:2
cheerio-netball-club,amnd-winter-2007-primary-4,Cheerio,,archive:amnd-winter-2007:primary-4:cheerio-netball-club:none
oakdale-netball-club-sa,amnd-winter-2007-primary-4,Oakdale,,archive:amnd-winter-2007:primary-4:oakdale-netball-club-sa:none
matrics,amnd-winter-2007-primary-4,Matrics,1,archive:amnd-winter-2007:primary-4:matrics:1
norwood-netball-club,amnd-winter-2007-primary-4,Newton Jaguars,,archive:amnd-winter-2007:primary-4:norwood-netball-club:none
matrics,amnd-winter-2007-primary-4,Matrics,2,archive:amnd-winter-2007:primary-4:matrics:2
harlequin,amnd-winter-2007-primary-4,Harlequin,,archive:amnd-winter-2007:primary-4:harlequin:none
woods-panthers,amnd-winter-2007-primary-5,Woods Panthers,1,archive:amnd-winter-2007:primary-5:woods-panthers:1
contax,amnd-winter-2007-primary-5,Contax,,archive:amnd-winter-2007:primary-5:contax:none
woods-panthers,amnd-winter-2007-primary-5,Woods Panthers,2,archive:amnd-winter-2007:primary-5:woods-panthers:2
metro-jets,amnd-winter-2007-primary-5,Western Jets,2,archive:amnd-winter-2007:primary-5:metro-jets:2
metro-jets,amnd-winter-2007-primary-5,Western Jets,1,archive:amnd-winter-2007:primary-5:metro-jets:1
norwood-netball-club,amnd-winter-2007-primary-5,Newton Jaguars,,archive:amnd-winter-2007:primary-5:norwood-netball-club:none
adelaide-cougars,amnd-winter-2007-primary-5,Adelaide Cougars,,archive:amnd-winter-2007:primary-5:adelaide-cougars:none
garville,amnd-winter-2007-primary-5,Garville,,archive:amnd-winter-2007:primary-5:garville:none
metro-jets,amnd-winter-2007-primary-6,Western Jets,,archive:amnd-winter-2007:primary-6:metro-jets:none
semaphore,amnd-winter-2007-primary-6,Semaphore,,archive:amnd-winter-2007:primary-6:semaphore:none
tango-netball-club-inc,amnd-winter-2007-primary-6,Tango,,archive:amnd-winter-2007:primary-6:tango-netball-club-inc:none
matrics,amnd-winter-2007-primary-6,Matrics,,archive:amnd-winter-2007:primary-6:matrics:none
garville,amnd-winter-2007-primary-6,Garville,,archive:amnd-winter-2007:primary-6:garville:none
cheerio-netball-club,amnd-winter-2007-primary-6,Cheerio,,archive:amnd-winter-2007:primary-6:cheerio-netball-club:none
harlequin,amnd-winter-2007-sub-junior-1,Harlequin,,archive:amnd-winter-2007:sub-junior-1:harlequin:none
contax,amnd-winter-2007-sub-junior-1,Contax,,archive:amnd-winter-2007:sub-junior-1:contax:none
tango-netball-club-inc,amnd-winter-2007-sub-junior-1,Tango,,archive:amnd-winter-2007:sub-junior-1:tango-netball-club-inc:none
woods-panthers,amnd-winter-2007-sub-junior-1,Woods Panthers,,archive:amnd-winter-2007:sub-junior-1:woods-panthers:none
matrics,amnd-winter-2007-sub-junior-1,Matrics,,archive:amnd-winter-2007:sub-junior-1:matrics:none
garville,amnd-winter-2007-sub-junior-1,Garville,,archive:amnd-winter-2007:sub-junior-1:garville:none
tango-netball-club-inc,amnd-winter-2007-sub-junior-2,Tango,,archive:amnd-winter-2007:sub-junior-2:tango-netball-club-inc:none
northeast-zodiac,amnd-winter-2007-sub-junior-2,Northeast Zodiacs,,archive:amnd-winter-2007:sub-junior-2:northeast-zodiac:none
contax,amnd-winter-2007-sub-junior-2,Contax,,archive:amnd-winter-2007:sub-junior-2:contax:none
matrics,amnd-winter-2007-sub-junior-2,Matrics,,archive:amnd-winter-2007:sub-junior-2:matrics:none
oakdale-netball-club-sa,amnd-winter-2007-sub-junior-2,Oakdale,,archive:amnd-winter-2007:sub-junior-2:oakdale-netball-club-sa:none
harlequin,amnd-winter-2007-sub-junior-2,Harlequin,,archive:amnd-winter-2007:sub-junior-2:harlequin:none
contax,amnd-winter-2007-sub-junior-3,Contax,,archive:amnd-winter-2007:sub-junior-3:contax:none
tango-netball-club-inc,amnd-winter-2007-sub-junior-3,Tango,,archive:amnd-winter-2007:sub-junior-3:tango-netball-club-inc:none
metro-jets,amnd-winter-2007-sub-junior-3,Western Jets,,archive:amnd-winter-2007:sub-junior-3:metro-jets:none
garville,amnd-winter-2007-sub-junior-3,Garville,,archive:amnd-winter-2007:sub-junior-3:garville:none
norwood-netball-club,amnd-winter-2007-sub-junior-3,Newton Jaguars,,archive:amnd-winter-2007:sub-junior-3:norwood-netball-club:none
woods-panthers,amnd-winter-2007-sub-junior-3,Woods Panthers,,archive:amnd-winter-2007:sub-junior-3:woods-panthers:none
tango-netball-club-inc,amnd-winter-2007-sub-junior-4,Tango,,archive:amnd-winter-2007:sub-junior-4:tango-netball-club-inc:none
adelaide-cougars,amnd-winter-2007-sub-junior-4,Adelaide Cougars,,archive:amnd-winter-2007:sub-junior-4:adelaide-cougars:none
northeast-zodiac,amnd-winter-2007-sub-junior-4,Northeast Zodiacs,,archive:amnd-winter-2007:sub-junior-4:northeast-zodiac:none
garville,amnd-winter-2007-sub-junior-4,Garville,,archive:amnd-winter-2007:sub-junior-4:garville:none
harlequin,amnd-winter-2007-sub-junior-4,Harlequin,,archive:amnd-winter-2007:sub-junior-4:harlequin:none
oakdale-netball-club-sa,amnd-winter-2007-sub-junior-4,Oakdale,,archive:amnd-winter-2007:sub-junior-4:oakdale-netball-club-sa:none
metro-jets,amnd-winter-2007-sub-junior-4,Western Jets,,archive:amnd-winter-2007:sub-junior-4:metro-jets:none
norwood-netball-club,amnd-winter-2007-sub-junior-4,Newton Jaguars,,archive:amnd-winter-2007:sub-junior-4:norwood-netball-club:none
contax,amnd-winter-2007-sub-junior-5,Contax,,archive:amnd-winter-2007:sub-junior-5:contax:none
woods-panthers,amnd-winter-2007-sub-junior-5,Woods Panthers,,archive:amnd-winter-2007:sub-junior-5:woods-panthers:none
matrics,amnd-winter-2007-sub-junior-5,Matrics,,archive:amnd-winter-2007:sub-junior-5:matrics:none
oakdale-netball-club-sa,amnd-winter-2007-sub-junior-5,Oakdale,,archive:amnd-winter-2007:sub-junior-5:oakdale-netball-club-sa:none
metro-jets,amnd-winter-2007-sub-junior-5,Western Jets,,archive:amnd-winter-2007:sub-junior-5:metro-jets:none
adelaide-cougars,amnd-winter-2007-sub-junior-5,Adelaide Cougars,,archive:amnd-winter-2007:sub-junior-5:adelaide-cougars:none
garville,amnd-winter-2007-sub-junior-5,Garville,,archive:amnd-winter-2007:sub-junior-5:garville:none
norwood-netball-club,amnd-winter-2007-sub-junior-5,Newton Jaguars,,archive:amnd-winter-2007:sub-junior-5:norwood-netball-club:none
noarlunga,amnd-winter-2007-sub-junior-6,Noarlunga,,archive:amnd-winter-2007:sub-junior-6:noarlunga:none
woods-panthers,amnd-winter-2007-sub-junior-6,Woods Panthers,,archive:amnd-winter-2007:sub-junior-6:woods-panthers:none
contax,amnd-winter-2007-sub-junior-6,Contax,,archive:amnd-winter-2007:sub-junior-6:contax:none
cheerio-netball-club,amnd-winter-2007-sub-junior-6,Cheerio,,archive:amnd-winter-2007:sub-junior-6:cheerio-netball-club:none
tango-netball-club-inc,amnd-winter-2007-sub-junior-6,Tango,,archive:amnd-winter-2007:sub-junior-6:tango-netball-club-inc:none
harlequin,amnd-winter-2007-sub-junior-6,Harlequin,,archive:amnd-winter-2007:sub-junior-6:harlequin:none
adelaide-wildcats,amnd-winter-2007-sub-junior-6,Adelaide Wildcats,,archive:amnd-winter-2007:sub-junior-6:adelaide-wildcats:none
adelaide-cougars,amnd-winter-2007-sub-junior-6,Adelaide Cougars,,archive:amnd-winter-2007:sub-junior-6:adelaide-cougars:none
semaphore,amnd-winter-2007-sub-junior-7,Semaphore,,archive:amnd-winter-2007:sub-junior-7:semaphore:none
garville,amnd-winter-2007-sub-junior-7,Garville,,archive:amnd-winter-2007:sub-junior-7:garville:none
matrics,amnd-winter-2007-sub-junior-7,Matrics,,archive:amnd-winter-2007:sub-junior-7:matrics:none
woods-panthers,amnd-winter-2007-sub-junior-7,Woods Panthers,,archive:amnd-winter-2007:sub-junior-7:woods-panthers:none
contax,amnd-winter-2007-sub-junior-7,Contax,,archive:amnd-winter-2007:sub-junior-7:contax:none
tango-netball-club-inc,amnd-winter-2007-sub-junior-7,Tango,,archive:amnd-winter-2007:sub-junior-7:tango-netball-club-inc:none
garville,amnd-winter-2007-sub-junior-8,Garville,,archive:amnd-winter-2007:sub-junior-8:garville:none
metro-jets,amnd-winter-2007-sub-junior-8,Western Jets,,archive:amnd-winter-2007:sub-junior-8:metro-jets:none
heatwave,amnd-winter-2007-sub-junior-8,Heatwave,,archive:amnd-winter-2007:sub-junior-8:heatwave:none
matrics,amnd-winter-2007-sub-junior-8,Matrics,,archive:amnd-winter-2007:sub-junior-8:matrics:none
oakdale-netball-club-sa,amnd-winter-2007-sub-junior-8,Oakdale,,archive:amnd-winter-2007:sub-junior-8:oakdale-netball-club-sa:none
woods-panthers,amnd-winter-2007-sub-junior-8,Woods Panthers,,archive:amnd-winter-2007:sub-junior-8:woods-panthers:none
adelaide-cougars,amnd-winter-2007-sub-junior-8,Adelaide Cougars,,archive:amnd-winter-2007:sub-junior-8:adelaide-cougars:none
norwood-netball-club,amnd-winter-2007-sub-junior-9,Newton Jaguars,1,archive:amnd-winter-2007:sub-junior-9:norwood-netball-club:1
cheerio-netball-club,amnd-winter-2007-sub-junior-9,Cheerio,,archive:amnd-winter-2007:sub-junior-9:cheerio-netball-club:none
semaphore,amnd-winter-2007-sub-junior-9,Semaphore,,archive:amnd-winter-2007:sub-junior-9:semaphore:none
garville,amnd-winter-2007-sub-junior-9,Garville,,archive:amnd-winter-2007:sub-junior-9:garville:none
metro-jets,amnd-winter-2007-sub-junior-9,Western Jets,,archive:amnd-winter-2007:sub-junior-9:metro-jets:none
woods-panthers,amnd-winter-2007-sub-junior-9,Woods Panthers,,archive:amnd-winter-2007:sub-junior-9:woods-panthers:none
norwood-netball-club,amnd-winter-2007-sub-junior-9,Newton Jaguars,2,archive:amnd-winter-2007:sub-junior-9:norwood-netball-club:2
matrics,amnd-winter-2007-sub-junior-9,Matrics,,archive:amnd-winter-2007:sub-junior-9:matrics:none
fielders-flames,amnd-winter-2008-a-grade,Flames,,archive:amnd-winter-2008:a-grade:fielders-flames:none
sacred-heart-o-c,amnd-winter-2008-a-grade,Sacred Heart O.C.,,archive:amnd-winter-2008:a-grade:sacred-heart-o-c:none
contax,amnd-winter-2008-a-grade,Contax,,archive:amnd-winter-2008:a-grade:contax:none
adelaide-wildcats,amnd-winter-2008-a-grade,Adelaide Wildcats,,archive:amnd-winter-2008:a-grade:adelaide-wildcats:none
norwood-netball-club,amnd-winter-2008-a-grade,Newton Jaguars,,archive:amnd-winter-2008:a-grade:norwood-netball-club:none
cheerio-netball-club,amnd-winter-2008-a-grade,Cheerio,,archive:amnd-winter-2008:a-grade:cheerio-netball-club:none
woods-panthers,amnd-winter-2008-a-grade,Woods Panthers,,archive:amnd-winter-2008:a-grade:woods-panthers:none
garville,amnd-winter-2008-a-grade,Garville,,archive:amnd-winter-2008:a-grade:garville:none
adelaide-wildcats,amnd-winter-2008-amnd-league,Adelaide Wildcats,,archive:amnd-winter-2008:amnd-league:adelaide-wildcats:none
contax,amnd-winter-2008-amnd-league,Contax,,archive:amnd-winter-2008:amnd-league:contax:none
oakdale-netball-club-sa,amnd-winter-2008-amnd-league,Oakdale,,archive:amnd-winter-2008:amnd-league:oakdale-netball-club-sa:none
norwood-netball-club,amnd-winter-2008-amnd-league,Newton Jaguars,,archive:amnd-winter-2008:amnd-league:norwood-netball-club:none
woods-panthers,amnd-winter-2008-amnd-league,Woods Panthers,,archive:amnd-winter-2008:amnd-league:woods-panthers:none
harlequin,amnd-winter-2008-amnd-league,Harlequin,,archive:amnd-winter-2008:amnd-league:harlequin:none
cheerio-netball-club,amnd-winter-2008-amnd-league,Cheerio,,archive:amnd-winter-2008:amnd-league:cheerio-netball-club:none
adelaide-cougars,amnd-winter-2008-amnd-league,Adelaide Cougars,,archive:amnd-winter-2008:amnd-league:adelaide-cougars:none
matrics,amnd-winter-2008-amnd-league,Matrics,,archive:amnd-winter-2008:amnd-league:matrics:none
garville,amnd-winter-2008-amnd-league,Garville,,archive:amnd-winter-2008:amnd-league:garville:none
harlequin,amnd-winter-2008-b-1,Harlequin,,archive:amnd-winter-2008:b-1:harlequin:none
adelaide-university,amnd-winter-2008-b-1,Adelaide University,,archive:amnd-winter-2008:b-1:adelaide-university:none
scotch-old-scholars,amnd-winter-2008-b-1,Scotch O.S.,,archive:amnd-winter-2008:b-1:scotch-old-scholars:none
city-coasters,amnd-winter-2008-b-1,City Coasters,,archive:amnd-winter-2008:b-1:city-coasters:none
adelaide-swish,amnd-winter-2008-b-1,Adelaide Swish,,archive:amnd-winter-2008:b-1:adelaide-swish:none
contax,amnd-winter-2008-b-1,Contax,,archive:amnd-winter-2008:b-1:contax:none
westminster-o-s,amnd-winter-2008-b-1,Westminster O.S.,,archive:amnd-winter-2008:b-1:westminster-o-s:none
oakdale-netball-club-sa,amnd-winter-2008-b-1,Oakdale,,archive:amnd-winter-2008:b-1:oakdale-netball-club-sa:none
tango-netball-club-inc,amnd-winter-2008-b-1,Tango,,archive:amnd-winter-2008:b-1:tango-netball-club-inc:none
metro-jets,amnd-winter-2008-b-1,Western Jets,,archive:amnd-winter-2008:b-1:metro-jets:none
adelaide-wildcats,amnd-winter-2008-b-2,Adelaide Wildcats,,archive:amnd-winter-2008:b-2:adelaide-wildcats:none
cheerio-netball-club,amnd-winter-2008-b-2,Cheerio,,archive:amnd-winter-2008:b-2:cheerio-netball-club:none
sacred-heart-o-c,amnd-winter-2008-b-2,Sacred Heart O.C.,,archive:amnd-winter-2008:b-2:sacred-heart-o-c:none
semaphore,amnd-winter-2008-b-2,Semaphore,,archive:amnd-winter-2008:b-2:semaphore:none
contax,amnd-winter-2008-b-2,Contax,,archive:amnd-winter-2008:b-2:contax:none
matrics,amnd-winter-2008-b-2,Matrics,,archive:amnd-winter-2008:b-2:matrics:none
pembroke-o-s,amnd-winter-2008-b-2,Pembroke O.S.,,archive:amnd-winter-2008:b-2:pembroke-o-s:none
woods-panthers,amnd-winter-2008-b-2,Woods Panthers,,archive:amnd-winter-2008:b-2:woods-panthers:none
harlequin,amnd-winter-2008-b-2,Harlequin,,archive:amnd-winter-2008:b-2:harlequin:none
adelaide-cougars,amnd-winter-2008-b-2,Adelaide Cougars,,archive:amnd-winter-2008:b-2:adelaide-cougars:none
norwood-netball-club,amnd-winter-2008-b-3,Newton Jaguars,,archive:amnd-winter-2008:b-3:norwood-netball-club:none
contax,amnd-winter-2008-b-3,Contax,,archive:amnd-winter-2008:b-3:contax:none
noarlunga,amnd-winter-2008-b-3,Noarlunga,,archive:amnd-winter-2008:b-3:noarlunga:none
heatwave,amnd-winter-2008-b-3,Heatwave,,archive:amnd-winter-2008:b-3:heatwave:none
seymour-o-c,amnd-winter-2008-b-3,Seymour O.C.,,archive:amnd-winter-2008:b-3:seymour-o-c:none
matrics,amnd-winter-2008-b-3,Matrics,,archive:amnd-winter-2008:b-3:matrics:none
adelaide-university,amnd-winter-2008-b-4,Adelaide University,,archive:amnd-winter-2008:b-4:adelaide-university:none
adelaide-cougars,amnd-winter-2008-b-4,Adelaide Cougars,,archive:amnd-winter-2008:b-4:adelaide-cougars:none
cheerio-netball-club,amnd-winter-2008-b-4,Cheerio,,archive:amnd-winter-2008:b-4:cheerio-netball-club:none
tango-netball-club-inc,amnd-winter-2008-b-4,Tango,,archive:amnd-winter-2008:b-4:tango-netball-club-inc:none
flinders-university,amnd-winter-2008-b-4,Flinders University,,archive:amnd-winter-2008:b-4:flinders-university:none
garville,amnd-winter-2008-b-4,Garville,,archive:amnd-winter-2008:b-4:garville:none
city-coasters,amnd-winter-2008-b-5,City Coasters,,archive:amnd-winter-2008:b-5:city-coasters:none
sacred-heart-o-c,amnd-winter-2008-b-5,Sacred Heart O.C.,,archive:amnd-winter-2008:b-5:sacred-heart-o-c:none
adelaide-university,amnd-winter-2008-b-5,Adelaide University,,archive:amnd-winter-2008:b-5:adelaide-university:none
flinders-university,amnd-winter-2008-b-5,Flinders University,,archive:amnd-winter-2008:b-5:flinders-university:none
garville,amnd-winter-2008-b-5,Garville,,archive:amnd-winter-2008:b-5:garville:none
harlequin,amnd-winter-2008-b-5,Harlequin,,archive:amnd-winter-2008:b-5:harlequin:none
contax,amnd-winter-2008-b-5,Contax,,archive:amnd-winter-2008:b-5:contax:none
metro-jets,amnd-winter-2008-b-5,Western Jets,,archive:amnd-winter-2008:b-5:metro-jets:none
westminster-o-s,amnd-winter-2008-c-1,Westminster O.S.,,archive:amnd-winter-2008:c-1:westminster-o-s:none
woods-panthers,amnd-winter-2008-c-1,Woods Panthers,,archive:amnd-winter-2008:c-1:woods-panthers:none
old-ignatians,amnd-winter-2008-c-1,Old Ignatians,,archive:amnd-winter-2008:c-1:old-ignatians:none
norwood-netball-club,amnd-winter-2008-c-1,Newton Jaguars,,archive:amnd-winter-2008:c-1:norwood-netball-club:none
oakdale-netball-club-sa,amnd-winter-2008-c-1,Oakdale,,archive:amnd-winter-2008:c-1:oakdale-netball-club-sa:none
semaphore,amnd-winter-2008-c-1,Semaphore,,archive:amnd-winter-2008:c-1:semaphore:none
adelaide-wildcats,amnd-winter-2008-c-1,Adelaide Wildcats,,archive:amnd-winter-2008:c-1:adelaide-wildcats:none
cheerio-netball-club,amnd-winter-2008-c-1,Cheerio,,archive:amnd-winter-2008:c-1:cheerio-netball-club:none
adelaide-cougars,amnd-winter-2008-c-1,Adelaide Cougars,,archive:amnd-winter-2008:c-1:adelaide-cougars:none
matrics,amnd-winter-2008-c-1,Matrics,,archive:amnd-winter-2008:c-1:matrics:none
city-coasters,amnd-winter-2008-c-2,City Coasters,,archive:amnd-winter-2008:c-2:city-coasters:none
westminster-o-s,amnd-winter-2008-c-2,Westminster O.S.,,archive:amnd-winter-2008:c-2:westminster-o-s:none
pembroke-o-s,amnd-winter-2008-c-2,Pembroke O.S.,,archive:amnd-winter-2008:c-2:pembroke-o-s:none
woods-panthers,amnd-winter-2008-c-2,Woods Panthers,,archive:amnd-winter-2008:c-2:woods-panthers:none
adelaide-university,amnd-winter-2008-c-2,Adelaide Uni.,2,archive:amnd-winter-2008:c-2:adelaide-university:2
norwood-netball-club,amnd-winter-2008-c-2,Newton Jaguars,,archive:amnd-winter-2008:c-2:norwood-netball-club:none
immanuel-doves,amnd-winter-2008-c-2,Immanuel,,archive:amnd-winter-2008:c-2:immanuel-doves:none
adelaide-university,amnd-winter-2008-c-2,Adelaide Uni.,1,archive:amnd-winter-2008:c-2:adelaide-university:1
metro-jets,amnd-winter-2008-c-2,Western Jets,,archive:amnd-winter-2008:c-2:metro-jets:none
sa-ladybirds,amnd-winter-2008-c-3,Ladybirds,,archive:amnd-winter-2008:c-3:sa-ladybirds:none
adelaide-wildcats,amnd-winter-2008-c-3,Adelaide Wildcats,,archive:amnd-winter-2008:c-3:adelaide-wildcats:none
annesley-o-s,amnd-winter-2008-c-3,Annesley O.S.,,archive:amnd-winter-2008:c-3:annesley-o-s:none
adelaide-swish,amnd-winter-2008-c-3,Adelaide Swish,,archive:amnd-winter-2008:c-3:adelaide-swish:none
cheerio-netball-club,amnd-winter-2008-c-3,Cheerio,,archive:amnd-winter-2008:c-3:cheerio-netball-club:none
flinders-university,amnd-winter-2008-c-3,Flinders University,,archive:amnd-winter-2008:c-3:flinders-university:none
sacred-heart-o-c,amnd-winter-2008-c-3,Sacred Heart O.C.,,archive:amnd-winter-2008:c-3:sacred-heart-o-c:none
pembroke-o-s,amnd-winter-2008-c-3,Pembroke O.S.,,archive:amnd-winter-2008:c-3:pembroke-o-s:none
adelaide-university,amnd-winter-2008-c-3,Adelaide University,,archive:amnd-winter-2008:c-3:adelaide-university:none
cheerio-netball-club,amnd-winter-2008-c-4,Cheerio,,archive:amnd-winter-2008:c-4:cheerio-netball-club:none
westminster-o-s,amnd-winter-2008-c-4,Westminster O.S.,,archive:amnd-winter-2008:c-4:westminster-o-s:none
semaphore,amnd-winter-2008-c-4,Semaphore,,archive:amnd-winter-2008:c-4:semaphore:none
city-coasters,amnd-winter-2008-c-4,City Coasters,,archive:amnd-winter-2008:c-4:city-coasters:none
matrics,amnd-winter-2008-c-4,Matrics,,archive:amnd-winter-2008:c-4:matrics:none
flinders-university,amnd-winter-2008-c-4,Flinders University,,archive:amnd-winter-2008:c-4:flinders-university:none
pembroke-o-s,amnd-winter-2008-c-4,Pembroke O.S.,,archive:amnd-winter-2008:c-4:pembroke-o-s:none
sacred-heart-o-c,amnd-winter-2008-c-4,Sacred Heart O.C.,,archive:amnd-winter-2008:c-4:sacred-heart-o-c:none
adelaide-university,amnd-winter-2008-c-4,Adelaide University,,archive:amnd-winter-2008:c-4:adelaide-university:none
norwood-netball-club,amnd-winter-2008-h-grade,Jaguars,,archive:amnd-winter-2008:h-grade:norwood-netball-club:none
matrics,amnd-winter-2008-h-grade,Matrics,,archive:amnd-winter-2008:h-grade:matrics:none
metro-jets,amnd-winter-2008-h-grade,Western Jets,,archive:amnd-winter-2008:h-grade:metro-jets:none
harlequin,amnd-winter-2008-h-grade,Harlequin,,archive:amnd-winter-2008:h-grade:harlequin:none
contax,amnd-winter-2008-h-grade,Contax,,archive:amnd-winter-2008:h-grade:contax:none
woods-panthers,amnd-winter-2008-h-grade,Woods Panthers,,archive:amnd-winter-2008:h-grade:woods-panthers:none
adelaide-cougars,amnd-winter-2008-inter-1,Adelaide Cougars,,archive:amnd-winter-2008:inter-1:adelaide-cougars:none
contax,amnd-winter-2008-inter-1,Contax,,archive:amnd-winter-2008:inter-1:contax:none
oakdale-netball-club-sa,amnd-winter-2008-inter-1,Oakdale,,archive:amnd-winter-2008:inter-1:oakdale-netball-club-sa:none
harlequin,amnd-winter-2008-inter-1,Harlequin,1,archive:amnd-winter-2008:inter-1:harlequin:1
norwood-netball-club,amnd-winter-2008-inter-1,Newton Jaguars,,archive:amnd-winter-2008:inter-1:norwood-netball-club:none
woods-panthers,amnd-winter-2008-inter-1,Woods Panthers,,archive:amnd-winter-2008:inter-1:woods-panthers:none
harlequin,amnd-winter-2008-inter-1,Harlequin,2,archive:amnd-winter-2008:inter-1:harlequin:2
tango-netball-club-inc,amnd-winter-2008-inter-1,Tango,,archive:amnd-winter-2008:inter-1:tango-netball-club-inc:none
matrics,amnd-winter-2008-inter-1,Matrics,,archive:amnd-winter-2008:inter-1:matrics:none
garville,amnd-winter-2008-inter-1,Garville,,archive:amnd-winter-2008:inter-1:garville:none
metro-jets,amnd-winter-2008-inter-2,Western Jets,1,archive:amnd-winter-2008:inter-2:metro-jets:1
oakdale-netball-club-sa,amnd-winter-2008-inter-2,Oakdale,,archive:amnd-winter-2008:inter-2:oakdale-netball-club-sa:none
contax,amnd-winter-2008-inter-2,Contax,1,archive:amnd-winter-2008:inter-2:contax:1
metro-jets,amnd-winter-2008-inter-2,Western Jets,2,archive:amnd-winter-2008:inter-2:metro-jets:2
adelaide-cougars,amnd-winter-2008-inter-2,Adelaide Cougars,,archive:amnd-winter-2008:inter-2:adelaide-cougars:none
woods-panthers,amnd-winter-2008-inter-2,Woods Panthers,,archive:amnd-winter-2008:inter-2:woods-panthers:none
contax,amnd-winter-2008-inter-2,Contax,2,archive:amnd-winter-2008:inter-2:contax:2
norwood-netball-club,amnd-winter-2008-inter-2,Newton Jaguars,,archive:amnd-winter-2008:inter-2:norwood-netball-club:none
garville,amnd-winter-2008-inter-2,Garville,,archive:amnd-winter-2008:inter-2:garville:none
tango-netball-club-inc,amnd-winter-2008-inter-3,Tango,1,archive:amnd-winter-2008:inter-3:tango-netball-club-inc:1
matrics,amnd-winter-2008-inter-3,Matrics,,archive:amnd-winter-2008:inter-3:matrics:none
harlequin,amnd-winter-2008-inter-3,Harlequin,,archive:amnd-winter-2008:inter-3:harlequin:none
metro-jets,amnd-winter-2008-inter-3,Western Jets,,archive:amnd-winter-2008:inter-3:metro-jets:none
cheerio-netball-club,amnd-winter-2008-inter-3,Cheerio,,archive:amnd-winter-2008:inter-3:cheerio-netball-club:none
contax,amnd-winter-2008-inter-3,Contax,,archive:amnd-winter-2008:inter-3:contax:none
woods-panthers,amnd-winter-2008-inter-3,Woods Panthers,,archive:amnd-winter-2008:inter-3:woods-panthers:none
norwood-netball-club,amnd-winter-2008-inter-3,Newton Jaguars,,archive:amnd-winter-2008:inter-3:norwood-netball-club:none
tango-netball-club-inc,amnd-winter-2008-inter-3,Tango,2,archive:amnd-winter-2008:inter-3:tango-netball-club-inc:2
oakdale-netball-club-sa,amnd-winter-2008-inter-3,Oakdale,,archive:amnd-winter-2008:inter-3:oakdale-netball-club-sa:none
adelaide-cougars,amnd-winter-2008-inter-4,Adelaide Cougars,1,archive:amnd-winter-2008:inter-4:adelaide-cougars:1
cheerio-netball-club,amnd-winter-2008-inter-4,Cheerio,,archive:amnd-winter-2008:inter-4:cheerio-netball-club:none
garville,amnd-winter-2008-inter-4,Garville,,archive:amnd-winter-2008:inter-4:garville:none
woods-panthers,amnd-winter-2008-inter-4,Woods Panthers,,archive:amnd-winter-2008:inter-4:woods-panthers:none
tango-netball-club-inc,amnd-winter-2008-inter-4,Tango,,archive:amnd-winter-2008:inter-4:tango-netball-club-inc:none
norwood-netball-club,amnd-winter-2008-inter-4,Newton Jaguars,,archive:amnd-winter-2008:inter-4:norwood-netball-club:none
contax,amnd-winter-2008-inter-4,Contax,,archive:amnd-winter-2008:inter-4:contax:none
matrics,amnd-winter-2008-inter-4,Matrics,,archive:amnd-winter-2008:inter-4:matrics:none
metro-jets,amnd-winter-2008-inter-4,Western Jets,,archive:amnd-winter-2008:inter-4:metro-jets:none
adelaide-cougars,amnd-winter-2008-inter-4,Adelaide Cougars,2,archive:amnd-winter-2008:inter-4:adelaide-cougars:2
garville,amnd-winter-2008-inter-5,Garville,,archive:amnd-winter-2008:inter-5:garville:none
sa-ladybirds,amnd-winter-2008-inter-5,Ladybirds,,archive:amnd-winter-2008:inter-5:sa-ladybirds:none
semaphore,amnd-winter-2008-inter-5,Semaphore,,archive:amnd-winter-2008:inter-5:semaphore:none
norwood-netball-club,amnd-winter-2008-inter-5,Newton Jaguars,,archive:amnd-winter-2008:inter-5:norwood-netball-club:none
metro-jets,amnd-winter-2008-inter-5,Western Jets,,archive:amnd-winter-2008:inter-5:metro-jets:none
adelaide-wildcats,amnd-winter-2008-inter-5,Adelaide Wildcats,,archive:amnd-winter-2008:inter-5:adelaide-wildcats:none
woods-panthers,amnd-winter-2008-inter-5,Woods Panthers,,archive:amnd-winter-2008:inter-5:woods-panthers:none
cheerio-netball-club,amnd-winter-2008-inter-5,Cheerio,,archive:amnd-winter-2008:inter-5:cheerio-netball-club:none
contax,amnd-winter-2008-junior-1,Contax,,archive:amnd-winter-2008:junior-1:contax:none
tango-netball-club-inc,amnd-winter-2008-junior-1,Tango,,archive:amnd-winter-2008:junior-1:tango-netball-club-inc:none
adelaide-cougars,amnd-winter-2008-junior-1,Adelaide Cougars,,archive:amnd-winter-2008:junior-1:adelaide-cougars:none
metro-jets,amnd-winter-2008-junior-1,Western Jets,,archive:amnd-winter-2008:junior-1:metro-jets:none
harlequin,amnd-winter-2008-junior-1,Harlequin,,archive:amnd-winter-2008:junior-1:harlequin:none
matrics,amnd-winter-2008-junior-1,Matrics,,archive:amnd-winter-2008:junior-1:matrics:none
norwood-netball-club,amnd-winter-2008-junior-1,Newton Jaguars,,archive:amnd-winter-2008:junior-1:norwood-netball-club:none
woods-panthers,amnd-winter-2008-junior-1,Woods Panthers,,archive:amnd-winter-2008:junior-1:woods-panthers:none
contax,amnd-winter-2008-junior-2,Contax,,archive:amnd-winter-2008:junior-2:contax:none
adelaide-wildcats,amnd-winter-2008-junior-2,Adelaide Wildcats,,archive:amnd-winter-2008:junior-2:adelaide-wildcats:none
metro-jets,amnd-winter-2008-junior-2,Western Jets,1,archive:amnd-winter-2008:junior-2:metro-jets:1
tango-netball-club-inc,amnd-winter-2008-junior-2,Tango,,archive:amnd-winter-2008:junior-2:tango-netball-club-inc:none
harlequin,amnd-winter-2008-junior-2,Harlequin,,archive:amnd-winter-2008:junior-2:harlequin:none
garville,amnd-winter-2008-junior-2,Garville,,archive:amnd-winter-2008:junior-2:garville:none
oakdale-netball-club-sa,amnd-winter-2008-junior-2,Oakdale,,archive:amnd-winter-2008:junior-2:oakdale-netball-club-sa:none
metro-jets,amnd-winter-2008-junior-2,Western Jets,2,archive:amnd-winter-2008:junior-2:metro-jets:2
contax,amnd-winter-2008-junior-3,Contax,2,archive:amnd-winter-2008:junior-3:contax:2
garville,amnd-winter-2008-junior-3,Garville,,archive:amnd-winter-2008:junior-3:garville:none
contax,amnd-winter-2008-junior-3,Contax,1,archive:amnd-winter-2008:junior-3:contax:1
northeast-zodiac,amnd-winter-2008-junior-3,Northeast Zodiacs,,archive:amnd-winter-2008:junior-3:northeast-zodiac:none
norwood-netball-club,amnd-winter-2008-junior-3,Newton Jaguars,,archive:amnd-winter-2008:junior-3:norwood-netball-club:none
matrics,amnd-winter-2008-junior-3,Matrics,,archive:amnd-winter-2008:junior-3:matrics:none
tango-netball-club-inc,amnd-winter-2008-junior-3,Tango,,archive:amnd-winter-2008:junior-3:tango-netball-club-inc:none
woods-panthers,amnd-winter-2008-junior-3,Woods Panthers,1,archive:amnd-winter-2008:junior-3:woods-panthers:1
woods-panthers,amnd-winter-2008-junior-3,Woods Panthers,2,archive:amnd-winter-2008:junior-3:woods-panthers:2
adelaide-cougars,amnd-winter-2008-junior-3,Adelaide Cougars,,archive:amnd-winter-2008:junior-3:adelaide-cougars:none
oakdale-netball-club-sa,amnd-winter-2008-junior-4,Oakdale,,archive:amnd-winter-2008:junior-4:oakdale-netball-club-sa:none
tango-netball-club-inc,amnd-winter-2008-junior-4,Tango,,archive:amnd-winter-2008:junior-4:tango-netball-club-inc:none
contax,amnd-winter-2008-junior-4,Contax,,archive:amnd-winter-2008:junior-4:contax:none
garville,amnd-winter-2008-junior-4,Garville,,archive:amnd-winter-2008:junior-4:garville:none
woods-panthers,amnd-winter-2008-junior-4,Woods Panthers,,archive:amnd-winter-2008:junior-4:woods-panthers:none
harlequin,amnd-winter-2008-junior-4,Harlequin,,archive:amnd-winter-2008:junior-4:harlequin:none
norwood-netball-club,amnd-winter-2008-junior-4,Newton Jaguars,,archive:amnd-winter-2008:junior-4:norwood-netball-club:none
matrics,amnd-winter-2008-junior-4,Matrics,,archive:amnd-winter-2008:junior-4:matrics:none
cheerio-netball-club,amnd-winter-2008-junior-4,Cheerio,,archive:amnd-winter-2008:junior-4:cheerio-netball-club:none
metro-jets,amnd-winter-2008-junior-4,Western Jets,,archive:amnd-winter-2008:junior-4:metro-jets:none
woods-panthers,amnd-winter-2008-junior-5,Woods Panthers,1,archive:amnd-winter-2008:junior-5:woods-panthers:1
woods-panthers,amnd-winter-2008-junior-5,Woods Panthers,2,archive:amnd-winter-2008:junior-5:woods-panthers:2
cheerio-netball-club,amnd-winter-2008-junior-5,Cheerio,,archive:amnd-winter-2008:junior-5:cheerio-netball-club:none
adelaide-cougars,amnd-winter-2008-junior-5,Adelaide Cougars,,archive:amnd-winter-2008:junior-5:adelaide-cougars:none
semaphore,amnd-winter-2008-junior-5,Semaphore,,archive:amnd-winter-2008:junior-5:semaphore:none
adelaide-wildcats,amnd-winter-2008-junior-5,Adelaide Wildcats,,archive:amnd-winter-2008:junior-5:adelaide-wildcats:none
garville,amnd-winter-2008-junior-5,Garville,,archive:amnd-winter-2008:junior-5:garville:none
sa-ladybirds,amnd-winter-2008-junior-5,Ladybirds,,archive:amnd-winter-2008:junior-5:sa-ladybirds:none
metro-jets,amnd-winter-2008-junior-5,Western Jets,,archive:amnd-winter-2008:junior-5:metro-jets:none
tango-netball-club-inc,amnd-winter-2008-junior-5,Tango,,archive:amnd-winter-2008:junior-5:tango-netball-club-inc:none
norwood-netball-club,amnd-winter-2008-junior-6,Newton Jaguars,1,archive:amnd-winter-2008:junior-6:norwood-netball-club:1
oakdale-netball-club-sa,amnd-winter-2008-junior-6,Oakdale,1,archive:amnd-winter-2008:junior-6:oakdale-netball-club-sa:1
oakdale-netball-club-sa,amnd-winter-2008-junior-6,Oakdale,2,archive:amnd-winter-2008:junior-6:oakdale-netball-club-sa:2
garville,amnd-winter-2008-junior-6,Garville,,archive:amnd-winter-2008:junior-6:garville:none
woods-panthers,amnd-winter-2008-junior-6,Woods Panthers,1,archive:amnd-winter-2008:junior-6:woods-panthers:1
contax,amnd-winter-2008-junior-6,Contax,,archive:amnd-winter-2008:junior-6:contax:none
matrics,amnd-winter-2008-junior-6,Matrics,,archive:amnd-winter-2008:junior-6:matrics:none
norwood-netball-club,amnd-winter-2008-junior-6,Newton Jaguars,2,archive:amnd-winter-2008:junior-6:norwood-netball-club:2
woods-panthers,amnd-winter-2008-junior-6,Woods Panthers,2,archive:amnd-winter-2008:junior-6:woods-panthers:2
semaphore,amnd-winter-2008-junior-6,Semaphore,,archive:amnd-winter-2008:junior-6:semaphore:none
cheerio-netball-club,amnd-winter-2008-junior-7,Cheerio,1,archive:amnd-winter-2008:junior-7:cheerio-netball-club:1
adelaide-wildcats,amnd-winter-2008-junior-7,Adelaide Wildcats,,archive:amnd-winter-2008:junior-7:adelaide-wildcats:none
garville,amnd-winter-2008-junior-7,Garville,,archive:amnd-winter-2008:junior-7:garville:none
metro-jets,amnd-winter-2008-junior-7,Western Jets,2,archive:amnd-winter-2008:junior-7:metro-jets:2
matrics,amnd-winter-2008-junior-7,Matrics,1,archive:amnd-winter-2008:junior-7:matrics:1
metro-jets,amnd-winter-2008-junior-7,Western Jets,1,archive:amnd-winter-2008:junior-7:metro-jets:1
cheerio-netball-club,amnd-winter-2008-junior-7,Cheerio,2,archive:amnd-winter-2008:junior-7:cheerio-netball-club:2
norwood-netball-club,amnd-winter-2008-junior-7,Newton Jaguars,,archive:amnd-winter-2008:junior-7:norwood-netball-club:none
adelaide-cougars,amnd-winter-2008-junior-7,Adelaide Cougars,,archive:amnd-winter-2008:junior-7:adelaide-cougars:none
matrics,amnd-winter-2008-junior-7,Matrics,2,archive:amnd-winter-2008:junior-7:matrics:2
contax,amnd-winter-2008-primary-1,Contax,1,archive:amnd-winter-2008:primary-1:contax:1
matrics,amnd-winter-2008-primary-1,Matrics,,archive:amnd-winter-2008:primary-1:matrics:none
tango-netball-club-inc,amnd-winter-2008-primary-1,Tango,,archive:amnd-winter-2008:primary-1:tango-netball-club-inc:none
metro-jets,amnd-winter-2008-primary-1,Western Jets,,archive:amnd-winter-2008:primary-1:metro-jets:none
woods-panthers,amnd-winter-2008-primary-1,Woods Panthers,,archive:amnd-winter-2008:primary-1:woods-panthers:none
contax,amnd-winter-2008-primary-1,Contax,2,archive:amnd-winter-2008:primary-1:contax:2
harlequin,amnd-winter-2008-primary-2,Harlequin,,archive:amnd-winter-2008:primary-2:harlequin:none
metro-jets,amnd-winter-2008-primary-2,Western Jets,,archive:amnd-winter-2008:primary-2:metro-jets:none
norwood-netball-club,amnd-winter-2008-primary-2,Newton Jaguars,,archive:amnd-winter-2008:primary-2:norwood-netball-club:none
garville,amnd-winter-2008-primary-2,Garville,,archive:amnd-winter-2008:primary-2:garville:none
woods-panthers,amnd-winter-2008-primary-2,Woods Panthers,,archive:amnd-winter-2008:primary-2:woods-panthers:none
matrics,amnd-winter-2008-primary-2,Matrics,,archive:amnd-winter-2008:primary-2:matrics:none
oakdale-netball-club-sa,amnd-winter-2008-primary-2,Oakdale,,archive:amnd-winter-2008:primary-2:oakdale-netball-club-sa:none
woods-panthers,amnd-winter-2008-primary-3,Woods Panthers,,archive:amnd-winter-2008:primary-3:woods-panthers:none
adelaide-cougars,amnd-winter-2008-primary-3,Adelaide Cougars,,archive:amnd-winter-2008:primary-3:adelaide-cougars:none
contax,amnd-winter-2008-primary-3,Contax,,archive:amnd-winter-2008:primary-3:contax:none
cheerio-netball-club,amnd-winter-2008-primary-3,Cheerio,,archive:amnd-winter-2008:primary-3:cheerio-netball-club:none
tango-netball-club-inc,amnd-winter-2008-primary-3,Tango,,archive:amnd-winter-2008:primary-3:tango-netball-club-inc:none
metro-jets,amnd-winter-2008-primary-3,Western Jets,,archive:amnd-winter-2008:primary-3:metro-jets:none
norwood-netball-club,amnd-winter-2008-primary-4,Newton Jaguars,,archive:amnd-winter-2008:primary-4:norwood-netball-club:none
garville,amnd-winter-2008-primary-4,Garville,,archive:amnd-winter-2008:primary-4:garville:none
matrics,amnd-winter-2008-primary-4,Matrics,,archive:amnd-winter-2008:primary-4:matrics:none
metro-jets,amnd-winter-2008-primary-4,Western Jets,,archive:amnd-winter-2008:primary-4:metro-jets:none
tango-netball-club-inc,amnd-winter-2008-primary-4,Tango,,archive:amnd-winter-2008:primary-4:tango-netball-club-inc:none
adelaide-cougars,amnd-winter-2008-primary-4,Adelaide Cougars,,archive:amnd-winter-2008:primary-4:adelaide-cougars:none
contax,amnd-winter-2008-primary-4,Contax,,archive:amnd-winter-2008:primary-4:contax:none
harlequin,amnd-winter-2008-primary-4,Harlequin,,archive:amnd-winter-2008:primary-4:harlequin:none
semaphore,amnd-winter-2008-primary-5,Semaphore,,archive:amnd-winter-2008:primary-5:semaphore:none
norwood-netball-club,amnd-winter-2008-primary-5,Newton Jaguars,,archive:amnd-winter-2008:primary-5:norwood-netball-club:none
oakdale-netball-club-sa,amnd-winter-2008-primary-5,Oakdale,,archive:amnd-winter-2008:primary-5:oakdale-netball-club-sa:none
sa-ladybirds,amnd-winter-2008-primary-5,Ladybirds,,archive:amnd-winter-2008:primary-5:sa-ladybirds:none
contax,amnd-winter-2008-primary-5,Contax,,archive:amnd-winter-2008:primary-5:contax:none
metro-jets,amnd-winter-2008-primary-5,Western Jets,,archive:amnd-winter-2008:primary-5:metro-jets:none
woods-panthers,amnd-winter-2008-primary-6,Woods Panthers,,archive:amnd-winter-2008:primary-6:woods-panthers:none
contax,amnd-winter-2008-primary-6,Contax,,archive:amnd-winter-2008:primary-6:contax:none
matrics,amnd-winter-2008-primary-6,Matrics,,archive:amnd-winter-2008:primary-6:matrics:none
cheerio-netball-club,amnd-winter-2008-primary-6,Cheerio,,archive:amnd-winter-2008:primary-6:cheerio-netball-club:none
norwood-netball-club,amnd-winter-2008-primary-6,Newton Jaguars,,archive:amnd-winter-2008:primary-6:norwood-netball-club:none
metro-jets,amnd-winter-2008-primary-6,Western Jets,,archive:amnd-winter-2008:primary-6:metro-jets:none
adelaide-cougars,amnd-winter-2008-primary-6,Adelaide Cougars,,archive:amnd-winter-2008:primary-6:adelaide-cougars:none
harlequin,amnd-winter-2008-primary-6,Harlequin,,archive:amnd-winter-2008:primary-6:harlequin:none
garville,amnd-winter-2008-primary-7,Garville,,archive:amnd-winter-2008:primary-7:garville:none
matrics,amnd-winter-2008-primary-7,Matrics,,archive:amnd-winter-2008:primary-7:matrics:none
contax,amnd-winter-2008-primary-7,Contax,,archive:amnd-winter-2008:primary-7:contax:none
tango-netball-club-inc,amnd-winter-2008-primary-7,Tango,,archive:amnd-winter-2008:primary-7:tango-netball-club-inc:none
cheerio-netball-club,amnd-winter-2008-primary-7,Cheerio,,archive:amnd-winter-2008:primary-7:cheerio-netball-club:none
metro-jets,amnd-winter-2008-primary-7,Western Jets,,archive:amnd-winter-2008:primary-7:metro-jets:none
woods-panthers,amnd-winter-2008-primary-7,Woods Panthers,,archive:amnd-winter-2008:primary-7:woods-panthers:none
oakdale-netball-club-sa,amnd-winter-2008-primary-7,Oakdale,,archive:amnd-winter-2008:primary-7:oakdale-netball-club-sa:none
tango-netball-club-inc,amnd-winter-2008-sub-junior-1,Tango,,archive:amnd-winter-2008:sub-junior-1:tango-netball-club-inc:none
harlequin,amnd-winter-2008-sub-junior-1,Harlequin,,archive:amnd-winter-2008:sub-junior-1:harlequin:none
contax,amnd-winter-2008-sub-junior-1,Contax,,archive:amnd-winter-2008:sub-junior-1:contax:none
matrics,amnd-winter-2008-sub-junior-1,Matrics,,archive:amnd-winter-2008:sub-junior-1:matrics:none
garville,amnd-winter-2008-sub-junior-1,Garville,,archive:amnd-winter-2008:sub-junior-1:garville:none
woods-panthers,amnd-winter-2008-sub-junior-1,Woods Panthers,,archive:amnd-winter-2008:sub-junior-1:woods-panthers:none
tango-netball-club-inc,amnd-winter-2008-sub-junior-2,Tango,,archive:amnd-winter-2008:sub-junior-2:tango-netball-club-inc:none
oakdale-netball-club-sa,amnd-winter-2008-sub-junior-2,Oakdale,,archive:amnd-winter-2008:sub-junior-2:oakdale-netball-club-sa:none
contax,amnd-winter-2008-sub-junior-2,Contax,,archive:amnd-winter-2008:sub-junior-2:contax:none
norwood-netball-club,amnd-winter-2008-sub-junior-2,Newton Jaguars,,archive:amnd-winter-2008:sub-junior-2:norwood-netball-club:none
metro-jets,amnd-winter-2008-sub-junior-2,Western Jets,,archive:amnd-winter-2008:sub-junior-2:metro-jets:none
adelaide-cougars,amnd-winter-2008-sub-junior-2,Adelaide Cougars,,archive:amnd-winter-2008:sub-junior-2:adelaide-cougars:none
tango-netball-club-inc,amnd-winter-2008-sub-junior-3,Tango,,archive:amnd-winter-2008:sub-junior-3:tango-netball-club-inc:none
contax,amnd-winter-2008-sub-junior-3,Contax,,archive:amnd-winter-2008:sub-junior-3:contax:none
woods-panthers,amnd-winter-2008-sub-junior-3,Woods Panthers,,archive:amnd-winter-2008:sub-junior-3:woods-panthers:none
harlequin,amnd-winter-2008-sub-junior-3,Harlequin,,archive:amnd-winter-2008:sub-junior-3:harlequin:none
garville,amnd-winter-2008-sub-junior-3,Garville,,archive:amnd-winter-2008:sub-junior-3:garville:none
oakdale-netball-club-sa,amnd-winter-2008-sub-junior-3,Oakdale,,archive:amnd-winter-2008:sub-junior-3:oakdale-netball-club-sa:none
metro-jets,amnd-winter-2008-sub-junior-3,Western Jets,,archive:amnd-winter-2008:sub-junior-3:metro-jets:none
adelaide-cougars,amnd-winter-2008-sub-junior-3,Adelaide Cougars,,archive:amnd-winter-2008:sub-junior-3:adelaide-cougars:none
norwood-netball-club,amnd-winter-2008-sub-junior-4,Newton Jaguars,,archive:amnd-winter-2008:sub-junior-4:norwood-netball-club:none
matrics,amnd-winter-2008-sub-junior-4,Matrics,,archive:amnd-winter-2008:sub-junior-4:matrics:none
harlequin,amnd-winter-2008-sub-junior-4,Harlequin,,archive:amnd-winter-2008:sub-junior-4:harlequin:none
woods-panthers,amnd-winter-2008-sub-junior-4,Woods Panthers,1,archive:amnd-winter-2008:sub-junior-4:woods-panthers:1
contax,amnd-winter-2008-sub-junior-4,Contax,,archive:amnd-winter-2008:sub-junior-4:contax:none
semaphore,amnd-winter-2008-sub-junior-4,Semaphore,,archive:amnd-winter-2008:sub-junior-4:semaphore:none
tango-netball-club-inc,amnd-winter-2008-sub-junior-4,Tango,,archive:amnd-winter-2008:sub-junior-4:tango-netball-club-inc:none
woods-panthers,amnd-winter-2008-sub-junior-4,Woods Panthers,2,archive:amnd-winter-2008:sub-junior-4:woods-panthers:2
norwood-netball-club,amnd-winter-2008-sub-junior-5,Newton Jaguars,,archive:amnd-winter-2008:sub-junior-5:norwood-netball-club:none
sa-ladybirds,amnd-winter-2008-sub-junior-5,Ladybirds,,archive:amnd-winter-2008:sub-junior-5:sa-ladybirds:none
contax,amnd-winter-2008-sub-junior-5,Contax,,archive:amnd-winter-2008:sub-junior-5:contax:none
heatwave,amnd-winter-2008-sub-junior-5,Heatwave,,archive:amnd-winter-2008:sub-junior-5:heatwave:none
harlequin,amnd-winter-2008-sub-junior-5,Harlequin,,archive:amnd-winter-2008:sub-junior-5:harlequin:none
metro-jets,amnd-winter-2008-sub-junior-5,Western Jets,,archive:amnd-winter-2008:sub-junior-5:metro-jets:none
adelaide-cougars,amnd-winter-2008-sub-junior-5,Adelaide Cougars,,archive:amnd-winter-2008:sub-junior-5:adelaide-cougars:none
garville,amnd-winter-2008-sub-junior-5,Garville,,archive:amnd-winter-2008:sub-junior-5:garville:none
woods-panthers,amnd-winter-2008-sub-junior-6,Woods Panthers,2,archive:amnd-winter-2008:sub-junior-6:woods-panthers:2
woods-panthers,amnd-winter-2008-sub-junior-6,Woods Panthers,1,archive:amnd-winter-2008:sub-junior-6:woods-panthers:1
norwood-netball-club,amnd-winter-2008-sub-junior-6,Newton Jaguars,,archive:amnd-winter-2008:sub-junior-6:norwood-netball-club:none
matrics,amnd-winter-2008-sub-junior-6,Matrics,,archive:amnd-winter-2008:sub-junior-6:matrics:none
garville,amnd-winter-2008-sub-junior-6,Garville,,archive:amnd-winter-2008:sub-junior-6:garville:none
metro-jets,amnd-winter-2008-sub-junior-6,Western Jets,,archive:amnd-winter-2008:sub-junior-6:metro-jets:none
oakdale-netball-club-sa,amnd-winter-2008-sub-junior-7,Oakdale,,archive:amnd-winter-2008:sub-junior-7:oakdale-netball-club-sa:none
tango-netball-club-inc,amnd-winter-2008-sub-junior-7,Tango,,archive:amnd-winter-2008:sub-junior-7:tango-netball-club-inc:none
cheerio-netball-club,amnd-winter-2008-sub-junior-7,Cheerio,,archive:amnd-winter-2008:sub-junior-7:cheerio-netball-club:none
sa-ladybirds,amnd-winter-2008-sub-junior-7,Ladybirds,,archive:amnd-winter-2008:sub-junior-7:sa-ladybirds:none
norwood-netball-club,amnd-winter-2008-sub-junior-7,Newton Jaguars,1,archive:amnd-winter-2008:sub-junior-7:norwood-netball-club:1
woods-panthers,amnd-winter-2008-sub-junior-7,Woods Panthers,,archive:amnd-winter-2008:sub-junior-7:woods-panthers:none
norwood-netball-club,amnd-winter-2008-sub-junior-7,Newton Jaguars,2,archive:amnd-winter-2008:sub-junior-7:norwood-netball-club:2
metro-jets,amnd-winter-2008-sub-junior-7,Western Jets,,archive:amnd-winter-2008:sub-junior-7:metro-jets:none
garville,amnd-winter-2008-sub-junior-8,Garville,,archive:amnd-winter-2008:sub-junior-8:garville:none
semaphore,amnd-winter-2008-sub-junior-8,Semaphore,,archive:amnd-winter-2008:sub-junior-8:semaphore:none
woods-panthers,amnd-winter-2008-sub-junior-8,Woods Panthers,,archive:amnd-winter-2008:sub-junior-8:woods-panthers:none
cheerio-netball-club,amnd-winter-2008-sub-junior-8,Cheerio,,archive:amnd-winter-2008:sub-junior-8:cheerio-netball-club:none
matrics,amnd-winter-2008-sub-junior-8,Matrics,,archive:amnd-winter-2008:sub-junior-8:matrics:none
adelaide-cougars,amnd-winter-2008-sub-junior-8,Adelaide Cougars,,archive:amnd-winter-2008:sub-junior-8:adelaide-cougars:none
fielders-flames,amnd-winter-2009-a-grade,Flames,,archive:amnd-winter-2009:a-grade:fielders-flames:none
contax,amnd-winter-2009-a-grade,Contax,,archive:amnd-winter-2009:a-grade:contax:none
sacred-heart-o-c,amnd-winter-2009-a-grade,Sacred Heart O.C.,,archive:amnd-winter-2009:a-grade:sacred-heart-o-c:none
adelaide-wildcats,amnd-winter-2009-a-grade,Adelaide Wildcats,,archive:amnd-winter-2009:a-grade:adelaide-wildcats:none
cheerio-netball-club,amnd-winter-2009-a-grade,Cheerio,,archive:amnd-winter-2009:a-grade:cheerio-netball-club:none
woods-panthers,amnd-winter-2009-a-grade,Woods Panthers,,archive:amnd-winter-2009:a-grade:woods-panthers:none
norwood-netball-club,amnd-winter-2009-a-grade,Newton Jaguars,,archive:amnd-winter-2009:a-grade:norwood-netball-club:none
oakdale-netball-club-sa,amnd-winter-2009-a-grade,Oakdale,,archive:amnd-winter-2009:a-grade:oakdale-netball-club-sa:none
harlequin,amnd-winter-2009-a-grade,Harlequin,,archive:amnd-winter-2009:a-grade:harlequin:none
garville,amnd-winter-2009-a-grade,Garville,,archive:amnd-winter-2009:a-grade:garville:none
oakdale-netball-club-sa,amnd-winter-2009-amnd-league,Oakdale,,archive:amnd-winter-2009:amnd-league:oakdale-netball-club-sa:none
contax,amnd-winter-2009-amnd-league,Contax,,archive:amnd-winter-2009:amnd-league:contax:none
adelaide-wildcats,amnd-winter-2009-amnd-league,Adelaide Wildcats,,archive:amnd-winter-2009:amnd-league:adelaide-wildcats:none
adelaide-cougars,amnd-winter-2009-amnd-league,Adelaide Cougars,,archive:amnd-winter-2009:amnd-league:adelaide-cougars:none
norwood-netball-club,amnd-winter-2009-amnd-league,Newton Jaguars,,archive:amnd-winter-2009:amnd-league:norwood-netball-club:none
cheerio-netball-club,amnd-winter-2009-amnd-league,Cheerio,,archive:amnd-winter-2009:amnd-league:cheerio-netball-club:none
matrics,amnd-winter-2009-amnd-league,Matrics,,archive:amnd-winter-2009:amnd-league:matrics:none
woods-panthers,amnd-winter-2009-amnd-league,Woods Panthers,,archive:amnd-winter-2009:amnd-league:woods-panthers:none
harlequin,amnd-winter-2009-amnd-league,Harlequin,,archive:amnd-winter-2009:amnd-league:harlequin:none
garville,amnd-winter-2009-amnd-league,Garville,,archive:amnd-winter-2009:amnd-league:garville:none
city-coasters,amnd-winter-2009-b-1,City Coasters,,archive:amnd-winter-2009:b-1:city-coasters:none
adelaide-university,amnd-winter-2009-b-1,Adelaide University,,archive:amnd-winter-2009:b-1:adelaide-university:none
adelaide-swish,amnd-winter-2009-b-1,Adelaide Swish,,archive:amnd-winter-2009:b-1:adelaide-swish:none
contax,amnd-winter-2009-b-1,Contax,,archive:amnd-winter-2009:b-1:contax:none
westminster-o-s,amnd-winter-2009-b-1,Westminster O.S.,,archive:amnd-winter-2009:b-1:westminster-o-s:none
adelaide-wildcats,amnd-winter-2009-b-1,Adelaide Wildcats,,archive:amnd-winter-2009:b-1:adelaide-wildcats:none
scotch-old-scholars,amnd-winter-2009-b-1,Scotch O.S.,,archive:amnd-winter-2009:b-1:scotch-old-scholars:none
cheerio-netball-club,amnd-winter-2009-b-1,Cheerio,,archive:amnd-winter-2009:b-1:cheerio-netball-club:none
metro-jets,amnd-winter-2009-b-1,Western Jets,,archive:amnd-winter-2009:b-1:metro-jets:none
tango-netball-club-inc,amnd-winter-2009-b-1,Tango,,archive:amnd-winter-2009:b-1:tango-netball-club-inc:none
contax,amnd-winter-2009-b-2,Contax,,archive:amnd-winter-2009:b-2:contax:none
adelaide-cougars,amnd-winter-2009-b-2,Adelaide Cougars,,archive:amnd-winter-2009:b-2:adelaide-cougars:none
pembroke-o-s,amnd-winter-2009-b-2,Pembroke O.S.,,archive:amnd-winter-2009:b-2:pembroke-o-s:none
noarlunga,amnd-winter-2009-b-2,Noarlunga,,archive:amnd-winter-2009:b-2:noarlunga:none
semaphore,amnd-winter-2009-b-2,Semaphore,,archive:amnd-winter-2009:b-2:semaphore:none
woods-panthers,amnd-winter-2009-b-2,Woods Panthers,,archive:amnd-winter-2009:b-2:woods-panthers:none
norwood-netball-club,amnd-winter-2009-b-2,Newton Jaguars,,archive:amnd-winter-2009:b-2:norwood-netball-club:none
oakdale-netball-club-sa,amnd-winter-2009-b-2,Oakdale,,archive:amnd-winter-2009:b-2:oakdale-netball-club-sa:none
matrics,amnd-winter-2009-b-2,Matrics,,archive:amnd-winter-2009:b-2:matrics:none
harlequin,amnd-winter-2009-b-2,Harlequin,,archive:amnd-winter-2009:b-2:harlequin:none
woods-panthers,amnd-winter-2009-b-3,Woods Panthers,,archive:amnd-winter-2009:b-3:woods-panthers:none
adelaide-university,amnd-winter-2009-b-3,Adelaide University,,archive:amnd-winter-2009:b-3:adelaide-university:none
contax,amnd-winter-2009-b-3,Contax,,archive:amnd-winter-2009:b-3:contax:none
adelaide-cougars,amnd-winter-2009-b-3,Adelaide Cougars,,archive:amnd-winter-2009:b-3:adelaide-cougars:none
seymour-o-c,amnd-winter-2009-b-3,Seymour O.C.,,archive:amnd-winter-2009:b-3:seymour-o-c:none
cheerio-netball-club,amnd-winter-2009-b-3,Cheerio,,archive:amnd-winter-2009:b-3:cheerio-netball-club:none
heatwave,amnd-winter-2009-b-3,Heatwave,,archive:amnd-winter-2009:b-3:heatwave:none
flinders-university,amnd-winter-2009-b-3,Flinders University,,archive:amnd-winter-2009:b-3:flinders-university:none
sacred-heart-o-c,amnd-winter-2009-b-3,Sacred Heart O.C.,,archive:amnd-winter-2009:b-3:sacred-heart-o-c:none
tango-netball-club-inc,amnd-winter-2009-b-3,Tango,,archive:amnd-winter-2009:b-3:tango-netball-club-inc:none
old-ignatians,amnd-winter-2009-b-4,Old Ignatians,,archive:amnd-winter-2009:b-4:old-ignatians:none
adelaide-university,amnd-winter-2009-b-4,Adelaide University,,archive:amnd-winter-2009:b-4:adelaide-university:none
city-coasters,amnd-winter-2009-b-4,City Coasters,,archive:amnd-winter-2009:b-4:city-coasters:none
contax,amnd-winter-2009-b-4,Contax,,archive:amnd-winter-2009:b-4:contax:none
westminster-o-s,amnd-winter-2009-b-4,Westminster O.S.,,archive:amnd-winter-2009:b-4:westminster-o-s:none
flinders-university,amnd-winter-2009-b-4,Flinders University,,archive:amnd-winter-2009:b-4:flinders-university:none
sacred-heart-o-c,amnd-winter-2009-b-4,Sacred Heart O.C.,,archive:amnd-winter-2009:b-4:sacred-heart-o-c:none
harlequin,amnd-winter-2009-b-4,Harlequin,,archive:amnd-winter-2009:b-4:harlequin:none
metro-jets,amnd-winter-2009-b-4,Western Jets,,archive:amnd-winter-2009:b-4:metro-jets:none
garville,amnd-winter-2009-b-4,Garville,,archive:amnd-winter-2009:b-4:garville:none
adelaide-wildcats,amnd-winter-2009-b-5,Adelaide Wildcats,,archive:amnd-winter-2009:b-5:adelaide-wildcats:none
city-coasters,amnd-winter-2009-b-5,City Coasters,,archive:amnd-winter-2009:b-5:city-coasters:none
adelaide-swish,amnd-winter-2009-b-5,Adelaide Swish,,archive:amnd-winter-2009:b-5:adelaide-swish:none
sa-ladybirds,amnd-winter-2009-b-5,Ladybirds,,archive:amnd-winter-2009:b-5:sa-ladybirds:none
norwood-netball-club,amnd-winter-2009-b-5,Newton Jaguars,,archive:amnd-winter-2009:b-5:norwood-netball-club:none
contax,amnd-winter-2009-b-5,Contax,,archive:amnd-winter-2009:b-5:contax:none
adelaide-university,amnd-winter-2009-b-5,Adelaide University,,archive:amnd-winter-2009:b-5:adelaide-university:none
noarlunga,amnd-winter-2009-b-5,Noarlunga,,archive:amnd-winter-2009:b-5:noarlunga:none
garville,amnd-winter-2009-b-5,Garville,,archive:amnd-winter-2009:b-5:garville:none
adelaide-cougars,amnd-winter-2009-b-5,Adelaide Cougars,,archive:amnd-winter-2009:b-5:adelaide-cougars:none
cheerio-netball-club,amnd-winter-2009-c-1,Cheerio,1,archive:amnd-winter-2009:c-1:cheerio-netball-club:1
pembroke-o-s,amnd-winter-2009-c-1,Pembroke O.S.,,archive:amnd-winter-2009:c-1:pembroke-o-s:none
cheerio-netball-club,amnd-winter-2009-c-1,Cheerio,2,archive:amnd-winter-2009:c-1:cheerio-netball-club:2
city-coasters,amnd-winter-2009-c-1,City Coasters,,archive:amnd-winter-2009:c-1:city-coasters:none
oakdale-netball-club-sa,amnd-winter-2009-c-1,Oakdale,,archive:amnd-winter-2009:c-1:oakdale-netball-club-sa:none
adelaide-university,amnd-winter-2009-c-1,Adelaide University,,archive:amnd-winter-2009:c-1:adelaide-university:none
cheerio-netball-club,amnd-winter-2009-c-2,Cheerio,,archive:amnd-winter-2009:c-2:cheerio-netball-club:none
woods-panthers,amnd-winter-2009-c-2,Woods Panthers,1,archive:amnd-winter-2009:c-2:woods-panthers:1
adelaide-wildcats,amnd-winter-2009-c-2,Adelaide Wildcats,,archive:amnd-winter-2009:c-2:adelaide-wildcats:none
immanuel-doves,amnd-winter-2009-c-2,Immanuel Doves,,archive:amnd-winter-2009:c-2:immanuel-doves:none
woods-panthers,amnd-winter-2009-c-2,Woods Panthers,2,archive:amnd-winter-2009:c-2:woods-panthers:2
norwood-netball-club,amnd-winter-2009-c-2,Newton Jaguars,,archive:amnd-winter-2009:c-2:norwood-netball-club:none
semaphore,amnd-winter-2009-c-2,Semaphore,,archive:amnd-winter-2009:c-2:semaphore:none
matrics,amnd-winter-2009-c-2,Matrics,,archive:amnd-winter-2009:c-2:matrics:none
adelaide-wildcats,amnd-winter-2009-c-3,Adelaide Wildcats,,archive:amnd-winter-2009:c-3:adelaide-wildcats:none
adelaide-university,amnd-winter-2009-c-3,Adelaide University,,archive:amnd-winter-2009:c-3:adelaide-university:none
flinders-university,amnd-winter-2009-c-3,Flinders University,,archive:amnd-winter-2009:c-3:flinders-university:none
westminster-o-s,amnd-winter-2009-c-3,Westminster O.S.,,archive:amnd-winter-2009:c-3:westminster-o-s:none
city-coasters,amnd-winter-2009-c-3,City Coasters,,archive:amnd-winter-2009:c-3:city-coasters:none
cheerio-netball-club,amnd-winter-2009-c-3,Cheerio,,archive:amnd-winter-2009:c-3:cheerio-netball-club:none
old-ignatians,amnd-winter-2009-c-3,Old Ignatians,,archive:amnd-winter-2009:c-3:old-ignatians:none
pembroke-o-s,amnd-winter-2009-c-3,Pembroke O.S.,,archive:amnd-winter-2009:c-3:pembroke-o-s:none
pembroke-o-s,amnd-winter-2009-c-4,Pembroke O.S.,,archive:amnd-winter-2009:c-4:pembroke-o-s:none
sacred-heart-o-c,amnd-winter-2009-c-4,Sacred Heart O.C.,,archive:amnd-winter-2009:c-4:sacred-heart-o-c:none
adelaide-university,amnd-winter-2009-c-4,Adelaide Uni.,1,archive:amnd-winter-2009:c-4:adelaide-university:1
city-coasters,amnd-winter-2009-c-4,City Coasters,,archive:amnd-winter-2009:c-4:city-coasters:none
metro-jets,amnd-winter-2009-c-4,Western Jets,,archive:amnd-winter-2009:c-4:metro-jets:none
adelaide-university,amnd-winter-2009-c-4,Adelaide Uni.,2,archive:amnd-winter-2009:c-4:adelaide-university:2
flinders-university,amnd-winter-2009-c-4,Flinders University,,archive:amnd-winter-2009:c-4:flinders-university:none
norwood-netball-club,amnd-winter-2009-c-5,Jaguars,,archive:amnd-winter-2009:c-5:norwood-netball-club:none
matrics,amnd-winter-2009-c-5,Matrics,,archive:amnd-winter-2009:c-5:matrics:none
contax,amnd-winter-2009-c-5,Contax,,archive:amnd-winter-2009:c-5:contax:none
harlequin,amnd-winter-2009-c-5,Harlequin,,archive:amnd-winter-2009:c-5:harlequin:none
metro-jets,amnd-winter-2009-c-5,Western Jets,,archive:amnd-winter-2009:c-5:metro-jets:none
woods-panthers,amnd-winter-2009-c-5,Woods Panthers,,archive:amnd-winter-2009:c-5:woods-panthers:none
contax,amnd-winter-2009-inter-1,Contax,1,archive:amnd-winter-2009:inter-1:contax:1
adelaide-cougars,amnd-winter-2009-inter-1,Adelaide Cougars,,archive:amnd-winter-2009:inter-1:adelaide-cougars:none
matrics,amnd-winter-2009-inter-1,Matrics,,archive:amnd-winter-2009:inter-1:matrics:none
tango-netball-club-inc,amnd-winter-2009-inter-1,Tango,,archive:amnd-winter-2009:inter-1:tango-netball-club-inc:none
norwood-netball-club,amnd-winter-2009-inter-1,Newton Jaguars,,archive:amnd-winter-2009:inter-1:norwood-netball-club:none
contax,amnd-winter-2009-inter-1,Contax,2,archive:amnd-winter-2009:inter-1:contax:2
harlequin,amnd-winter-2009-inter-1,Harlequin,,archive:amnd-winter-2009:inter-1:harlequin:none
metro-jets,amnd-winter-2009-inter-1,Western Jets,,archive:amnd-winter-2009:inter-1:metro-jets:none
woods-panthers,amnd-winter-2009-inter-1,Woods Panthers,,archive:amnd-winter-2009:inter-1:woods-panthers:none
oakdale-netball-club-sa,amnd-winter-2009-inter-1,Oakdale,,archive:amnd-winter-2009:inter-1:oakdale-netball-club-sa:none
adelaide-wildcats,amnd-winter-2009-inter-2,Adelaide Wildcats,,archive:amnd-winter-2009:inter-2:adelaide-wildcats:none
adelaide-cougars,amnd-winter-2009-inter-2,Adelaide Cougars,,archive:amnd-winter-2009:inter-2:adelaide-cougars:none
contax,amnd-winter-2009-inter-2,Contax,,archive:amnd-winter-2009:inter-2:contax:none
tango-netball-club-inc,amnd-winter-2009-inter-2,Tango,,archive:amnd-winter-2009:inter-2:tango-netball-club-inc:none
metro-jets,amnd-winter-2009-inter-2,Western Jets,,archive:amnd-winter-2009:inter-2:metro-jets:none
woods-panthers,amnd-winter-2009-inter-2,Woods Panthers,,archive:amnd-winter-2009:inter-2:woods-panthers:none
harlequin,amnd-winter-2009-inter-2,Harlequin,,archive:amnd-winter-2009:inter-2:harlequin:none
oakdale-netball-club-sa,amnd-winter-2009-inter-2,Oakdale,,archive:amnd-winter-2009:inter-2:oakdale-netball-club-sa:none
garville,amnd-winter-2009-inter-2,Garville,1,archive:amnd-winter-2009:inter-2:garville:1
garville,amnd-winter-2009-inter-2,Garville,2,archive:amnd-winter-2009:inter-2:garville:2
contax,amnd-winter-2009-inter-3,Contax,,archive:amnd-winter-2009:inter-3:contax:none
woods-panthers,amnd-winter-2009-inter-3,Woods Panthers,,archive:amnd-winter-2009:inter-3:woods-panthers:none
matrics,amnd-winter-2009-inter-3,Matrics,,archive:amnd-winter-2009:inter-3:matrics:none
metro-jets,amnd-winter-2009-inter-3,Western Jets,,archive:amnd-winter-2009:inter-3:metro-jets:none
harlequin,amnd-winter-2009-inter-3,Harlequin,,archive:amnd-winter-2009:inter-3:harlequin:none
cheerio-netball-club,amnd-winter-2009-inter-3,Cheerio,,archive:amnd-winter-2009:inter-3:cheerio-netball-club:none
tango-netball-club-inc,amnd-winter-2009-inter-3,Tango,,archive:amnd-winter-2009:inter-3:tango-netball-club-inc:none
norwood-netball-club,amnd-winter-2009-inter-3,Newton Jaguars,,archive:amnd-winter-2009:inter-3:norwood-netball-club:none
adelaide-cougars,amnd-winter-2009-inter-4,Adelaide Cougars,,archive:amnd-winter-2009:inter-4:adelaide-cougars:none
matrics,amnd-winter-2009-inter-4,Matrics,,archive:amnd-winter-2009:inter-4:matrics:none
garville,amnd-winter-2009-inter-4,Garville,,archive:amnd-winter-2009:inter-4:garville:none
woods-panthers,amnd-winter-2009-inter-4,Woods Panthers,,archive:amnd-winter-2009:inter-4:woods-panthers:none
cheerio-netball-club,amnd-winter-2009-inter-4,Cheerio,,archive:amnd-winter-2009:inter-4:cheerio-netball-club:none
norwood-netball-club,amnd-winter-2009-inter-4,Newton Jaguars,,archive:amnd-winter-2009:inter-4:norwood-netball-club:none
semaphore,amnd-winter-2009-inter-4,Semaphore,,archive:amnd-winter-2009:inter-4:semaphore:none
garville,amnd-winter-2009-inter-5,Garville,,archive:amnd-winter-2009:inter-5:garville:none
contax,amnd-winter-2009-inter-5,Contax,,archive:amnd-winter-2009:inter-5:contax:none
metro-jets,amnd-winter-2009-inter-5,Western Jets,,archive:amnd-winter-2009:inter-5:metro-jets:none
cheerio-netball-club,amnd-winter-2009-inter-5,Cheerio,,archive:amnd-winter-2009:inter-5:cheerio-netball-club:none
oakdale-netball-club-sa,amnd-winter-2009-inter-5,Oakdale,,archive:amnd-winter-2009:inter-5:oakdale-netball-club-sa:none
adelaide-wildcats,amnd-winter-2009-inter-5,Adelaide Wildcats,,archive:amnd-winter-2009:inter-5:adelaide-wildcats:none
matrics,amnd-winter-2009-inter-5,Matrics,,archive:amnd-winter-2009:inter-5:matrics:none
woods-panthers,amnd-winter-2009-inter-5,Woods Panthers,,archive:amnd-winter-2009:inter-5:woods-panthers:none
contax,amnd-winter-2009-junior-1,Contax,1,archive:amnd-winter-2009:junior-1:contax:1
tango-netball-club-inc,amnd-winter-2009-junior-1,Tango,1,archive:amnd-winter-2009:junior-1:tango-netball-club-inc:1
adelaide-cougars,amnd-winter-2009-junior-1,Adelaide Cougars,,archive:amnd-winter-2009:junior-1:adelaide-cougars:none
harlequin,amnd-winter-2009-junior-1,Harlequin,,archive:amnd-winter-2009:junior-1:harlequin:none
contax,amnd-winter-2009-junior-1,Contax,2,archive:amnd-winter-2009:junior-1:contax:2
matrics,amnd-winter-2009-junior-1,Matrics,,archive:amnd-winter-2009:junior-1:matrics:none
woods-panthers,amnd-winter-2009-junior-1,Woods Panthers,,archive:amnd-winter-2009:junior-1:woods-panthers:none
metro-jets,amnd-winter-2009-junior-1,Western Jets,,archive:amnd-winter-2009:junior-1:metro-jets:none
tango-netball-club-inc,amnd-winter-2009-junior-1,Tango,2,archive:amnd-winter-2009:junior-1:tango-netball-club-inc:2
garville,amnd-winter-2009-junior-1,Garville,,archive:amnd-winter-2009:junior-1:garville:none
oakdale-netball-club-sa,amnd-winter-2009-junior-2,Oakdale,1,archive:amnd-winter-2009:junior-2:oakdale-netball-club-sa:1
contax,amnd-winter-2009-junior-2,Contax,,archive:amnd-winter-2009:junior-2:contax:none
norwood-netball-club,amnd-winter-2009-junior-2,Newton Jaguars,,archive:amnd-winter-2009:junior-2:norwood-netball-club:none
northeast-zodiac,amnd-winter-2009-junior-2,Northeast Zodiacs,,archive:amnd-winter-2009:junior-2:northeast-zodiac:none
woods-panthers,amnd-winter-2009-junior-2,Woods Panthers,,archive:amnd-winter-2009:junior-2:woods-panthers:none
oakdale-netball-club-sa,amnd-winter-2009-junior-2,Oakdale,2,archive:amnd-winter-2009:junior-2:oakdale-netball-club-sa:2
matrics,amnd-winter-2009-junior-2,Matrics,,archive:amnd-winter-2009:junior-2:matrics:none
garville,amnd-winter-2009-junior-2,Garville,,archive:amnd-winter-2009:junior-2:garville:none
contax,amnd-winter-2009-junior-3,Contax,,archive:amnd-winter-2009:junior-3:contax:none
tango-netball-club-inc,amnd-winter-2009-junior-3,Tango,,archive:amnd-winter-2009:junior-3:tango-netball-club-inc:none
harlequin,amnd-winter-2009-junior-3,Harlequin,,archive:amnd-winter-2009:junior-3:harlequin:none
adelaide-cougars,amnd-winter-2009-junior-3,Adelaide Cougars,,archive:amnd-winter-2009:junior-3:adelaide-cougars:none
norwood-netball-club,amnd-winter-2009-junior-3,Newton Jaguars,,archive:amnd-winter-2009:junior-3:norwood-netball-club:none
matrics,amnd-winter-2009-junior-3,Matrics,,archive:amnd-winter-2009:junior-3:matrics:none
oakdale-netball-club-sa,amnd-winter-2009-junior-3,Oakdale,,archive:amnd-winter-2009:junior-3:oakdale-netball-club-sa:none
norwood-netball-club,amnd-winter-2009-junior-4,Newton Jaguars,,archive:amnd-winter-2009:junior-4:norwood-netball-club:none
garville,amnd-winter-2009-junior-4,Garville,,archive:amnd-winter-2009:junior-4:garville:none
cheerio-netball-club,amnd-winter-2009-junior-4,Cheerio,,archive:amnd-winter-2009:junior-4:cheerio-netball-club:none
tango-netball-club-inc,amnd-winter-2009-junior-4,Tango,,archive:amnd-winter-2009:junior-4:tango-netball-club-inc:none
harlequin,amnd-winter-2009-junior-4,Harlequin,,archive:amnd-winter-2009:junior-4:harlequin:none
woods-panthers,amnd-winter-2009-junior-4,Woods Panthers,,archive:amnd-winter-2009:junior-4:woods-panthers:none
metro-jets,amnd-winter-2009-junior-5,Western Jets,,archive:amnd-winter-2009:junior-5:metro-jets:none
adelaide-wildcats,amnd-winter-2009-junior-5,Adelaide Wildcats,,archive:amnd-winter-2009:junior-5:adelaide-wildcats:none
norwood-netball-club,amnd-winter-2009-junior-5,Newton Jaguars,,archive:amnd-winter-2009:junior-5:norwood-netball-club:none
contax,amnd-winter-2009-junior-5,Contax,,archive:amnd-winter-2009:junior-5:contax:none
woods-panthers,amnd-winter-2009-junior-5,Woods Panthers,,archive:amnd-winter-2009:junior-5:woods-panthers:none
adelaide-cougars,amnd-winter-2009-junior-5,Adelaide Cougars,,archive:amnd-winter-2009:junior-5:adelaide-cougars:none
garville,amnd-winter-2009-junior-5,Garville,,archive:amnd-winter-2009:junior-5:garville:none
semaphore,amnd-winter-2009-junior-5,Semaphore,,archive:amnd-winter-2009:junior-5:semaphore:none
sa-ladybirds,amnd-winter-2009-junior-6,Ladybirds,,archive:amnd-winter-2009:junior-6:sa-ladybirds:none
woods-panthers,amnd-winter-2009-junior-6,Woods Panthers,1,archive:amnd-winter-2009:junior-6:woods-panthers:1
metro-jets,amnd-winter-2009-junior-6,Western Jets,,archive:amnd-winter-2009:junior-6:metro-jets:none
harlequin,amnd-winter-2009-junior-6,Harlequin,,archive:amnd-winter-2009:junior-6:harlequin:none
oakdale-netball-club-sa,amnd-winter-2009-junior-6,Oakdale,,archive:amnd-winter-2009:junior-6:oakdale-netball-club-sa:none
matrics,amnd-winter-2009-junior-6,Matrics,1,archive:amnd-winter-2009:junior-6:matrics:1
woods-panthers,amnd-winter-2009-junior-6,Woods Panthers,2,archive:amnd-winter-2009:junior-6:woods-panthers:2
matrics,amnd-winter-2009-junior-6,Matrics,2,archive:amnd-winter-2009:junior-6:matrics:2
norwood-netball-club,amnd-winter-2009-junior-7,Newton Jaguars,2,archive:amnd-winter-2009:junior-7:norwood-netball-club:2
norwood-netball-club,amnd-winter-2009-junior-7,Newton Jaguars,1,archive:amnd-winter-2009:junior-7:norwood-netball-club:1
garville,amnd-winter-2009-junior-7,Garville,2,archive:amnd-winter-2009:junior-7:garville:2
metro-jets,amnd-winter-2009-junior-7,Western Jets,,archive:amnd-winter-2009:junior-7:metro-jets:none
garville,amnd-winter-2009-junior-7,Garville,1,archive:amnd-winter-2009:junior-7:garville:1
contax,amnd-winter-2009-junior-7,Contax,,archive:amnd-winter-2009:junior-7:contax:none
tango-netball-club-inc,amnd-winter-2009-junior-7,Tango,,archive:amnd-winter-2009:junior-7:tango-netball-club-inc:none
cheerio-netball-club,amnd-winter-2009-junior-7,Cheerio,,archive:amnd-winter-2009:junior-7:cheerio-netball-club:none
heatwave,amnd-winter-2009-junior-8,Heatwave,,archive:amnd-winter-2009:junior-8:heatwave:none
hope-valley,amnd-winter-2009-junior-8,Hope Valley,,archive:amnd-winter-2009:junior-8:hope-valley:none
woods-panthers,amnd-winter-2009-junior-8,Woods Panthers,,archive:amnd-winter-2009:junior-8:woods-panthers:none
adelaide-cougars,amnd-winter-2009-junior-8,Adelaide Cougars,,archive:amnd-winter-2009:junior-8:adelaide-cougars:none
norwood-netball-club,amnd-winter-2009-junior-8,Newton Jaguars,,archive:amnd-winter-2009:junior-8:norwood-netball-club:none
adelaide-wildcats,amnd-winter-2009-junior-8,Adelaide Wildcats,,archive:amnd-winter-2009:junior-8:adelaide-wildcats:none
garville,amnd-winter-2009-junior-9,Garville,,archive:amnd-winter-2009:junior-9:garville:none
cheerio-netball-club,amnd-winter-2009-junior-9,Cheerio,,archive:amnd-winter-2009:junior-9:cheerio-netball-club:none
matrics,amnd-winter-2009-junior-9,Matrics,,archive:amnd-winter-2009:junior-9:matrics:none
semaphore,amnd-winter-2009-junior-9,Semaphore,,archive:amnd-winter-2009:junior-9:semaphore:none
adelaide-cougars,amnd-winter-2009-junior-9,Adelaide Cougars,,archive:amnd-winter-2009:junior-9:adelaide-cougars:none
oakdale-netball-club-sa,amnd-winter-2009-junior-9,Oakdale,,archive:amnd-winter-2009:junior-9:oakdale-netball-club-sa:none
contax,amnd-winter-2009-primary-1,Contax,,archive:amnd-winter-2009:primary-1:contax:none
metro-jets,amnd-winter-2009-primary-1,Western Jets,,archive:amnd-winter-2009:primary-1:metro-jets:none
tango-netball-club-inc,amnd-winter-2009-primary-1,Tango,,archive:amnd-winter-2009:primary-1:tango-netball-club-inc:none
matrics,amnd-winter-2009-primary-1,Matrics,,archive:amnd-winter-2009:primary-1:matrics:none
norwood-netball-club,amnd-winter-2009-primary-1,Newton Jaguars,,archive:amnd-winter-2009:primary-1:norwood-netball-club:none
garville,amnd-winter-2009-primary-1,Garville,,archive:amnd-winter-2009:primary-1:garville:none
woods-panthers,amnd-winter-2009-primary-2,Woods Panthers,,archive:amnd-winter-2009:primary-2:woods-panthers:none
contax,amnd-winter-2009-primary-2,Contax,2,archive:amnd-winter-2009:primary-2:contax:2
contax,amnd-winter-2009-primary-2,Contax,1,archive:amnd-winter-2009:primary-2:contax:1
adelaide-cougars,amnd-winter-2009-primary-2,Adelaide Cougars,,archive:amnd-winter-2009:primary-2:adelaide-cougars:none
matrics,amnd-winter-2009-primary-2,Matrics,,archive:amnd-winter-2009:primary-2:matrics:none
oakdale-netball-club-sa,amnd-winter-2009-primary-2,Oakdale,,archive:amnd-winter-2009:primary-2:oakdale-netball-club-sa:none
contax,amnd-winter-2009-primary-3,Contax,,archive:amnd-winter-2009:primary-3:contax:none
sa-ladybirds,amnd-winter-2009-primary-3,Ladybirds,,archive:amnd-winter-2009:primary-3:sa-ladybirds:none
harlequin,amnd-winter-2009-primary-3,Harlequin,,archive:amnd-winter-2009:primary-3:harlequin:none
woods-panthers,amnd-winter-2009-primary-3,Woods Panthers,,archive:amnd-winter-2009:primary-3:woods-panthers:none
cheerio-netball-club,amnd-winter-2009-primary-3,Cheerio,,archive:amnd-winter-2009:primary-3:cheerio-netball-club:none
metro-jets,amnd-winter-2009-primary-3,Western Jets,,archive:amnd-winter-2009:primary-3:metro-jets:none
tango-netball-club-inc,amnd-winter-2009-primary-4,Tango,,archive:amnd-winter-2009:primary-4:tango-netball-club-inc:none
norwood-netball-club,amnd-winter-2009-primary-4,Newton Jaguars,,archive:amnd-winter-2009:primary-4:norwood-netball-club:none
harlequin,amnd-winter-2009-primary-4,Harlequin,,archive:amnd-winter-2009:primary-4:harlequin:none
matrics,amnd-winter-2009-primary-4,Matrics,,archive:amnd-winter-2009:primary-4:matrics:none
oakdale-netball-club-sa,amnd-winter-2009-primary-4,Oakdale,,archive:amnd-winter-2009:primary-4:oakdale-netball-club-sa:none
adelaide-cougars,amnd-winter-2009-primary-4,Adelaide Cougars,,archive:amnd-winter-2009:primary-4:adelaide-cougars:none
metro-jets,amnd-winter-2009-primary-4,Western Jets,,archive:amnd-winter-2009:primary-4:metro-jets:none
garville,amnd-winter-2009-primary-4,Garville,,archive:amnd-winter-2009:primary-4:garville:none
semaphore,amnd-winter-2009-primary-5,Semaphore,,archive:amnd-winter-2009:primary-5:semaphore:none
contax,amnd-winter-2009-primary-5,Contax,1,archive:amnd-winter-2009:primary-5:contax:1
metro-jets,amnd-winter-2009-primary-5,Western Jets,,archive:amnd-winter-2009:primary-5:metro-jets:none
woods-panthers,amnd-winter-2009-primary-5,Woods Panthers,,archive:amnd-winter-2009:primary-5:woods-panthers:none
contax,amnd-winter-2009-primary-5,Contax,2,archive:amnd-winter-2009:primary-5:contax:2
norwood-netball-club,amnd-winter-2009-primary-5,Newton Jaguars,,archive:amnd-winter-2009:primary-5:norwood-netball-club:none
tango-netball-club-inc,amnd-winter-2009-primary-6,Tango,,archive:amnd-winter-2009:primary-6:tango-netball-club-inc:none
garville,amnd-winter-2009-primary-6,Garville,,archive:amnd-winter-2009:primary-6:garville:none
cheerio-netball-club,amnd-winter-2009-primary-6,Cheerio,,archive:amnd-winter-2009:primary-6:cheerio-netball-club:none
matrics,amnd-winter-2009-primary-6,Matrics,,archive:amnd-winter-2009:primary-6:matrics:none
woods-panthers,amnd-winter-2009-primary-6,Woods Panthers,,archive:amnd-winter-2009:primary-6:woods-panthers:none
metro-jets,amnd-winter-2009-primary-6,Western Jets,,archive:amnd-winter-2009:primary-6:metro-jets:none
oakdale-netball-club-sa,amnd-winter-2009-primary-7,Oakdale,,archive:amnd-winter-2009:primary-7:oakdale-netball-club-sa:none
garville,amnd-winter-2009-primary-7,Garville,,archive:amnd-winter-2009:primary-7:garville:none
norwood-netball-club,amnd-winter-2009-primary-7,Newton Jaguars,,archive:amnd-winter-2009:primary-7:norwood-netball-club:none
matrics,amnd-winter-2009-primary-7,Matrics,,archive:amnd-winter-2009:primary-7:matrics:none
woods-panthers,amnd-winter-2009-primary-7,Woods Panthers,,archive:amnd-winter-2009:primary-7:woods-panthers:none
adelaide-cougars,amnd-winter-2009-primary-7,Adelaide Cougars,,archive:amnd-winter-2009:primary-7:adelaide-cougars:none
tango-netball-club-inc,amnd-winter-2009-sub-junior-1,Tango,1,archive:amnd-winter-2009:sub-junior-1:tango-netball-club-inc:1
contax,amnd-winter-2009-sub-junior-1,Contax,,archive:amnd-winter-2009:sub-junior-1:contax:none
tango-netball-club-inc,amnd-winter-2009-sub-junior-1,Tango,2,archive:amnd-winter-2009:sub-junior-1:tango-netball-club-inc:2
woods-panthers,amnd-winter-2009-sub-junior-1,Woods Panthers,,archive:amnd-winter-2009:sub-junior-1:woods-panthers:none
matrics,amnd-winter-2009-sub-junior-1,Matrics,,archive:amnd-winter-2009:sub-junior-1:matrics:none
adelaide-cougars,amnd-winter-2009-sub-junior-1,Adelaide Cougars,,archive:amnd-winter-2009:sub-junior-1:adelaide-cougars:none
harlequin,amnd-winter-2009-sub-junior-1,Harlequin,,archive:amnd-winter-2009:sub-junior-1:harlequin:none
garville,amnd-winter-2009-sub-junior-1,Garville,,archive:amnd-winter-2009:sub-junior-1:garville:none
contax,amnd-winter-2009-sub-junior-2,Contax,2,archive:amnd-winter-2009:sub-junior-2:contax:2
oakdale-netball-club-sa,amnd-winter-2009-sub-junior-2,Oakdale,,archive:amnd-winter-2009:sub-junior-2:oakdale-netball-club-sa:none
metro-jets,amnd-winter-2009-sub-junior-2,Western Jets,,archive:amnd-winter-2009:sub-junior-2:metro-jets:none
contax,amnd-winter-2009-sub-junior-2,Contax,1,archive:amnd-winter-2009:sub-junior-2:contax:1
woods-panthers,amnd-winter-2009-sub-junior-2,Woods Panthers,,archive:amnd-winter-2009:sub-junior-2:woods-panthers:none
norwood-netball-club,amnd-winter-2009-sub-junior-2,Newton Jaguars,,archive:amnd-winter-2009:sub-junior-2:norwood-netball-club:none
matrics,amnd-winter-2009-sub-junior-2,Matrics,,archive:amnd-winter-2009:sub-junior-2:matrics:none
adelaide-cougars,amnd-winter-2009-sub-junior-2,Adelaide Cougars,,archive:amnd-winter-2009:sub-junior-2:adelaide-cougars:none
woods-panthers,amnd-winter-2009-sub-junior-3,Woods Panthers,,archive:amnd-winter-2009:sub-junior-3:woods-panthers:none
metro-jets,amnd-winter-2009-sub-junior-3,Western Jets,,archive:amnd-winter-2009:sub-junior-3:metro-jets:none
tango-netball-club-inc,amnd-winter-2009-sub-junior-3,Tango,,archive:amnd-winter-2009:sub-junior-3:tango-netball-club-inc:none
harlequin,amnd-winter-2009-sub-junior-3,Harlequin,,archive:amnd-winter-2009:sub-junior-3:harlequin:none
garville,amnd-winter-2009-sub-junior-3,Garville,,archive:amnd-winter-2009:sub-junior-3:garville:none
contax,amnd-winter-2009-sub-junior-3,Contax,,archive:amnd-winter-2009:sub-junior-3:contax:none
matrics,amnd-winter-2009-sub-junior-3,Matrics,,archive:amnd-winter-2009:sub-junior-3:matrics:none
adelaide-cougars,amnd-winter-2009-sub-junior-3,Adelaide Cougars,,archive:amnd-winter-2009:sub-junior-3:adelaide-cougars:none
metro-jets,amnd-winter-2009-sub-junior-4,Western Jets,,archive:amnd-winter-2009:sub-junior-4:metro-jets:none
tango-netball-club-inc,amnd-winter-2009-sub-junior-4,Tango,,archive:amnd-winter-2009:sub-junior-4:tango-netball-club-inc:none
woods-panthers,amnd-winter-2009-sub-junior-4,Woods Panthers,,archive:amnd-winter-2009:sub-junior-4:woods-panthers:none
cheerio-netball-club,amnd-winter-2009-sub-junior-4,Cheerio,,archive:amnd-winter-2009:sub-junior-4:cheerio-netball-club:none
oakdale-netball-club-sa,amnd-winter-2009-sub-junior-4,Oakdale,,archive:amnd-winter-2009:sub-junior-4:oakdale-netball-club-sa:none
northeast-zodiac,amnd-winter-2009-sub-junior-4,Northeast Zodiacs,,archive:amnd-winter-2009:sub-junior-4:northeast-zodiac:none
matrics,amnd-winter-2009-sub-junior-4,Matrics,,archive:amnd-winter-2009:sub-junior-4:matrics:none
norwood-netball-club,amnd-winter-2009-sub-junior-4,Newton Jaguars,,archive:amnd-winter-2009:sub-junior-4:norwood-netball-club:none
semaphore,amnd-winter-2009-sub-junior-5,Semaphore,,archive:amnd-winter-2009:sub-junior-5:semaphore:none
woods-panthers,amnd-winter-2009-sub-junior-5,Woods Panthers,1,archive:amnd-winter-2009:sub-junior-5:woods-panthers:1
garville,amnd-winter-2009-sub-junior-5,Garville,,archive:amnd-winter-2009:sub-junior-5:garville:none
woods-panthers,amnd-winter-2009-sub-junior-5,Woods Panthers,2,archive:amnd-winter-2009:sub-junior-5:woods-panthers:2
norwood-netball-club,amnd-winter-2009-sub-junior-5,Newton Jaguars,1,archive:amnd-winter-2009:sub-junior-5:norwood-netball-club:1
harlequin,amnd-winter-2009-sub-junior-5,Harlequin,,archive:amnd-winter-2009:sub-junior-5:harlequin:none
oakdale-netball-club-sa,amnd-winter-2009-sub-junior-5,Oakdale,,archive:amnd-winter-2009:sub-junior-5:oakdale-netball-club-sa:none
norwood-netball-club,amnd-winter-2009-sub-junior-5,Newton Jaguars,2,archive:amnd-winter-2009:sub-junior-5:norwood-netball-club:2
cheerio-netball-club,amnd-winter-2009-sub-junior-6,Cheerio,,archive:amnd-winter-2009:sub-junior-6:cheerio-netball-club:none
contax,amnd-winter-2009-sub-junior-6,Contax,,archive:amnd-winter-2009:sub-junior-6:contax:none
metro-jets,amnd-winter-2009-sub-junior-6,Western Jets,1,archive:amnd-winter-2009:sub-junior-6:metro-jets:1
matrics,amnd-winter-2009-sub-junior-6,Matrics,,archive:amnd-winter-2009:sub-junior-6:matrics:none
metro-jets,amnd-winter-2009-sub-junior-6,Western Jets,2,archive:amnd-winter-2009:sub-junior-6:metro-jets:2
tango-netball-club-inc,amnd-winter-2009-sub-junior-6,Tango,,archive:amnd-winter-2009:sub-junior-6:tango-netball-club-inc:none
adelaide-cougars,amnd-winter-2009-sub-junior-6,Adelaide Cougars,,archive:amnd-winter-2009:sub-junior-6:adelaide-cougars:none
woods-panthers,amnd-winter-2009-sub-junior-6,Woods Panthers,,archive:amnd-winter-2009:sub-junior-6:woods-panthers:none
metro-jets,amnd-winter-2009-sub-junior-7,Western Jets,,archive:amnd-winter-2009:sub-junior-7:metro-jets:none
adelaide-cougars,amnd-winter-2009-sub-junior-7,Adelaide Cougars,,archive:amnd-winter-2009:sub-junior-7:adelaide-cougars:none
cheerio-netball-club,amnd-winter-2009-sub-junior-7,Cheerio,,archive:amnd-winter-2009:sub-junior-7:cheerio-netball-club:none
garville,amnd-winter-2009-sub-junior-7,Garville,1,archive:amnd-winter-2009:sub-junior-7:garville:1
matrics,amnd-winter-2009-sub-junior-7,Matrics,,archive:amnd-winter-2009:sub-junior-7:matrics:none
garville,amnd-winter-2009-sub-junior-7,Garville,2,archive:amnd-winter-2009:sub-junior-7:garville:2
sacred-heart-o-c,amnd-winter-2010-a-grade,Sacred Heart O.C.,,archive:amnd-winter-2010:a-grade:sacred-heart-o-c:none
contax,amnd-winter-2010-a-grade,Contax,,archive:amnd-winter-2010:a-grade:contax:none
fielders-flames,amnd-winter-2010-a-grade,Flames,,archive:amnd-winter-2010:a-grade:fielders-flames:none
adelaide-wildcats,amnd-winter-2010-a-grade,Adelaide Wildcats,,archive:amnd-winter-2010:a-grade:adelaide-wildcats:none
woods-panthers,amnd-winter-2010-a-grade,Woods Panthers,,archive:amnd-winter-2010:a-grade:woods-panthers:none
cheerio-netball-club,amnd-winter-2010-a-grade,Cheerio,,archive:amnd-winter-2010:a-grade:cheerio-netball-club:none
oakdale-netball-club-sa,amnd-winter-2010-a-grade,Oakdale,,archive:amnd-winter-2010:a-grade:oakdale-netball-club-sa:none
harlequin,amnd-winter-2010-a-grade,Harlequin,,archive:amnd-winter-2010:a-grade:harlequin:none
norwood-netball-club,amnd-winter-2010-a-grade,Newton Jaguars,,archive:amnd-winter-2010:a-grade:norwood-netball-club:none
garville,amnd-winter-2010-a-grade,Garville,,archive:amnd-winter-2010:a-grade:garville:none
cheerio-netball-club,amnd-winter-2010-amnd-league,Cheerio,,archive:amnd-winter-2010:amnd-league:cheerio-netball-club:none
contax,amnd-winter-2010-amnd-league,Contax,,archive:amnd-winter-2010:amnd-league:contax:none
adelaide-wildcats,amnd-winter-2010-amnd-league,Adelaide Wildcats,,archive:amnd-winter-2010:amnd-league:adelaide-wildcats:none
woods-panthers,amnd-winter-2010-amnd-league,Woods Panthers,,archive:amnd-winter-2010:amnd-league:woods-panthers:none
norwood-netball-club,amnd-winter-2010-amnd-league,Newton Jaguars,,archive:amnd-winter-2010:amnd-league:norwood-netball-club:none
oakdale-netball-club-sa,amnd-winter-2010-amnd-league,Oakdale,,archive:amnd-winter-2010:amnd-league:oakdale-netball-club-sa:none
matrics,amnd-winter-2010-amnd-league,Matrics,,archive:amnd-winter-2010:amnd-league:matrics:none
adelaide-cougars,amnd-winter-2010-amnd-league,Adelaide Cougars,,archive:amnd-winter-2010:amnd-league:adelaide-cougars:none
garville,amnd-winter-2010-amnd-league,Garville,,archive:amnd-winter-2010:amnd-league:garville:none
harlequin,amnd-winter-2010-amnd-league,Harlequin,,archive:amnd-winter-2010:amnd-league:harlequin:none
city-coasters,amnd-winter-2010-b-1,City Coasters,,archive:amnd-winter-2010:b-1:city-coasters:none
adelaide-swish,amnd-winter-2010-b-1,Adelaide Swish,,archive:amnd-winter-2010:b-1:adelaide-swish:none
contax,amnd-winter-2010-b-1,Contax,,archive:amnd-winter-2010:b-1:contax:none
metro-jets,amnd-winter-2010-b-1,Western Jets,,archive:amnd-winter-2010:b-1:metro-jets:none
adelaide-wildcats,amnd-winter-2010-b-1,Adelaide Wildcats,,archive:amnd-winter-2010:b-1:adelaide-wildcats:none
adelaide-cougars,amnd-winter-2010-b-1,Adelaide Cougars,,archive:amnd-winter-2010:b-1:adelaide-cougars:none
adelaide-university,amnd-winter-2010-b-1,Adelaide University,,archive:amnd-winter-2010:b-1:adelaide-university:none
cheerio-netball-club,amnd-winter-2010-b-1,Cheerio,,archive:amnd-winter-2010:b-1:cheerio-netball-club:none
scotch-old-scholars,amnd-winter-2010-b-1,Scotch O.S.,,archive:amnd-winter-2010:b-1:scotch-old-scholars:none
tango-netball-club-inc,amnd-winter-2010-b-1,Tango,,archive:amnd-winter-2010:b-1:tango-netball-club-inc:none
contax,amnd-winter-2010-b-2,Contax,,archive:amnd-winter-2010:b-2:contax:none
pembroke-o-s,amnd-winter-2010-b-2,Pembroke O.S.,,archive:amnd-winter-2010:b-2:pembroke-o-s:none
oakdale-netball-club-sa,amnd-winter-2010-b-2,Oakdale,,archive:amnd-winter-2010:b-2:oakdale-netball-club-sa:none
woods-panthers,amnd-winter-2010-b-2,Woods Panthers,,archive:amnd-winter-2010:b-2:woods-panthers:none
semaphore,amnd-winter-2010-b-2,Semaphore,,archive:amnd-winter-2010:b-2:semaphore:none
matrics,amnd-winter-2010-b-2,Matrics,,archive:amnd-winter-2010:b-2:matrics:none
adelaide-university,amnd-winter-2010-b-2,Adelaide University,,archive:amnd-winter-2010:b-2:adelaide-university:none
norwood-netball-club,amnd-winter-2010-b-2,Newton Jaguars,,archive:amnd-winter-2010:b-2:norwood-netball-club:none
harlequin,amnd-winter-2010-b-2,Harlequin,,archive:amnd-winter-2010:b-2:harlequin:none
tango-netball-club-inc,amnd-winter-2010-b-2,Tango,,archive:amnd-winter-2010:b-2:tango-netball-club-inc:none
heatwave,amnd-winter-2010-b-3,Heatwave,,archive:amnd-winter-2010:b-3:heatwave:none
city-coasters,amnd-winter-2010-b-3,City Coasters,,archive:amnd-winter-2010:b-3:city-coasters:none
flinders-university,amnd-winter-2010-b-3,Flinders University,,archive:amnd-winter-2010:b-3:flinders-university:none
seymour-o-c,amnd-winter-2010-b-3,Seymour O.C.,,archive:amnd-winter-2010:b-3:seymour-o-c:none
cheerio-netball-club,amnd-winter-2010-b-3,Cheerio,,archive:amnd-winter-2010:b-3:cheerio-netball-club:none
adelaide-wildcats,amnd-winter-2010-b-3,Adelaide Wildcats,,archive:amnd-winter-2010:b-3:adelaide-wildcats:none
contax,amnd-winter-2010-b-3,Contax,,archive:amnd-winter-2010:b-3:contax:none
adelaide-cougars,amnd-winter-2010-b-3,Adelaide Cougars,,archive:amnd-winter-2010:b-3:adelaide-cougars:none
adelaide-university,amnd-winter-2010-b-3,Adelaide University,,archive:amnd-winter-2010:b-3:adelaide-university:none
garville,amnd-winter-2010-b-3,Garville,,archive:amnd-winter-2010:b-3:garville:none
contax,amnd-winter-2010-b-4,Contax,,archive:amnd-winter-2010:b-4:contax:none
adelaide-swish,amnd-winter-2010-b-4,Adelaide Swish,,archive:amnd-winter-2010:b-4:adelaide-swish:none
sacred-heart-o-c,amnd-winter-2010-b-4,Sacred Heart O.C.,,archive:amnd-winter-2010:b-4:sacred-heart-o-c:none
flinders-university,amnd-winter-2010-b-4,Flinders University,,archive:amnd-winter-2010:b-4:flinders-university:none
city-coasters,amnd-winter-2010-b-4,City Coasters,,archive:amnd-winter-2010:b-4:city-coasters:none
adelaide-university,amnd-winter-2010-b-4,Adelaide University,,archive:amnd-winter-2010:b-4:adelaide-university:none
matrics,amnd-winter-2010-b-4,Matrics,,archive:amnd-winter-2010:b-4:matrics:none
westminster-o-s,amnd-winter-2010-b-4,Westminster O.S.,,archive:amnd-winter-2010:b-4:westminster-o-s:none
adelaide-cougars,amnd-winter-2010-b-4,Adelaide Cougars,,archive:amnd-winter-2010:b-4:adelaide-cougars:none
oakdale-netball-club-sa,amnd-winter-2010-b-4,Oakdale,,archive:amnd-winter-2010:b-4:oakdale-netball-club-sa:none
woods-panthers,amnd-winter-2010-b-5,Woods Panthers,,archive:amnd-winter-2010:b-5:woods-panthers:none
adelaide-wildcats,amnd-winter-2010-b-5,Adelaide Wildcats,,archive:amnd-winter-2010:b-5:adelaide-wildcats:none
cheerio-netball-club,amnd-winter-2010-b-5,Cheerio,,archive:amnd-winter-2010:b-5:cheerio-netball-club:none
contax,amnd-winter-2010-b-5,Contax,,archive:amnd-winter-2010:b-5:contax:none
old-ignatians,amnd-winter-2010-b-5,Old Ignatians,,archive:amnd-winter-2010:b-5:old-ignatians:none
flinders-university,amnd-winter-2010-b-5,Flinders University,,archive:amnd-winter-2010:b-5:flinders-university:none
metro-jets,amnd-winter-2010-b-5,Western Jets,,archive:amnd-winter-2010:b-5:metro-jets:none
adelaide-university,amnd-winter-2010-b-5,Adelaide University,,archive:amnd-winter-2010:b-5:adelaide-university:none
garville,amnd-winter-2010-b-5,Garville,,archive:amnd-winter-2010:b-5:garville:none
harlequin,amnd-winter-2010-b-5,Harlequin,,archive:amnd-winter-2010:b-5:harlequin:none
immanuel-doves,amnd-winter-2010-c-1,Immanuel Doves,,archive:amnd-winter-2010:c-1:immanuel-doves:none
cheerio-netball-club,amnd-winter-2010-c-1,Cheerio,,archive:amnd-winter-2010:c-1:cheerio-netball-club:none
walkerville,amnd-winter-2010-c-1,Walkerville Cats,,archive:amnd-winter-2010:c-1:walkerville:none
norwood-netball-club,amnd-winter-2010-c-1,Newton Jaguars,,archive:amnd-winter-2010:c-1:norwood-netball-club:none
pembroke-o-s,amnd-winter-2010-c-1,Pembroke O.S.,,archive:amnd-winter-2010:c-1:pembroke-o-s:none
adelaide-cougars,amnd-winter-2010-c-1,Adelaide Cougars,,archive:amnd-winter-2010:c-1:adelaide-cougars:none
adelaide-wildcats,amnd-winter-2010-c-1,Adelaide Wildcats,,archive:amnd-winter-2010:c-1:adelaide-wildcats:none
semaphore,amnd-winter-2010-c-1,Semaphore,,archive:amnd-winter-2010:c-1:semaphore:none
city-coasters,amnd-winter-2010-c-1,City Coasters,,archive:amnd-winter-2010:c-1:city-coasters:none
adelaide-university,amnd-winter-2010-c-1,Adelaide University,,archive:amnd-winter-2010:c-1:adelaide-university:none
semaphore,amnd-winter-2010-c-2,Semaphore,,archive:amnd-winter-2010:c-2:semaphore:none
city-coasters,amnd-winter-2010-c-2,City Coasters,,archive:amnd-winter-2010:c-2:city-coasters:none
flinders-university,amnd-winter-2010-c-2,Flinders University,,archive:amnd-winter-2010:c-2:flinders-university:none
cheerio-netball-club,amnd-winter-2010-c-2,Cheerio,,archive:amnd-winter-2010:c-2:cheerio-netball-club:none
norwood-netball-club,amnd-winter-2010-c-2,Newton Jaguars,,archive:amnd-winter-2010:c-2:norwood-netball-club:none
sacred-heart-o-c,amnd-winter-2010-c-2,Sacred Heart O.C.,,archive:amnd-winter-2010:c-2:sacred-heart-o-c:none
pembroke-o-s,amnd-winter-2010-c-2,Pembroke O.S.,,archive:amnd-winter-2010:c-2:pembroke-o-s:none
westminster-o-s,amnd-winter-2010-c-2,Westminster O.S.,,archive:amnd-winter-2010:c-2:westminster-o-s:none
old-ignatians,amnd-winter-2010-c-2,Old Ignatians,,archive:amnd-winter-2010:c-2:old-ignatians:none
woods-panthers,amnd-winter-2010-c-2,Woods Panthers,,archive:amnd-winter-2010:c-2:woods-panthers:none
pembroke-o-s,amnd-winter-2010-c-3,Pembroke O.S.,,archive:amnd-winter-2010:c-3:pembroke-o-s:none
cheerio-netball-club,amnd-winter-2010-c-3,Cheerio,,archive:amnd-winter-2010:c-3:cheerio-netball-club:none
adelaide-university,amnd-winter-2010-c-3,Adelaide Uni.,1,archive:amnd-winter-2010:c-3:adelaide-university:1
metro-jets,amnd-winter-2010-c-3,Western Jets,,archive:amnd-winter-2010:c-3:metro-jets:none
flinders-university,amnd-winter-2010-c-3,Flinders University,,archive:amnd-winter-2010:c-3:flinders-university:none
adelaide-university,amnd-winter-2010-c-3,Adelaide Uni.,2,archive:amnd-winter-2010:c-3:adelaide-university:2
adelaide-wildcats,amnd-winter-2010-c-4,Adelaide Wildcats,,archive:amnd-winter-2010:c-4:adelaide-wildcats:none
city-coasters,amnd-winter-2010-c-4,City Coasters,,archive:amnd-winter-2010:c-4:city-coasters:none
adelaide-university,amnd-winter-2010-c-4,Adelaide University,,archive:amnd-winter-2010:c-4:adelaide-university:none
walkerville,amnd-winter-2010-c-4,Walkerville Cats,,archive:amnd-winter-2010:c-4:walkerville:none
old-ignatians,amnd-winter-2010-c-4,Old Ignatians,,archive:amnd-winter-2010:c-4:old-ignatians:none
woods-panthers,amnd-winter-2010-c-5,Woods Panthers,,archive:amnd-winter-2010:c-5:woods-panthers:none
norwood-netball-club,amnd-winter-2010-c-5,Newton Jaguars,,archive:amnd-winter-2010:c-5:norwood-netball-club:none
matrics,amnd-winter-2010-c-5,Matrics,,archive:amnd-winter-2010:c-5:matrics:none
harlequin,amnd-winter-2010-c-5,Harlequin,,archive:amnd-winter-2010:c-5:harlequin:none
contax,amnd-winter-2010-c-5,Contax,,archive:amnd-winter-2010:c-5:contax:none
contax,amnd-winter-2010-inter-1,Contax,1,archive:amnd-winter-2010:inter-1:contax:1
adelaide-cougars,amnd-winter-2010-inter-1,Adelaide Cougars,,archive:amnd-winter-2010:inter-1:adelaide-cougars:none
woods-panthers,amnd-winter-2010-inter-1,Woods Panthers,,archive:amnd-winter-2010:inter-1:woods-panthers:none
matrics,amnd-winter-2010-inter-1,Matrics,,archive:amnd-winter-2010:inter-1:matrics:none
tango-netball-club-inc,amnd-winter-2010-inter-1,Tango,,archive:amnd-winter-2010:inter-1:tango-netball-club-inc:none
contax,amnd-winter-2010-inter-1,Contax,2,archive:amnd-winter-2010:inter-1:contax:2
norwood-netball-club,amnd-winter-2010-inter-1,Newton Jaguars,,archive:amnd-winter-2010:inter-1:norwood-netball-club:none
harlequin,amnd-winter-2010-inter-1,Harlequin,,archive:amnd-winter-2010:inter-1:harlequin:none
garville,amnd-winter-2010-inter-1,Garville,,archive:amnd-winter-2010:inter-1:garville:none
oakdale-netball-club-sa,amnd-winter-2010-inter-1,Oakdale,,archive:amnd-winter-2010:inter-1:oakdale-netball-club-sa:none
woods-panthers,amnd-winter-2010-inter-2,Woods Panthers,1,archive:amnd-winter-2010:inter-2:woods-panthers:1
adelaide-wildcats,amnd-winter-2010-inter-2,Adelaide Wildcats,,archive:amnd-winter-2010:inter-2:adelaide-wildcats:none
adelaide-cougars,amnd-winter-2010-inter-2,Adelaide Cougars,,archive:amnd-winter-2010:inter-2:adelaide-cougars:none
tango-netball-club-inc,amnd-winter-2010-inter-2,Tango,,archive:amnd-winter-2010:inter-2:tango-netball-club-inc:none
contax,amnd-winter-2010-inter-2,Contax,,archive:amnd-winter-2010:inter-2:contax:none
garville,amnd-winter-2010-inter-2,Garville,1,archive:amnd-winter-2010:inter-2:garville:1
garville,amnd-winter-2010-inter-2,Garville,2,archive:amnd-winter-2010:inter-2:garville:2
oakdale-netball-club-sa,amnd-winter-2010-inter-2,Oakdale,,archive:amnd-winter-2010:inter-2:oakdale-netball-club-sa:none
metro-jets,amnd-winter-2010-inter-2,Western Jets,,archive:amnd-winter-2010:inter-2:metro-jets:none
woods-panthers,amnd-winter-2010-inter-2,Woods Panthers,2,archive:amnd-winter-2010:inter-2:woods-panthers:2
matrics,amnd-winter-2010-inter-3,Matrics,1,archive:amnd-winter-2010:inter-3:matrics:1
norwood-netball-club,amnd-winter-2010-inter-3,Newton Jaguars,,archive:amnd-winter-2010:inter-3:norwood-netball-club:none
contax,amnd-winter-2010-inter-3,Contax,,archive:amnd-winter-2010:inter-3:contax:none
cheerio-netball-club,amnd-winter-2010-inter-3,Cheerio,1,archive:amnd-winter-2010:inter-3:cheerio-netball-club:1
oakdale-netball-club-sa,amnd-winter-2010-inter-3,Oakdale,,archive:amnd-winter-2010:inter-3:oakdale-netball-club-sa:none
adelaide-cougars,amnd-winter-2010-inter-3,Adelaide Cougars,,archive:amnd-winter-2010:inter-3:adelaide-cougars:none
harlequin,amnd-winter-2010-inter-3,Harlequin,,archive:amnd-winter-2010:inter-3:harlequin:none
matrics,amnd-winter-2010-inter-3,Matrics,2,archive:amnd-winter-2010:inter-3:matrics:2
cheerio-netball-club,amnd-winter-2010-inter-3,Cheerio,2,archive:amnd-winter-2010:inter-3:cheerio-netball-club:2
garville,amnd-winter-2010-inter-3,Garville,,archive:amnd-winter-2010:inter-3:garville:none
woods-panthers,amnd-winter-2010-inter-4,Woods Panthers,,archive:amnd-winter-2010:inter-4:woods-panthers:none
tango-netball-club-inc,amnd-winter-2010-inter-4,Tango,,archive:amnd-winter-2010:inter-4:tango-netball-club-inc:none
norwood-netball-club,amnd-winter-2010-inter-4,Newton Jaguars,,archive:amnd-winter-2010:inter-4:norwood-netball-club:none
adelaide-wildcats,amnd-winter-2010-inter-4,Adelaide Wildcats,,archive:amnd-winter-2010:inter-4:adelaide-wildcats:none
harlequin,amnd-winter-2010-inter-4,Harlequin,,archive:amnd-winter-2010:inter-4:harlequin:none
cheerio-netball-club,amnd-winter-2010-inter-4,Cheerio,,archive:amnd-winter-2010:inter-4:cheerio-netball-club:none
garville,amnd-winter-2010-inter-4,Garville,,archive:amnd-winter-2010:inter-4:garville:none
metro-jets,amnd-winter-2010-inter-4,Western Jets,,archive:amnd-winter-2010:inter-4:metro-jets:none
sa-ladybirds,amnd-winter-2010-inter-4,SA Ladybirds,,archive:amnd-winter-2010:inter-4:sa-ladybirds:none
contax,amnd-winter-2010-inter-4,Contax,,archive:amnd-winter-2010:inter-4:contax:none
oakdale-netball-club-sa,amnd-winter-2010-inter-5,Oakdale,,archive:amnd-winter-2010:inter-5:oakdale-netball-club-sa:none
garville,amnd-winter-2010-inter-5,Garville,,archive:amnd-winter-2010:inter-5:garville:none
adelaide-cougars,amnd-winter-2010-inter-5,Adelaide Cougars,,archive:amnd-winter-2010:inter-5:adelaide-cougars:none
matrics,amnd-winter-2010-inter-5,Matrics,,archive:amnd-winter-2010:inter-5:matrics:none
adelaide-wildcats,amnd-winter-2010-inter-5,Adelaide Wildcats,,archive:amnd-winter-2010:inter-5:adelaide-wildcats:none
semaphore,amnd-winter-2010-inter-5,Semaphore,,archive:amnd-winter-2010:inter-5:semaphore:none
woods-panthers,amnd-winter-2010-inter-5,Woods Panthers,,archive:amnd-winter-2010:inter-5:woods-panthers:none
cheerio-netball-club,amnd-winter-2010-inter-5,Cheerio,,archive:amnd-winter-2010:inter-5:cheerio-netball-club:none
tango-netball-club-inc,amnd-winter-2010-junior-1,Tango,1,archive:amnd-winter-2010:junior-1:tango-netball-club-inc:1
harlequin,amnd-winter-2010-junior-1,Harlequin,,archive:amnd-winter-2010:junior-1:harlequin:none
oakdale-netball-club-sa,amnd-winter-2010-junior-1,Oakdale,,archive:amnd-winter-2010:junior-1:oakdale-netball-club-sa:none
contax,amnd-winter-2010-junior-1,Contax,1,archive:amnd-winter-2010:junior-1:contax:1
adelaide-cougars,amnd-winter-2010-junior-1,Adelaide Cougars,,archive:amnd-winter-2010:junior-1:adelaide-cougars:none
contax,amnd-winter-2010-junior-1,Contax,2,archive:amnd-winter-2010:junior-1:contax:2
matrics,amnd-winter-2010-junior-1,Matrics,,archive:amnd-winter-2010:junior-1:matrics:none
tango-netball-club-inc,amnd-winter-2010-junior-1,Tango,2,archive:amnd-winter-2010:junior-1:tango-netball-club-inc:2
garville,amnd-winter-2010-junior-2,Garville,,archive:amnd-winter-2010:junior-2:garville:none
norwood-netball-club,amnd-winter-2010-junior-2,Newton Jaguars,1,archive:amnd-winter-2010:junior-2:norwood-netball-club:1
woods-panthers,amnd-winter-2010-junior-2,Woods Panthers,1,archive:amnd-winter-2010:junior-2:woods-panthers:1
tango-netball-club-inc,amnd-winter-2010-junior-2,Tango,,archive:amnd-winter-2010:junior-2:tango-netball-club-inc:none
woods-panthers,amnd-winter-2010-junior-2,Woods Panthers,2,archive:amnd-winter-2010:junior-2:woods-panthers:2
norwood-netball-club,amnd-winter-2010-junior-2,Newton Jaguars,2,archive:amnd-winter-2010:junior-2:norwood-netball-club:2
oakdale-netball-club-sa,amnd-winter-2010-junior-2,Oakdale,,archive:amnd-winter-2010:junior-2:oakdale-netball-club-sa:none
harlequin,amnd-winter-2010-junior-2,Harlequin,,archive:amnd-winter-2010:junior-2:harlequin:none
contax,amnd-winter-2010-junior-3,Contax,1,archive:amnd-winter-2010:junior-3:contax:1
metro-jets,amnd-winter-2010-junior-3,Western Jets,1,archive:amnd-winter-2010:junior-3:metro-jets:1
woods-panthers,amnd-winter-2010-junior-3,Woods Panthers,,archive:amnd-winter-2010:junior-3:woods-panthers:none
contax,amnd-winter-2010-junior-3,Contax,2,archive:amnd-winter-2010:junior-3:contax:2
metro-jets,amnd-winter-2010-junior-3,Western Jets,2,archive:amnd-winter-2010:junior-3:metro-jets:2
adelaide-cougars,amnd-winter-2010-junior-3,Adelaide Cougars,,archive:amnd-winter-2010:junior-3:adelaide-cougars:none
norwood-netball-club,amnd-winter-2010-junior-3,Newton Jaguars,,archive:amnd-winter-2010:junior-3:norwood-netball-club:none
matrics,amnd-winter-2010-junior-3,Matrics,,archive:amnd-winter-2010:junior-3:matrics:none
cheerio-netball-club,amnd-winter-2010-junior-4,Cheerio,,archive:amnd-winter-2010:junior-4:cheerio-netball-club:none
adelaide-cougars,amnd-winter-2010-junior-4,Adelaide Cougars,,archive:amnd-winter-2010:junior-4:adelaide-cougars:none
tango-netball-club-inc,amnd-winter-2010-junior-4,Tango,1,archive:amnd-winter-2010:junior-4:tango-netball-club-inc:1
garville,amnd-winter-2010-junior-4,Garville,,archive:amnd-winter-2010:junior-4:garville:none
woods-panthers,amnd-winter-2010-junior-4,Woods Panthers,,archive:amnd-winter-2010:junior-4:woods-panthers:none
oakdale-netball-club-sa,amnd-winter-2010-junior-4,Oakdale,,archive:amnd-winter-2010:junior-4:oakdale-netball-club-sa:none
norwood-netball-club,amnd-winter-2010-junior-4,Newton Jaguars,,archive:amnd-winter-2010:junior-4:norwood-netball-club:none
tango-netball-club-inc,amnd-winter-2010-junior-4,Tango,2,archive:amnd-winter-2010:junior-4:tango-netball-club-inc:2
semaphore,amnd-winter-2010-junior-5,Semaphore,,archive:amnd-winter-2010:junior-5:semaphore:none
woods-panthers,amnd-winter-2010-junior-5,Woods Panthers,1,archive:amnd-winter-2010:junior-5:woods-panthers:1
sa-ladybirds,amnd-winter-2010-junior-5,SA Ladybirds,,archive:amnd-winter-2010:junior-5:sa-ladybirds:none
metro-jets,amnd-winter-2010-junior-5,Western Jets,,archive:amnd-winter-2010:junior-5:metro-jets:none
woods-panthers,amnd-winter-2010-junior-5,Woods Panthers,2,archive:amnd-winter-2010:junior-5:woods-panthers:2
contax,amnd-winter-2010-junior-5,Contax,,archive:amnd-winter-2010:junior-5:contax:none
matrics,amnd-winter-2010-junior-5,Matrics,,archive:amnd-winter-2010:junior-5:matrics:none
garville,amnd-winter-2010-junior-5,Garville,,archive:amnd-winter-2010:junior-5:garville:none
garville,amnd-winter-2010-junior-6,Garville,,archive:amnd-winter-2010:junior-6:garville:none
oakdale-netball-club-sa,amnd-winter-2010-junior-6,Oakdale,,archive:amnd-winter-2010:junior-6:oakdale-netball-club-sa:none
harlequin,amnd-winter-2010-junior-6,Harlequin,,archive:amnd-winter-2010:junior-6:harlequin:none
norwood-netball-club,amnd-winter-2010-junior-6,Newton Jaguars,,archive:amnd-winter-2010:junior-6:norwood-netball-club:none
metro-jets,amnd-winter-2010-junior-6,Western Jets,,archive:amnd-winter-2010:junior-6:metro-jets:none
northeast-zodiac,amnd-winter-2010-junior-6,Northeast Zodiacs,,archive:amnd-winter-2010:junior-6:northeast-zodiac:none
noarlunga,amnd-winter-2010-junior-7,Noarlunga,,archive:amnd-winter-2010:junior-7:noarlunga:none
adelaide-cougars,amnd-winter-2010-junior-7,Adelaide Cougars,1,archive:amnd-winter-2010:junior-7:adelaide-cougars:1
cheerio-netball-club,amnd-winter-2010-junior-7,Cheerio,,archive:amnd-winter-2010:junior-7:cheerio-netball-club:none
adelaide-wildcats,amnd-winter-2010-junior-7,Adelaide Wildcats,,archive:amnd-winter-2010:junior-7:adelaide-wildcats:none
woods-panthers,amnd-winter-2010-junior-7,Woods Panthers,,archive:amnd-winter-2010:junior-7:woods-panthers:none
semaphore,amnd-winter-2010-junior-7,Semaphore,,archive:amnd-winter-2010:junior-7:semaphore:none
norwood-netball-club,amnd-winter-2010-junior-7,Newton Jaguars,,archive:amnd-winter-2010:junior-7:norwood-netball-club:none
adelaide-cougars,amnd-winter-2010-junior-7,Adelaide Cougars,2,archive:amnd-winter-2010:junior-7:adelaide-cougars:2
tango-netball-club-inc,amnd-winter-2010-junior-8,Tango,,archive:amnd-winter-2010:junior-8:tango-netball-club-inc:none
metro-jets,amnd-winter-2010-junior-8,Western Jets,,archive:amnd-winter-2010:junior-8:metro-jets:none
oakdale-netball-club-sa,amnd-winter-2010-junior-8,Oakdale,,archive:amnd-winter-2010:junior-8:oakdale-netball-club-sa:none
woods-panthers,amnd-winter-2010-junior-8,Woods Panthers,,archive:amnd-winter-2010:junior-8:woods-panthers:none
garville,amnd-winter-2010-junior-8,Garville,,archive:amnd-winter-2010:junior-8:garville:none
cheerio-netball-club,amnd-winter-2010-junior-8,Cheerio,,archive:amnd-winter-2010:junior-8:cheerio-netball-club:none
tango-netball-club-inc,amnd-winter-2010-primary-1,Tango,,archive:amnd-winter-2010:primary-1:tango-netball-club-inc:none
contax,amnd-winter-2010-primary-1,Contax,1,archive:amnd-winter-2010:primary-1:contax:1
woods-panthers,amnd-winter-2010-primary-1,Woods Panthers,,archive:amnd-winter-2010:primary-1:woods-panthers:none
contax,amnd-winter-2010-primary-1,Contax,2,archive:amnd-winter-2010:primary-1:contax:2
metro-jets,amnd-winter-2010-primary-1,Western Jets,,archive:amnd-winter-2010:primary-1:metro-jets:none
matrics,amnd-winter-2010-primary-1,Matrics,,archive:amnd-winter-2010:primary-1:matrics:none
norwood-netball-club,amnd-winter-2010-primary-2,Newton Jaguars,,archive:amnd-winter-2010:primary-2:norwood-netball-club:none
garville,amnd-winter-2010-primary-2,Garville,,archive:amnd-winter-2010:primary-2:garville:none
contax,amnd-winter-2010-primary-2,Contax,,archive:amnd-winter-2010:primary-2:contax:none
tango-netball-club-inc,amnd-winter-2010-primary-2,Tango,,archive:amnd-winter-2010:primary-2:tango-netball-club-inc:none
woods-panthers,amnd-winter-2010-primary-2,Woods Panthers,,archive:amnd-winter-2010:primary-2:woods-panthers:none
metro-jets,amnd-winter-2010-primary-2,Western Jets,,archive:amnd-winter-2010:primary-2:metro-jets:none
oakdale-netball-club-sa,amnd-winter-2010-primary-3,Oakdale,,archive:amnd-winter-2010:primary-3:oakdale-netball-club-sa:none
harlequin,amnd-winter-2010-primary-3,Harlequin,,archive:amnd-winter-2010:primary-3:harlequin:none
matrics,amnd-winter-2010-primary-3,Matrics,,archive:amnd-winter-2010:primary-3:matrics:none
contax,amnd-winter-2010-primary-3,Contax,,archive:amnd-winter-2010:primary-3:contax:none
adelaide-cougars,amnd-winter-2010-primary-3,Adelaide Cougars,,archive:amnd-winter-2010:primary-3:adelaide-cougars:none
woods-panthers,amnd-winter-2010-primary-3,Woods Panthers,,archive:amnd-winter-2010:primary-3:woods-panthers:none
sa-ladybirds,amnd-winter-2010-primary-4,SA Ladybirds,,archive:amnd-winter-2010:primary-4:sa-ladybirds:none
norwood-netball-club,amnd-winter-2010-primary-4,Newton Jaguars,,archive:amnd-winter-2010:primary-4:norwood-netball-club:none
metro-jets,amnd-winter-2010-primary-4,Western Jets,,archive:amnd-winter-2010:primary-4:metro-jets:none
tango-netball-club-inc,amnd-winter-2010-primary-4,Tango,,archive:amnd-winter-2010:primary-4:tango-netball-club-inc:none
oakdale-netball-club-sa,amnd-winter-2010-primary-4,Oakdale,,archive:amnd-winter-2010:primary-4:oakdale-netball-club-sa:none
garville,amnd-winter-2010-primary-4,Garville,,archive:amnd-winter-2010:primary-4:garville:none
woods-panthers,amnd-winter-2010-primary-5,Woods Panthers,,archive:amnd-winter-2010:primary-5:woods-panthers:none
matrics,amnd-winter-2010-primary-5,Matrics,,archive:amnd-winter-2010:primary-5:matrics:none
metro-jets,amnd-winter-2010-primary-5,Western Jets,1,archive:amnd-winter-2010:primary-5:metro-jets:1
metro-jets,amnd-winter-2010-primary-5,Western Jets,2,archive:amnd-winter-2010:primary-5:metro-jets:2
tango-netball-club-inc,amnd-winter-2010-primary-5,Tango,,archive:amnd-winter-2010:primary-5:tango-netball-club-inc:none
garville,amnd-winter-2010-primary-5,Garville,,archive:amnd-winter-2010:primary-5:garville:none
oakdale-netball-club-sa,amnd-winter-2010-primary-6,Oakdale,,archive:amnd-winter-2010:primary-6:oakdale-netball-club-sa:none
norwood-netball-club,amnd-winter-2010-primary-6,Newton Jaguars,1,archive:amnd-winter-2010:primary-6:norwood-netball-club:1
woods-panthers,amnd-winter-2010-primary-6,Woods Panthers,,archive:amnd-winter-2010:primary-6:woods-panthers:none
contax,amnd-winter-2010-primary-6,Contax,,archive:amnd-winter-2010:primary-6:contax:none
cheerio-netball-club,amnd-winter-2010-primary-6,Cheerio,,archive:amnd-winter-2010:primary-6:cheerio-netball-club:none
matrics,amnd-winter-2010-primary-6,Matrics,,archive:amnd-winter-2010:primary-6:matrics:none
adelaide-cougars,amnd-winter-2010-primary-6,Adelaide Cougars,,archive:amnd-winter-2010:primary-6:adelaide-cougars:none
norwood-netball-club,amnd-winter-2010-primary-6,Newton Jaguars,2,archive:amnd-winter-2010:primary-6:norwood-netball-club:2
contax,amnd-winter-2010-primary-7,Contax,,archive:amnd-winter-2010:primary-7:contax:none
garville,amnd-winter-2010-primary-7,Garville,,archive:amnd-winter-2010:primary-7:garville:none
matrics,amnd-winter-2010-primary-7,Matrics,,archive:amnd-winter-2010:primary-7:matrics:none
woods-panthers,amnd-winter-2010-primary-7,Woods Panthers,,archive:amnd-winter-2010:primary-7:woods-panthers:none
metro-jets,amnd-winter-2010-primary-7,Western Jets,2,archive:amnd-winter-2010:primary-7:metro-jets:2
metro-jets,amnd-winter-2010-primary-7,Western Jets,1,archive:amnd-winter-2010:primary-7:metro-jets:1
harlequin,amnd-winter-2010-primary-7,Harlequin,,archive:amnd-winter-2010:primary-7:harlequin:none
adelaide-wildcats,amnd-winter-2010-primary-7,Adelaide Wildcats,,archive:amnd-winter-2010:primary-7:adelaide-wildcats:none
contax,amnd-winter-2010-sub-junior-1,Contax,,archive:amnd-winter-2010:sub-junior-1:contax:none
matrics,amnd-winter-2010-sub-junior-1,Matrics,,archive:amnd-winter-2010:sub-junior-1:matrics:none
adelaide-cougars,amnd-winter-2010-sub-junior-1,Adelaide Cougars,,archive:amnd-winter-2010:sub-junior-1:adelaide-cougars:none
tango-netball-club-inc,amnd-winter-2010-sub-junior-1,Tango,,archive:amnd-winter-2010:sub-junior-1:tango-netball-club-inc:none
metro-jets,amnd-winter-2010-sub-junior-1,Western Jets,,archive:amnd-winter-2010:sub-junior-1:metro-jets:none
woods-panthers,amnd-winter-2010-sub-junior-1,Woods Panthers,,archive:amnd-winter-2010:sub-junior-1:woods-panthers:none
contax,amnd-winter-2010-sub-junior-2,Contax,1,archive:amnd-winter-2010:sub-junior-2:contax:1
contax,amnd-winter-2010-sub-junior-2,Contax,2,archive:amnd-winter-2010:sub-junior-2:contax:2
oakdale-netball-club-sa,amnd-winter-2010-sub-junior-2,Oakdale,,archive:amnd-winter-2010:sub-junior-2:oakdale-netball-club-sa:none
metro-jets,amnd-winter-2010-sub-junior-2,Western Jets,,archive:amnd-winter-2010:sub-junior-2:metro-jets:none
garville,amnd-winter-2010-sub-junior-2,Garville,,archive:amnd-winter-2010:sub-junior-2:garville:none
tango-netball-club-inc,amnd-winter-2010-sub-junior-2,Tango,,archive:amnd-winter-2010:sub-junior-2:tango-netball-club-inc:none
norwood-netball-club,amnd-winter-2010-sub-junior-3,Newton Jaguars,1,archive:amnd-winter-2010:sub-junior-3:norwood-netball-club:1
matrics,amnd-winter-2010-sub-junior-3,Matrics,,archive:amnd-winter-2010:sub-junior-3:matrics:none
harlequin,amnd-winter-2010-sub-junior-3,Harlequin,1,archive:amnd-winter-2010:sub-junior-3:harlequin:1
adelaide-cougars,amnd-winter-2010-sub-junior-3,Adelaide Cougars,,archive:amnd-winter-2010:sub-junior-3:adelaide-cougars:none
metro-jets,amnd-winter-2010-sub-junior-3,Western Jets,,archive:amnd-winter-2010:sub-junior-3:metro-jets:none
harlequin,amnd-winter-2010-sub-junior-3,Harlequin,2,archive:amnd-winter-2010:sub-junior-3:harlequin:2
norwood-netball-club,amnd-winter-2010-sub-junior-3,Newton Jaguars,2,archive:amnd-winter-2010:sub-junior-3:norwood-netball-club:2
garville,amnd-winter-2010-sub-junior-3,Garville,,archive:amnd-winter-2010:sub-junior-3:garville:none
woods-panthers,amnd-winter-2010-sub-junior-4,Woods Panthers,,archive:amnd-winter-2010:sub-junior-4:woods-panthers:none
matrics,amnd-winter-2010-sub-junior-4,Matrics,,archive:amnd-winter-2010:sub-junior-4:matrics:none
sa-ladybirds,amnd-winter-2010-sub-junior-4,SA Ladybirds,,archive:amnd-winter-2010:sub-junior-4:sa-ladybirds:none
contax,amnd-winter-2010-sub-junior-4,Contax,,archive:amnd-winter-2010:sub-junior-4:contax:none
oakdale-netball-club-sa,amnd-winter-2010-sub-junior-4,Oakdale,,archive:amnd-winter-2010:sub-junior-4:oakdale-netball-club-sa:none
cheerio-netball-club,amnd-winter-2010-sub-junior-4,Cheerio,,archive:amnd-winter-2010:sub-junior-4:cheerio-netball-club:none
metro-jets,amnd-winter-2010-sub-junior-4,Western Jets,,archive:amnd-winter-2010:sub-junior-4:metro-jets:none
adelaide-cougars,amnd-winter-2010-sub-junior-4,Adelaide Cougars,,archive:amnd-winter-2010:sub-junior-4:adelaide-cougars:none
matrics,amnd-winter-2010-sub-junior-5,Matrics,,archive:amnd-winter-2010:sub-junior-5:matrics:none
woods-panthers,amnd-winter-2010-sub-junior-5,Woods Panthers,,archive:amnd-winter-2010:sub-junior-5:woods-panthers:none
tango-netball-club-inc,amnd-winter-2010-sub-junior-5,Tango,,archive:amnd-winter-2010:sub-junior-5:tango-netball-club-inc:none
contax,amnd-winter-2010-sub-junior-5,Contax,,archive:amnd-winter-2010:sub-junior-5:contax:none
norwood-netball-club,amnd-winter-2010-sub-junior-5,Newton Jaguars,,archive:amnd-winter-2010:sub-junior-5:norwood-netball-club:none
semaphore,amnd-winter-2010-sub-junior-5,Semaphore,,archive:amnd-winter-2010:sub-junior-5:semaphore:none
garville,amnd-winter-2010-sub-junior-5,Garville,,archive:amnd-winter-2010:sub-junior-5:garville:none
woods-panthers,amnd-winter-2010-sub-junior-6,Woods Panthers,,archive:amnd-winter-2010:sub-junior-6:woods-panthers:none
metro-jets,amnd-winter-2010-sub-junior-6,Western Jets,1,archive:amnd-winter-2010:sub-junior-6:metro-jets:1
oakdale-netball-club-sa,amnd-winter-2010-sub-junior-6,Oakdale,,archive:amnd-winter-2010:sub-junior-6:oakdale-netball-club-sa:none
tango-netball-club-inc,amnd-winter-2010-sub-junior-6,Tango,,archive:amnd-winter-2010:sub-junior-6:tango-netball-club-inc:none
adelaide-cougars,amnd-winter-2010-sub-junior-6,Adelaide Cougars,,archive:amnd-winter-2010:sub-junior-6:adelaide-cougars:none
norwood-netball-club,amnd-winter-2010-sub-junior-6,Newton Jaguars,,archive:amnd-winter-2010:sub-junior-6:norwood-netball-club:none
metro-jets,amnd-winter-2010-sub-junior-6,Western Jets,2,archive:amnd-winter-2010:sub-junior-6:metro-jets:2
contax,amnd-winter-2010-sub-junior-6,Contax,,archive:amnd-winter-2010:sub-junior-6:contax:none
adelaide-wildcats,amnd-winter-2010-sub-junior-7,Adelaide Wildcats,,archive:amnd-winter-2010:sub-junior-7:adelaide-wildcats:none
woods-panthers,amnd-winter-2010-sub-junior-7,Woods Panthers,,archive:amnd-winter-2010:sub-junior-7:woods-panthers:none
cheerio-netball-club,amnd-winter-2010-sub-junior-7,Cheerio,,archive:amnd-winter-2010:sub-junior-7:cheerio-netball-club:none
matrics,amnd-winter-2010-sub-junior-7,Matrics,,archive:amnd-winter-2010:sub-junior-7:matrics:none
norwood-netball-club,amnd-winter-2010-sub-junior-7,Newton Jaguars,,archive:amnd-winter-2010:sub-junior-7:norwood-netball-club:none
harlequin,amnd-winter-2010-sub-junior-7,Harlequin,,archive:amnd-winter-2010:sub-junior-7:harlequin:none
metro-jets,amnd-winter-2010-sub-junior-8,Western Jets,,archive:amnd-winter-2010:sub-junior-8:metro-jets:none
matrics,amnd-winter-2010-sub-junior-8,Matrics,,archive:amnd-winter-2010:sub-junior-8:matrics:none
woods-panthers,amnd-winter-2010-sub-junior-8,Woods Panthers,,archive:amnd-winter-2010:sub-junior-8:woods-panthers:none
garville,amnd-winter-2010-sub-junior-8,Garville,,archive:amnd-winter-2010:sub-junior-8:garville:none
adelaide-cougars,amnd-winter-2010-sub-junior-8,Adelaide Cougars,,archive:amnd-winter-2010:sub-junior-8:adelaide-cougars:none
tango-netball-club-inc,amnd-winter-2010-sub-junior-8,Tango,,archive:amnd-winter-2010:sub-junior-8:tango-netball-club-inc:none
norwood-netball-club,amnd-winter-2010-sub-junior-9,Newton Jaguars,,archive:amnd-winter-2010:sub-junior-9:norwood-netball-club:none
cheerio-netball-club,amnd-winter-2010-sub-junior-9,Cheerio,1,archive:amnd-winter-2010:sub-junior-9:cheerio-netball-club:1
oakdale-netball-club-sa,amnd-winter-2010-sub-junior-9,Oakdale,,archive:amnd-winter-2010:sub-junior-9:oakdale-netball-club-sa:none
cheerio-netball-club,amnd-winter-2010-sub-junior-9,Cheerio,2,archive:amnd-winter-2010:sub-junior-9:cheerio-netball-club:2
metro-jets,amnd-winter-2010-sub-junior-9,Western Jets,,archive:amnd-winter-2010:sub-junior-9:metro-jets:none
woods-panthers,amnd-winter-2010-sub-junior-9,Woods Panthers,,archive:amnd-winter-2010:sub-junior-9:woods-panthers:none
fielders-flames,amnd-winter-2011-a-grade,Flames,,archive:amnd-winter-2011:a-grade:fielders-flames:none
norwood-netball-club,amnd-winter-2011-a-grade,Newton Jaguars,,archive:amnd-winter-2011:a-grade:norwood-netball-club:none
adelaide-wildcats,amnd-winter-2011-a-grade,Adelaide Wildcats,,archive:amnd-winter-2011:a-grade:adelaide-wildcats:none
oakdale-netball-club-sa,amnd-winter-2011-a-grade,Oakdale,,archive:amnd-winter-2011:a-grade:oakdale-netball-club-sa:none
cheerio-netball-club,amnd-winter-2011-a-grade,Cheerio,,archive:amnd-winter-2011:a-grade:cheerio-netball-club:none
sacred-heart-o-c,amnd-winter-2011-a-grade,Sacred Heart O.C.,,archive:amnd-winter-2011:a-grade:sacred-heart-o-c:none
woods-panthers,amnd-winter-2011-a-grade,Woods Panthers,,archive:amnd-winter-2011:a-grade:woods-panthers:none
contax,amnd-winter-2011-a-grade,Contax,,archive:amnd-winter-2011:a-grade:contax:none
harlequin,amnd-winter-2011-a-grade,Harlequin,,archive:amnd-winter-2011:a-grade:harlequin:none
garville,amnd-winter-2011-a-grade,Garville,,archive:amnd-winter-2011:a-grade:garville:none
contax,amnd-winter-2011-amnd-league,Contax,,archive:amnd-winter-2011:amnd-league:contax:none
adelaide-wildcats,amnd-winter-2011-amnd-league,Adelaide Wildcats,,archive:amnd-winter-2011:amnd-league:adelaide-wildcats:none
oakdale-netball-club-sa,amnd-winter-2011-amnd-league,Oakdale,,archive:amnd-winter-2011:amnd-league:oakdale-netball-club-sa:none
cheerio-netball-club,amnd-winter-2011-amnd-league,Cheerio,,archive:amnd-winter-2011:amnd-league:cheerio-netball-club:none
matrics,amnd-winter-2011-amnd-league,Matrics,,archive:amnd-winter-2011:amnd-league:matrics:none
norwood-netball-club,amnd-winter-2011-amnd-league,Newton Jaguars,,archive:amnd-winter-2011:amnd-league:norwood-netball-club:none
tango-netball-club-inc,amnd-winter-2011-amnd-league,Tango,,archive:amnd-winter-2011:amnd-league:tango-netball-club-inc:none
woods-panthers,amnd-winter-2011-amnd-league,Woods Panthers,,archive:amnd-winter-2011:amnd-league:woods-panthers:none
adelaide-cougars,amnd-winter-2011-amnd-league,Adelaide Cougars,,archive:amnd-winter-2011:amnd-league:adelaide-cougars:none
harlequin,amnd-winter-2011-amnd-league,Harlequin,,archive:amnd-winter-2011:amnd-league:harlequin:none
garville,amnd-winter-2011-amnd-league,Garville,,archive:amnd-winter-2011:amnd-league:garville:none
metro-jets,amnd-winter-2011-b-1,Western Jets,,archive:amnd-winter-2011:b-1:metro-jets:none
city-coasters,amnd-winter-2011-b-1,City Coasters,,archive:amnd-winter-2011:b-1:city-coasters:none
adelaide-swish,amnd-winter-2011-b-1,Adelaide Swish,,archive:amnd-winter-2011:b-1:adelaide-swish:none
contax,amnd-winter-2011-b-1,Contax,,archive:amnd-winter-2011:b-1:contax:none
cheerio-netball-club,amnd-winter-2011-b-1,Cheerio,,archive:amnd-winter-2011:b-1:cheerio-netball-club:none
adelaide-wildcats,amnd-winter-2011-b-1,Adelaide Wildcats,,archive:amnd-winter-2011:b-1:adelaide-wildcats:none
adelaide-university,amnd-winter-2011-b-1,Adelaide University,,archive:amnd-winter-2011:b-1:adelaide-university:none
adelaide-cougars,amnd-winter-2011-b-1,Adelaide Cougars,,archive:amnd-winter-2011:b-1:adelaide-cougars:none
tango-netball-club-inc,amnd-winter-2011-b-1,Tango,,archive:amnd-winter-2011:b-1:tango-netball-club-inc:none
oakdale-netball-club-sa,amnd-winter-2011-b-1,Oakdale,,archive:amnd-winter-2011:b-1:oakdale-netball-club-sa:none
scotch-old-scholars,amnd-winter-2011-b-2,Scotch O.C.,,archive:amnd-winter-2011:b-2:scotch-old-scholars:none
matrics,amnd-winter-2011-b-2,Matrics,,archive:amnd-winter-2011:b-2:matrics:none
woods-panthers,amnd-winter-2011-b-2,Woods Panthers,,archive:amnd-winter-2011:b-2:woods-panthers:none
contax,amnd-winter-2011-b-2,Contax,,archive:amnd-winter-2011:b-2:contax:none
pembroke-o-s,amnd-winter-2011-b-2,Pembroke O.S.,,archive:amnd-winter-2011:b-2:pembroke-o-s:none
semaphore,amnd-winter-2011-b-2,Semaphore,,archive:amnd-winter-2011:b-2:semaphore:none
heatwave,amnd-winter-2011-b-2,Heatwave,,archive:amnd-winter-2011:b-2:heatwave:none
norwood-netball-club,amnd-winter-2011-b-2,Newton Jaguars,,archive:amnd-winter-2011:b-2:norwood-netball-club:none
adelaide-university,amnd-winter-2011-b-2,Adelaide University,,archive:amnd-winter-2011:b-2:adelaide-university:none
tango-netball-club-inc,amnd-winter-2011-b-2,Tango,,archive:amnd-winter-2011:b-2:tango-netball-club-inc:none
city-coasters,amnd-winter-2011-b-3,City Coasters,,archive:amnd-winter-2011:b-3:city-coasters:none
flinders-university,amnd-winter-2011-b-3,Flinders University,,archive:amnd-winter-2011:b-3:flinders-university:none
adelaide-swish,amnd-winter-2011-b-3,Adelaide Swish,,archive:amnd-winter-2011:b-3:adelaide-swish:none
seymour-o-c,amnd-winter-2011-b-3,Seymour O.C.,,archive:amnd-winter-2011:b-3:seymour-o-c:none
contax,amnd-winter-2011-b-3,Contax,,archive:amnd-winter-2011:b-3:contax:none
cheerio-netball-club,amnd-winter-2011-b-3,Cheerio,,archive:amnd-winter-2011:b-3:cheerio-netball-club:none
adelaide-wildcats,amnd-winter-2011-b-3,Adelaide Wildcats,,archive:amnd-winter-2011:b-3:adelaide-wildcats:none
harlequin,amnd-winter-2011-b-3,Harlequin,,archive:amnd-winter-2011:b-3:harlequin:none
adelaide-cougars,amnd-winter-2011-b-3,Adelaide Cougars,,archive:amnd-winter-2011:b-3:adelaide-cougars:none
oakdale-netball-club-sa,amnd-winter-2011-b-3,Oakdale,,archive:amnd-winter-2011:b-3:oakdale-netball-club-sa:none
woods-panthers,amnd-winter-2011-b-4,Woods Panthers,,archive:amnd-winter-2011:b-4:woods-panthers:none
metro-jets,amnd-winter-2011-b-4,Western Jets,,archive:amnd-winter-2011:b-4:metro-jets:none
matrics,amnd-winter-2011-b-4,Matrics,,archive:amnd-winter-2011:b-4:matrics:none
garville,amnd-winter-2011-b-4,Garville,,archive:amnd-winter-2011:b-4:garville:none
city-coasters,amnd-winter-2011-b-4,City Coasters,,archive:amnd-winter-2011:b-4:city-coasters:none
flinders-university,amnd-winter-2011-b-4,Flinders University,,archive:amnd-winter-2011:b-4:flinders-university:none
sacred-heart-o-c,amnd-winter-2011-b-4,Sacred Heart O.C.,,archive:amnd-winter-2011:b-4:sacred-heart-o-c:none
westminster-o-s,amnd-winter-2011-b-4,Westminster O.S.,,archive:amnd-winter-2011:b-4:westminster-o-s:none
adelaide-university,amnd-winter-2011-b-4,Adelaide University,,archive:amnd-winter-2011:b-4:adelaide-university:none
adelaide-wildcats,amnd-winter-2011-b-4,Adelaide Wildcats,,archive:amnd-winter-2011:b-4:adelaide-wildcats:none
cheerio-netball-club,amnd-winter-2011-b-5,Cheerio,,archive:amnd-winter-2011:b-5:cheerio-netball-club:none
matrics,amnd-winter-2011-b-5,Matrics,,archive:amnd-winter-2011:b-5:matrics:none
walkerville,amnd-winter-2011-b-5,Walkerville Cats,,archive:amnd-winter-2011:b-5:walkerville:none
immanuel-doves,amnd-winter-2011-b-5,Immanuel Doves,,archive:amnd-winter-2011:b-5:immanuel-doves:none
old-ignatians,amnd-winter-2011-b-5,Old Ignatians,,archive:amnd-winter-2011:b-5:old-ignatians:none
oakdale-netball-club-sa,amnd-winter-2011-b-5,Phoenix,,archive:amnd-winter-2011:b-5:oakdale-netball-club-sa:none
garville,amnd-winter-2011-b-5,Garville,,archive:amnd-winter-2011:b-5:garville:none
adelaide-wildcats,amnd-winter-2011-b-5,Adelaide Wildcats,,archive:amnd-winter-2011:b-5:adelaide-wildcats:none
contax,amnd-winter-2011-b-5,Contax,,archive:amnd-winter-2011:b-5:contax:none
adelaide-university,amnd-winter-2011-b-5,Adelaide University,,archive:amnd-winter-2011:b-5:adelaide-university:none
adelaide-cougars,amnd-winter-2011-c-1,Adelaide Cougars,,archive:amnd-winter-2011:c-1:adelaide-cougars:none
pembroke-o-s,amnd-winter-2011-c-1,Pembroke O.S.,,archive:amnd-winter-2011:c-1:pembroke-o-s:none
walkerville,amnd-winter-2011-c-1,Walkerville Cats,,archive:amnd-winter-2011:c-1:walkerville:none
metro-jets,amnd-winter-2011-c-1,Western Jets,,archive:amnd-winter-2011:c-1:metro-jets:none
norwood-netball-club,amnd-winter-2011-c-1,Newton Jaguars,,archive:amnd-winter-2011:c-1:norwood-netball-club:none
adelaide-university,amnd-winter-2011-c-1,Adelaide University,,archive:amnd-winter-2011:c-1:adelaide-university:none
harlequin,amnd-winter-2011-c-1,Harlequin,,archive:amnd-winter-2011:c-1:harlequin:none
cheerio-netball-club,amnd-winter-2011-c-1,Cheerio,,archive:amnd-winter-2011:c-1:cheerio-netball-club:none
city-coasters,amnd-winter-2011-c-1,City Coasters,,archive:amnd-winter-2011:c-1:city-coasters:none
flinders-university,amnd-winter-2011-c-1,Flinders University,,archive:amnd-winter-2011:c-1:flinders-university:none
mercedes-o-s,amnd-winter-2011-c-2,Mercedes O.S.,,archive:amnd-winter-2011:c-2:mercedes-o-s:none
oakdale-netball-club-sa,amnd-winter-2011-c-2,Oakdale,,archive:amnd-winter-2011:c-2:oakdale-netball-club-sa:none
city-coasters,amnd-winter-2011-c-2,City Coasters,,archive:amnd-winter-2011:c-2:city-coasters:none
pembroke-o-s,amnd-winter-2011-c-2,Pembroke O.S.,,archive:amnd-winter-2011:c-2:pembroke-o-s:none
semaphore,amnd-winter-2011-c-2,Semaphore,,archive:amnd-winter-2011:c-2:semaphore:none
walkerville,amnd-winter-2011-c-2,Walkerville Cats,,archive:amnd-winter-2011:c-2:walkerville:none
garville,amnd-winter-2011-c-2,Garville,,archive:amnd-winter-2011:c-2:garville:none
woods-panthers,amnd-winter-2011-c-2,Woods Panthers,,archive:amnd-winter-2011:c-2:woods-panthers:none
sacred-heart-o-c,amnd-winter-2011-c-2,Sacred Heart O.C.,,archive:amnd-winter-2011:c-2:sacred-heart-o-c:none
westminster-o-s,amnd-winter-2011-c-2,Westminster O.S.,,archive:amnd-winter-2011:c-2:westminster-o-s:none
matrics,amnd-winter-2011-c-3,Matrics,,archive:amnd-winter-2011:c-3:matrics:none
cheerio-netball-club,amnd-winter-2011-c-3,Cheerio,,archive:amnd-winter-2011:c-3:cheerio-netball-club:none
adelaide-wildcats,amnd-winter-2011-c-3,Adelaide Wildcats,,archive:amnd-winter-2011:c-3:adelaide-wildcats:none
old-ignatians,amnd-winter-2011-c-3,Old Ignatians,,archive:amnd-winter-2011:c-3:old-ignatians:none
walkerville,amnd-winter-2011-c-3,Walkerville Cats,,archive:amnd-winter-2011:c-3:walkerville:none
adelaide-university,amnd-winter-2011-c-3,Adelaide University,,archive:amnd-winter-2011:c-3:adelaide-university:none
woods-panthers,amnd-winter-2011-c-3,Woods Panthers,,archive:amnd-winter-2011:c-3:woods-panthers:none
metro-jets,amnd-winter-2011-c-3,Western Jets,,archive:amnd-winter-2011:c-3:metro-jets:none
cheerio-netball-club,amnd-winter-2011-c-4,Cheerio,,archive:amnd-winter-2011:c-4:cheerio-netball-club:none
adelaide-wildcats,amnd-winter-2011-c-4,Adelaide Wildcats,,archive:amnd-winter-2011:c-4:adelaide-wildcats:none
city-coasters,amnd-winter-2011-c-4,City Coasters,1,archive:amnd-winter-2011:c-4:city-coasters:1
city-coasters,amnd-winter-2011-c-4,City Coasters,2,archive:amnd-winter-2011:c-4:city-coasters:2
old-ignatians,amnd-winter-2011-c-4,Old Ignatians,,archive:amnd-winter-2011:c-4:old-ignatians:none
semaphore,amnd-winter-2011-c-4,Semaphore,,archive:amnd-winter-2011:c-4:semaphore:none
walkerville,amnd-winter-2011-c-4,Walkerville Cats,,archive:amnd-winter-2011:c-4:walkerville:none
adelaide-university,amnd-winter-2011-c-4,Adelaide Uni.,1,archive:amnd-winter-2011:c-4:adelaide-university:1
adelaide-university,amnd-winter-2011-c-4,Adelaide Uni.,2,archive:amnd-winter-2011:c-4:adelaide-university:2
flinders-university,amnd-winter-2011-c-5,Flinders University,,archive:amnd-winter-2011:c-5:flinders-university:none
morphettville-park,amnd-winter-2011-c-5,Morphettville Park,,archive:amnd-winter-2011:c-5:morphettville-park:none
mercedes-o-s,amnd-winter-2011-c-5,Mercedes O.S.,,archive:amnd-winter-2011:c-5:mercedes-o-s:none
walkerville,amnd-winter-2011-c-5,Walkerville Cats,,archive:amnd-winter-2011:c-5:walkerville:none
pembroke-o-s,amnd-winter-2011-c-5,Pembroke O.S.,,archive:amnd-winter-2011:c-5:pembroke-o-s:none
old-ignatians,amnd-winter-2011-c-5,Old Ignatians,,archive:amnd-winter-2011:c-5:old-ignatians:none
metro-jets,amnd-winter-2011-c-5,Western Jets,,archive:amnd-winter-2011:c-5:metro-jets:none
adelaide-university,amnd-winter-2011-c-5,Adelaide University,,archive:amnd-winter-2011:c-5:adelaide-university:none
norwood-netball-club,amnd-winter-2011-c-6,Newton Jaguars,,archive:amnd-winter-2011:c-6:norwood-netball-club:none
matrics,amnd-winter-2011-c-6,Matrics,,archive:amnd-winter-2011:c-6:matrics:none
woods-panthers,amnd-winter-2011-c-6,Woods Panthers,,archive:amnd-winter-2011:c-6:woods-panthers:none
harlequin,amnd-winter-2011-c-6,Harlequin,,archive:amnd-winter-2011:c-6:harlequin:none
contax,amnd-winter-2011-c-6,Contax,,archive:amnd-winter-2011:c-6:contax:none
semaphore,amnd-winter-2011-c-6,Semaphore,,archive:amnd-winter-2011:c-6:semaphore:none
contax,amnd-winter-2011-inter-1,Contax,,archive:amnd-winter-2011:inter-1:contax:none
adelaide-cougars,amnd-winter-2011-inter-1,Adelaide Cougars,,archive:amnd-winter-2011:inter-1:adelaide-cougars:none
garville,amnd-winter-2011-inter-1,Garville,,archive:amnd-winter-2011:inter-1:garville:none
harlequin,amnd-winter-2011-inter-1,Harlequin,,archive:amnd-winter-2011:inter-1:harlequin:none
tango-netball-club-inc,amnd-winter-2011-inter-1,Tango,,archive:amnd-winter-2011:inter-1:tango-netball-club-inc:none
oakdale-netball-club-sa,amnd-winter-2011-inter-1,Oakdale,,archive:amnd-winter-2011:inter-1:oakdale-netball-club-sa:none
woods-panthers,amnd-winter-2011-inter-1,Woods Panthers,,archive:amnd-winter-2011:inter-1:woods-panthers:none
matrics,amnd-winter-2011-inter-1,Matrics,,archive:amnd-winter-2011:inter-1:matrics:none
norwood-netball-club,amnd-winter-2011-inter-1,Newton Jaguars,,archive:amnd-winter-2011:inter-1:norwood-netball-club:none
contax,amnd-winter-2011-inter-2,Contax,2,archive:amnd-winter-2011:inter-2:contax:2
garville,amnd-winter-2011-inter-2,Garville,,archive:amnd-winter-2011:inter-2:garville:none
contax,amnd-winter-2011-inter-2,Contax,1,archive:amnd-winter-2011:inter-2:contax:1
harlequin,amnd-winter-2011-inter-2,Harlequin,,archive:amnd-winter-2011:inter-2:harlequin:none
norwood-netball-club,amnd-winter-2011-inter-2,Newton Jaguars,,archive:amnd-winter-2011:inter-2:norwood-netball-club:none
matrics,amnd-winter-2011-inter-2,Matrics,,archive:amnd-winter-2011:inter-2:matrics:none
tango-netball-club-inc,amnd-winter-2011-inter-2,Tango,,archive:amnd-winter-2011:inter-2:tango-netball-club-inc:none
oakdale-netball-club-sa,amnd-winter-2011-inter-2,Oakdale,,archive:amnd-winter-2011:inter-2:oakdale-netball-club-sa:none
adelaide-cougars,amnd-winter-2011-inter-2,Adelaide Cougars,,archive:amnd-winter-2011:inter-2:adelaide-cougars:none
woods-panthers,amnd-winter-2011-inter-2,Woods Panthers,,archive:amnd-winter-2011:inter-2:woods-panthers:none
contax,amnd-winter-2011-inter-3,Contax,,archive:amnd-winter-2011:inter-3:contax:none
cheerio-netball-club,amnd-winter-2011-inter-3,Cheerio,,archive:amnd-winter-2011:inter-3:cheerio-netball-club:none
adelaide-wildcats,amnd-winter-2011-inter-3,Adelaide Wildcats,,archive:amnd-winter-2011:inter-3:adelaide-wildcats:none
metro-jets,amnd-winter-2011-inter-3,Western Jets,,archive:amnd-winter-2011:inter-3:metro-jets:none
adelaide-cougars,amnd-winter-2011-inter-3,Adelaide Cougars,,archive:amnd-winter-2011:inter-3:adelaide-cougars:none
oakdale-netball-club-sa,amnd-winter-2011-inter-3,Oakdale,,archive:amnd-winter-2011:inter-3:oakdale-netball-club-sa:none
garville,amnd-winter-2011-inter-3,Garville,,archive:amnd-winter-2011:inter-3:garville:none
norwood-netball-club,amnd-winter-2011-inter-3,Newton Jaguars,,archive:amnd-winter-2011:inter-3:norwood-netball-club:none
tango-netball-club-inc,amnd-winter-2011-inter-3,Tango,,archive:amnd-winter-2011:inter-3:tango-netball-club-inc:none
woods-panthers,amnd-winter-2011-inter-3,Woods Panthers,,archive:amnd-winter-2011:inter-3:woods-panthers:none
garville,amnd-winter-2011-inter-4,Garville,,archive:amnd-winter-2011:inter-4:garville:none
contax,amnd-winter-2011-inter-4,Contax,,archive:amnd-winter-2011:inter-4:contax:none
adelaide-cougars,amnd-winter-2011-inter-4,Adelaide Cougars,,archive:amnd-winter-2011:inter-4:adelaide-cougars:none
adelaide-wildcats,amnd-winter-2011-inter-4,Adelaide Wildcats,,archive:amnd-winter-2011:inter-4:adelaide-wildcats:none
harlequin,amnd-winter-2011-inter-4,Harlequin,,archive:amnd-winter-2011:inter-4:harlequin:none
cheerio-netball-club,amnd-winter-2011-inter-4,Cheerio,,archive:amnd-winter-2011:inter-4:cheerio-netball-club:none
oakdale-netball-club-sa,amnd-winter-2011-inter-5,Oakdale,,archive:amnd-winter-2011:inter-5:oakdale-netball-club-sa:none
matrics,amnd-winter-2011-inter-5,Matrics,,archive:amnd-winter-2011:inter-5:matrics:none
woods-panthers,amnd-winter-2011-inter-5,Woods Panthers,1,archive:amnd-winter-2011:inter-5:woods-panthers:1
garville,amnd-winter-2011-inter-5,Garville,,archive:amnd-winter-2011:inter-5:garville:none
semaphore,amnd-winter-2011-inter-5,Semaphore,,archive:amnd-winter-2011:inter-5:semaphore:none
adelaide-cougars,amnd-winter-2011-inter-5,Adelaide Cougars,,archive:amnd-winter-2011:inter-5:adelaide-cougars:none
woods-panthers,amnd-winter-2011-inter-5,Woods Panthers,2,archive:amnd-winter-2011:inter-5:woods-panthers:2
norwood-netball-club,amnd-winter-2011-inter-6,Newton Jaguars,,archive:amnd-winter-2011:inter-6:norwood-netball-club:none
adelaide-cougars,amnd-winter-2011-inter-6,Adelaide Cougars,,archive:amnd-winter-2011:inter-6:adelaide-cougars:none
metro-jets,amnd-winter-2011-inter-6,Western Jets,,archive:amnd-winter-2011:inter-6:metro-jets:none
semaphore,amnd-winter-2011-inter-6,Semaphore,,archive:amnd-winter-2011:inter-6:semaphore:none
cheerio-netball-club,amnd-winter-2011-inter-6,Cheerio,,archive:amnd-winter-2011:inter-6:cheerio-netball-club:none
oakdale-netball-club-sa,amnd-winter-2011-inter-6,Oakdale,,archive:amnd-winter-2011:inter-6:oakdale-netball-club-sa:none
contax,amnd-winter-2011-junior-1,Contax,,archive:amnd-winter-2011:junior-1:contax:none
matrics,amnd-winter-2011-junior-1,Matrics,,archive:amnd-winter-2011:junior-1:matrics:none
harlequin,amnd-winter-2011-junior-1,Harlequin,,archive:amnd-winter-2011:junior-1:harlequin:none
oakdale-netball-club-sa,amnd-winter-2011-junior-1,Oakdale,,archive:amnd-winter-2011:junior-1:oakdale-netball-club-sa:none
woods-panthers,amnd-winter-2011-junior-1,Woods Panthers,,archive:amnd-winter-2011:junior-1:woods-panthers:none
tango-netball-club-inc,amnd-winter-2011-junior-1,Tango,,archive:amnd-winter-2011:junior-1:tango-netball-club-inc:none
garville,amnd-winter-2011-junior-1,Garville,,archive:amnd-winter-2011:junior-1:garville:none
adelaide-cougars,amnd-winter-2011-junior-1,Adelaide Cougars,,archive:amnd-winter-2011:junior-1:adelaide-cougars:none
contax,amnd-winter-2011-junior-2,Contax,,archive:amnd-winter-2011:junior-2:contax:none
metro-jets,amnd-winter-2011-junior-2,Western Jets,,archive:amnd-winter-2011:junior-2:metro-jets:none
oakdale-netball-club-sa,amnd-winter-2011-junior-2,Oakdale,,archive:amnd-winter-2011:junior-2:oakdale-netball-club-sa:none
matrics,amnd-winter-2011-junior-2,Matrics,,archive:amnd-winter-2011:junior-2:matrics:none
woods-panthers,amnd-winter-2011-junior-2,Woods Panthers,,archive:amnd-winter-2011:junior-2:woods-panthers:none
norwood-netball-club,amnd-winter-2011-junior-2,Newton Jaguars,,archive:amnd-winter-2011:junior-2:norwood-netball-club:none
tango-netball-club-inc,amnd-winter-2011-junior-2,Tango,,archive:amnd-winter-2011:junior-2:tango-netball-club-inc:none
garville,amnd-winter-2011-junior-2,Garville,,archive:amnd-winter-2011:junior-2:garville:none
metro-jets,amnd-winter-2011-junior-3,Western Jets,1,archive:amnd-winter-2011:junior-3:metro-jets:1
metro-jets,amnd-winter-2011-junior-3,Western Jets,2,archive:amnd-winter-2011:junior-3:metro-jets:2
contax,amnd-winter-2011-junior-3,Contax,,archive:amnd-winter-2011:junior-3:contax:none
matrics,amnd-winter-2011-junior-3,Matrics,,archive:amnd-winter-2011:junior-3:matrics:none
woods-panthers,amnd-winter-2011-junior-3,Woods Panthers,,archive:amnd-winter-2011:junior-3:woods-panthers:none
adelaide-cougars,amnd-winter-2011-junior-3,Adelaide Cougars,,archive:amnd-winter-2011:junior-3:adelaide-cougars:none
oakdale-netball-club-sa,amnd-winter-2011-junior-4,Oakdale,,archive:amnd-winter-2011:junior-4:oakdale-netball-club-sa:none
tango-netball-club-inc,amnd-winter-2011-junior-4,Tango,1,archive:amnd-winter-2011:junior-4:tango-netball-club-inc:1
tango-netball-club-inc,amnd-winter-2011-junior-4,Tango,2,archive:amnd-winter-2011:junior-4:tango-netball-club-inc:2
woods-panthers,amnd-winter-2011-junior-4,Woods Panthers,,archive:amnd-winter-2011:junior-4:woods-panthers:none
metro-jets,amnd-winter-2011-junior-4,Western Jets,,archive:amnd-winter-2011:junior-4:metro-jets:none
cheerio-netball-club,amnd-winter-2011-junior-4,Cheerio,,archive:amnd-winter-2011:junior-4:cheerio-netball-club:none
matrics,amnd-winter-2011-junior-4,Matrics,,archive:amnd-winter-2011:junior-4:matrics:none
contax,amnd-winter-2011-junior-4,Contax,,archive:amnd-winter-2011:junior-4:contax:none
adelaide-cougars,amnd-winter-2011-junior-5,Adelaide Cougars,,archive:amnd-winter-2011:junior-5:adelaide-cougars:none
norwood-netball-club,amnd-winter-2011-junior-5,Newton Jaguars,,archive:amnd-winter-2011:junior-5:norwood-netball-club:none
metro-jets,amnd-winter-2011-junior-5,Western Jets,,archive:amnd-winter-2011:junior-5:metro-jets:none
noarlunga,amnd-winter-2011-junior-5,Noarlunga,,archive:amnd-winter-2011:junior-5:noarlunga:none
harlequin,amnd-winter-2011-junior-5,Harlequin,,archive:amnd-winter-2011:junior-5:harlequin:none
woods-panthers,amnd-winter-2011-junior-5,Woods Panthers,,archive:amnd-winter-2011:junior-5:woods-panthers:none
garville,amnd-winter-2011-junior-5,Garville,,archive:amnd-winter-2011:junior-5:garville:none
sa-ladybirds,amnd-winter-2011-junior-5,SA Ladybirds,,archive:amnd-winter-2011:junior-5:sa-ladybirds:none
norwood-netball-club,amnd-winter-2011-junior-6,Newton Jaguars,,archive:amnd-winter-2011:junior-6:norwood-netball-club:none
adelaide-cougars,amnd-winter-2011-junior-6,Adelaide Cougars,,archive:amnd-winter-2011:junior-6:adelaide-cougars:none
harlequin,amnd-winter-2011-junior-6,Harlequin,,archive:amnd-winter-2011:junior-6:harlequin:none
noarlunga,amnd-winter-2011-junior-6,Noarlunga,,archive:amnd-winter-2011:junior-6:noarlunga:none
northeast-zodiac,amnd-winter-2011-junior-6,Northeast Zodiacs,,archive:amnd-winter-2011:junior-6:northeast-zodiac:none
contax,amnd-winter-2011-junior-6,Contax,,archive:amnd-winter-2011:junior-6:contax:none
woods-panthers,amnd-winter-2011-junior-6,Woods Panthers,,archive:amnd-winter-2011:junior-6:woods-panthers:none
tango-netball-club-inc,amnd-winter-2011-junior-6,Tango,,archive:amnd-winter-2011:junior-6:tango-netball-club-inc:none
metro-jets,amnd-winter-2011-junior-7,Western Jets,1,archive:amnd-winter-2011:junior-7:metro-jets:1
oakdale-netball-club-sa,amnd-winter-2011-junior-7,Oakdale,,archive:amnd-winter-2011:junior-7:oakdale-netball-club-sa:none
garville,amnd-winter-2011-junior-7,Garville,,archive:amnd-winter-2011:junior-7:garville:none
matrics,amnd-winter-2011-junior-7,Matrics,,archive:amnd-winter-2011:junior-7:matrics:none
adelaide-cougars,amnd-winter-2011-junior-7,Adelaide Cougars,,archive:amnd-winter-2011:junior-7:adelaide-cougars:none
adelaide-wildcats,amnd-winter-2011-junior-7,Adelaide Wildcats,,archive:amnd-winter-2011:junior-7:adelaide-wildcats:none
norwood-netball-club,amnd-winter-2011-junior-7,Newton Jaguars,,archive:amnd-winter-2011:junior-7:norwood-netball-club:none
metro-jets,amnd-winter-2011-junior-7,Western Jets,2,archive:amnd-winter-2011:junior-7:metro-jets:2
norwood-netball-club,amnd-winter-2011-junior-8,Newton Jaguars,,archive:amnd-winter-2011:junior-8:norwood-netball-club:none
metro-jets,amnd-winter-2011-junior-8,Western Jets,,archive:amnd-winter-2011:junior-8:metro-jets:none
oakdale-netball-club-sa,amnd-winter-2011-junior-8,Oakdale,,archive:amnd-winter-2011:junior-8:oakdale-netball-club-sa:none
matrics,amnd-winter-2011-junior-8,Matrics,,archive:amnd-winter-2011:junior-8:matrics:none
cheerio-netball-club,amnd-winter-2011-junior-8,Cheerio,,archive:amnd-winter-2011:junior-8:cheerio-netball-club:none
woods-panthers,amnd-winter-2011-junior-8,Woods Panthers,,archive:amnd-winter-2011:junior-8:woods-panthers:none
garville,amnd-winter-2011-junior-8,Garville,,archive:amnd-winter-2011:junior-8:garville:none
contax,amnd-winter-2011-primary-1,Contax,,archive:amnd-winter-2011:primary-1:contax:none
metro-jets,amnd-winter-2011-primary-1,Western Jets,,archive:amnd-winter-2011:primary-1:metro-jets:none
oakdale-netball-club-sa,amnd-winter-2011-primary-1,Oakdale,,archive:amnd-winter-2011:primary-1:oakdale-netball-club-sa:none
tango-netball-club-inc,amnd-winter-2011-primary-1,Tango,,archive:amnd-winter-2011:primary-1:tango-netball-club-inc:none
matrics,amnd-winter-2011-primary-1,Matrics,,archive:amnd-winter-2011:primary-1:matrics:none
woods-panthers,amnd-winter-2011-primary-1,Woods Panthers,,archive:amnd-winter-2011:primary-1:woods-panthers:none
norwood-netball-club,amnd-winter-2011-primary-2,Newton Jaguars,,archive:amnd-winter-2011:primary-2:norwood-netball-club:none
garville,amnd-winter-2011-primary-2,Garville,,archive:amnd-winter-2011:primary-2:garville:none
metro-jets,amnd-winter-2011-primary-2,Western Jets,,archive:amnd-winter-2011:primary-2:metro-jets:none
contax,amnd-winter-2011-primary-2,Contax,,archive:amnd-winter-2011:primary-2:contax:none
oakdale-netball-club-sa,amnd-winter-2011-primary-2,Oakdale,,archive:amnd-winter-2011:primary-2:oakdale-netball-club-sa:none
adelaide-cougars,amnd-winter-2011-primary-2,Adelaide Cougars,,archive:amnd-winter-2011:primary-2:adelaide-cougars:none
tango-netball-club-inc,amnd-winter-2011-primary-3,Tango,,archive:amnd-winter-2011:primary-3:tango-netball-club-inc:none
harlequin,amnd-winter-2011-primary-3,Harlequin,,archive:amnd-winter-2011:primary-3:harlequin:none
matrics,amnd-winter-2011-primary-3,Matrics,,archive:amnd-winter-2011:primary-3:matrics:none
contax,amnd-winter-2011-primary-3,Contax,,archive:amnd-winter-2011:primary-3:contax:none
garville,amnd-winter-2011-primary-3,Garville,,archive:amnd-winter-2011:primary-3:garville:none
woods-panthers,amnd-winter-2011-primary-3,Woods Panthers,,archive:amnd-winter-2011:primary-3:woods-panthers:none
metro-jets,amnd-winter-2011-primary-3,Western Jets,,archive:amnd-winter-2011:primary-3:metro-jets:none
norwood-netball-club,amnd-winter-2011-primary-4,Newton Jaguars,1,archive:amnd-winter-2011:primary-4:norwood-netball-club:1
matrics,amnd-winter-2011-primary-4,Matrics,1,archive:amnd-winter-2011:primary-4:matrics:1
metro-jets,amnd-winter-2011-primary-4,Western Jets,,archive:amnd-winter-2011:primary-4:metro-jets:none
harlequin,amnd-winter-2011-primary-4,Harlequin,,archive:amnd-winter-2011:primary-4:harlequin:none
matrics,amnd-winter-2011-primary-4,Matrics,2,archive:amnd-winter-2011:primary-4:matrics:2
norwood-netball-club,amnd-winter-2011-primary-4,Newton Jaguars,2,archive:amnd-winter-2011:primary-4:norwood-netball-club:2
adelaide-cougars,amnd-winter-2011-primary-4,Adelaide Cougars,,archive:amnd-winter-2011:primary-4:adelaide-cougars:none
woods-panthers,amnd-winter-2011-primary-4,Woods Panthers,,archive:amnd-winter-2011:primary-4:woods-panthers:none
adelaide-wildcats,amnd-winter-2011-primary-5,Adelaide Wildcats,,archive:amnd-winter-2011:primary-5:adelaide-wildcats:none
metro-jets,amnd-winter-2011-primary-5,Western Jets,,archive:amnd-winter-2011:primary-5:metro-jets:none
contax,amnd-winter-2011-primary-5,Contax,,archive:amnd-winter-2011:primary-5:contax:none
tango-netball-club-inc,amnd-winter-2011-primary-5,Tango,,archive:amnd-winter-2011:primary-5:tango-netball-club-inc:none
garville,amnd-winter-2011-primary-5,Garville,,archive:amnd-winter-2011:primary-5:garville:none
woods-panthers,amnd-winter-2011-primary-5,Woods Panthers,,archive:amnd-winter-2011:primary-5:woods-panthers:none
norwood-netball-club,amnd-winter-2011-primary-6,Newton Jaguars,,archive:amnd-winter-2011:primary-6:norwood-netball-club:none
matrics,amnd-winter-2011-primary-6,Matrics,,archive:amnd-winter-2011:primary-6:matrics:none
cheerio-netball-club,amnd-winter-2011-primary-6,Cheerio,,archive:amnd-winter-2011:primary-6:cheerio-netball-club:none
adelaide-cougars,amnd-winter-2011-primary-6,Adelaide Cougars,,archive:amnd-winter-2011:primary-6:adelaide-cougars:none
metro-jets,amnd-winter-2011-primary-6,Western Jets,,archive:amnd-winter-2011:primary-6:metro-jets:none
garville,amnd-winter-2011-primary-6,Garville,,archive:amnd-winter-2011:primary-6:garville:none
contax,amnd-winter-2011-primary-7,Contax,,archive:amnd-winter-2011:primary-7:contax:none
adelaide-wildcats,amnd-winter-2011-primary-7,Adelaide Wildcats,,archive:amnd-winter-2011:primary-7:adelaide-wildcats:none
matrics,amnd-winter-2011-primary-7,Matrics,,archive:amnd-winter-2011:primary-7:matrics:none
woods-panthers,amnd-winter-2011-primary-7,Woods Panthers,,archive:amnd-winter-2011:primary-7:woods-panthers:none
oakdale-netball-club-sa,amnd-winter-2011-primary-7,Oakdale,,archive:amnd-winter-2011:primary-7:oakdale-netball-club-sa:none
woods-panthers,amnd-winter-2011-sub-junior-1,Woods Panthers,,archive:amnd-winter-2011:sub-junior-1:woods-panthers:none
contax,amnd-winter-2011-sub-junior-1,Contax,,archive:amnd-winter-2011:sub-junior-1:contax:none
tango-netball-club-inc,amnd-winter-2011-sub-junior-1,Tango,,archive:amnd-winter-2011:sub-junior-1:tango-netball-club-inc:none
adelaide-cougars,amnd-winter-2011-sub-junior-1,Adelaide Cougars,,archive:amnd-winter-2011:sub-junior-1:adelaide-cougars:none
oakdale-netball-club-sa,amnd-winter-2011-sub-junior-1,Oakdale,,archive:amnd-winter-2011:sub-junior-1:oakdale-netball-club-sa:none
norwood-netball-club,amnd-winter-2011-sub-junior-1,Newton Jaguars,,archive:amnd-winter-2011:sub-junior-1:norwood-netball-club:none
garville,amnd-winter-2011-sub-junior-1,Garville,,archive:amnd-winter-2011:sub-junior-1:garville:none
metro-jets,amnd-winter-2011-sub-junior-1,Western Jets,,archive:amnd-winter-2011:sub-junior-1:metro-jets:none
contax,amnd-winter-2011-sub-junior-2,Contax,1,archive:amnd-winter-2011:sub-junior-2:contax:1
contax,amnd-winter-2011-sub-junior-2,Contax,2,archive:amnd-winter-2011:sub-junior-2:contax:2
matrics,amnd-winter-2011-sub-junior-2,Matrics,,archive:amnd-winter-2011:sub-junior-2:matrics:none
metro-jets,amnd-winter-2011-sub-junior-2,Western Jets,,archive:amnd-winter-2011:sub-junior-2:metro-jets:none
norwood-netball-club,amnd-winter-2011-sub-junior-2,Newton Jaguars,,archive:amnd-winter-2011:sub-junior-2:norwood-netball-club:none
woods-panthers,amnd-winter-2011-sub-junior-2,Woods Panthers,,archive:amnd-winter-2011:sub-junior-2:woods-panthers:none
tango-netball-club-inc,amnd-winter-2011-sub-junior-2,Tango,,archive:amnd-winter-2011:sub-junior-2:tango-netball-club-inc:none
harlequin,amnd-winter-2011-sub-junior-2,Harlequin,,archive:amnd-winter-2011:sub-junior-2:harlequin:none
adelaide-cougars,amnd-winter-2011-sub-junior-3,Adelaide Cougars,,archive:amnd-winter-2011:sub-junior-3:adelaide-cougars:none
matrics,amnd-winter-2011-sub-junior-3,Matrics,,archive:amnd-winter-2011:sub-junior-3:matrics:none
oakdale-netball-club-sa,amnd-winter-2011-sub-junior-3,Oakdale,,archive:amnd-winter-2011:sub-junior-3:oakdale-netball-club-sa:none
metro-jets,amnd-winter-2011-sub-junior-3,Western Jets,,archive:amnd-winter-2011:sub-junior-3:metro-jets:none
contax,amnd-winter-2011-sub-junior-3,Contax,,archive:amnd-winter-2011:sub-junior-3:contax:none
tango-netball-club-inc,amnd-winter-2011-sub-junior-3,Tango,,archive:amnd-winter-2011:sub-junior-3:tango-netball-club-inc:none
norwood-netball-club,amnd-winter-2011-sub-junior-3,Newton Jaguars,,archive:amnd-winter-2011:sub-junior-3:norwood-netball-club:none
garville,amnd-winter-2011-sub-junior-3,Garville,,archive:amnd-winter-2011:sub-junior-3:garville:none
woods-panthers,amnd-winter-2011-sub-junior-4,Woods Panthers,,archive:amnd-winter-2011:sub-junior-4:woods-panthers:none
matrics,amnd-winter-2011-sub-junior-4,Matrics,,archive:amnd-winter-2011:sub-junior-4:matrics:none
norwood-netball-club,amnd-winter-2011-sub-junior-4,Newton Jaguars,,archive:amnd-winter-2011:sub-junior-4:norwood-netball-club:none
harlequin,amnd-winter-2011-sub-junior-4,Harlequin,,archive:amnd-winter-2011:sub-junior-4:harlequin:none
garville,amnd-winter-2011-sub-junior-4,Garville,,archive:amnd-winter-2011:sub-junior-4:garville:none
adelaide-cougars,amnd-winter-2011-sub-junior-4,Adelaide Cougars,,archive:amnd-winter-2011:sub-junior-4:adelaide-cougars:none
cheerio-netball-club,amnd-winter-2011-sub-junior-5,Cheerio,,archive:amnd-winter-2011:sub-junior-5:cheerio-netball-club:none
woods-panthers,amnd-winter-2011-sub-junior-5,Woods Panthers,1,archive:amnd-winter-2011:sub-junior-5:woods-panthers:1
contax,amnd-winter-2011-sub-junior-5,Contax,,archive:amnd-winter-2011:sub-junior-5:contax:none
metro-jets,amnd-winter-2011-sub-junior-5,Western Jets,,archive:amnd-winter-2011:sub-junior-5:metro-jets:none
woods-panthers,amnd-winter-2011-sub-junior-5,Woods Panthers,2,archive:amnd-winter-2011:sub-junior-5:woods-panthers:2
matrics,amnd-winter-2011-sub-junior-5,Matrics,,archive:amnd-winter-2011:sub-junior-5:matrics:none
oakdale-netball-club-sa,amnd-winter-2011-sub-junior-5,Oakdale,,archive:amnd-winter-2011:sub-junior-5:oakdale-netball-club-sa:none
adelaide-wildcats,amnd-winter-2011-sub-junior-5,Adelaide Wildcats,,archive:amnd-winter-2011:sub-junior-5:adelaide-wildcats:none
norwood-netball-club,amnd-winter-2011-sub-junior-6,Newton Jaguars,,archive:amnd-winter-2011:sub-junior-6:norwood-netball-club:none
woods-panthers,amnd-winter-2011-sub-junior-6,Woods Panthers,,archive:amnd-winter-2011:sub-junior-6:woods-panthers:none
semaphore,amnd-winter-2011-sub-junior-6,Semaphore,,archive:amnd-winter-2011:sub-junior-6:semaphore:none
cheerio-netball-club,amnd-winter-2011-sub-junior-6,Cheerio,,archive:amnd-winter-2011:sub-junior-6:cheerio-netball-club:none
contax,amnd-winter-2011-sub-junior-6,Contax,,archive:amnd-winter-2011:sub-junior-6:contax:none
oakdale-netball-club-sa,amnd-winter-2011-sub-junior-6,Oakdale,,archive:amnd-winter-2011:sub-junior-6:oakdale-netball-club-sa:none
metro-jets,amnd-winter-2011-sub-junior-6,Western Jets,,archive:amnd-winter-2011:sub-junior-6:metro-jets:none
tango-netball-club-inc,amnd-winter-2011-sub-junior-6,Tango,,archive:amnd-winter-2011:sub-junior-6:tango-netball-club-inc:none
woods-panthers,amnd-winter-2011-sub-junior-7,Woods Panthers,1,archive:amnd-winter-2011:sub-junior-7:woods-panthers:1
woods-panthers,amnd-winter-2011-sub-junior-7,Woods Panthers,2,archive:amnd-winter-2011:sub-junior-7:woods-panthers:2
garville,amnd-winter-2011-sub-junior-7,Garville,,archive:amnd-winter-2011:sub-junior-7:garville:none
matrics,amnd-winter-2011-sub-junior-7,Matrics,1,archive:amnd-winter-2011:sub-junior-7:matrics:1
metro-jets,amnd-winter-2011-sub-junior-7,Western Jets,,archive:amnd-winter-2011:sub-junior-7:metro-jets:none
norwood-netball-club,amnd-winter-2011-sub-junior-7,Newton Jaguars,,archive:amnd-winter-2011:sub-junior-7:norwood-netball-club:none
matrics,amnd-winter-2011-sub-junior-7,Matrics,2,archive:amnd-winter-2011:sub-junior-7:matrics:2
semaphore,amnd-winter-2011-sub-junior-7,Semaphore,,archive:amnd-winter-2011:sub-junior-7:semaphore:none
oakdale-netball-club-sa,amnd-winter-2011-sub-junior-8,Oakdale,,archive:amnd-winter-2011:sub-junior-8:oakdale-netball-club-sa:none
matrics,amnd-winter-2011-sub-junior-8,Matrics,,archive:amnd-winter-2011:sub-junior-8:matrics:none
cheerio-netball-club,amnd-winter-2011-sub-junior-8,Cheerio,,archive:amnd-winter-2011:sub-junior-8:cheerio-netball-club:none
woods-panthers,amnd-winter-2011-sub-junior-8,Woods Panthers,,archive:amnd-winter-2011:sub-junior-8:woods-panthers:none
adelaide-cougars,amnd-winter-2011-sub-junior-8,Adelaide Cougars,,archive:amnd-winter-2011:sub-junior-8:adelaide-cougars:none
garville,amnd-winter-2011-sub-junior-8,Garville,,archive:amnd-winter-2011:sub-junior-8:garville:none
norwood-netball-club,amnd-winter-2011-sub-junior-8,Newton Jaguars,,archive:amnd-winter-2011:sub-junior-8:norwood-netball-club:none
metro-jets,amnd-winter-2011-sub-junior-8,Western Jets,,archive:amnd-winter-2011:sub-junior-8:metro-jets:none
fielders-flames,amnd-winter-2012-a-grade,Flames,,archive:amnd-winter-2012:a-grade:fielders-flames:none
adelaide-wildcats,amnd-winter-2012-a-grade,Adelaide Wildcats,,archive:amnd-winter-2012:a-grade:adelaide-wildcats:none
oakdale-netball-club-sa,amnd-winter-2012-a-grade,Oakdale,,archive:amnd-winter-2012:a-grade:oakdale-netball-club-sa:none
metro-jets,amnd-winter-2012-a-grade,Western Jets,,archive:amnd-winter-2012:a-grade:metro-jets:none
woods-panthers,amnd-winter-2012-a-grade,Woods Panthers,,archive:amnd-winter-2012:a-grade:woods-panthers:none
contax,amnd-winter-2012-a-grade,Contax,,archive:amnd-winter-2012:a-grade:contax:none
cheerio-netball-club,amnd-winter-2012-a-grade,Cheerio,,archive:amnd-winter-2012:a-grade:cheerio-netball-club:none
sacred-heart-o-c,amnd-winter-2012-a-grade,Sacred Heart O.C.,,archive:amnd-winter-2012:a-grade:sacred-heart-o-c:none
norwood-netball-club,amnd-winter-2012-a-grade,Newton Jaguars,,archive:amnd-winter-2012:a-grade:norwood-netball-club:none
harlequin,amnd-winter-2012-a-grade,Harlequin,,archive:amnd-winter-2012:a-grade:harlequin:none
adelaide-wildcats,amnd-winter-2012-amnd-league,Adelaide Wildcats,,archive:amnd-winter-2012:amnd-league:adelaide-wildcats:none
cheerio-netball-club,amnd-winter-2012-amnd-league,Cheerio,,archive:amnd-winter-2012:amnd-league:cheerio-netball-club:none
matrics,amnd-winter-2012-amnd-league,Matrics,,archive:amnd-winter-2012:amnd-league:matrics:none
woods-panthers,amnd-winter-2012-amnd-league,Woods Panthers,,archive:amnd-winter-2012:amnd-league:woods-panthers:none
contax,amnd-winter-2012-amnd-league,Contax,,archive:amnd-winter-2012:amnd-league:contax:none
oakdale-netball-club-sa,amnd-winter-2012-amnd-league,Oakdale,,archive:amnd-winter-2012:amnd-league:oakdale-netball-club-sa:none
tango-netball-club-inc,amnd-winter-2012-amnd-league,Tango,,archive:amnd-winter-2012:amnd-league:tango-netball-club-inc:none
adelaide-cougars,amnd-winter-2012-amnd-league,Adelaide Cougars,,archive:amnd-winter-2012:amnd-league:adelaide-cougars:none
norwood-netball-club,amnd-winter-2012-amnd-league,Newton Jaguars,,archive:amnd-winter-2012:amnd-league:norwood-netball-club:none
harlequin,amnd-winter-2012-amnd-league,Harlequin,,archive:amnd-winter-2012:amnd-league:harlequin:none
garville,amnd-winter-2012-amnd-league,Garville,,archive:amnd-winter-2012:amnd-league:garville:none
adelaide-swish,amnd-winter-2012-b-1,Adelaide Swish,,archive:amnd-winter-2012:b-1:adelaide-swish:none
oakdale-netball-club-sa,amnd-winter-2012-b-1,Oakdale,,archive:amnd-winter-2012:b-1:oakdale-netball-club-sa:none
adelaide-wildcats,amnd-winter-2012-b-1,Adelaide Wildcats,,archive:amnd-winter-2012:b-1:adelaide-wildcats:none
matrics,amnd-winter-2012-b-1,Matrics,,archive:amnd-winter-2012:b-1:matrics:none
cheerio-netball-club,amnd-winter-2012-b-1,Cheerio,,archive:amnd-winter-2012:b-1:cheerio-netball-club:none
tango-netball-club-inc,amnd-winter-2012-b-1,Tango,,archive:amnd-winter-2012:b-1:tango-netball-club-inc:none
garville,amnd-winter-2012-b-1,Garville,,archive:amnd-winter-2012:b-1:garville:none
contax,amnd-winter-2012-b-1,Contax,,archive:amnd-winter-2012:b-1:contax:none
adelaide-university,amnd-winter-2012-b-1,Adelaide University,,archive:amnd-winter-2012:b-1:adelaide-university:none
adelaide-cougars,amnd-winter-2012-b-1,Adelaide Cougars,,archive:amnd-winter-2012:b-1:adelaide-cougars:none
adelaide-swish,amnd-winter-2012-b-2,Adelaide Swish,,archive:amnd-winter-2012:b-2:adelaide-swish:none
woods-panthers,amnd-winter-2012-b-2,Woods Panthers,,archive:amnd-winter-2012:b-2:woods-panthers:none
pembroke-o-s,amnd-winter-2012-b-2,Pembroke O.S.,,archive:amnd-winter-2012:b-2:pembroke-o-s:none
scotch-old-scholars,amnd-winter-2012-b-2,Scotch O.S.,,archive:amnd-winter-2012:b-2:scotch-old-scholars:none
city-coasters,amnd-winter-2012-b-2,City Coasters,,archive:amnd-winter-2012:b-2:city-coasters:none
adelaide-wildcats,amnd-winter-2012-b-2,Adelaide Wildcats,,archive:amnd-winter-2012:b-2:adelaide-wildcats:none
garville,amnd-winter-2012-b-2,Garville,,archive:amnd-winter-2012:b-2:garville:none
contax,amnd-winter-2012-b-2,Contax,,archive:amnd-winter-2012:b-2:contax:none
oakdale-netball-club-sa,amnd-winter-2012-b-2,Oakdale,,archive:amnd-winter-2012:b-2:oakdale-netball-club-sa:none
norwood-netball-club,amnd-winter-2012-b-2,Newton Jaguars,,archive:amnd-winter-2012:b-2:norwood-netball-club:none
walkerville,amnd-winter-2012-b-3,Walkerville,,archive:amnd-winter-2012:b-3:walkerville:none
seymour-o-c,amnd-winter-2012-b-3,Seymour O.C.,,archive:amnd-winter-2012:b-3:seymour-o-c:none
city-coasters,amnd-winter-2012-b-3,City Coasters,,archive:amnd-winter-2012:b-3:city-coasters:none
woods-panthers,amnd-winter-2012-b-3,Woods Panthers,,archive:amnd-winter-2012:b-3:woods-panthers:none
contax,amnd-winter-2012-b-3,Contax,,archive:amnd-winter-2012:b-3:contax:none
adelaide-university,amnd-winter-2012-b-3,Adelaide University,,archive:amnd-winter-2012:b-3:adelaide-university:none
garville,amnd-winter-2012-b-3,Garville,,archive:amnd-winter-2012:b-3:garville:none
cheerio-netball-club,amnd-winter-2012-b-3,Cheerio,,archive:amnd-winter-2012:b-3:cheerio-netball-club:none
harlequin,amnd-winter-2012-b-3,Harlequin,,archive:amnd-winter-2012:b-3:harlequin:none
tango-netball-club-inc,amnd-winter-2012-b-3,Tango,,archive:amnd-winter-2012:b-3:tango-netball-club-inc:none
metro-jets,amnd-winter-2012-b-4,Western Jets,,archive:amnd-winter-2012:b-4:metro-jets:none
walkerville,amnd-winter-2012-b-4,Walkerville,,archive:amnd-winter-2012:b-4:walkerville:none
flinders-university,amnd-winter-2012-b-4,Flinders University,,archive:amnd-winter-2012:b-4:flinders-university:none
adelaide-wildcats,amnd-winter-2012-b-4,Adelaide Wildcats,,archive:amnd-winter-2012:b-4:adelaide-wildcats:none
matrics,amnd-winter-2012-b-4,Matrics,,archive:amnd-winter-2012:b-4:matrics:none
old-ignatians,amnd-winter-2012-b-4,Old Ignatians,,archive:amnd-winter-2012:b-4:old-ignatians:none
westminster-o-s,amnd-winter-2012-b-4,Westminster O.S.,,archive:amnd-winter-2012:b-4:westminster-o-s:none
city-coasters,amnd-winter-2012-b-4,City Coasters,,archive:amnd-winter-2012:b-4:city-coasters:none
adelaide-cougars,amnd-winter-2012-b-4,Adelaide Cougars,,archive:amnd-winter-2012:b-4:adelaide-cougars:none
sacred-heart-o-c,amnd-winter-2012-b-4,Sacred Heart O.C.,,archive:amnd-winter-2012:b-4:sacred-heart-o-c:none
walkerville,amnd-winter-2012-b-5,Walkerville,,archive:amnd-winter-2012:b-5:walkerville:none
matrics,amnd-winter-2012-b-5,Matrics,,archive:amnd-winter-2012:b-5:matrics:none
metro-jets,amnd-winter-2012-b-5,Western Jets,,archive:amnd-winter-2012:b-5:metro-jets:none
cheerio-netball-club,amnd-winter-2012-b-5,Cheerio,,archive:amnd-winter-2012:b-5:cheerio-netball-club:none
adelaide-university,amnd-winter-2012-b-5,Adelaide University,,archive:amnd-winter-2012:b-5:adelaide-university:none
oakdale-netball-club-sa,amnd-winter-2012-b-5,Oakdale,,archive:amnd-winter-2012:b-5:oakdale-netball-club-sa:none
sacred-heart-o-c,amnd-winter-2012-b-5,Sacred Heart O.C.,,archive:amnd-winter-2012:b-5:sacred-heart-o-c:none
woods-panthers,amnd-winter-2012-b-5,Woods Panthers,,archive:amnd-winter-2012:b-5:woods-panthers:none
pembroke-o-s,amnd-winter-2012-c-1,Pembroke O.S.,,archive:amnd-winter-2012:c-1:pembroke-o-s:none
mercedes-o-s,amnd-winter-2012-c-1,Mercedes O.S.,,archive:amnd-winter-2012:c-1:mercedes-o-s:none
city-coasters,amnd-winter-2012-c-1,City Coasters,,archive:amnd-winter-2012:c-1:city-coasters:none
oakdale-netball-club-sa,amnd-winter-2012-c-1,Oakdale,,archive:amnd-winter-2012:c-1:oakdale-netball-club-sa:none
walkerville,amnd-winter-2012-c-1,Walkerville,,archive:amnd-winter-2012:c-1:walkerville:none
flinders-university,amnd-winter-2012-c-1,Flinders University,,archive:amnd-winter-2012:c-1:flinders-university:none
harlequin,amnd-winter-2012-c-1,Harlequin,,archive:amnd-winter-2012:c-1:harlequin:none
adelaide-cougars,amnd-winter-2012-c-1,Adelaide Cougars,,archive:amnd-winter-2012:c-1:adelaide-cougars:none
contax,amnd-winter-2012-c-1,Contax,,archive:amnd-winter-2012:c-1:contax:none
adelaide-university,amnd-winter-2012-c-1,Adelaide University,,archive:amnd-winter-2012:c-1:adelaide-university:none
pembroke-o-s,amnd-winter-2012-c-2,Pembroke O.S.,,archive:amnd-winter-2012:c-2:pembroke-o-s:none
adelaide-wildcats,amnd-winter-2012-c-2,Adelaide Wildcats,,archive:amnd-winter-2012:c-2:adelaide-wildcats:none
city-coasters,amnd-winter-2012-c-2,City Coasters,,archive:amnd-winter-2012:c-2:city-coasters:none
old-ignatians,amnd-winter-2012-c-2,Old Ignatians,,archive:amnd-winter-2012:c-2:old-ignatians:none
woods-panthers,amnd-winter-2012-c-2,Woods Panthers,,archive:amnd-winter-2012:c-2:woods-panthers:none
westminster-o-s,amnd-winter-2012-c-2,Westminster O.S.,,archive:amnd-winter-2012:c-2:westminster-o-s:none
adelaide-university,amnd-winter-2012-c-2,Adelaide University,,archive:amnd-winter-2012:c-2:adelaide-university:none
cheerio-netball-club,amnd-winter-2012-c-2,Cheerio,,archive:amnd-winter-2012:c-2:cheerio-netball-club:none
garville,amnd-winter-2012-c-2,Garville,,archive:amnd-winter-2012:c-2:garville:none
metro-jets,amnd-winter-2012-c-2,Western Jets,,archive:amnd-winter-2012:c-2:metro-jets:none
city-coasters,amnd-winter-2012-c-3,City Coasters,,archive:amnd-winter-2012:c-3:city-coasters:none
old-ignatians,amnd-winter-2012-c-3,Old Ignatians,,archive:amnd-winter-2012:c-3:old-ignatians:none
adelaide-wildcats,amnd-winter-2012-c-3,Adelaide Wildcats,,archive:amnd-winter-2012:c-3:adelaide-wildcats:none
cheerio-netball-club,amnd-winter-2012-c-3,Cheerio,,archive:amnd-winter-2012:c-3:cheerio-netball-club:none
walkerville,amnd-winter-2012-c-3,Walkerville,1,archive:amnd-winter-2012:c-3:walkerville:1
sacred-heart-o-c,amnd-winter-2012-c-3,Sacred Heart O.C.,,archive:amnd-winter-2012:c-3:sacred-heart-o-c:none
pembroke-o-s,amnd-winter-2012-c-3,Pembroke O.S.,,archive:amnd-winter-2012:c-3:pembroke-o-s:none
walkerville,amnd-winter-2012-c-3,Walkerville,2,archive:amnd-winter-2012:c-3:walkerville:2
semaphore,amnd-winter-2012-c-4,Semaphore,,archive:amnd-winter-2012:c-4:semaphore:none
mercedes-o-s,amnd-winter-2012-c-4,Mercedes O.S.,,archive:amnd-winter-2012:c-4:mercedes-o-s:none
flinders-university,amnd-winter-2012-c-4,Flinders University,,archive:amnd-winter-2012:c-4:flinders-university:none
city-coasters,amnd-winter-2012-c-4,City Coasters,,archive:amnd-winter-2012:c-4:city-coasters:none
walkerville,amnd-winter-2012-c-4,Walkerville,,archive:amnd-winter-2012:c-4:walkerville:none
pembroke-o-s,amnd-winter-2012-c-4,Pembroke O.S.,,archive:amnd-winter-2012:c-4:pembroke-o-s:none
westminster-o-s,amnd-winter-2012-c-4,Westminster O.S.,,archive:amnd-winter-2012:c-4:westminster-o-s:none
pembroke-o-s,amnd-winter-2012-c-5,Pembroke O.S.,,archive:amnd-winter-2012:c-5:pembroke-o-s:none
adelaide-wildcats,amnd-winter-2012-c-5,Adelaide Wildcats,,archive:amnd-winter-2012:c-5:adelaide-wildcats:none
walkerville,amnd-winter-2012-c-5,Walkerville,,archive:amnd-winter-2012:c-5:walkerville:none
old-ignatians,amnd-winter-2012-c-5,Old Ignatians,,archive:amnd-winter-2012:c-5:old-ignatians:none
adelaide-university,amnd-winter-2012-c-5,Adelaide Uni.,1,archive:amnd-winter-2012:c-5:adelaide-university:1
adelaide-university,amnd-winter-2012-c-5,Adelaide Uni.,2,archive:amnd-winter-2012:c-5:adelaide-university:2
semaphore,amnd-winter-2012-c-6,Semaphore,,archive:amnd-winter-2012:c-6:semaphore:none
matrics,amnd-winter-2012-c-6,Matrics,,archive:amnd-winter-2012:c-6:matrics:none
norwood-netball-club,amnd-winter-2012-c-6,Newton Jaguars,,archive:amnd-winter-2012:c-6:norwood-netball-club:none
contax,amnd-winter-2012-c-6,Contax,,archive:amnd-winter-2012:c-6:contax:none
harlequin,amnd-winter-2012-c-6,Harlequin,,archive:amnd-winter-2012:c-6:harlequin:none
woods-panthers,amnd-winter-2012-c-6,Woods Panthers,,archive:amnd-winter-2012:c-6:woods-panthers:none
contax,amnd-winter-2012-inter-1,Contax,1,archive:amnd-winter-2012:inter-1:contax:1
tango-netball-club-inc,amnd-winter-2012-inter-1,Tango,,archive:amnd-winter-2012:inter-1:tango-netball-club-inc:none
adelaide-cougars,amnd-winter-2012-inter-1,Adelaide Cougars,,archive:amnd-winter-2012:inter-1:adelaide-cougars:none
matrics,amnd-winter-2012-inter-1,Matrics,,archive:amnd-winter-2012:inter-1:matrics:none
garville,amnd-winter-2012-inter-1,Garville,,archive:amnd-winter-2012:inter-1:garville:none
oakdale-netball-club-sa,amnd-winter-2012-inter-1,Oakdale,,archive:amnd-winter-2012:inter-1:oakdale-netball-club-sa:none
harlequin,amnd-winter-2012-inter-1,Harlequin,,archive:amnd-winter-2012:inter-1:harlequin:none
woods-panthers,amnd-winter-2012-inter-1,Woods Panthers,,archive:amnd-winter-2012:inter-1:woods-panthers:none
contax,amnd-winter-2012-inter-1,Contax,2,archive:amnd-winter-2012:inter-1:contax:2
norwood-netball-club,amnd-winter-2012-inter-1,Newton Jaguars,,archive:amnd-winter-2012:inter-1:norwood-netball-club:none
contax,amnd-winter-2012-inter-2,Contax,,archive:amnd-winter-2012:inter-2:contax:none
oakdale-netball-club-sa,amnd-winter-2012-inter-2,Oakdale,,archive:amnd-winter-2012:inter-2:oakdale-netball-club-sa:none
metro-jets,amnd-winter-2012-inter-2,Western Jets,,archive:amnd-winter-2012:inter-2:metro-jets:none
norwood-netball-club,amnd-winter-2012-inter-2,Newton Jaguars,,archive:amnd-winter-2012:inter-2:norwood-netball-club:none
matrics,amnd-winter-2012-inter-2,Matrics,,archive:amnd-winter-2012:inter-2:matrics:none
tango-netball-club-inc,amnd-winter-2012-inter-2,Tango,,archive:amnd-winter-2012:inter-2:tango-netball-club-inc:none
woods-panthers,amnd-winter-2012-inter-2,Woods Panthers,,archive:amnd-winter-2012:inter-2:woods-panthers:none
garville,amnd-winter-2012-inter-2,Garville,,archive:amnd-winter-2012:inter-2:garville:none
harlequin,amnd-winter-2012-inter-2,Harlequin,,archive:amnd-winter-2012:inter-2:harlequin:none
adelaide-cougars,amnd-winter-2012-inter-2,Adelaide Cougars,,archive:amnd-winter-2012:inter-2:adelaide-cougars:none
oakdale-netball-club-sa,amnd-winter-2012-inter-3,Oakdale,,archive:amnd-winter-2012:inter-3:oakdale-netball-club-sa:none
contax,amnd-winter-2012-inter-3,Contax,1,archive:amnd-winter-2012:inter-3:contax:1
metro-jets,amnd-winter-2012-inter-3,Western Jets,,archive:amnd-winter-2012:inter-3:metro-jets:none
adelaide-wildcats,amnd-winter-2012-inter-3,Adelaide Wildcats,,archive:amnd-winter-2012:inter-3:adelaide-wildcats:none
garville,amnd-winter-2012-inter-3,Garville,,archive:amnd-winter-2012:inter-3:garville:none
woods-panthers,amnd-winter-2012-inter-3,Woods Panthers,,archive:amnd-winter-2012:inter-3:woods-panthers:none
matrics,amnd-winter-2012-inter-3,Matrics,,archive:amnd-winter-2012:inter-3:matrics:none
adelaide-cougars,amnd-winter-2012-inter-3,Adelaide Cougars,,archive:amnd-winter-2012:inter-3:adelaide-cougars:none
contax,amnd-winter-2012-inter-3,Contax,2,archive:amnd-winter-2012:inter-3:contax:2
northeast-zodiac,amnd-winter-2012-inter-4,Northeast Zodiacs,,archive:amnd-winter-2012:inter-4:northeast-zodiac:none
norwood-netball-club,amnd-winter-2012-inter-4,Newton Jaguars,,archive:amnd-winter-2012:inter-4:norwood-netball-club:none
woods-panthers,amnd-winter-2012-inter-4,Woods Panthers,,archive:amnd-winter-2012:inter-4:woods-panthers:none
metro-jets,amnd-winter-2012-inter-4,Western Jets,,archive:amnd-winter-2012:inter-4:metro-jets:none
oakdale-netball-club-sa,amnd-winter-2012-inter-4,Oakdale,,archive:amnd-winter-2012:inter-4:oakdale-netball-club-sa:none
harlequin,amnd-winter-2012-inter-4,Harlequin,,archive:amnd-winter-2012:inter-4:harlequin:none
garville,amnd-winter-2012-inter-4,Garville,,archive:amnd-winter-2012:inter-4:garville:none
adelaide-cougars,amnd-winter-2012-inter-4,Adelaide Cougars,,archive:amnd-winter-2012:inter-4:adelaide-cougars:none
norwood-netball-club,amnd-winter-2012-inter-5,Newton Jaguars,,archive:amnd-winter-2012:inter-5:norwood-netball-club:none
cheerio-netball-club,amnd-winter-2012-inter-5,Cheerio,,archive:amnd-winter-2012:inter-5:cheerio-netball-club:none
tango-netball-club-inc,amnd-winter-2012-inter-5,Tango,,archive:amnd-winter-2012:inter-5:tango-netball-club-inc:none
garville,amnd-winter-2012-inter-5,Garville,,archive:amnd-winter-2012:inter-5:garville:none
woods-panthers,amnd-winter-2012-inter-5,Woods Panthers,,archive:amnd-winter-2012:inter-5:woods-panthers:none
oakdale-netball-club-sa,amnd-winter-2012-inter-5,Oakdale,,archive:amnd-winter-2012:inter-5:oakdale-netball-club-sa:none
metro-jets,amnd-winter-2012-inter-5,Western Jets,,archive:amnd-winter-2012:inter-5:metro-jets:none
semaphore,amnd-winter-2012-inter-5,Semaphore,,archive:amnd-winter-2012:inter-5:semaphore:none
contax,amnd-winter-2012-junior-1,Contax,,archive:amnd-winter-2012:junior-1:contax:none
matrics,amnd-winter-2012-junior-1,Matrics,,archive:amnd-winter-2012:junior-1:matrics:none
metro-jets,amnd-winter-2012-junior-1,Western Jets,,archive:amnd-winter-2012:junior-1:metro-jets:none
tango-netball-club-inc,amnd-winter-2012-junior-1,Tango,,archive:amnd-winter-2012:junior-1:tango-netball-club-inc:none
garville,amnd-winter-2012-junior-1,Garville,,archive:amnd-winter-2012:junior-1:garville:none
oakdale-netball-club-sa,amnd-winter-2012-junior-1,Oakdale,,archive:amnd-winter-2012:junior-1:oakdale-netball-club-sa:none
norwood-netball-club,amnd-winter-2012-junior-1,Newton Jaguars,,archive:amnd-winter-2012:junior-1:norwood-netball-club:none
woods-panthers,amnd-winter-2012-junior-1,Woods Panthers,,archive:amnd-winter-2012:junior-1:woods-panthers:none
contax,amnd-winter-2012-junior-2,Contax,,archive:amnd-winter-2012:junior-2:contax:none
woods-panthers,amnd-winter-2012-junior-2,Woods Panthers,,archive:amnd-winter-2012:junior-2:woods-panthers:none
matrics,amnd-winter-2012-junior-2,Matrics,,archive:amnd-winter-2012:junior-2:matrics:none
adelaide-cougars,amnd-winter-2012-junior-2,Adelaide Cougars,,archive:amnd-winter-2012:junior-2:adelaide-cougars:none
garville,amnd-winter-2012-junior-2,Garville,,archive:amnd-winter-2012:junior-2:garville:none
oakdale-netball-club-sa,amnd-winter-2012-junior-2,Oakdale,,archive:amnd-winter-2012:junior-2:oakdale-netball-club-sa:none
tango-netball-club-inc,amnd-winter-2012-junior-2,Tango,,archive:amnd-winter-2012:junior-2:tango-netball-club-inc:none
harlequin,amnd-winter-2012-junior-2,Harlequin,,archive:amnd-winter-2012:junior-2:harlequin:none
contax,amnd-winter-2012-junior-3,Contax,1,archive:amnd-winter-2012:junior-3:contax:1
adelaide-cougars,amnd-winter-2012-junior-3,Adelaide Cougars,,archive:amnd-winter-2012:junior-3:adelaide-cougars:none
oakdale-netball-club-sa,amnd-winter-2012-junior-3,Oakdale,,archive:amnd-winter-2012:junior-3:oakdale-netball-club-sa:none
metro-jets,amnd-winter-2012-junior-3,Western Jets,1,archive:amnd-winter-2012:junior-3:metro-jets:1
contax,amnd-winter-2012-junior-3,Contax,2,archive:amnd-winter-2012:junior-3:contax:2
metro-jets,amnd-winter-2012-junior-3,Western Jets,2,archive:amnd-winter-2012:junior-3:metro-jets:2
norwood-netball-club,amnd-winter-2012-junior-3,Newton Jaguars,,archive:amnd-winter-2012:junior-3:norwood-netball-club:none
cheerio-netball-club,amnd-winter-2012-junior-3,Cheerio,,archive:amnd-winter-2012:junior-3:cheerio-netball-club:none
oakdale-netball-club-sa,amnd-winter-2012-junior-4,Oakdale,,archive:amnd-winter-2012:junior-4:oakdale-netball-club-sa:none
woods-panthers,amnd-winter-2012-junior-4,Woods Panthers,1,archive:amnd-winter-2012:junior-4:woods-panthers:1
matrics,amnd-winter-2012-junior-4,Matrics,,archive:amnd-winter-2012:junior-4:matrics:none
woods-panthers,amnd-winter-2012-junior-4,Woods Panthers,2,archive:amnd-winter-2012:junior-4:woods-panthers:2
norwood-netball-club,amnd-winter-2012-junior-4,Newton Jaguars,,archive:amnd-winter-2012:junior-4:norwood-netball-club:none
harlequin,amnd-winter-2012-junior-4,Harlequin,,archive:amnd-winter-2012:junior-4:harlequin:none
garville,amnd-winter-2012-junior-5,Garville,,archive:amnd-winter-2012:junior-5:garville:none
adelaide-wildcats,amnd-winter-2012-junior-5,Adelaide Wildcats,,archive:amnd-winter-2012:junior-5:adelaide-wildcats:none
metro-jets,amnd-winter-2012-junior-5,Western Jets,,archive:amnd-winter-2012:junior-5:metro-jets:none
adelaide-cougars,amnd-winter-2012-junior-5,Adelaide Cougars,,archive:amnd-winter-2012:junior-5:adelaide-cougars:none
norwood-netball-club,amnd-winter-2012-junior-5,Newton Jaguars,,archive:amnd-winter-2012:junior-5:norwood-netball-club:none
tango-netball-club-inc,amnd-winter-2012-junior-5,Tango,1,archive:amnd-winter-2012:junior-5:tango-netball-club-inc:1
contax,amnd-winter-2012-junior-5,Contax,,archive:amnd-winter-2012:junior-5:contax:none
tango-netball-club-inc,amnd-winter-2012-junior-5,Tango,2,archive:amnd-winter-2012:junior-5:tango-netball-club-inc:2
contax,amnd-winter-2012-junior-6,Contax,,archive:amnd-winter-2012:junior-6:contax:none
metro-jets,amnd-winter-2012-junior-6,Western Jets,,archive:amnd-winter-2012:junior-6:metro-jets:none
adelaide-cougars,amnd-winter-2012-junior-6,Adelaide Cougars,,archive:amnd-winter-2012:junior-6:adelaide-cougars:none
matrics,amnd-winter-2012-junior-6,Matrics,,archive:amnd-winter-2012:junior-6:matrics:none
woods-panthers,amnd-winter-2012-junior-6,Woods Panthers,,archive:amnd-winter-2012:junior-6:woods-panthers:none
harlequin,amnd-winter-2012-junior-6,Harlequin,,archive:amnd-winter-2012:junior-6:harlequin:none
tango-netball-club-inc,amnd-winter-2012-junior-6,Tango,,archive:amnd-winter-2012:junior-6:tango-netball-club-inc:none
garville,amnd-winter-2012-junior-6,Garville,,archive:amnd-winter-2012:junior-6:garville:none
northeast-zodiac,amnd-winter-2012-junior-7,Northeast Zodiacs,,archive:amnd-winter-2012:junior-7:northeast-zodiac:none
oakdale-netball-club-sa,amnd-winter-2012-junior-7,Oakdale,,archive:amnd-winter-2012:junior-7:oakdale-netball-club-sa:none
metro-jets,amnd-winter-2012-junior-7,Western Jets,,archive:amnd-winter-2012:junior-7:metro-jets:none
woods-panthers,amnd-winter-2012-junior-7,Woods Panthers,,archive:amnd-winter-2012:junior-7:woods-panthers:none
matrics,amnd-winter-2012-junior-7,Matrics,,archive:amnd-winter-2012:junior-7:matrics:none
norwood-netball-club,amnd-winter-2012-junior-7,Newton Jaguars,,archive:amnd-winter-2012:junior-7:norwood-netball-club:none
cheerio-netball-club,amnd-winter-2012-junior-7,Cheerio,,archive:amnd-winter-2012:junior-7:cheerio-netball-club:none
cove-lightning,amnd-winter-2012-junior-8,Cove,,archive:amnd-winter-2012:junior-8:cove-lightning:none
garville,amnd-winter-2012-junior-8,Garville,,archive:amnd-winter-2012:junior-8:garville:none
oakdale-netball-club-sa,amnd-winter-2012-junior-8,Oakdale,,archive:amnd-winter-2012:junior-8:oakdale-netball-club-sa:none
metro-jets,amnd-winter-2012-junior-8,Western Jets,,archive:amnd-winter-2012:junior-8:metro-jets:none
adelaide-wildcats,amnd-winter-2012-junior-8,Adelaide Wildcats,,archive:amnd-winter-2012:junior-8:adelaide-wildcats:none
woods-panthers,amnd-winter-2012-junior-8,Woods Panthers,,archive:amnd-winter-2012:junior-8:woods-panthers:none
adelaide-cougars,amnd-winter-2012-junior-9,Adelaide Cougars,,archive:amnd-winter-2012:junior-9:adelaide-cougars:none
norwood-netball-club,amnd-winter-2012-junior-9,Newton Jaguars,,archive:amnd-winter-2012:junior-9:norwood-netball-club:none
metro-jets,amnd-winter-2012-junior-9,Western Jets,,archive:amnd-winter-2012:junior-9:metro-jets:none
cheerio-netball-club,amnd-winter-2012-junior-9,Cheerio,1,archive:amnd-winter-2012:junior-9:cheerio-netball-club:1
cheerio-netball-club,amnd-winter-2012-junior-9,Cheerio,2,archive:amnd-winter-2012:junior-9:cheerio-netball-club:2
semaphore,amnd-winter-2012-junior-9,Semaphore,,archive:amnd-winter-2012:junior-9:semaphore:none
contax,amnd-winter-2012-primary-1,Contax,,archive:amnd-winter-2012:primary-1:contax:none
matrics,amnd-winter-2012-primary-1,Matrics,,archive:amnd-winter-2012:primary-1:matrics:none
tango-netball-club-inc,amnd-winter-2012-primary-1,Tango,,archive:amnd-winter-2012:primary-1:tango-netball-club-inc:none
norwood-netball-club,amnd-winter-2012-primary-1,Newton Jaguars,,archive:amnd-winter-2012:primary-1:norwood-netball-club:none
garville,amnd-winter-2012-primary-1,Garville,,archive:amnd-winter-2012:primary-1:garville:none
metro-jets,amnd-winter-2012-primary-1,Western Jets,,archive:amnd-winter-2012:primary-1:metro-jets:none
oakdale-netball-club-sa,amnd-winter-2012-primary-1,Oakdale,,archive:amnd-winter-2012:primary-1:oakdale-netball-club-sa:none
woods-panthers,amnd-winter-2012-primary-1,Woods Panthers,,archive:amnd-winter-2012:primary-1:woods-panthers:none
contax,amnd-winter-2012-primary-2,Contax,,archive:amnd-winter-2012:primary-2:contax:none
matrics,amnd-winter-2012-primary-2,Matrics,,archive:amnd-winter-2012:primary-2:matrics:none
tango-netball-club-inc,amnd-winter-2012-primary-2,Tango,,archive:amnd-winter-2012:primary-2:tango-netball-club-inc:none
metro-jets,amnd-winter-2012-primary-2,Western Jets,,archive:amnd-winter-2012:primary-2:metro-jets:none
adelaide-cougars,amnd-winter-2012-primary-2,Adelaide Cougars,,archive:amnd-winter-2012:primary-2:adelaide-cougars:none
woods-panthers,amnd-winter-2012-primary-2,Woods Panthers,,archive:amnd-winter-2012:primary-2:woods-panthers:none
matrics,amnd-winter-2012-primary-3,Matrics,,archive:amnd-winter-2012:primary-3:matrics:none
contax,amnd-winter-2012-primary-3,Contax,,archive:amnd-winter-2012:primary-3:contax:none
garville,amnd-winter-2012-primary-3,Garville,,archive:amnd-winter-2012:primary-3:garville:none
adelaide-wildcats,amnd-winter-2012-primary-3,Adelaide Wildcats,,archive:amnd-winter-2012:primary-3:adelaide-wildcats:none
metro-jets,amnd-winter-2012-primary-3,Western Jets,,archive:amnd-winter-2012:primary-3:metro-jets:none
woods-panthers,amnd-winter-2012-primary-3,Woods Panthers,,archive:amnd-winter-2012:primary-3:woods-panthers:none
norwood-netball-club,amnd-winter-2012-primary-3,Newton Jaguars,,archive:amnd-winter-2012:primary-3:norwood-netball-club:none
garville,amnd-winter-2012-primary-4,Garville,,archive:amnd-winter-2012:primary-4:garville:none
cheerio-netball-club,amnd-winter-2012-primary-4,Cheerio,,archive:amnd-winter-2012:primary-4:cheerio-netball-club:none
contax,amnd-winter-2012-primary-4,Contax,,archive:amnd-winter-2012:primary-4:contax:none
matrics,amnd-winter-2012-primary-4,Matrics,,archive:amnd-winter-2012:primary-4:matrics:none
oakdale-netball-club-sa,amnd-winter-2012-primary-4,Oakdale,,archive:amnd-winter-2012:primary-4:oakdale-netball-club-sa:none
harlequin,amnd-winter-2012-primary-4,Harlequin,,archive:amnd-winter-2012:primary-4:harlequin:none
northeast-zodiac,amnd-winter-2012-primary-5,Northeast Zodiacs,,archive:amnd-winter-2012:primary-5:northeast-zodiac:none
semaphore,amnd-winter-2012-primary-5,Semaphore,,archive:amnd-winter-2012:primary-5:semaphore:none
tango-netball-club-inc,amnd-winter-2012-primary-5,Tango,,archive:amnd-winter-2012:primary-5:tango-netball-club-inc:none
norwood-netball-club,amnd-winter-2012-primary-5,Newton Jaguars,,archive:amnd-winter-2012:primary-5:norwood-netball-club:none
adelaide-wildcats,amnd-winter-2012-primary-5,Adelaide Wildcats,,archive:amnd-winter-2012:primary-5:adelaide-wildcats:none
contax,amnd-winter-2012-primary-5,Contax,,archive:amnd-winter-2012:primary-5:contax:none
metro-jets,amnd-winter-2012-primary-5,Western Jets,,archive:amnd-winter-2012:primary-5:metro-jets:none
matrics,amnd-winter-2012-primary-6,Matrics,,archive:amnd-winter-2012:primary-6:matrics:none
metro-jets,amnd-winter-2012-primary-6,Western Jets,1,archive:amnd-winter-2012:primary-6:metro-jets:1
oakdale-netball-club-sa,amnd-winter-2012-primary-6,Oakdale,,archive:amnd-winter-2012:primary-6:oakdale-netball-club-sa:none
garville,amnd-winter-2012-primary-6,Garville,,archive:amnd-winter-2012:primary-6:garville:none
woods-panthers,amnd-winter-2012-primary-6,Woods Panthers,,archive:amnd-winter-2012:primary-6:woods-panthers:none
metro-jets,amnd-winter-2012-primary-6,Western Jets,2,archive:amnd-winter-2012:primary-6:metro-jets:2
norwood-netball-club,amnd-winter-2012-primary-7,Newton Jaguars,,archive:amnd-winter-2012:primary-7:norwood-netball-club:none
matrics,amnd-winter-2012-primary-7,Matrics,,archive:amnd-winter-2012:primary-7:matrics:none
adelaide-cougars,amnd-winter-2012-primary-7,Adelaide Cougars,,archive:amnd-winter-2012:primary-7:adelaide-cougars:none
adelaide-wildcats,amnd-winter-2012-primary-7,Adelaide Wildcats,,archive:amnd-winter-2012:primary-7:adelaide-wildcats:none
tango-netball-club-inc,amnd-winter-2012-primary-7,Tango,,archive:amnd-winter-2012:primary-7:tango-netball-club-inc:none
adelaide-cougars,amnd-winter-2012-sub-junior-1,Adelaide Cougars,,archive:amnd-winter-2012:sub-junior-1:adelaide-cougars:none
contax,amnd-winter-2012-sub-junior-1,Contax,,archive:amnd-winter-2012:sub-junior-1:contax:none
metro-jets,amnd-winter-2012-sub-junior-1,Western Jets,,archive:amnd-winter-2012:sub-junior-1:metro-jets:none
woods-panthers,amnd-winter-2012-sub-junior-1,Woods Panthers,,archive:amnd-winter-2012:sub-junior-1:woods-panthers:none
garville,amnd-winter-2012-sub-junior-1,Garville,,archive:amnd-winter-2012:sub-junior-1:garville:none
oakdale-netball-club-sa,amnd-winter-2012-sub-junior-1,Oakdale,,archive:amnd-winter-2012:sub-junior-1:oakdale-netball-club-sa:none
matrics,amnd-winter-2012-sub-junior-1,Matrics,,archive:amnd-winter-2012:sub-junior-1:matrics:none
tango-netball-club-inc,amnd-winter-2012-sub-junior-1,Tango,,archive:amnd-winter-2012:sub-junior-1:tango-netball-club-inc:none
contax,amnd-winter-2012-sub-junior-2,Contax,1,archive:amnd-winter-2012:sub-junior-2:contax:1
norwood-netball-club,amnd-winter-2012-sub-junior-2,Newton Jaguars,,archive:amnd-winter-2012:sub-junior-2:norwood-netball-club:none
metro-jets,amnd-winter-2012-sub-junior-2,Western Jets,,archive:amnd-winter-2012:sub-junior-2:metro-jets:none
contax,amnd-winter-2012-sub-junior-2,Contax,2,archive:amnd-winter-2012:sub-junior-2:contax:2
woods-panthers,amnd-winter-2012-sub-junior-2,Woods Panthers,,archive:amnd-winter-2012:sub-junior-2:woods-panthers:none
tango-netball-club-inc,amnd-winter-2012-sub-junior-2,Tango,,archive:amnd-winter-2012:sub-junior-2:tango-netball-club-inc:none
oakdale-netball-club-sa,amnd-winter-2012-sub-junior-3,Oakdale,,archive:amnd-winter-2012:sub-junior-3:oakdale-netball-club-sa:none
matrics,amnd-winter-2012-sub-junior-3,Matrics,,archive:amnd-winter-2012:sub-junior-3:matrics:none
woods-panthers,amnd-winter-2012-sub-junior-3,Woods Panthers,,archive:amnd-winter-2012:sub-junior-3:woods-panthers:none
garville,amnd-winter-2012-sub-junior-3,Garville,,archive:amnd-winter-2012:sub-junior-3:garville:none
metro-jets,amnd-winter-2012-sub-junior-3,Western Jets,,archive:amnd-winter-2012:sub-junior-3:metro-jets:none
norwood-netball-club,amnd-winter-2012-sub-junior-3,Newton Jaguars,,archive:amnd-winter-2012:sub-junior-3:norwood-netball-club:none
harlequin,amnd-winter-2012-sub-junior-3,Harlequin,,archive:amnd-winter-2012:sub-junior-3:harlequin:none
adelaide-cougars,amnd-winter-2012-sub-junior-3,Adelaide Cougars,,archive:amnd-winter-2012:sub-junior-3:adelaide-cougars:none
oakdale-netball-club-sa,amnd-winter-2012-sub-junior-4,Oakdale,,archive:amnd-winter-2012:sub-junior-4:oakdale-netball-club-sa:none
contax,amnd-winter-2012-sub-junior-4,Contax,,archive:amnd-winter-2012:sub-junior-4:contax:none
woods-panthers,amnd-winter-2012-sub-junior-4,Woods Panthers,,archive:amnd-winter-2012:sub-junior-4:woods-panthers:none
norwood-netball-club,amnd-winter-2012-sub-junior-4,Newton Jaguars,,archive:amnd-winter-2012:sub-junior-4:norwood-netball-club:none
matrics,amnd-winter-2012-sub-junior-4,Matrics,,archive:amnd-winter-2012:sub-junior-4:matrics:none
garville,amnd-winter-2012-sub-junior-4,Garville,,archive:amnd-winter-2012:sub-junior-4:garville:none
semaphore,amnd-winter-2012-sub-junior-4,Semaphore,,archive:amnd-winter-2012:sub-junior-4:semaphore:none
tango-netball-club-inc,amnd-winter-2012-sub-junior-4,Tango,,archive:amnd-winter-2012:sub-junior-4:tango-netball-club-inc:none
cheerio-netball-club,amnd-winter-2012-sub-junior-5,Cheerio,,archive:amnd-winter-2012:sub-junior-5:cheerio-netball-club:none
woods-panthers,amnd-winter-2012-sub-junior-5,Woods Panthers,,archive:amnd-winter-2012:sub-junior-5:woods-panthers:none
matrics,amnd-winter-2012-sub-junior-5,Matrics,,archive:amnd-winter-2012:sub-junior-5:matrics:none
contax,amnd-winter-2012-sub-junior-5,Contax,,archive:amnd-winter-2012:sub-junior-5:contax:none
tango-netball-club-inc,amnd-winter-2012-sub-junior-5,Tango,,archive:amnd-winter-2012:sub-junior-5:tango-netball-club-inc:none
oakdale-netball-club-sa,amnd-winter-2012-sub-junior-5,Oakdale,,archive:amnd-winter-2012:sub-junior-5:oakdale-netball-club-sa:none
norwood-netball-club,amnd-winter-2012-sub-junior-5,Newton Jaguars,,archive:amnd-winter-2012:sub-junior-5:norwood-netball-club:none
metro-jets,amnd-winter-2012-sub-junior-5,Western Jets,,archive:amnd-winter-2012:sub-junior-5:metro-jets:none
woods-panthers,amnd-winter-2012-sub-junior-6,Woods Panthers,,archive:amnd-winter-2012:sub-junior-6:woods-panthers:none
norwood-netball-club,amnd-winter-2012-sub-junior-6,Newton Jaguars,,archive:amnd-winter-2012:sub-junior-6:norwood-netball-club:none
adelaide-wildcats,amnd-winter-2012-sub-junior-6,Adelaide Wildcats,,archive:amnd-winter-2012:sub-junior-6:adelaide-wildcats:none
metro-jets,amnd-winter-2012-sub-junior-6,Western Jets,,archive:amnd-winter-2012:sub-junior-6:metro-jets:none
sa-ladybirds,amnd-winter-2012-sub-junior-6,Ladybirds,,archive:amnd-winter-2012:sub-junior-6:sa-ladybirds:none
matrics,amnd-winter-2012-sub-junior-6,Matrics,,archive:amnd-winter-2012:sub-junior-6:matrics:none
harlequin,amnd-winter-2012-sub-junior-6,Harlequin,,archive:amnd-winter-2012:sub-junior-6:harlequin:none
contax,amnd-winter-2012-sub-junior-6,Contax,,archive:amnd-winter-2012:sub-junior-6:contax:none
matrics,amnd-winter-2012-sub-junior-7,Matrics,,archive:amnd-winter-2012:sub-junior-7:matrics:none
garville,amnd-winter-2012-sub-junior-7,Garville,,archive:amnd-winter-2012:sub-junior-7:garville:none
cheerio-netball-club,amnd-winter-2012-sub-junior-7,Cheerio,,archive:amnd-winter-2012:sub-junior-7:cheerio-netball-club:none
woods-panthers,amnd-winter-2012-sub-junior-7,Woods Panthers,,archive:amnd-winter-2012:sub-junior-7:woods-panthers:none
metro-jets,amnd-winter-2012-sub-junior-7,Western Jets,,archive:amnd-winter-2012:sub-junior-7:metro-jets:none
adelaide-cougars,amnd-winter-2012-sub-junior-7,Adelaide Cougars,,archive:amnd-winter-2012:sub-junior-7:adelaide-cougars:none
tango-netball-club-inc,amnd-winter-2012-sub-junior-8,Tango,,archive:amnd-winter-2012:sub-junior-8:tango-netball-club-inc:none
garville,amnd-winter-2012-sub-junior-8,Garville,,archive:amnd-winter-2012:sub-junior-8:garville:none
matrics,amnd-winter-2012-sub-junior-8,Matrics,,archive:amnd-winter-2012:sub-junior-8:matrics:none
oakdale-netball-club-sa,amnd-winter-2012-sub-junior-8,Oakdale,,archive:amnd-winter-2012:sub-junior-8:oakdale-netball-club-sa:none
norwood-netball-club,amnd-winter-2012-sub-junior-8,Newton Jaguars,,archive:amnd-winter-2012:sub-junior-8:norwood-netball-club:none
woods-panthers,amnd-winter-2012-sub-junior-8,Woods Panthers,,archive:amnd-winter-2012:sub-junior-8:woods-panthers:none
adelaide-wildcats,amnd-winter-2012-sub-junior-8,Adelaide Wildcats,,archive:amnd-winter-2012:sub-junior-8:adelaide-wildcats:none
metro-jets,amnd-winter-2012-sub-junior-8,Western Jets,,archive:amnd-winter-2012:sub-junior-8:metro-jets:none
fielders-flames,amnd-winter-2013-a-grade,Flames,,archive:amnd-winter-2013:a-grade:fielders-flames:none
adelaide-wildcats,amnd-winter-2013-a-grade,Adelaide Wildcats,,archive:amnd-winter-2013:a-grade:adelaide-wildcats:none
oakdale-netball-club-sa,amnd-winter-2013-a-grade,Oakdale Phoenix,,archive:amnd-winter-2013:a-grade:oakdale-netball-club-sa:none
norwood-netball-club,amnd-winter-2013-a-grade,Newton Jaguars,,archive:amnd-winter-2013:a-grade:norwood-netball-club:none
woods-panthers,amnd-winter-2013-a-grade,Woods Panthers,,archive:amnd-winter-2013:a-grade:woods-panthers:none
cheerio-netball-club,amnd-winter-2013-a-grade,Cheerio Phoenix,,archive:amnd-winter-2013:a-grade:cheerio-netball-club:none
contax,amnd-winter-2013-a-grade,Contax,,archive:amnd-winter-2013:a-grade:contax:none
matrics,amnd-winter-2013-a-grade,Matrics,,archive:amnd-winter-2013:a-grade:matrics:none
harlequin,amnd-winter-2013-a-grade,Harlequin,,archive:amnd-winter-2013:a-grade:harlequin:none
tango-netball-club-inc,amnd-winter-2013-a-grade,Tango,,archive:amnd-winter-2013:a-grade:tango-netball-club-inc:none
adelaide-wildcats,amnd-winter-2013-amnd-league,Adelaide Wildcats,,archive:amnd-winter-2013:amnd-league:adelaide-wildcats:none
cheerio-netball-club,amnd-winter-2013-amnd-league,Cheerio Phoenix,,archive:amnd-winter-2013:amnd-league:cheerio-netball-club:none
matrics,amnd-winter-2013-amnd-league,Matrics,,archive:amnd-winter-2013:amnd-league:matrics:none
oakdale-netball-club-sa,amnd-winter-2013-amnd-league,Oakdale Phoenix,,archive:amnd-winter-2013:amnd-league:oakdale-netball-club-sa:none
woods-panthers,amnd-winter-2013-amnd-league,Woods Panthers,,archive:amnd-winter-2013:amnd-league:woods-panthers:none
contax,amnd-winter-2013-amnd-league,Contax,,archive:amnd-winter-2013:amnd-league:contax:none
norwood-netball-club,amnd-winter-2013-amnd-league,Newton Jaguars,,archive:amnd-winter-2013:amnd-league:norwood-netball-club:none
tango-netball-club-inc,amnd-winter-2013-amnd-league,Tango,,archive:amnd-winter-2013:amnd-league:tango-netball-club-inc:none
metro-jets,amnd-winter-2013-amnd-league,Western Jets,,archive:amnd-winter-2013:amnd-league:metro-jets:none
garville,amnd-winter-2013-amnd-league,Garville,,archive:amnd-winter-2013:amnd-league:garville:none
harlequin,amnd-winter-2013-amnd-league,Harlequin,,archive:amnd-winter-2013:amnd-league:harlequin:none
adelaide-cougars,amnd-winter-2013-amnd-league,Adelaide Cougars,,archive:amnd-winter-2013:amnd-league:adelaide-cougars:none
adelaide-swish,amnd-winter-2013-b-1,Swish,,archive:amnd-winter-2013:b-1:adelaide-swish:none
adelaide-university,amnd-winter-2013-b-1,Adelaide University,,archive:amnd-winter-2013:b-1:adelaide-university:none
woods-panthers,amnd-winter-2013-b-1,Woods Panthers,,archive:amnd-winter-2013:b-1:woods-panthers:none
adelaide-wildcats,amnd-winter-2013-b-1,Adelaide Wildcats,,archive:amnd-winter-2013:b-1:adelaide-wildcats:none
garville,amnd-winter-2013-b-1,Garville,,archive:amnd-winter-2013:b-1:garville:none
sacred-heart-o-c,amnd-winter-2013-b-1,Sacred Heart O.C.,,archive:amnd-winter-2013:b-1:sacred-heart-o-c:none
cheerio-netball-club,amnd-winter-2013-b-1,Cheerio Phoenix,,archive:amnd-winter-2013:b-1:cheerio-netball-club:none
contax,amnd-winter-2013-b-1,Contax,,archive:amnd-winter-2013:b-1:contax:none
oakdale-netball-club-sa,amnd-winter-2013-b-1,Oakdale Phoenix,,archive:amnd-winter-2013:b-1:oakdale-netball-club-sa:none
adelaide-cougars,amnd-winter-2013-b-1,Adelaide Cougars,,archive:amnd-winter-2013:b-1:adelaide-cougars:none
adelaide-swish,amnd-winter-2013-b-2,Swish,,archive:amnd-winter-2013:b-2:adelaide-swish:none
pembroke-o-s,amnd-winter-2013-b-2,Pembroke O.S.,,archive:amnd-winter-2013:b-2:pembroke-o-s:none
walkerville,amnd-winter-2013-b-2,Walkerville,,archive:amnd-winter-2013:b-2:walkerville:none
city-coasters,amnd-winter-2013-b-2,City Coasters,,archive:amnd-winter-2013:b-2:city-coasters:none
matrics,amnd-winter-2013-b-2,Matrics,,archive:amnd-winter-2013:b-2:matrics:none
adelaide-wildcats,amnd-winter-2013-b-2,Adelaide Wildcats,,archive:amnd-winter-2013:b-2:adelaide-wildcats:none
contax,amnd-winter-2013-b-2,Contax,,archive:amnd-winter-2013:b-2:contax:none
seymour-o-c,amnd-winter-2013-b-2,Seymour O.C.,,archive:amnd-winter-2013:b-2:seymour-o-c:none
oakdale-netball-club-sa,amnd-winter-2013-b-2,Oakdale Phoenix,,archive:amnd-winter-2013:b-2:oakdale-netball-club-sa:none
garville,amnd-winter-2013-b-2,Garville,,archive:amnd-winter-2013:b-2:garville:none
metro-jets,amnd-winter-2013-b-3,Western Jets,,archive:amnd-winter-2013:b-3:metro-jets:none
woods-panthers,amnd-winter-2013-b-3,Woods Panthers,,archive:amnd-winter-2013:b-3:woods-panthers:none
walkerville,amnd-winter-2013-b-3,Walkerville,,archive:amnd-winter-2013:b-3:walkerville:none
adelaide-university,amnd-winter-2013-b-3,Adelaide University,,archive:amnd-winter-2013:b-3:adelaide-university:none
cheerio-netball-club,amnd-winter-2013-b-3,Cheerio Phoenix,,archive:amnd-winter-2013:b-3:cheerio-netball-club:none
tango-netball-club-inc,amnd-winter-2013-b-3,Tango,,archive:amnd-winter-2013:b-3:tango-netball-club-inc:none
norwood-netball-club,amnd-winter-2013-b-3,Newton Jaguars,,archive:amnd-winter-2013:b-3:norwood-netball-club:none
contax,amnd-winter-2013-b-3,Contax,,archive:amnd-winter-2013:b-3:contax:none
matrics,amnd-winter-2013-b-4,Matrics,,archive:amnd-winter-2013:b-4:matrics:none
mosa,amnd-winter-2013-b-4,MOSA,,archive:amnd-winter-2013:b-4:mosa:none
sacred-heart-o-c,amnd-winter-2013-b-4,Sacred Heart O.C.,,archive:amnd-winter-2013:b-4:sacred-heart-o-c:none
old-ignatians,amnd-winter-2013-b-4,Old Ignatians,,archive:amnd-winter-2013:b-4:old-ignatians:none
walkerville,amnd-winter-2013-b-4,Walkerville,,archive:amnd-winter-2013:b-4:walkerville:none
city-coasters,amnd-winter-2013-b-4,City Coasters,,archive:amnd-winter-2013:b-4:city-coasters:none
metro-jets,amnd-winter-2013-b-4,Western Jets,,archive:amnd-winter-2013:b-4:metro-jets:none
adelaide-cougars,amnd-winter-2013-b-4,Adelaide Cougars,,archive:amnd-winter-2013:b-4:adelaide-cougars:none
westminster-o-s,amnd-winter-2013-b-4,Westminster O.S.,,archive:amnd-winter-2013:b-4:westminster-o-s:none
adelaide-wildcats,amnd-winter-2013-b-4,Adelaide Wildcats,,archive:amnd-winter-2013:b-4:adelaide-wildcats:none
oakdale-netball-club-sa,amnd-winter-2013-b-5,Oakdale Phoenix,1,archive:amnd-winter-2013:b-5:oakdale-netball-club-sa:1
pembroke-o-s,amnd-winter-2013-b-5,Pembroke O.S.,,archive:amnd-winter-2013:b-5:pembroke-o-s:none
sacred-heart-o-c,amnd-winter-2013-b-5,Sacred Heart O.C.,,archive:amnd-winter-2013:b-5:sacred-heart-o-c:none
flinders-university,amnd-winter-2013-b-5,Flinders University,,archive:amnd-winter-2013:b-5:flinders-university:none
woods-panthers,amnd-winter-2013-b-5,Woods Panthers,,archive:amnd-winter-2013:b-5:woods-panthers:none
cheerio-netball-club,amnd-winter-2013-b-5,Cheerio Phoenix,,archive:amnd-winter-2013:b-5:cheerio-netball-club:none
adelaide-university,amnd-winter-2013-b-5,Adelaide University,,archive:amnd-winter-2013:b-5:adelaide-university:none
harlequin,amnd-winter-2013-b-5,Harlequin,,archive:amnd-winter-2013:b-5:harlequin:none
metro-jets,amnd-winter-2013-b-5,Western Jets,,archive:amnd-winter-2013:b-5:metro-jets:none
oakdale-netball-club-sa,amnd-winter-2013-b-5,Oakdale Phoenix,2,archive:amnd-winter-2013:b-5:oakdale-netball-club-sa:2
city-coasters,amnd-winter-2013-c-1,City Coasters,,archive:amnd-winter-2013:c-1:city-coasters:none
pembroke-o-s,amnd-winter-2013-c-1,Pembroke O.S.,,archive:amnd-winter-2013:c-1:pembroke-o-s:none
walkerville,amnd-winter-2013-c-1,Walkerville,,archive:amnd-winter-2013:c-1:walkerville:none
harlequin,amnd-winter-2013-c-1,Harlequin,,archive:amnd-winter-2013:c-1:harlequin:none
adelaide-wildcats,amnd-winter-2013-c-1,Adelaide Wildcats,,archive:amnd-winter-2013:c-1:adelaide-wildcats:none
cheerio-netball-club,amnd-winter-2013-c-1,Cheerio Phoenix,,archive:amnd-winter-2013:c-1:cheerio-netball-club:none
matrics,amnd-winter-2013-c-1,Matrics,,archive:amnd-winter-2013:c-1:matrics:none
flinders-university,amnd-winter-2013-c-1,Flinders University,,archive:amnd-winter-2013:c-1:flinders-university:none
city-coasters,amnd-winter-2013-c-2,City Coasters,,archive:amnd-winter-2013:c-2:city-coasters:none
adelaide-swish,amnd-winter-2013-c-2,Swish,,archive:amnd-winter-2013:c-2:adelaide-swish:none
pembroke-o-s,amnd-winter-2013-c-2,Pembroke O.S.,,archive:amnd-winter-2013:c-2:pembroke-o-s:none
walkerville,amnd-winter-2013-c-2,Walkerville,,archive:amnd-winter-2013:c-2:walkerville:none
old-ignatians,amnd-winter-2013-c-2,Old Ignatians,,archive:amnd-winter-2013:c-2:old-ignatians:none
westminster-o-s,amnd-winter-2013-c-2,Westminster O.S.,,archive:amnd-winter-2013:c-2:westminster-o-s:none
adelaide-university,amnd-winter-2013-c-2,Adelaide University,,archive:amnd-winter-2013:c-2:adelaide-university:none
woods-panthers,amnd-winter-2013-c-2,Woods Panthers,,archive:amnd-winter-2013:c-2:woods-panthers:none
metro-jets,amnd-winter-2013-c-2,Western Jets,,archive:amnd-winter-2013:c-2:metro-jets:none
adelaide-cougars,amnd-winter-2013-c-2,Adelaide Cougars,,archive:amnd-winter-2013:c-2:adelaide-cougars:none
garville,amnd-winter-2013-c-3,Garville,,archive:amnd-winter-2013:c-3:garville:none
old-ignatians,amnd-winter-2013-c-3,Old Ignatians,,archive:amnd-winter-2013:c-3:old-ignatians:none
walkerville,amnd-winter-2013-c-3,Walkerville,,archive:amnd-winter-2013:c-3:walkerville:none
semaphore,amnd-winter-2013-c-3,Semaphore,,archive:amnd-winter-2013:c-3:semaphore:none
sacred-heart-o-c,amnd-winter-2013-c-3,Sacred Heart O.C.,,archive:amnd-winter-2013:c-3:sacred-heart-o-c:none
adelaide-wildcats,amnd-winter-2013-c-3,Adelaide Wildcats,,archive:amnd-winter-2013:c-3:adelaide-wildcats:none
adelaide-university,amnd-winter-2013-c-3,Adelaide University,,archive:amnd-winter-2013:c-3:adelaide-university:none
pembroke-o-s,amnd-winter-2013-c-3,Pembroke O.S.,,archive:amnd-winter-2013:c-3:pembroke-o-s:none
city-coasters,amnd-winter-2013-c-3,City Coasters,,archive:amnd-winter-2013:c-3:city-coasters:none
flinders-university,amnd-winter-2013-c-3,Flinders University,,archive:amnd-winter-2013:c-3:flinders-university:none
old-ignatians,amnd-winter-2013-c-4,Old Ignatians,,archive:amnd-winter-2013:c-4:old-ignatians:none
pembroke-o-s,amnd-winter-2013-c-4,Pembroke O.S.,,archive:amnd-winter-2013:c-4:pembroke-o-s:none
westminster-o-s,amnd-winter-2013-c-4,Westminster O.S.,,archive:amnd-winter-2013:c-4:westminster-o-s:none
semaphore,amnd-winter-2013-c-4,Semaphore,,archive:amnd-winter-2013:c-4:semaphore:none
walkerville,amnd-winter-2013-c-4,Walkerville,2,archive:amnd-winter-2013:c-4:walkerville:2
mosa,amnd-winter-2013-c-4,MOSA,,archive:amnd-winter-2013:c-4:mosa:none
walkerville,amnd-winter-2013-c-4,Walkerville,1,archive:amnd-winter-2013:c-4:walkerville:1
adelaide-university,amnd-winter-2013-c-4,Adelaide University,,archive:amnd-winter-2013:c-4:adelaide-university:none
flinders-university,amnd-winter-2013-c-4,Flinders University,,archive:amnd-winter-2013:c-4:flinders-university:none
semaphore,amnd-winter-2013-c-6,Semaphore,,archive:amnd-winter-2013:c-6:semaphore:none
norwood-netball-club,amnd-winter-2013-c-6,Newton Jaguars,,archive:amnd-winter-2013:c-6:norwood-netball-club:none
matrics,amnd-winter-2013-c-6,Matrics,,archive:amnd-winter-2013:c-6:matrics:none
contax,amnd-winter-2013-c-6,Contax,,archive:amnd-winter-2013:c-6:contax:none
woods-panthers,amnd-winter-2013-c-6,Woods Panthers,,archive:amnd-winter-2013:c-6:woods-panthers:none
harlequin,amnd-winter-2013-c-6,Harlequin,,archive:amnd-winter-2013:c-6:harlequin:none
oakdale-netball-club-sa,amnd-winter-2013-inter-1,Oakdale Phoenix,,archive:amnd-winter-2013:inter-1:oakdale-netball-club-sa:none
garville,amnd-winter-2013-inter-1,Garville,,archive:amnd-winter-2013:inter-1:garville:none
contax,amnd-winter-2013-inter-1,Contax,,archive:amnd-winter-2013:inter-1:contax:none
norwood-netball-club,amnd-winter-2013-inter-1,Newton Jaguars,,archive:amnd-winter-2013:inter-1:norwood-netball-club:none
matrics,amnd-winter-2013-inter-1,Matrics,,archive:amnd-winter-2013:inter-1:matrics:none
tango-netball-club-inc,amnd-winter-2013-inter-1,Tango,,archive:amnd-winter-2013:inter-1:tango-netball-club-inc:none
metro-jets,amnd-winter-2013-inter-1,Western Jets,,archive:amnd-winter-2013:inter-1:metro-jets:none
harlequin,amnd-winter-2013-inter-1,Harlequin,,archive:amnd-winter-2013:inter-1:harlequin:none
adelaide-cougars,amnd-winter-2013-inter-1,Adelaide Cougars,,archive:amnd-winter-2013:inter-1:adelaide-cougars:none
woods-panthers,amnd-winter-2013-inter-1,Woods Panthers,,archive:amnd-winter-2013:inter-1:woods-panthers:none
matrics,amnd-winter-2013-inter-2,Matrics,,archive:amnd-winter-2013:inter-2:matrics:none
contax,amnd-winter-2013-inter-2,Contax,1,archive:amnd-winter-2013:inter-2:contax:1
contax,amnd-winter-2013-inter-2,Contax,2,archive:amnd-winter-2013:inter-2:contax:2
oakdale-netball-club-sa,amnd-winter-2013-inter-2,Oakdale Phoenix,,archive:amnd-winter-2013:inter-2:oakdale-netball-club-sa:none
tango-netball-club-inc,amnd-winter-2013-inter-2,Tango,,archive:amnd-winter-2013:inter-2:tango-netball-club-inc:none
metro-jets,amnd-winter-2013-inter-2,Western Jets,,archive:amnd-winter-2013:inter-2:metro-jets:none
garville,amnd-winter-2013-inter-2,Garville,,archive:amnd-winter-2013:inter-2:garville:none
norwood-netball-club,amnd-winter-2013-inter-2,Newton Jaguars,,archive:amnd-winter-2013:inter-2:norwood-netball-club:none
woods-panthers,amnd-winter-2013-inter-3,Woods Panthers,1,archive:amnd-winter-2013:inter-3:woods-panthers:1
matrics,amnd-winter-2013-inter-3,Matrics,,archive:amnd-winter-2013:inter-3:matrics:none
metro-jets,amnd-winter-2013-inter-3,Western Jets,,archive:amnd-winter-2013:inter-3:metro-jets:none
tango-netball-club-inc,amnd-winter-2013-inter-3,Tango,,archive:amnd-winter-2013:inter-3:tango-netball-club-inc:none
oakdale-netball-club-sa,amnd-winter-2013-inter-3,Oakdale Phoenix,,archive:amnd-winter-2013:inter-3:oakdale-netball-club-sa:none
woods-panthers,amnd-winter-2013-inter-3,Woods Panthers,2,archive:amnd-winter-2013:inter-3:woods-panthers:2
adelaide-wildcats,amnd-winter-2013-inter-3,Adelaide Wildcats,,archive:amnd-winter-2013:inter-3:adelaide-wildcats:none
garville,amnd-winter-2013-inter-3,Garville,,archive:amnd-winter-2013:inter-3:garville:none
harlequin,amnd-winter-2013-inter-3,Harlequin,,archive:amnd-winter-2013:inter-3:harlequin:none
metro-jets,amnd-winter-2013-inter-4,Western Jets,,archive:amnd-winter-2013:inter-4:metro-jets:none
northeast-zodiac,amnd-winter-2013-inter-4,Northeast Zodiac,,archive:amnd-winter-2013:inter-4:northeast-zodiac:none
fielders-flames,amnd-winter-2013-inter-4,Flames,,archive:amnd-winter-2013:inter-4:fielders-flames:none
contax,amnd-winter-2013-inter-4,Contax,1,archive:amnd-winter-2013:inter-4:contax:1
norwood-netball-club,amnd-winter-2013-inter-4,Newton Jaguars,,archive:amnd-winter-2013:inter-4:norwood-netball-club:none
adelaide-cougars,amnd-winter-2013-inter-4,Adelaide Cougars,,archive:amnd-winter-2013:inter-4:adelaide-cougars:none
cheerio-netball-club,amnd-winter-2013-inter-4,Cheerio Phoenix,,archive:amnd-winter-2013:inter-4:cheerio-netball-club:none
oakdale-netball-club-sa,amnd-winter-2013-inter-4,Oakdale Phoenix,,archive:amnd-winter-2013:inter-4:oakdale-netball-club-sa:none
tango-netball-club-inc,amnd-winter-2013-inter-4,Tango,,archive:amnd-winter-2013:inter-4:tango-netball-club-inc:none
contax,amnd-winter-2013-inter-4,Contax,2,archive:amnd-winter-2013:inter-4:contax:2
garville,amnd-winter-2013-inter-5,Garville,,archive:amnd-winter-2013:inter-5:garville:none
metro-jets,amnd-winter-2013-inter-5,Western Jets,1,archive:amnd-winter-2013:inter-5:metro-jets:1
adelaide-cougars,amnd-winter-2013-inter-5,Adelaide Cougars,1,archive:amnd-winter-2013:inter-5:adelaide-cougars:1
matrics,amnd-winter-2013-inter-5,Matrics,,archive:amnd-winter-2013:inter-5:matrics:none
tango-netball-club-inc,amnd-winter-2013-inter-5,Tango,,archive:amnd-winter-2013:inter-5:tango-netball-club-inc:none
semaphore,amnd-winter-2013-inter-5,Semaphore,,archive:amnd-winter-2013:inter-5:semaphore:none
woods-panthers,amnd-winter-2013-inter-5,Woods Panthers,,archive:amnd-winter-2013:inter-5:woods-panthers:none
adelaide-cougars,amnd-winter-2013-inter-5,Adelaide Cougars,2,archive:amnd-winter-2013:inter-5:adelaide-cougars:2
oakdale-netball-club-sa,amnd-winter-2013-inter-5,Oakdale Phoenix,,archive:amnd-winter-2013:inter-5:oakdale-netball-club-sa:none
metro-jets,amnd-winter-2013-inter-5,Western Jets,2,archive:amnd-winter-2013:inter-5:metro-jets:2
oakdale-netball-club-sa,amnd-winter-2013-junior-1,Oakdale Phoenix,,archive:amnd-winter-2013:junior-1:oakdale-netball-club-sa:none
contax,amnd-winter-2013-junior-1,Contax,,archive:amnd-winter-2013:junior-1:contax:none
woods-panthers,amnd-winter-2013-junior-1,Woods Panthers,,archive:amnd-winter-2013:junior-1:woods-panthers:none
adelaide-cougars,amnd-winter-2013-junior-1,Adelaide Cougars,,archive:amnd-winter-2013:junior-1:adelaide-cougars:none
garville,amnd-winter-2013-junior-1,Garville,,archive:amnd-winter-2013:junior-1:garville:none
metro-jets,amnd-winter-2013-junior-1,Western Jets,,archive:amnd-winter-2013:junior-1:metro-jets:none
matrics,amnd-winter-2013-junior-1,Matrics,,archive:amnd-winter-2013:junior-1:matrics:none
norwood-netball-club,amnd-winter-2013-junior-1,Newton Jaguars,,archive:amnd-winter-2013:junior-1:norwood-netball-club:none
contax,amnd-winter-2013-junior-2,Contax,,archive:amnd-winter-2013:junior-2:contax:none
oakdale-netball-club-sa,amnd-winter-2013-junior-2,Oakdale Phoenix,,archive:amnd-winter-2013:junior-2:oakdale-netball-club-sa:none
garville,amnd-winter-2013-junior-2,Garville,,archive:amnd-winter-2013:junior-2:garville:none
tango-netball-club-inc,amnd-winter-2013-junior-2,Tango,,archive:amnd-winter-2013:junior-2:tango-netball-club-inc:none
adelaide-wildcats,amnd-winter-2013-junior-2,Adelaide Wildcats,,archive:amnd-winter-2013:junior-2:adelaide-wildcats:none
woods-panthers,amnd-winter-2013-junior-2,Woods Panthers,,archive:amnd-winter-2013:junior-2:woods-panthers:none
matrics,amnd-winter-2013-junior-2,Matrics,,archive:amnd-winter-2013:junior-2:matrics:none
adelaide-cougars,amnd-winter-2013-junior-2,Adelaide Cougars,,archive:amnd-winter-2013:junior-2:adelaide-cougars:none
contax,amnd-winter-2013-junior-3,Contax,,archive:amnd-winter-2013:junior-3:contax:none
woods-panthers,amnd-winter-2013-junior-3,Woods Panthers,,archive:amnd-winter-2013:junior-3:woods-panthers:none
garville,amnd-winter-2013-junior-3,Garville,,archive:amnd-winter-2013:junior-3:garville:none
tango-netball-club-inc,amnd-winter-2013-junior-3,Tango,,archive:amnd-winter-2013:junior-3:tango-netball-club-inc:none
metro-jets,amnd-winter-2013-junior-3,Western Jets,,archive:amnd-winter-2013:junior-3:metro-jets:none
matrics,amnd-winter-2013-junior-3,Matrics,,archive:amnd-winter-2013:junior-3:matrics:none
harlequin,amnd-winter-2013-junior-3,Harlequin,,archive:amnd-winter-2013:junior-3:harlequin:none
norwood-netball-club,amnd-winter-2013-junior-3,Newton Jaguars,,archive:amnd-winter-2013:junior-3:norwood-netball-club:none
oakdale-netball-club-sa,amnd-winter-2013-junior-4,Oakdale Phoenix,,archive:amnd-winter-2013:junior-4:oakdale-netball-club-sa:none
cheerio-netball-club,amnd-winter-2013-junior-4,Cheerio Phoenix,,archive:amnd-winter-2013:junior-4:cheerio-netball-club:none
contax,amnd-winter-2013-junior-4,Contax,1,archive:amnd-winter-2013:junior-4:contax:1
contax,amnd-winter-2013-junior-4,Contax,2,archive:amnd-winter-2013:junior-4:contax:2
metro-jets,amnd-winter-2013-junior-4,Western Jets,,archive:amnd-winter-2013:junior-4:metro-jets:none
woods-panthers,amnd-winter-2013-junior-4,Woods Panthers,,archive:amnd-winter-2013:junior-4:woods-panthers:none
norwood-netball-club,amnd-winter-2013-junior-4,Newton Jaguars,,archive:amnd-winter-2013:junior-4:norwood-netball-club:none
matrics,amnd-winter-2013-junior-4,Matrics,,archive:amnd-winter-2013:junior-4:matrics:none
adelaide-cougars,amnd-winter-2013-junior-5,Adelaide Cougars,,archive:amnd-winter-2013:junior-5:adelaide-cougars:none
northeast-zodiac,amnd-winter-2013-junior-5,Northeast Zodiac,,archive:amnd-winter-2013:junior-5:northeast-zodiac:none
oakdale-netball-club-sa,amnd-winter-2013-junior-5,Oakdale Phoenix,2,archive:amnd-winter-2013:junior-5:oakdale-netball-club-sa:2
garville,amnd-winter-2013-junior-5,Garville,,archive:amnd-winter-2013:junior-5:garville:none
oakdale-netball-club-sa,amnd-winter-2013-junior-5,Oakdale Phoenix,1,archive:amnd-winter-2013:junior-5:oakdale-netball-club-sa:1
tango-netball-club-inc,amnd-winter-2013-junior-5,Tango,,archive:amnd-winter-2013:junior-5:tango-netball-club-inc:none
metro-jets,amnd-winter-2013-junior-5,Western Jets,,archive:amnd-winter-2013:junior-5:metro-jets:none
harlequin,amnd-winter-2013-junior-5,Harlequin,,archive:amnd-winter-2013:junior-5:harlequin:none
contax,amnd-winter-2013-junior-6,Contax,,archive:amnd-winter-2013:junior-6:contax:none
tango-netball-club-inc,amnd-winter-2013-junior-6,Tango,,archive:amnd-winter-2013:junior-6:tango-netball-club-inc:none
matrics,amnd-winter-2013-junior-6,Matrics,,archive:amnd-winter-2013:junior-6:matrics:none
woods-panthers,amnd-winter-2013-junior-6,Woods Panthers,,archive:amnd-winter-2013:junior-6:woods-panthers:none
garville,amnd-winter-2013-junior-6,Garville,,archive:amnd-winter-2013:junior-6:garville:none
norwood-netball-club,amnd-winter-2013-junior-6,Newton Jaguars,,archive:amnd-winter-2013:junior-6:norwood-netball-club:none
cheerio-netball-club,amnd-winter-2013-junior-6,Cheerio Phoenix,,archive:amnd-winter-2013:junior-6:cheerio-netball-club:none
metro-jets,amnd-winter-2013-junior-6,Western Jets,,archive:amnd-winter-2013:junior-6:metro-jets:none
adelaide-cougars,amnd-winter-2013-junior-7,Adelaide Cougars,,archive:amnd-winter-2013:junior-7:adelaide-cougars:none
metro-jets,amnd-winter-2013-junior-7,Western Jets,,archive:amnd-winter-2013:junior-7:metro-jets:none
woods-panthers,amnd-winter-2013-junior-7,Woods Panthers,1,archive:amnd-winter-2013:junior-7:woods-panthers:1
oakdale-netball-club-sa,amnd-winter-2013-junior-7,Oakdale Phoenix,1,archive:amnd-winter-2013:junior-7:oakdale-netball-club-sa:1
woods-panthers,amnd-winter-2013-junior-7,Woods Panthers,2,archive:amnd-winter-2013:junior-7:woods-panthers:2
garville,amnd-winter-2013-junior-7,Garville,,archive:amnd-winter-2013:junior-7:garville:none
oakdale-netball-club-sa,amnd-winter-2013-junior-7,Oakdale Phoenix,2,archive:amnd-winter-2013:junior-7:oakdale-netball-club-sa:2
adelaide-wildcats,amnd-winter-2013-junior-7,Adelaide Wildcats,,archive:amnd-winter-2013:junior-7:adelaide-wildcats:none
matrics,amnd-winter-2013-junior-8,Matrics,,archive:amnd-winter-2013:junior-8:matrics:none
semaphore,amnd-winter-2013-junior-8,Semaphore,,archive:amnd-winter-2013:junior-8:semaphore:none
woods-panthers,amnd-winter-2013-junior-8,Woods Panthers,,archive:amnd-winter-2013:junior-8:woods-panthers:none
metro-jets,amnd-winter-2013-junior-8,Western Jets,1,archive:amnd-winter-2013:junior-8:metro-jets:1
cheerio-netball-club,amnd-winter-2013-junior-8,Cheerio Phoenix,,archive:amnd-winter-2013:junior-8:cheerio-netball-club:none
adelaide-cougars,amnd-winter-2013-junior-8,Adelaide Cougars,,archive:amnd-winter-2013:junior-8:adelaide-cougars:none
norwood-netball-club,amnd-winter-2013-junior-8,Newton Jaguars,,archive:amnd-winter-2013:junior-8:norwood-netball-club:none
oakdale-netball-club-sa,amnd-winter-2013-junior-8,Oakdale Phoenix,,archive:amnd-winter-2013:junior-8:oakdale-netball-club-sa:none
tango-netball-club-inc,amnd-winter-2013-junior-8,Tango,,archive:amnd-winter-2013:junior-8:tango-netball-club-inc:none
metro-jets,amnd-winter-2013-junior-8,Western Jets,2,archive:amnd-winter-2013:junior-8:metro-jets:2
garville,amnd-winter-2013-primary-1,Garville,,archive:amnd-winter-2013:primary-1:garville:none
tango-netball-club-inc,amnd-winter-2013-primary-1,Tango,,archive:amnd-winter-2013:primary-1:tango-netball-club-inc:none
contax,amnd-winter-2013-primary-1,Contax,1,archive:amnd-winter-2013:primary-1:contax:1
woods-panthers,amnd-winter-2013-primary-1,Woods Panthers,,archive:amnd-winter-2013:primary-1:woods-panthers:none
matrics,amnd-winter-2013-primary-1,Matrics,,archive:amnd-winter-2013:primary-1:matrics:none
contax,amnd-winter-2013-primary-1,Contax,2,archive:amnd-winter-2013:primary-1:contax:2
metro-jets,amnd-winter-2013-primary-1,Western Jets,,archive:amnd-winter-2013:primary-1:metro-jets:none
oakdale-netball-club-sa,amnd-winter-2013-primary-1,Oakdale Phoenix,,archive:amnd-winter-2013:primary-1:oakdale-netball-club-sa:none
garville,amnd-winter-2013-primary-2,Garville,,archive:amnd-winter-2013:primary-2:garville:none
tango-netball-club-inc,amnd-winter-2013-primary-2,Tango,,archive:amnd-winter-2013:primary-2:tango-netball-club-inc:none
adelaide-wildcats,amnd-winter-2013-primary-2,Adelaide Wildcats,,archive:amnd-winter-2013:primary-2:adelaide-wildcats:none
woods-panthers,amnd-winter-2013-primary-2,Woods Panthers,,archive:amnd-winter-2013:primary-2:woods-panthers:none
norwood-netball-club,amnd-winter-2013-primary-2,Newton Jaguars,,archive:amnd-winter-2013:primary-2:norwood-netball-club:none
metro-jets,amnd-winter-2013-primary-2,Western Jets,,archive:amnd-winter-2013:primary-2:metro-jets:none
matrics,amnd-winter-2013-primary-2,Matrics,,archive:amnd-winter-2013:primary-2:matrics:none
contax,amnd-winter-2013-primary-3,Contax,,archive:amnd-winter-2013:primary-3:contax:none
metro-jets,amnd-winter-2013-primary-3,Western Jets,,archive:amnd-winter-2013:primary-3:metro-jets:none
matrics,amnd-winter-2013-primary-3,Matrics,,archive:amnd-winter-2013:primary-3:matrics:none
oakdale-netball-club-sa,amnd-winter-2013-primary-3,Oakdale Phoenix,,archive:amnd-winter-2013:primary-3:oakdale-netball-club-sa:none
harlequin,amnd-winter-2013-primary-3,Harlequin,,archive:amnd-winter-2013:primary-3:harlequin:none
norwood-netball-club,amnd-winter-2013-primary-3,Newton Jaguars,,archive:amnd-winter-2013:primary-3:norwood-netball-club:none
tango-netball-club-inc,amnd-winter-2013-primary-4,Tango,,archive:amnd-winter-2013:primary-4:tango-netball-club-inc:none
adelaide-wildcats,amnd-winter-2013-primary-4,Adelaide Wildcats,,archive:amnd-winter-2013:primary-4:adelaide-wildcats:none
contax,amnd-winter-2013-primary-4,Contax,,archive:amnd-winter-2013:primary-4:contax:none
woods-panthers,amnd-winter-2013-primary-4,Woods Panthers,,archive:amnd-winter-2013:primary-4:woods-panthers:none
matrics,amnd-winter-2013-primary-4,Matrics,,archive:amnd-winter-2013:primary-4:matrics:none
metro-jets,amnd-winter-2013-primary-4,Western Jets,,archive:amnd-winter-2013:primary-4:metro-jets:none
adelaide-cougars,amnd-winter-2013-primary-4,Adelaide Cougars,,archive:amnd-winter-2013:primary-4:adelaide-cougars:none
garville,amnd-winter-2013-primary-4,Garville,,archive:amnd-winter-2013:primary-4:garville:none
cheerio-netball-club,amnd-winter-2013-primary-5,Cheerio Phoenix,,archive:amnd-winter-2013:primary-5:cheerio-netball-club:none
northeast-zodiac,amnd-winter-2013-primary-5,Northeast Zodiac,,archive:amnd-winter-2013:primary-5:northeast-zodiac:none
adelaide-wildcats,amnd-winter-2013-primary-5,Adelaide Wildcats,,archive:amnd-winter-2013:primary-5:adelaide-wildcats:none
tango-netball-club-inc,amnd-winter-2013-primary-5,Tango,,archive:amnd-winter-2013:primary-5:tango-netball-club-inc:none
metro-jets,amnd-winter-2013-primary-5,Western Jets,,archive:amnd-winter-2013:primary-5:metro-jets:none
oakdale-netball-club-sa,amnd-winter-2013-primary-5,Oakdale Phoenix,,archive:amnd-winter-2013:primary-5:oakdale-netball-club-sa:none
norwood-netball-club,amnd-winter-2013-primary-5,Newton Jaguars,,archive:amnd-winter-2013:primary-5:norwood-netball-club:none
matrics,amnd-winter-2013-primary-5,Matrics,,archive:amnd-winter-2013:primary-5:matrics:none
contax,amnd-winter-2013-primary-6,Contax,,archive:amnd-winter-2013:primary-6:contax:none
garville,amnd-winter-2013-primary-6,Garville,,archive:amnd-winter-2013:primary-6:garville:none
woods-panthers,amnd-winter-2013-primary-6,Woods Panthers,,archive:amnd-winter-2013:primary-6:woods-panthers:none
adelaide-cougars,amnd-winter-2013-primary-6,Adelaide Cougars,,archive:amnd-winter-2013:primary-6:adelaide-cougars:none
northeast-zodiac,amnd-winter-2013-primary-6,Northeast Zodiac,,archive:amnd-winter-2013:primary-6:northeast-zodiac:none
norwood-netball-club,amnd-winter-2013-primary-6,Newton Jaguars,,archive:amnd-winter-2013:primary-6:norwood-netball-club:none
metro-jets,amnd-winter-2013-primary-6,Western Jets,,archive:amnd-winter-2013:primary-6:metro-jets:none
tango-netball-club-inc,amnd-winter-2013-primary-7,Tango,,archive:amnd-winter-2013:primary-7:tango-netball-club-inc:none
adelaide-wildcats,amnd-winter-2013-primary-7,Adelaide Wildcats,,archive:amnd-winter-2013:primary-7:adelaide-wildcats:none
oakdale-netball-club-sa,amnd-winter-2013-primary-7,Oakdale Phoenix,,archive:amnd-winter-2013:primary-7:oakdale-netball-club-sa:none
woods-panthers,amnd-winter-2013-primary-7,Woods Panthers,,archive:amnd-winter-2013:primary-7:woods-panthers:none
contax,amnd-winter-2013-primary-7,Contax,,archive:amnd-winter-2013:primary-7:contax:none
cheerio-netball-club,amnd-winter-2013-primary-7,Cheerio Phoenix,,archive:amnd-winter-2013:primary-7:cheerio-netball-club:none
matrics,amnd-winter-2013-primary-7,Matrics,,archive:amnd-winter-2013:primary-7:matrics:none
garville,amnd-winter-2013-primary-7,Garville,,archive:amnd-winter-2013:primary-7:garville:none
oakdale-netball-club-sa,amnd-winter-2013-sub-junior-1,Oakdale Phoenix,,archive:amnd-winter-2013:sub-junior-1:oakdale-netball-club-sa:none
contax,amnd-winter-2013-sub-junior-1,Contax,,archive:amnd-winter-2013:sub-junior-1:contax:none
metro-jets,amnd-winter-2013-sub-junior-1,Western Jets,,archive:amnd-winter-2013:sub-junior-1:metro-jets:none
matrics,amnd-winter-2013-sub-junior-1,Matrics,,archive:amnd-winter-2013:sub-junior-1:matrics:none
tango-netball-club-inc,amnd-winter-2013-sub-junior-1,Tango,,archive:amnd-winter-2013:sub-junior-1:tango-netball-club-inc:none
woods-panthers,amnd-winter-2013-sub-junior-1,Woods Panthers,,archive:amnd-winter-2013:sub-junior-1:woods-panthers:none
garville,amnd-winter-2013-sub-junior-1,Garville,,archive:amnd-winter-2013:sub-junior-1:garville:none
norwood-netball-club,amnd-winter-2013-sub-junior-1,Newton Jaguars,,archive:amnd-winter-2013:sub-junior-1:norwood-netball-club:none
garville,amnd-winter-2013-sub-junior-2,Garville,,archive:amnd-winter-2013:sub-junior-2:garville:none
contax,amnd-winter-2013-sub-junior-2,Contax,,archive:amnd-winter-2013:sub-junior-2:contax:none
matrics,amnd-winter-2013-sub-junior-2,Matrics,,archive:amnd-winter-2013:sub-junior-2:matrics:none
oakdale-netball-club-sa,amnd-winter-2013-sub-junior-2,Oakdale Phoenix,,archive:amnd-winter-2013:sub-junior-2:oakdale-netball-club-sa:none
tango-netball-club-inc,amnd-winter-2013-sub-junior-2,Tango,,archive:amnd-winter-2013:sub-junior-2:tango-netball-club-inc:none
metro-jets,amnd-winter-2013-sub-junior-2,Western Jets,,archive:amnd-winter-2013:sub-junior-2:metro-jets:none
woods-panthers,amnd-winter-2013-sub-junior-2,Woods Panthers,,archive:amnd-winter-2013:sub-junior-2:woods-panthers:none
woods-panthers,amnd-winter-2013-sub-junior-3,Woods Panthers,,archive:amnd-winter-2013:sub-junior-3:woods-panthers:none
contax,amnd-winter-2013-sub-junior-3,Contax,,archive:amnd-winter-2013:sub-junior-3:contax:none
tango-netball-club-inc,amnd-winter-2013-sub-junior-3,Tango,,archive:amnd-winter-2013:sub-junior-3:tango-netball-club-inc:none
oakdale-netball-club-sa,amnd-winter-2013-sub-junior-3,Oakdale Phoenix,,archive:amnd-winter-2013:sub-junior-3:oakdale-netball-club-sa:none
metro-jets,amnd-winter-2013-sub-junior-3,Western Jets,,archive:amnd-winter-2013:sub-junior-3:metro-jets:none
adelaide-cougars,amnd-winter-2013-sub-junior-3,Adelaide Cougars,,archive:amnd-winter-2013:sub-junior-3:adelaide-cougars:none
matrics,amnd-winter-2013-sub-junior-3,Matrics,,archive:amnd-winter-2013:sub-junior-3:matrics:none
garville,amnd-winter-2013-sub-junior-3,Garville,,archive:amnd-winter-2013:sub-junior-3:garville:none
norwood-netball-club,amnd-winter-2013-sub-junior-3,Newton Jaguars,,archive:amnd-winter-2013:sub-junior-3:norwood-netball-club:none
woods-panthers,amnd-winter-2013-sub-junior-4,Woods Panthers,,archive:amnd-winter-2013:sub-junior-4:woods-panthers:none
adelaide-wildcats,amnd-winter-2013-sub-junior-4,Adelaide Wildcats,,archive:amnd-winter-2013:sub-junior-4:adelaide-wildcats:none
metro-jets,amnd-winter-2013-sub-junior-4,Western Jets,,archive:amnd-winter-2013:sub-junior-4:metro-jets:none
contax,amnd-winter-2013-sub-junior-4,Contax,,archive:amnd-winter-2013:sub-junior-4:contax:none
matrics,amnd-winter-2013-sub-junior-4,Matrics,,archive:amnd-winter-2013:sub-junior-4:matrics:none
oakdale-netball-club-sa,amnd-winter-2013-sub-junior-4,Oakdale Phoenix,,archive:amnd-winter-2013:sub-junior-4:oakdale-netball-club-sa:none
harlequin,amnd-winter-2013-sub-junior-4,Harlequin,,archive:amnd-winter-2013:sub-junior-4:harlequin:none
norwood-netball-club,amnd-winter-2013-sub-junior-4,Newton Jaguars,,archive:amnd-winter-2013:sub-junior-4:norwood-netball-club:none
tango-netball-club-inc,amnd-winter-2013-sub-junior-5,Tango,,archive:amnd-winter-2013:sub-junior-5:tango-netball-club-inc:none
oakdale-netball-club-sa,amnd-winter-2013-sub-junior-5,Oakdale Phoenix,,archive:amnd-winter-2013:sub-junior-5:oakdale-netball-club-sa:none
matrics,amnd-winter-2013-sub-junior-5,Matrics,,archive:amnd-winter-2013:sub-junior-5:matrics:none
metro-jets,amnd-winter-2013-sub-junior-5,Western Jets,,archive:amnd-winter-2013:sub-junior-5:metro-jets:none
contax,amnd-winter-2013-sub-junior-5,Contax,,archive:amnd-winter-2013:sub-junior-5:contax:none
garville,amnd-winter-2013-sub-junior-5,Garville,,archive:amnd-winter-2013:sub-junior-5:garville:none
northeast-zodiac,amnd-winter-2013-sub-junior-5,Northeast Zodiac,,archive:amnd-winter-2013:sub-junior-5:northeast-zodiac:none
norwood-netball-club,amnd-winter-2013-sub-junior-5,Newton Jaguars,,archive:amnd-winter-2013:sub-junior-5:norwood-netball-club:none
matrics,amnd-winter-2013-sub-junior-6,Matrics,2,archive:amnd-winter-2013:sub-junior-6:matrics:2
tango-netball-club-inc,amnd-winter-2013-sub-junior-6,Tango,2,archive:amnd-winter-2013:sub-junior-6:tango-netball-club-inc:2
matrics,amnd-winter-2013-sub-junior-6,Matrics,1,archive:amnd-winter-2013:sub-junior-6:matrics:1
tango-netball-club-inc,amnd-winter-2013-sub-junior-6,Tango,1,archive:amnd-winter-2013:sub-junior-6:tango-netball-club-inc:1
metro-jets,amnd-winter-2013-sub-junior-6,Western Jets,,archive:amnd-winter-2013:sub-junior-6:metro-jets:none
adelaide-wildcats,amnd-winter-2013-sub-junior-6,Adelaide Wildcats,,archive:amnd-winter-2013:sub-junior-6:adelaide-wildcats:none
cheerio-netball-club,amnd-winter-2013-sub-junior-6,Cheerio Phoenix,,archive:amnd-winter-2013:sub-junior-6:cheerio-netball-club:none
contax,amnd-winter-2013-sub-junior-6,Contax,,archive:amnd-winter-2013:sub-junior-6:contax:none
woods-panthers,amnd-winter-2013-sub-junior-6,Woods Panthers,,archive:amnd-winter-2013:sub-junior-6:woods-panthers:none
matrics,amnd-winter-2013-sub-junior-7,Matrics,,archive:amnd-winter-2013:sub-junior-7:matrics:none
tango-netball-club-inc,amnd-winter-2013-sub-junior-7,Tango,,archive:amnd-winter-2013:sub-junior-7:tango-netball-club-inc:none
metro-jets,amnd-winter-2013-sub-junior-7,Western Jets,1,archive:amnd-winter-2013:sub-junior-7:metro-jets:1
oakdale-netball-club-sa,amnd-winter-2013-sub-junior-7,Oakdale Phoenix,,archive:amnd-winter-2013:sub-junior-7:oakdale-netball-club-sa:none
semaphore,amnd-winter-2013-sub-junior-7,Semaphore,,archive:amnd-winter-2013:sub-junior-7:semaphore:none
garville,amnd-winter-2013-sub-junior-7,Garville,,archive:amnd-winter-2013:sub-junior-7:garville:none
adelaide-wildcats,amnd-winter-2013-sub-junior-7,Adelaide Wildcats,,archive:amnd-winter-2013:sub-junior-7:adelaide-wildcats:none
adelaide-cougars,amnd-winter-2013-sub-junior-7,Adelaide Cougars,,archive:amnd-winter-2013:sub-junior-7:adelaide-cougars:none
cheerio-netball-club,amnd-winter-2013-sub-junior-7,Cheerio Phoenix,,archive:amnd-winter-2013:sub-junior-7:cheerio-netball-club:none
metro-jets,amnd-winter-2013-sub-junior-7,Western Jets,2,archive:amnd-winter-2013:sub-junior-7:metro-jets:2
fielders-flames,amnd-winter-2014-a-grade,Flames,,archive:amnd-winter-2014:a-grade:fielders-flames:none
adelaide-wildcats,amnd-winter-2014-a-grade,Adelaide Wildcats,,archive:amnd-winter-2014:a-grade:adelaide-wildcats:none
woods-panthers,amnd-winter-2014-a-grade,Woods Panthers,,archive:amnd-winter-2014:a-grade:woods-panthers:none
contax,amnd-winter-2014-a-grade,Contax,,archive:amnd-winter-2014:a-grade:contax:none
matrics,amnd-winter-2014-a-grade,Matrics,,archive:amnd-winter-2014:a-grade:matrics:none
cheerio-netball-club,amnd-winter-2014-a-grade,Cheerio Phoenix,,archive:amnd-winter-2014:a-grade:cheerio-netball-club:none
harlequin,amnd-winter-2014-a-grade,Harlequin,,archive:amnd-winter-2014:a-grade:harlequin:none
oakdale-netball-club-sa,amnd-winter-2014-a-grade,Oakdale Phoenix,,archive:amnd-winter-2014:a-grade:oakdale-netball-club-sa:none
tango-netball-club-inc,amnd-winter-2014-a-grade,Tango,,archive:amnd-winter-2014:a-grade:tango-netball-club-inc:none
norwood-netball-club,amnd-winter-2014-a-grade,Newton Jaguars,,archive:amnd-winter-2014:a-grade:norwood-netball-club:none
matrics,amnd-winter-2014-amnd-league,Matrics,,archive:amnd-winter-2014:amnd-league:matrics:none
woods-panthers,amnd-winter-2014-amnd-league,Woods Panthers,,archive:amnd-winter-2014:amnd-league:woods-panthers:none
contax,amnd-winter-2014-amnd-league,Contax,,archive:amnd-winter-2014:amnd-league:contax:none
adelaide-wildcats,amnd-winter-2014-amnd-league,Adelaide Wildcats,,archive:amnd-winter-2014:amnd-league:adelaide-wildcats:none
tango-netball-club-inc,amnd-winter-2014-amnd-league,Tango,,archive:amnd-winter-2014:amnd-league:tango-netball-club-inc:none
oakdale-netball-club-sa,amnd-winter-2014-amnd-league,Oakdale Phoenix,,archive:amnd-winter-2014:amnd-league:oakdale-netball-club-sa:none
cheerio-netball-club,amnd-winter-2014-amnd-league,Cheerio Phoenix,,archive:amnd-winter-2014:amnd-league:cheerio-netball-club:none
norwood-netball-club,amnd-winter-2014-amnd-league,Newton Jaguars,,archive:amnd-winter-2014:amnd-league:norwood-netball-club:none
garville,amnd-winter-2014-amnd-league,Garville,,archive:amnd-winter-2014:amnd-league:garville:none
harlequin,amnd-winter-2014-amnd-league,Harlequin,,archive:amnd-winter-2014:amnd-league:harlequin:none
metro-jets,amnd-winter-2014-amnd-league,Western Jets,,archive:amnd-winter-2014:amnd-league:metro-jets:none
adelaide-cougars,amnd-winter-2014-amnd-league,Adelaide Cougars,,archive:amnd-winter-2014:amnd-league:adelaide-cougars:none
adelaide-swish,amnd-winter-2014-b-1,Swish,,archive:amnd-winter-2014:b-1:adelaide-swish:none
contax,amnd-winter-2014-b-1,Contax,,archive:amnd-winter-2014:b-1:contax:none
pembroke-o-s,amnd-winter-2014-b-1,Pembroke O.S.,,archive:amnd-winter-2014:b-1:pembroke-o-s:none
garville,amnd-winter-2014-b-1,Garville,,archive:amnd-winter-2014:b-1:garville:none
adelaide-university,amnd-winter-2014-b-1,Adelaide University,,archive:amnd-winter-2014:b-1:adelaide-university:none
oakdale-netball-club-sa,amnd-winter-2014-b-1,Oakdale Phoenix,,archive:amnd-winter-2014:b-1:oakdale-netball-club-sa:none
adelaide-wildcats,amnd-winter-2014-b-1,Adelaide Wildcats,,archive:amnd-winter-2014:b-1:adelaide-wildcats:none
woods-panthers,amnd-winter-2014-b-1,Woods Panthers,,archive:amnd-winter-2014:b-1:woods-panthers:none
cheerio-netball-club,amnd-winter-2014-b-1,Cheerio Phoenix,,archive:amnd-winter-2014:b-1:cheerio-netball-club:none
sacred-heart-o-c,amnd-winter-2014-b-1,Sacred Heart O.C.,,archive:amnd-winter-2014:b-1:sacred-heart-o-c:none
adelaide-swish,amnd-winter-2014-b-2,Swish,,archive:amnd-winter-2014:b-2:adelaide-swish:none
contax,amnd-winter-2014-b-2,Contax,,archive:amnd-winter-2014:b-2:contax:none
city-coasters,amnd-winter-2014-b-2,City Coasters,,archive:amnd-winter-2014:b-2:city-coasters:none
matrics,amnd-winter-2014-b-2,Matrics,,archive:amnd-winter-2014:b-2:matrics:none
metro-jets,amnd-winter-2014-b-2,Western Jets,,archive:amnd-winter-2014:b-2:metro-jets:none
adelaide-cougars,amnd-winter-2014-b-2,Adelaide Cougars,,archive:amnd-winter-2014:b-2:adelaide-cougars:none
walkerville,amnd-winter-2014-b-2,Walkerville,,archive:amnd-winter-2014:b-2:walkerville:none
adelaide-wildcats,amnd-winter-2014-b-2,Adelaide Wildcats,,archive:amnd-winter-2014:b-2:adelaide-wildcats:none
woods-panthers,amnd-winter-2014-b-2,Woods Panthers,,archive:amnd-winter-2014:b-2:woods-panthers:none
oakdale-netball-club-sa,amnd-winter-2014-b-2,Oakdale Phoenix,,archive:amnd-winter-2014:b-2:oakdale-netball-club-sa:none
westminster-o-s,amnd-winter-2014-b-3,Westminster O.S.,,archive:amnd-winter-2014:b-3:westminster-o-s:none
mosa,amnd-winter-2014-b-3,MOSA,,archive:amnd-winter-2014:b-3:mosa:none
walkerville,amnd-winter-2014-b-3,Walkerville,,archive:amnd-winter-2014:b-3:walkerville:none
adelaide-university,amnd-winter-2014-b-3,Adelaide University,,archive:amnd-winter-2014:b-3:adelaide-university:none
contax,amnd-winter-2014-b-3,Contax,,archive:amnd-winter-2014:b-3:contax:none
metro-jets,amnd-winter-2014-b-3,Western Jets,,archive:amnd-winter-2014:b-3:metro-jets:none
garville,amnd-winter-2014-b-3,Garville,,archive:amnd-winter-2014:b-3:garville:none
cheerio-netball-club,amnd-winter-2014-b-3,Cheerio Phoenix,,archive:amnd-winter-2014:b-3:cheerio-netball-club:none
matrics,amnd-winter-2014-b-3,Matrics,,archive:amnd-winter-2014:b-3:matrics:none
tango-netball-club-inc,amnd-winter-2014-b-3,Tango,,archive:amnd-winter-2014:b-3:tango-netball-club-inc:none
old-ignatians,amnd-winter-2014-b-4,Old Ignatians,,archive:amnd-winter-2014:b-4:old-ignatians:none
sacred-heart-o-c,amnd-winter-2014-b-4,Sacred Heart O.C.,,archive:amnd-winter-2014:b-4:sacred-heart-o-c:none
walkerville,amnd-winter-2014-b-4,Walkerville,,archive:amnd-winter-2014:b-4:walkerville:none
pembroke-o-s,amnd-winter-2014-b-4,Pembroke O.S.,,archive:amnd-winter-2014:b-4:pembroke-o-s:none
city-coasters,amnd-winter-2014-b-4,City Coasters,,archive:amnd-winter-2014:b-4:city-coasters:none
harlequin,amnd-winter-2014-b-4,Harlequin,,archive:amnd-winter-2014:b-4:harlequin:none
woods-panthers,amnd-winter-2014-b-4,Woods Panthers,,archive:amnd-winter-2014:b-4:woods-panthers:none
adelaide-wildcats,amnd-winter-2014-b-4,Adelaide Wildcats,,archive:amnd-winter-2014:b-4:adelaide-wildcats:none
metro-jets,amnd-winter-2014-b-4,Western Jets,,archive:amnd-winter-2014:b-4:metro-jets:none
adelaide-cougars,amnd-winter-2014-b-4,Adelaide Cougars,,archive:amnd-winter-2014:b-4:adelaide-cougars:none
city-coasters,amnd-winter-2014-b-5,City Coasters,,archive:amnd-winter-2014:b-5:city-coasters:none
cheerio-netball-club,amnd-winter-2014-b-5,Cheerio Phoenix,,archive:amnd-winter-2014:b-5:cheerio-netball-club:none
garville,amnd-winter-2014-b-5,Garville,,archive:amnd-winter-2014:b-5:garville:none
pembroke-o-s,amnd-winter-2014-b-5,Pembroke O.S.,,archive:amnd-winter-2014:b-5:pembroke-o-s:none
harlequin,amnd-winter-2014-b-5,Harlequin,,archive:amnd-winter-2014:b-5:harlequin:none
westminster-o-s,amnd-winter-2014-b-5,Westminster O.S.,,archive:amnd-winter-2014:b-5:westminster-o-s:none
sacred-heart-o-c,amnd-winter-2014-b-5,Sacred Heart O.C.,,archive:amnd-winter-2014:b-5:sacred-heart-o-c:none
metro-jets,amnd-winter-2014-b-5,Western Jets,,archive:amnd-winter-2014:b-5:metro-jets:none
walkerville,amnd-winter-2014-b-5,Walkerville,,archive:amnd-winter-2014:b-5:walkerville:none
adelaide-swish,amnd-winter-2014-b-5,Swish,,archive:amnd-winter-2014:b-5:adelaide-swish:none
adelaide-university,amnd-winter-2014-c-1,Adelaide University,,archive:amnd-winter-2014:c-1:adelaide-university:none
city-coasters,amnd-winter-2014-c-1,City Coasters,1,archive:amnd-winter-2014:c-1:city-coasters:1
pembroke-o-s,amnd-winter-2014-c-1,Pembroke O.S.,,archive:amnd-winter-2014:c-1:pembroke-o-s:none
cheerio-netball-club,amnd-winter-2014-c-1,Cheerio Phoenix,,archive:amnd-winter-2014:c-1:cheerio-netball-club:none
city-coasters,amnd-winter-2014-c-1,City Coasters,2,archive:amnd-winter-2014:c-1:city-coasters:2
walkerville,amnd-winter-2014-c-1,Walkerville,,archive:amnd-winter-2014:c-1:walkerville:none
mosa,amnd-winter-2014-c-1,MOSA,,archive:amnd-winter-2014:c-1:mosa:none
old-ignatians,amnd-winter-2014-c-2,Old Ignatians,,archive:amnd-winter-2014:c-2:old-ignatians:none
pembroke-o-s,amnd-winter-2014-c-2,Pembroke O.S.,,archive:amnd-winter-2014:c-2:pembroke-o-s:none
walkerville,amnd-winter-2014-c-2,Walkerville,,archive:amnd-winter-2014:c-2:walkerville:none
adelaide-university,amnd-winter-2014-c-2,Adelaide University,,archive:amnd-winter-2014:c-2:adelaide-university:none
cheerio-netball-club,amnd-winter-2014-c-2,Cheerio Phoenix,,archive:amnd-winter-2014:c-2:cheerio-netball-club:none
adelaide-wildcats,amnd-winter-2014-c-2,Adelaide Wildcats,,archive:amnd-winter-2014:c-2:adelaide-wildcats:none
westminster-o-s,amnd-winter-2014-c-2,Westminster O.S.,,archive:amnd-winter-2014:c-2:westminster-o-s:none
old-ignatians,amnd-winter-2014-c-3,Old Ignatians,,archive:amnd-winter-2014:c-3:old-ignatians:none
garville,amnd-winter-2014-c-3,Garville,,archive:amnd-winter-2014:c-3:garville:none
sacred-heart-o-c,amnd-winter-2014-c-3,Sacred Heart O.C.,,archive:amnd-winter-2014:c-3:sacred-heart-o-c:none
city-coasters,amnd-winter-2014-c-3,City Coasters,,archive:amnd-winter-2014:c-3:city-coasters:none
westminster-o-s,amnd-winter-2014-c-3,Westminster O.S.,,archive:amnd-winter-2014:c-3:westminster-o-s:none
adelaide-university,amnd-winter-2014-c-3,Adelaide University,,archive:amnd-winter-2014:c-3:adelaide-university:none
metro-jets,amnd-winter-2014-c-3,Western Jets,,archive:amnd-winter-2014:c-3:metro-jets:none
walkerville,amnd-winter-2014-c-3,Walkerville,,archive:amnd-winter-2014:c-3:walkerville:none
pembroke-o-s,amnd-winter-2014-c-3,Pembroke O.S.,,archive:amnd-winter-2014:c-3:pembroke-o-s:none
woods-panthers,amnd-winter-2014-c-3,Woods Panthers,,archive:amnd-winter-2014:c-3:woods-panthers:none
adelaide-university,amnd-winter-2014-c-4,Adelaide University,,archive:amnd-winter-2014:c-4:adelaide-university:none
old-ignatians,amnd-winter-2014-c-4,Old Ignatians,,archive:amnd-winter-2014:c-4:old-ignatians:none
sacred-heart-o-c,amnd-winter-2014-c-4,Sacred Heart O.C.,,archive:amnd-winter-2014:c-4:sacred-heart-o-c:none
pembroke-o-s,amnd-winter-2014-c-4,Pembroke O.S.,2,archive:amnd-winter-2014:c-4:pembroke-o-s:2
pembroke-o-s,amnd-winter-2014-c-4,Pembroke O.S.,1,archive:amnd-winter-2014:c-4:pembroke-o-s:1
walford-o-s,amnd-winter-2014-c-4,Walford O.S.,,archive:amnd-winter-2014:c-4:walford-o-s:none
walkerville,amnd-winter-2014-c-4,Walkerville,,archive:amnd-winter-2014:c-4:walkerville:none
norwood-netball-club,amnd-winter-2014-c-6,Newton Jaguars,,archive:amnd-winter-2014:c-6:norwood-netball-club:none
semaphore,amnd-winter-2014-c-6,Semaphore,,archive:amnd-winter-2014:c-6:semaphore:none
matrics,amnd-winter-2014-c-6,Matrics,,archive:amnd-winter-2014:c-6:matrics:none
contax,amnd-winter-2014-c-6,Contax,,archive:amnd-winter-2014:c-6:contax:none
woods-panthers,amnd-winter-2014-c-6,Woods Panthers,,archive:amnd-winter-2014:c-6:woods-panthers:none
garville,amnd-winter-2014-inter-1,Garville,,archive:amnd-winter-2014:inter-1:garville:none
contax,amnd-winter-2014-inter-1,Contax,,archive:amnd-winter-2014:inter-1:contax:none
matrics,amnd-winter-2014-inter-1,Matrics,,archive:amnd-winter-2014:inter-1:matrics:none
oakdale-netball-club-sa,amnd-winter-2014-inter-1,Oakdale Phoenix,,archive:amnd-winter-2014:inter-1:oakdale-netball-club-sa:none
woods-panthers,amnd-winter-2014-inter-1,Woods Panthers,,archive:amnd-winter-2014:inter-1:woods-panthers:none
norwood-netball-club,amnd-winter-2014-inter-1,Newton Jaguars,,archive:amnd-winter-2014:inter-1:norwood-netball-club:none
tango-netball-club-inc,amnd-winter-2014-inter-1,Tango,,archive:amnd-winter-2014:inter-1:tango-netball-club-inc:none
adelaide-cougars,amnd-winter-2014-inter-1,Adelaide Cougars,,archive:amnd-winter-2014:inter-1:adelaide-cougars:none
metro-jets,amnd-winter-2014-inter-1,Western Jets,,archive:amnd-winter-2014:inter-1:metro-jets:none
harlequin,amnd-winter-2014-inter-1,Harlequin,,archive:amnd-winter-2014:inter-1:harlequin:none
contax,amnd-winter-2014-inter-2,Contax,1,archive:amnd-winter-2014:inter-2:contax:1
contax,amnd-winter-2014-inter-2,Contax,2,archive:amnd-winter-2014:inter-2:contax:2
matrics,amnd-winter-2014-inter-2,Matrics,,archive:amnd-winter-2014:inter-2:matrics:none
oakdale-netball-club-sa,amnd-winter-2014-inter-2,Oakdale Phoenix,,archive:amnd-winter-2014:inter-2:oakdale-netball-club-sa:none
garville,amnd-winter-2014-inter-2,Garville,,archive:amnd-winter-2014:inter-2:garville:none
adelaide-wildcats,amnd-winter-2014-inter-2,Adelaide Wildcats,,archive:amnd-winter-2014:inter-2:adelaide-wildcats:none
metro-jets,amnd-winter-2014-inter-2,Western Jets,,archive:amnd-winter-2014:inter-2:metro-jets:none
woods-panthers,amnd-winter-2014-inter-2,Woods Panthers,,archive:amnd-winter-2014:inter-2:woods-panthers:none
tango-netball-club-inc,amnd-winter-2014-inter-2,Tango,,archive:amnd-winter-2014:inter-2:tango-netball-club-inc:none
adelaide-cougars,amnd-winter-2014-inter-2,Adelaide Cougars,,archive:amnd-winter-2014:inter-2:adelaide-cougars:none
garville,amnd-winter-2014-inter-3,Garville,,archive:amnd-winter-2014:inter-3:garville:none
oakdale-netball-club-sa,amnd-winter-2014-inter-3,Oakdale Phoenix,,archive:amnd-winter-2014:inter-3:oakdale-netball-club-sa:none
cheerio-netball-club,amnd-winter-2014-inter-3,Cheerio Phoenix,,archive:amnd-winter-2014:inter-3:cheerio-netball-club:none
metro-jets,amnd-winter-2014-inter-3,Western Jets,,archive:amnd-winter-2014:inter-3:metro-jets:none
woods-panthers,amnd-winter-2014-inter-3,Woods Panthers,,archive:amnd-winter-2014:inter-3:woods-panthers:none
matrics,amnd-winter-2014-inter-3,Matrics,,archive:amnd-winter-2014:inter-3:matrics:none
norwood-netball-club,amnd-winter-2014-inter-3,Newton Jaguars,,archive:amnd-winter-2014:inter-3:norwood-netball-club:none
tango-netball-club-inc,amnd-winter-2014-inter-3,Tango,,archive:amnd-winter-2014:inter-3:tango-netball-club-inc:none
harlequin,amnd-winter-2014-inter-3,Harlequin,,archive:amnd-winter-2014:inter-3:harlequin:none
adelaide-cougars,amnd-winter-2014-inter-3,Adelaide Cougars,,archive:amnd-winter-2014:inter-3:adelaide-cougars:none
contax,amnd-winter-2014-inter-4,Contax,,archive:amnd-winter-2014:inter-4:contax:none
oakdale-netball-club-sa,amnd-winter-2014-inter-4,Oakdale Phoenix,,archive:amnd-winter-2014:inter-4:oakdale-netball-club-sa:none
garville,amnd-winter-2014-inter-4,Garville,,archive:amnd-winter-2014:inter-4:garville:none
woods-panthers,amnd-winter-2014-inter-4,Woods Panthers,,archive:amnd-winter-2014:inter-4:woods-panthers:none
northeast-zodiac,amnd-winter-2014-inter-4,Northeast Zodiac,,archive:amnd-winter-2014:inter-4:northeast-zodiac:none
metro-jets,amnd-winter-2014-inter-4,Western Jets,,archive:amnd-winter-2014:inter-4:metro-jets:none
adelaide-wildcats,amnd-winter-2014-inter-4,Adelaide Wildcats,,archive:amnd-winter-2014:inter-4:adelaide-wildcats:none
adelaide-cougars,amnd-winter-2014-inter-4,Adelaide Cougars,,archive:amnd-winter-2014:inter-4:adelaide-cougars:none
norwood-netball-club,amnd-winter-2014-inter-4,Newton Jaguars,,archive:amnd-winter-2014:inter-4:norwood-netball-club:none
contax,amnd-winter-2014-inter-5,Contax,,archive:amnd-winter-2014:inter-5:contax:none
oakdale-netball-club-sa,amnd-winter-2014-inter-5,Oakdale Phoenix,1,archive:amnd-winter-2014:inter-5:oakdale-netball-club-sa:1
oakdale-netball-club-sa,amnd-winter-2014-inter-5,Oakdale Phoenix,2,archive:amnd-winter-2014:inter-5:oakdale-netball-club-sa:2
tango-netball-club-inc,amnd-winter-2014-inter-5,Tango,,archive:amnd-winter-2014:inter-5:tango-netball-club-inc:none
matrics,amnd-winter-2014-inter-5,Matrics,,archive:amnd-winter-2014:inter-5:matrics:none
metro-jets,amnd-winter-2014-inter-5,Western Jets,,archive:amnd-winter-2014:inter-5:metro-jets:none
cheerio-netball-club,amnd-winter-2014-inter-5,Cheerio Phoenix,,archive:amnd-winter-2014:inter-5:cheerio-netball-club:none
semaphore,amnd-winter-2014-inter-5,Semaphore,,archive:amnd-winter-2014:inter-5:semaphore:none
tango-netball-club-inc,amnd-winter-2014-junior-1,Tango,,archive:amnd-winter-2014:junior-1:tango-netball-club-inc:none
contax,amnd-winter-2014-junior-1,Contax,,archive:amnd-winter-2014:junior-1:contax:none
oakdale-netball-club-sa,amnd-winter-2014-junior-1,Oakdale Phoenix,,archive:amnd-winter-2014:junior-1:oakdale-netball-club-sa:none
matrics,amnd-winter-2014-junior-1,Matrics,,archive:amnd-winter-2014:junior-1:matrics:none
woods-panthers,amnd-winter-2014-junior-1,Woods Panthers,,archive:amnd-winter-2014:junior-1:woods-panthers:none
metro-jets,amnd-winter-2014-junior-1,Western Jets,,archive:amnd-winter-2014:junior-1:metro-jets:none
garville,amnd-winter-2014-junior-1,Garville,,archive:amnd-winter-2014:junior-1:garville:none
norwood-netball-club,amnd-winter-2014-junior-1,Newton Jaguars,,archive:amnd-winter-2014:junior-1:norwood-netball-club:none
woods-panthers,amnd-winter-2014-junior-2,Woods Panthers,,archive:amnd-winter-2014:junior-2:woods-panthers:none
contax,amnd-winter-2014-junior-2,Contax,1,archive:amnd-winter-2014:junior-2:contax:1
contax,amnd-winter-2014-junior-2,Contax,2,archive:amnd-winter-2014:junior-2:contax:2
oakdale-netball-club-sa,amnd-winter-2014-junior-2,Oakdale Phoenix,,archive:amnd-winter-2014:junior-2:oakdale-netball-club-sa:none
tango-netball-club-inc,amnd-winter-2014-junior-2,Tango,,archive:amnd-winter-2014:junior-2:tango-netball-club-inc:none
matrics,amnd-winter-2014-junior-2,Matrics,,archive:amnd-winter-2014:junior-2:matrics:none
adelaide-cougars,amnd-winter-2014-junior-2,Adelaide Cougars,,archive:amnd-winter-2014:junior-2:adelaide-cougars:none
woods-panthers,amnd-winter-2014-junior-3,Woods Panthers,,archive:amnd-winter-2014:junior-3:woods-panthers:none
metro-jets,amnd-winter-2014-junior-3,Western Jets,,archive:amnd-winter-2014:junior-3:metro-jets:none
tango-netball-club-inc,amnd-winter-2014-junior-3,Tango,,archive:amnd-winter-2014:junior-3:tango-netball-club-inc:none
contax,amnd-winter-2014-junior-3,Contax,,archive:amnd-winter-2014:junior-3:contax:none
oakdale-netball-club-sa,amnd-winter-2014-junior-3,Oakdale Phoenix,,archive:amnd-winter-2014:junior-3:oakdale-netball-club-sa:none
matrics,amnd-winter-2014-junior-3,Matrics,,archive:amnd-winter-2014:junior-3:matrics:none
garville,amnd-winter-2014-junior-3,Garville,1,archive:amnd-winter-2014:junior-3:garville:1
norwood-netball-club,amnd-winter-2014-junior-3,Newton Jaguars,,archive:amnd-winter-2014:junior-3:norwood-netball-club:none
garville,amnd-winter-2014-junior-3,Garville,2,archive:amnd-winter-2014:junior-3:garville:2
adelaide-cougars,amnd-winter-2014-junior-3,Adelaide Cougars,,archive:amnd-winter-2014:junior-3:adelaide-cougars:none
matrics,amnd-winter-2014-junior-4,Matrics,,archive:amnd-winter-2014:junior-4:matrics:none
tango-netball-club-inc,amnd-winter-2014-junior-4,Tango,,archive:amnd-winter-2014:junior-4:tango-netball-club-inc:none
northeast-zodiac,amnd-winter-2014-junior-4,Northeast Zodiac,,archive:amnd-winter-2014:junior-4:northeast-zodiac:none
contax,amnd-winter-2014-junior-4,Contax,,archive:amnd-winter-2014:junior-4:contax:none
woods-panthers,amnd-winter-2014-junior-4,Woods Panthers,,archive:amnd-winter-2014:junior-4:woods-panthers:none
oakdale-netball-club-sa,amnd-winter-2014-junior-4,Oakdale Phoenix,,archive:amnd-winter-2014:junior-4:oakdale-netball-club-sa:none
metro-jets,amnd-winter-2014-junior-4,Western Jets,,archive:amnd-winter-2014:junior-4:metro-jets:none
adelaide-wildcats,amnd-winter-2014-junior-4,Adelaide Wildcats,,archive:amnd-winter-2014:junior-4:adelaide-wildcats:none
matrics,amnd-winter-2014-junior-5,Matrics,,archive:amnd-winter-2014:junior-5:matrics:none
tango-netball-club-inc,amnd-winter-2014-junior-5,Tango,,archive:amnd-winter-2014:junior-5:tango-netball-club-inc:none
woods-panthers,amnd-winter-2014-junior-5,Woods Panthers,1,archive:amnd-winter-2014:junior-5:woods-panthers:1
oakdale-netball-club-sa,amnd-winter-2014-junior-5,Oakdale Phoenix,,archive:amnd-winter-2014:junior-5:oakdale-netball-club-sa:none
woods-panthers,amnd-winter-2014-junior-5,Woods Panthers,2,archive:amnd-winter-2014:junior-5:woods-panthers:2
cheerio-netball-club,amnd-winter-2014-junior-5,Cheerio Phoenix,,archive:amnd-winter-2014:junior-5:cheerio-netball-club:none
garville,amnd-winter-2014-junior-5,Garville,,archive:amnd-winter-2014:junior-5:garville:none
contax,amnd-winter-2014-junior-5,Contax,,archive:amnd-winter-2014:junior-5:contax:none
woods-panthers,amnd-winter-2014-junior-6,Woods Panthers,1,archive:amnd-winter-2014:junior-6:woods-panthers:1
tango-netball-club-inc,amnd-winter-2014-junior-6,Tango,,archive:amnd-winter-2014:junior-6:tango-netball-club-inc:none
harlequin,amnd-winter-2014-junior-6,Harlequin,,archive:amnd-winter-2014:junior-6:harlequin:none
woods-panthers,amnd-winter-2014-junior-6,Woods Panthers,2,archive:amnd-winter-2014:junior-6:woods-panthers:2
metro-jets,amnd-winter-2014-junior-6,Western Jets,,archive:amnd-winter-2014:junior-6:metro-jets:none
norwood-netball-club,amnd-winter-2014-junior-6,Newton Jaguars,,archive:amnd-winter-2014:junior-6:norwood-netball-club:none
matrics,amnd-winter-2014-junior-6,Matrics,,archive:amnd-winter-2014:junior-6:matrics:none
garville,amnd-winter-2014-junior-6,Garville,,archive:amnd-winter-2014:junior-6:garville:none
matrics,amnd-winter-2014-junior-7,Matrics,1,archive:amnd-winter-2014:junior-7:matrics:1
matrics,amnd-winter-2014-junior-7,Matrics,2,archive:amnd-winter-2014:junior-7:matrics:2
oakdale-netball-club-sa,amnd-winter-2014-junior-7,Oakdale Phoenix,,archive:amnd-winter-2014:junior-7:oakdale-netball-club-sa:none
tango-netball-club-inc,amnd-winter-2014-junior-7,Tango,,archive:amnd-winter-2014:junior-7:tango-netball-club-inc:none
semaphore,amnd-winter-2014-junior-7,Semaphore,,archive:amnd-winter-2014:junior-7:semaphore:none
harlequin,amnd-winter-2014-junior-7,Harlequin,,archive:amnd-winter-2014:junior-7:harlequin:none
metro-jets,amnd-winter-2014-junior-7,Western Jets,,archive:amnd-winter-2014:junior-7:metro-jets:none
adelaide-cougars,amnd-winter-2014-junior-7,Adelaide Cougars,,archive:amnd-winter-2014:junior-7:adelaide-cougars:none
oakdale-netball-club-sa,amnd-winter-2014-junior-8,Oakdale Phoenix,,archive:amnd-winter-2014:junior-8:oakdale-netball-club-sa:none
tango-netball-club-inc,amnd-winter-2014-junior-8,Tango,,archive:amnd-winter-2014:junior-8:tango-netball-club-inc:none
woods-panthers,amnd-winter-2014-junior-8,Woods Panthers,,archive:amnd-winter-2014:junior-8:woods-panthers:none
metro-jets,amnd-winter-2014-junior-8,Western Jets,,archive:amnd-winter-2014:junior-8:metro-jets:none
adelaide-wildcats,amnd-winter-2014-junior-8,Adelaide Wildcats,,archive:amnd-winter-2014:junior-8:adelaide-wildcats:none
cheerio-netball-club,amnd-winter-2014-junior-8,Cheerio Phoenix,,archive:amnd-winter-2014:junior-8:cheerio-netball-club:none
oakdale-netball-club-sa,amnd-winter-2014-primary-1,Oakdale Phoenix,,archive:amnd-winter-2014:primary-1:oakdale-netball-club-sa:none
contax,amnd-winter-2014-primary-1,Contax,,archive:amnd-winter-2014:primary-1:contax:none
tango-netball-club-inc,amnd-winter-2014-primary-1,Tango,,archive:amnd-winter-2014:primary-1:tango-netball-club-inc:none
woods-panthers,amnd-winter-2014-primary-1,Woods Panthers,,archive:amnd-winter-2014:primary-1:woods-panthers:none
adelaide-wildcats,amnd-winter-2014-primary-1,Adelaide Wildcats,,archive:amnd-winter-2014:primary-1:adelaide-wildcats:none
garville,amnd-winter-2014-primary-1,Garville,,archive:amnd-winter-2014:primary-1:garville:none
matrics,amnd-winter-2014-primary-1,Matrics,,archive:amnd-winter-2014:primary-1:matrics:none
metro-jets,amnd-winter-2014-primary-2,Western Jets,1,archive:amnd-winter-2014:primary-2:metro-jets:1
contax,amnd-winter-2014-primary-2,Contax,,archive:amnd-winter-2014:primary-2:contax:none
norwood-netball-club,amnd-winter-2014-primary-2,Newton Jaguars,,archive:amnd-winter-2014:primary-2:norwood-netball-club:none
matrics,amnd-winter-2014-primary-2,Matrics,,archive:amnd-winter-2014:primary-2:matrics:none
oakdale-netball-club-sa,amnd-winter-2014-primary-2,Oakdale Phoenix,,archive:amnd-winter-2014:primary-2:oakdale-netball-club-sa:none
woods-panthers,amnd-winter-2014-primary-2,Woods Panthers,,archive:amnd-winter-2014:primary-2:woods-panthers:none
garville,amnd-winter-2014-primary-2,Garville,,archive:amnd-winter-2014:primary-2:garville:none
tango-netball-club-inc,amnd-winter-2014-primary-2,Tango,,archive:amnd-winter-2014:primary-2:tango-netball-club-inc:none
metro-jets,amnd-winter-2014-primary-2,Western Jets,2,archive:amnd-winter-2014:primary-2:metro-jets:2
woods-panthers,amnd-winter-2014-primary-3,Woods Panthers,,archive:amnd-winter-2014:primary-3:woods-panthers:none
adelaide-cougars,amnd-winter-2014-primary-3,Adelaide Cougars,,archive:amnd-winter-2014:primary-3:adelaide-cougars:none
northeast-zodiac,amnd-winter-2014-primary-3,Northeast Zodiac,,archive:amnd-winter-2014:primary-3:northeast-zodiac:none
contax,amnd-winter-2014-primary-3,Contax,,archive:amnd-winter-2014:primary-3:contax:none
harlequin,amnd-winter-2014-primary-3,Harlequin,,archive:amnd-winter-2014:primary-3:harlequin:none
matrics,amnd-winter-2014-primary-3,Matrics,,archive:amnd-winter-2014:primary-3:matrics:none
norwood-netball-club,amnd-winter-2014-primary-3,Newton Jaguars,,archive:amnd-winter-2014:primary-3:norwood-netball-club:none
metro-jets,amnd-winter-2014-primary-3,Western Jets,,archive:amnd-winter-2014:primary-3:metro-jets:none
cheerio-netball-club,amnd-winter-2014-primary-4,Cheerio Phoenix,,archive:amnd-winter-2014:primary-4:cheerio-netball-club:none
adelaide-wildcats,amnd-winter-2014-primary-4,Adelaide Wildcats,,archive:amnd-winter-2014:primary-4:adelaide-wildcats:none
tango-netball-club-inc,amnd-winter-2014-primary-4,Tango,,archive:amnd-winter-2014:primary-4:tango-netball-club-inc:none
oakdale-netball-club-sa,amnd-winter-2014-primary-4,Oakdale Phoenix,,archive:amnd-winter-2014:primary-4:oakdale-netball-club-sa:none
garville,amnd-winter-2014-primary-4,Garville,,archive:amnd-winter-2014:primary-4:garville:none
matrics,amnd-winter-2014-primary-4,Matrics,,archive:amnd-winter-2014:primary-4:matrics:none
contax,amnd-winter-2014-primary-4,Contax,,archive:amnd-winter-2014:primary-4:contax:none
norwood-netball-club,amnd-winter-2014-primary-4,Newton Jaguars,,archive:amnd-winter-2014:primary-4:norwood-netball-club:none
woods-panthers,amnd-winter-2014-primary-5,Woods Panthers,,archive:amnd-winter-2014:primary-5:woods-panthers:none
garville,amnd-winter-2014-primary-5,Garville,,archive:amnd-winter-2014:primary-5:garville:none
matrics,amnd-winter-2014-primary-5,Matrics,1,archive:amnd-winter-2014:primary-5:matrics:1
cheerio-netball-club,amnd-winter-2014-primary-5,Cheerio Phoenix,,archive:amnd-winter-2014:primary-5:cheerio-netball-club:none
northeast-zodiac,amnd-winter-2014-primary-5,Northeast Zodiac,,archive:amnd-winter-2014:primary-5:northeast-zodiac:none
matrics,amnd-winter-2014-primary-5,Matrics,2,archive:amnd-winter-2014:primary-5:matrics:2
metro-jets,amnd-winter-2014-primary-5,Western Jets,,archive:amnd-winter-2014:primary-5:metro-jets:none
contax,amnd-winter-2014-primary-6,Contax,,archive:amnd-winter-2014:primary-6:contax:none
woods-panthers,amnd-winter-2014-primary-6,Woods Panthers,,archive:amnd-winter-2014:primary-6:woods-panthers:none
tango-netball-club-inc,amnd-winter-2014-primary-6,Tango,,archive:amnd-winter-2014:primary-6:tango-netball-club-inc:none
garville,amnd-winter-2014-primary-6,Garville,2,archive:amnd-winter-2014:primary-6:garville:2
norwood-netball-club,amnd-winter-2014-primary-6,Newton Jaguars,,archive:amnd-winter-2014:primary-6:norwood-netball-club:none
garville,amnd-winter-2014-primary-6,Garville,1,archive:amnd-winter-2014:primary-6:garville:1
adelaide-wildcats,amnd-winter-2014-primary-6,Adelaide Wildcats,,archive:amnd-winter-2014:primary-6:adelaide-wildcats:none
oakdale-netball-club-sa,amnd-winter-2014-primary-7,Oakdale Phoenix,,archive:amnd-winter-2014:primary-7:oakdale-netball-club-sa:none
woods-panthers,amnd-winter-2014-primary-7,Woods Panthers,,archive:amnd-winter-2014:primary-7:woods-panthers:none
norwood-netball-club,amnd-winter-2014-primary-7,Newton Jaguars,,archive:amnd-winter-2014:primary-7:norwood-netball-club:none
contax,amnd-winter-2014-primary-7,Contax,,archive:amnd-winter-2014:primary-7:contax:none
metro-jets,amnd-winter-2014-primary-7,Western Jets,,archive:amnd-winter-2014:primary-7:metro-jets:none
cheerio-netball-club,amnd-winter-2014-primary-7,Cheerio Phoenix,,archive:amnd-winter-2014:primary-7:cheerio-netball-club:none
oakdale-netball-club-sa,amnd-winter-2014-sub-junior-1,Oakdale Phoenix,,archive:amnd-winter-2014:sub-junior-1:oakdale-netball-club-sa:none
contax,amnd-winter-2014-sub-junior-1,Contax,,archive:amnd-winter-2014:sub-junior-1:contax:none
matrics,amnd-winter-2014-sub-junior-1,Matrics,,archive:amnd-winter-2014:sub-junior-1:matrics:none
garville,amnd-winter-2014-sub-junior-1,Garville,,archive:amnd-winter-2014:sub-junior-1:garville:none
metro-jets,amnd-winter-2014-sub-junior-1,Western Jets,,archive:amnd-winter-2014:sub-junior-1:metro-jets:none
tango-netball-club-inc,amnd-winter-2014-sub-junior-1,Tango,,archive:amnd-winter-2014:sub-junior-1:tango-netball-club-inc:none
woods-panthers,amnd-winter-2014-sub-junior-1,Woods Panthers,,archive:amnd-winter-2014:sub-junior-1:woods-panthers:none
norwood-netball-club,amnd-winter-2014-sub-junior-1,Newton Jaguars,,archive:amnd-winter-2014:sub-junior-1:norwood-netball-club:none
contax,amnd-winter-2014-sub-junior-2,Contax,1,archive:amnd-winter-2014:sub-junior-2:contax:1
oakdale-netball-club-sa,amnd-winter-2014-sub-junior-2,Oakdale Phoenix,,archive:amnd-winter-2014:sub-junior-2:oakdale-netball-club-sa:none
tango-netball-club-inc,amnd-winter-2014-sub-junior-2,Tango,,archive:amnd-winter-2014:sub-junior-2:tango-netball-club-inc:none
matrics,amnd-winter-2014-sub-junior-2,Matrics,1,archive:amnd-winter-2014:sub-junior-2:matrics:1
contax,amnd-winter-2014-sub-junior-2,Contax,2,archive:amnd-winter-2014:sub-junior-2:contax:2
matrics,amnd-winter-2014-sub-junior-2,Matrics,2,archive:amnd-winter-2014:sub-junior-2:matrics:2
garville,amnd-winter-2014-sub-junior-2,Garville,,archive:amnd-winter-2014:sub-junior-2:garville:none
adelaide-wildcats,amnd-winter-2014-sub-junior-2,Adelaide Wildcats,,archive:amnd-winter-2014:sub-junior-2:adelaide-wildcats:none
metro-jets,amnd-winter-2014-sub-junior-3,Western Jets,1,archive:amnd-winter-2014:sub-junior-3:metro-jets:1
contax,amnd-winter-2014-sub-junior-3,Contax,,archive:amnd-winter-2014:sub-junior-3:contax:none
oakdale-netball-club-sa,amnd-winter-2014-sub-junior-3,Oakdale Phoenix,,archive:amnd-winter-2014:sub-junior-3:oakdale-netball-club-sa:none
metro-jets,amnd-winter-2014-sub-junior-3,Western Jets,2,archive:amnd-winter-2014:sub-junior-3:metro-jets:2
tango-netball-club-inc,amnd-winter-2014-sub-junior-3,Tango,,archive:amnd-winter-2014:sub-junior-3:tango-netball-club-inc:none
garville,amnd-winter-2014-sub-junior-3,Garville,,archive:amnd-winter-2014:sub-junior-3:garville:none
woods-panthers,amnd-winter-2014-sub-junior-3,Woods Panthers,,archive:amnd-winter-2014:sub-junior-3:woods-panthers:none
harlequin,amnd-winter-2014-sub-junior-4,Harlequin,,archive:amnd-winter-2014:sub-junior-4:harlequin:none
metro-jets,amnd-winter-2014-sub-junior-4,Western Jets,,archive:amnd-winter-2014:sub-junior-4:metro-jets:none
woods-panthers,amnd-winter-2014-sub-junior-4,Woods Panthers,,archive:amnd-winter-2014:sub-junior-4:woods-panthers:none
matrics,amnd-winter-2014-sub-junior-4,Matrics,,archive:amnd-winter-2014:sub-junior-4:matrics:none
contax,amnd-winter-2014-sub-junior-4,Contax,,archive:amnd-winter-2014:sub-junior-4:contax:none
adelaide-cougars,amnd-winter-2014-sub-junior-4,Adelaide Cougars,,archive:amnd-winter-2014:sub-junior-4:adelaide-cougars:none
oakdale-netball-club-sa,amnd-winter-2014-sub-junior-4,Oakdale Phoenix,,archive:amnd-winter-2014:sub-junior-4:oakdale-netball-club-sa:none
garville,amnd-winter-2014-sub-junior-4,Garville,,archive:amnd-winter-2014:sub-junior-4:garville:none
matrics,amnd-winter-2014-sub-junior-5,Matrics,1,archive:amnd-winter-2014:sub-junior-5:matrics:1
contax,amnd-winter-2014-sub-junior-5,Contax,,archive:amnd-winter-2014:sub-junior-5:contax:none
tango-netball-club-inc,amnd-winter-2014-sub-junior-5,Tango,2,archive:amnd-winter-2014:sub-junior-5:tango-netball-club-inc:2
matrics,amnd-winter-2014-sub-junior-5,Matrics,2,archive:amnd-winter-2014:sub-junior-5:matrics:2
tango-netball-club-inc,amnd-winter-2014-sub-junior-5,Tango,1,archive:amnd-winter-2014:sub-junior-5:tango-netball-club-inc:1
norwood-netball-club,amnd-winter-2014-sub-junior-5,Newton Jaguars,,archive:amnd-winter-2014:sub-junior-5:norwood-netball-club:none
cheerio-netball-club,amnd-winter-2014-sub-junior-5,Cheerio Phoenix,,archive:amnd-winter-2014:sub-junior-5:cheerio-netball-club:none
metro-jets,amnd-winter-2014-sub-junior-5,Western Jets,,archive:amnd-winter-2014:sub-junior-5:metro-jets:none
matrics,amnd-winter-2014-sub-junior-6,Matrics,,archive:amnd-winter-2014:sub-junior-6:matrics:none
tango-netball-club-inc,amnd-winter-2014-sub-junior-6,Tango,,archive:amnd-winter-2014:sub-junior-6:tango-netball-club-inc:none
garville,amnd-winter-2014-sub-junior-6,Garville,2,archive:amnd-winter-2014:sub-junior-6:garville:2
adelaide-wildcats,amnd-winter-2014-sub-junior-6,Adelaide Wildcats,,archive:amnd-winter-2014:sub-junior-6:adelaide-wildcats:none
contax,amnd-winter-2014-sub-junior-6,Contax,,archive:amnd-winter-2014:sub-junior-6:contax:none
oakdale-netball-club-sa,amnd-winter-2014-sub-junior-6,Oakdale Phoenix,,archive:amnd-winter-2014:sub-junior-6:oakdale-netball-club-sa:none
garville,amnd-winter-2014-sub-junior-6,Garville,1,archive:amnd-winter-2014:sub-junior-6:garville:1
norwood-netball-club,amnd-winter-2014-sub-junior-6,Newton Jaguars,,archive:amnd-winter-2014:sub-junior-6:norwood-netball-club:none
harlequin,amnd-winter-2014-sub-junior-6,Harlequin,,archive:amnd-winter-2014:sub-junior-6:harlequin:none
adelaide-cougars,amnd-winter-2014-sub-junior-6,Adelaide Cougars,,archive:amnd-winter-2014:sub-junior-6:adelaide-cougars:none
northeast-zodiac,amnd-winter-2014-sub-junior-7,Northeast Zodiac,,archive:amnd-winter-2014:sub-junior-7:northeast-zodiac:none
metro-jets,amnd-winter-2014-sub-junior-7,Western Jets,,archive:amnd-winter-2014:sub-junior-7:metro-jets:none
woods-panthers,amnd-winter-2014-sub-junior-7,Woods Panthers,,archive:amnd-winter-2014:sub-junior-7:woods-panthers:none
adelaide-wildcats,amnd-winter-2014-sub-junior-7,Adelaide Wildcats,1,archive:amnd-winter-2014:sub-junior-7:adelaide-wildcats:1
adelaide-wildcats,amnd-winter-2014-sub-junior-7,Adelaide Wildcats,2,archive:amnd-winter-2014:sub-junior-7:adelaide-wildcats:2
oakdale-netball-club-sa,amnd-winter-2014-sub-junior-7,Oakdale Phoenix,,archive:amnd-winter-2014:sub-junior-7:oakdale-netball-club-sa:none
matrics,amnd-winter-2014-sub-junior-8,Matrics,,archive:amnd-winter-2014:sub-junior-8:matrics:none
metro-jets,amnd-winter-2014-sub-junior-8,Western Jets,,archive:amnd-winter-2014:sub-junior-8:metro-jets:none
semaphore,amnd-winter-2014-sub-junior-8,Semaphore,,archive:amnd-winter-2014:sub-junior-8:semaphore:none
tango-netball-club-inc,amnd-winter-2014-sub-junior-8,Tango,,archive:amnd-winter-2014:sub-junior-8:tango-netball-club-inc:none
garville,amnd-winter-2014-sub-junior-8,Garville,,archive:amnd-winter-2014:sub-junior-8:garville:none
cheerio-netball-club,amnd-winter-2014-sub-junior-8,Cheerio Phoenix,,archive:amnd-winter-2014:sub-junior-8:cheerio-netball-club:none
woods-panthers,amnd-winter-2014-sub-junior-8,Woods Panthers,,archive:amnd-winter-2014:sub-junior-8:woods-panthers:none
norwood-netball-club,amnd-winter-2014-sub-junior-8,Newton Jaguars,,archive:amnd-winter-2014:sub-junior-8:norwood-netball-club:none
fielders-flames,amnd-winter-2016-a-grade,Flames,,archive:amnd-winter-2016:a-grade:fielders-flames:none
oakdale-netball-club-sa,amnd-winter-2016-a-grade,Oakdale Phoenix,,archive:amnd-winter-2016:a-grade:oakdale-netball-club-sa:none
contax,amnd-winter-2016-a-grade,Contax,,archive:amnd-winter-2016:a-grade:contax:none
matrics,amnd-winter-2016-a-grade,Matrics,,archive:amnd-winter-2016:a-grade:matrics:none
adelaide-cougars,amnd-winter-2016-a-grade,Adelaide Cougars,,archive:amnd-winter-2016:a-grade:adelaide-cougars:none
harlequin,amnd-winter-2016-a-grade,Harlequin,,archive:amnd-winter-2016:a-grade:harlequin:none
adelaide-wildcats,amnd-winter-2016-a-grade,Adelaide Wildcats,,archive:amnd-winter-2016:a-grade:adelaide-wildcats:none
woods-panthers,amnd-winter-2016-a-grade,Woods Panthers,,archive:amnd-winter-2016:a-grade:woods-panthers:none
cheerio-netball-club,amnd-winter-2016-a-grade,Cheerio,,archive:amnd-winter-2016:a-grade:cheerio-netball-club:none
norwood-netball-club,amnd-winter-2016-a-grade,Newton Jaguars,,archive:amnd-winter-2016:a-grade:norwood-netball-club:none
tango-netball-club-inc,amnd-winter-2016-amnd-league,Tango,,archive:amnd-winter-2016:amnd-league:tango-netball-club-inc:none
contax,amnd-winter-2016-amnd-league,Contax,,archive:amnd-winter-2016:amnd-league:contax:none
matrics,amnd-winter-2016-amnd-league,Matrics,,archive:amnd-winter-2016:amnd-league:matrics:none
woods-panthers,amnd-winter-2016-amnd-league,Woods Panthers,,archive:amnd-winter-2016:amnd-league:woods-panthers:none
harlequin,amnd-winter-2016-amnd-league,Harlequin,,archive:amnd-winter-2016:amnd-league:harlequin:none
cheerio-netball-club,amnd-winter-2016-amnd-league,Cheerio,,archive:amnd-winter-2016:amnd-league:cheerio-netball-club:none
norwood-netball-club,amnd-winter-2016-amnd-league,Newton Jaguars,,archive:amnd-winter-2016:amnd-league:norwood-netball-club:none
adelaide-wildcats,amnd-winter-2016-amnd-league,Adelaide Wildcats,,archive:amnd-winter-2016:amnd-league:adelaide-wildcats:none
metro-jets,amnd-winter-2016-amnd-league,Western Jets,,archive:amnd-winter-2016:amnd-league:metro-jets:none
garville,amnd-winter-2016-amnd-league,Garville,,archive:amnd-winter-2016:amnd-league:garville:none
adelaide-swish,amnd-winter-2016-b-1,Swish,,archive:amnd-winter-2016:b-1:adelaide-swish:none
adelaide-wildcats,amnd-winter-2016-b-1,Adelaide Wildcats,,archive:amnd-winter-2016:b-1:adelaide-wildcats:none
pembroke-o-s,amnd-winter-2016-b-1,Pembroke O.S.,,archive:amnd-winter-2016:b-1:pembroke-o-s:none
contax,amnd-winter-2016-b-1,Contax,,archive:amnd-winter-2016:b-1:contax:none
garville,amnd-winter-2016-b-1,Garville,,archive:amnd-winter-2016:b-1:garville:none
oakdale-netball-club-sa,amnd-winter-2016-b-1,Oakdale Phoenix,,archive:amnd-winter-2016:b-1:oakdale-netball-club-sa:none
tango-netball-club-inc,amnd-winter-2016-b-1,Tango,,archive:amnd-winter-2016:b-1:tango-netball-club-inc:none
adelaide-university,amnd-winter-2016-b-1,Adelaide University,,archive:amnd-winter-2016:b-1:adelaide-university:none
cheerio-netball-club,amnd-winter-2016-b-1,Cheerio,,archive:amnd-winter-2016:b-1:cheerio-netball-club:none
adelaide-cougars,amnd-winter-2016-b-1,Adelaide Cougars,,archive:amnd-winter-2016:b-1:adelaide-cougars:none
adelaide-swish,amnd-winter-2016-b-2,Swish,,archive:amnd-winter-2016:b-2:adelaide-swish:none
metro-jets,amnd-winter-2016-b-2,Western Jets,,archive:amnd-winter-2016:b-2:metro-jets:none
walkerville,amnd-winter-2016-b-2,Walkerville,,archive:amnd-winter-2016:b-2:walkerville:none
sacred-heart-o-c,amnd-winter-2016-b-2,Sacred Heart O.C.,,archive:amnd-winter-2016:b-2:sacred-heart-o-c:none
westminster-o-s,amnd-winter-2016-b-2,Westminster O.S.,,archive:amnd-winter-2016:b-2:westminster-o-s:none
matrics,amnd-winter-2016-b-2,Matrics,,archive:amnd-winter-2016:b-2:matrics:none
oakdale-netball-club-sa,amnd-winter-2016-b-2,Oakdale Phoenix,,archive:amnd-winter-2016:b-2:oakdale-netball-club-sa:none
woods-panthers,amnd-winter-2016-b-2,Woods Panthers,,archive:amnd-winter-2016:b-2:woods-panthers:none
adelaide-wildcats,amnd-winter-2016-b-2,Adelaide Wildcats,,archive:amnd-winter-2016:b-2:adelaide-wildcats:none
contax,amnd-winter-2016-b-2,Contax,,archive:amnd-winter-2016:b-2:contax:none
metro-jets,amnd-winter-2016-b-3,Western Jets,,archive:amnd-winter-2016:b-3:metro-jets:none
sacred-heart-o-c,amnd-winter-2016-b-3,Sacred Heart O.C.,,archive:amnd-winter-2016:b-3:sacred-heart-o-c:none
city-coasters,amnd-winter-2016-b-3,City Coasters,,archive:amnd-winter-2016:b-3:city-coasters:none
old-ignatians,amnd-winter-2016-b-3,Old Ignatians,,archive:amnd-winter-2016:b-3:old-ignatians:none
pembroke-o-s,amnd-winter-2016-b-3,Pembroke O.S.,,archive:amnd-winter-2016:b-3:pembroke-o-s:none
woods-panthers,amnd-winter-2016-b-3,Woods Panthers,2,archive:amnd-winter-2016:b-3:woods-panthers:2
walkerville,amnd-winter-2016-b-3,Walkerville,,archive:amnd-winter-2016:b-3:walkerville:none
adelaide-university,amnd-winter-2016-b-3,Adelaide University,,archive:amnd-winter-2016:b-3:adelaide-university:none
woods-panthers,amnd-winter-2016-b-3,Woods Panthers,1,archive:amnd-winter-2016:b-3:woods-panthers:1
adelaide-cougars,amnd-winter-2016-b-3,Adelaide Cougars,,archive:amnd-winter-2016:b-3:adelaide-cougars:none
pembroke-o-s,amnd-winter-2016-b-4,Pembroke O.S.,,archive:amnd-winter-2016:b-4:pembroke-o-s:none
seymour-o-c,amnd-winter-2016-b-4,Seymour O.C.,,archive:amnd-winter-2016:b-4:seymour-o-c:none
walkerville,amnd-winter-2016-b-4,Walkerville,,archive:amnd-winter-2016:b-4:walkerville:none
harlequin,amnd-winter-2016-b-4,Harlequin,1,archive:amnd-winter-2016:b-4:harlequin:1
matrics,amnd-winter-2016-b-4,Matrics,,archive:amnd-winter-2016:b-4:matrics:none
garville,amnd-winter-2016-b-4,Garville,1,archive:amnd-winter-2016:b-4:garville:1
norwood-netball-club,amnd-winter-2016-b-4,Newton Jaguars,,archive:amnd-winter-2016:b-4:norwood-netball-club:none
cheerio-netball-club,amnd-winter-2016-b-4,Cheerio,,archive:amnd-winter-2016:b-4:cheerio-netball-club:none
harlequin,amnd-winter-2016-b-4,Harlequin,2,archive:amnd-winter-2016:b-4:harlequin:2
garville,amnd-winter-2016-b-4,Garville,2,archive:amnd-winter-2016:b-4:garville:2
contax,amnd-winter-2016-b-5,Contax,,archive:amnd-winter-2016:b-5:contax:none
city-coasters,amnd-winter-2016-b-5,City Coasters,1,archive:amnd-winter-2016:b-5:city-coasters:1
metro-jets,amnd-winter-2016-b-5,Western Jets,,archive:amnd-winter-2016:b-5:metro-jets:none
city-coasters,amnd-winter-2016-b-5,City Coasters,2,archive:amnd-winter-2016:b-5:city-coasters:2
sacred-heart-o-c,amnd-winter-2016-b-5,Sacred Heart O.C.,,archive:amnd-winter-2016:b-5:sacred-heart-o-c:none
walkerville,amnd-winter-2016-b-5,Walkerville,,archive:amnd-winter-2016:b-5:walkerville:none
adelaide-wildcats,amnd-winter-2016-b-5,Adelaide Wildcats,,archive:amnd-winter-2016:b-5:adelaide-wildcats:none
pembroke-o-s,amnd-winter-2016-b-5,Pembroke O.S.,,archive:amnd-winter-2016:b-5:pembroke-o-s:none
westminster-o-s,amnd-winter-2016-b-5,Westminster O.S.,,archive:amnd-winter-2016:b-5:westminster-o-s:none
oakdale-netball-club-sa,amnd-winter-2016-b-5,Oakdale Phoenix,,archive:amnd-winter-2016:b-5:oakdale-netball-club-sa:none
adelaide-swish,amnd-winter-2016-b-6,Swish,,archive:amnd-winter-2016:b-6:adelaide-swish:none
old-ignatians,amnd-winter-2016-b-6,Old Ignatians,,archive:amnd-winter-2016:b-6:old-ignatians:none
walkerville,amnd-winter-2016-b-6,Walkerville,2,archive:amnd-winter-2016:b-6:walkerville:2
city-coasters,amnd-winter-2016-b-6,City Coasters,,archive:amnd-winter-2016:b-6:city-coasters:none
walkerville,amnd-winter-2016-b-6,Walkerville,1,archive:amnd-winter-2016:b-6:walkerville:1
cheerio-netball-club,amnd-winter-2016-b-6,Cheerio,,archive:amnd-winter-2016:b-6:cheerio-netball-club:none
metro-jets,amnd-winter-2016-b-6,Western Jets,,archive:amnd-winter-2016:b-6:metro-jets:none
tango-netball-club-inc,amnd-winter-2016-b-6,Tango,,archive:amnd-winter-2016:b-6:tango-netball-club-inc:none
woods-panthers,amnd-winter-2016-b-6,Woods Panthers,,archive:amnd-winter-2016:b-6:woods-panthers:none
adelaide-wildcats,amnd-winter-2016-b-6,Adelaide Wildcats,,archive:amnd-winter-2016:b-6:adelaide-wildcats:none
old-ignatians,amnd-winter-2016-c-1,Old Ignatians,,archive:amnd-winter-2016:c-1:old-ignatians:none
walkerville,amnd-winter-2016-c-1,Walkerville,2,archive:amnd-winter-2016:c-1:walkerville:2
pembroke-o-s,amnd-winter-2016-c-1,Pembroke O.S.,2,archive:amnd-winter-2016:c-1:pembroke-o-s:2
adelaide-university,amnd-winter-2016-c-1,Adelaide University,,archive:amnd-winter-2016:c-1:adelaide-university:none
walkerville,amnd-winter-2016-c-1,Walkerville,1,archive:amnd-winter-2016:c-1:walkerville:1
norwood-netball-club,amnd-winter-2016-c-1,Newton Jaguars,,archive:amnd-winter-2016:c-1:norwood-netball-club:none
garville,amnd-winter-2016-c-1,Garville,,archive:amnd-winter-2016:c-1:garville:none
cheerio-netball-club,amnd-winter-2016-c-1,Cheerio,,archive:amnd-winter-2016:c-1:cheerio-netball-club:none
pembroke-o-s,amnd-winter-2016-c-1,Pembroke O.S.,1,archive:amnd-winter-2016:c-1:pembroke-o-s:1
adelaide-cougars,amnd-winter-2016-c-1,Adelaide Cougars,,archive:amnd-winter-2016:c-1:adelaide-cougars:none
mosa,amnd-winter-2016-c-2,MOSA,,archive:amnd-winter-2016:c-2:mosa:none
adelaide-university,amnd-winter-2016-c-2,Adelaide University,2,archive:amnd-winter-2016:c-2:adelaide-university:2
sacred-heart-o-c,amnd-winter-2016-c-2,Sacred Heart O.C.,,archive:amnd-winter-2016:c-2:sacred-heart-o-c:none
adelaide-university,amnd-winter-2016-c-2,Adelaide University,1,archive:amnd-winter-2016:c-2:adelaide-university:1
adelaide-wildcats,amnd-winter-2016-c-2,Adelaide Wildcats,,archive:amnd-winter-2016:c-2:adelaide-wildcats:none
pembroke-o-s,amnd-winter-2016-c-2,Pembroke O.S.,1,archive:amnd-winter-2016:c-2:pembroke-o-s:1
pembroke-o-s,amnd-winter-2016-c-2,Pembroke O.S.,2,archive:amnd-winter-2016:c-2:pembroke-o-s:2
old-ignatians,amnd-winter-2016-c-2,Old Ignatians,,archive:amnd-winter-2016:c-2:old-ignatians:none
westminster-o-s,amnd-winter-2016-c-2,Westminster O.S.,,archive:amnd-winter-2016:c-2:westminster-o-s:none
city-coasters,amnd-winter-2016-c-2,City Coasters,,archive:amnd-winter-2016:c-2:city-coasters:none
sacred-heart-o-c,amnd-winter-2016-c-3,Sacred Heart O.C.,,archive:amnd-winter-2016:c-3:sacred-heart-o-c:none
city-coasters,amnd-winter-2016-c-3,City Coasters,,archive:amnd-winter-2016:c-3:city-coasters:none
old-ignatians,amnd-winter-2016-c-3,Old Ignatians,,archive:amnd-winter-2016:c-3:old-ignatians:none
walkerville,amnd-winter-2016-c-3,Walkerville,1,archive:amnd-winter-2016:c-3:walkerville:1
metro-jets,amnd-winter-2016-c-3,Western Jets,,archive:amnd-winter-2016:c-3:metro-jets:none
walkerville,amnd-winter-2016-c-3,Walkerville,2,archive:amnd-winter-2016:c-3:walkerville:2
pembroke-o-s,amnd-winter-2016-c-3,Pembroke O.S.,1,archive:amnd-winter-2016:c-3:pembroke-o-s:1
pembroke-o-s,amnd-winter-2016-c-3,Pembroke O.S.,2,archive:amnd-winter-2016:c-3:pembroke-o-s:2
adelaide-university,amnd-winter-2016-c-4,Adelaide University,,archive:amnd-winter-2016:c-4:adelaide-university:none
semaphore,amnd-winter-2016-c-4,Semaphore,,archive:amnd-winter-2016:c-4:semaphore:none
walkerville,amnd-winter-2016-c-4,Walkerville,2,archive:amnd-winter-2016:c-4:walkerville:2
pembroke-o-s,amnd-winter-2016-c-4,Pembroke O.S.,1,archive:amnd-winter-2016:c-4:pembroke-o-s:1
sacred-heart-o-c,amnd-winter-2016-c-4,Sacred Heart O.C.,,archive:amnd-winter-2016:c-4:sacred-heart-o-c:none
pembroke-o-s,amnd-winter-2016-c-4,Pembroke O.S.,2,archive:amnd-winter-2016:c-4:pembroke-o-s:2
city-coasters,amnd-winter-2016-c-4,City Coasters,,archive:amnd-winter-2016:c-4:city-coasters:none
walkerville,amnd-winter-2016-c-4,Walkerville,1,archive:amnd-winter-2016:c-4:walkerville:1
semaphore,amnd-winter-2016-c-6,Semaphore,,archive:amnd-winter-2016:c-6:semaphore:none
norwood-netball-club,amnd-winter-2016-c-6,Newton Jaguars,,archive:amnd-winter-2016:c-6:norwood-netball-club:none
harlequin,amnd-winter-2016-c-6,Harlequin,,archive:amnd-winter-2016:c-6:harlequin:none
matrics,amnd-winter-2016-c-6,Matrics,,archive:amnd-winter-2016:c-6:matrics:none
contax,amnd-winter-2016-c-6,Contax,,archive:amnd-winter-2016:c-6:contax:none
woods-panthers,amnd-winter-2016-c-6,Woods Panthers,,archive:amnd-winter-2016:c-6:woods-panthers:none
matrics,amnd-winter-2016-inter-1,Matrics,,archive:amnd-winter-2016:inter-1:matrics:none
contax,amnd-winter-2016-inter-1,Contax,1,archive:amnd-winter-2016:inter-1:contax:1
tango-netball-club-inc,amnd-winter-2016-inter-1,Tango,,archive:amnd-winter-2016:inter-1:tango-netball-club-inc:none
woods-panthers,amnd-winter-2016-inter-1,Woods Panthers,,archive:amnd-winter-2016:inter-1:woods-panthers:none
garville,amnd-winter-2016-inter-1,Garville,,archive:amnd-winter-2016:inter-1:garville:none
oakdale-netball-club-sa,amnd-winter-2016-inter-1,Oakdale Phoenix,,archive:amnd-winter-2016:inter-1:oakdale-netball-club-sa:none
contax,amnd-winter-2016-inter-1,Contax,2,archive:amnd-winter-2016:inter-1:contax:2
norwood-netball-club,amnd-winter-2016-inter-1,Newton Jaguars,,archive:amnd-winter-2016:inter-1:norwood-netball-club:none
tango-netball-club-inc,amnd-winter-2016-inter-2,Tango,,archive:amnd-winter-2016:inter-2:tango-netball-club-inc:none
woods-panthers,amnd-winter-2016-inter-2,Woods Panthers,,archive:amnd-winter-2016:inter-2:woods-panthers:none
contax,amnd-winter-2016-inter-2,Contax,,archive:amnd-winter-2016:inter-2:contax:none
matrics,amnd-winter-2016-inter-2,Matrics,1,archive:amnd-winter-2016:inter-2:matrics:1
matrics,amnd-winter-2016-inter-2,Matrics,2,archive:amnd-winter-2016:inter-2:matrics:2
metro-jets,amnd-winter-2016-inter-2,Western Jets,,archive:amnd-winter-2016:inter-2:metro-jets:none
oakdale-netball-club-sa,amnd-winter-2016-inter-2,Oakdale Phoenix,,archive:amnd-winter-2016:inter-2:oakdale-netball-club-sa:none
garville,amnd-winter-2016-inter-2,Garville,,archive:amnd-winter-2016:inter-2:garville:none
norwood-netball-club,amnd-winter-2016-inter-3,Newton Jaguars,,archive:amnd-winter-2016:inter-3:norwood-netball-club:none
adelaide-wildcats,amnd-winter-2016-inter-3,Adelaide Wildcats,,archive:amnd-winter-2016:inter-3:adelaide-wildcats:none
contax,amnd-winter-2016-inter-3,Contax,,archive:amnd-winter-2016:inter-3:contax:none
tango-netball-club-inc,amnd-winter-2016-inter-3,Tango,,archive:amnd-winter-2016:inter-3:tango-netball-club-inc:none
woods-panthers,amnd-winter-2016-inter-3,Woods Panthers,,archive:amnd-winter-2016:inter-3:woods-panthers:none
metro-jets,amnd-winter-2016-inter-3,Western Jets,,archive:amnd-winter-2016:inter-3:metro-jets:none
garville,amnd-winter-2016-inter-3,Garville,,archive:amnd-winter-2016:inter-3:garville:none
oakdale-netball-club-sa,amnd-winter-2016-inter-3,Oakdale Phoenix,,archive:amnd-winter-2016:inter-3:oakdale-netball-club-sa:none
matrics,amnd-winter-2016-inter-4,Matrics,,archive:amnd-winter-2016:inter-4:matrics:none
adelaide-cougars,amnd-winter-2016-inter-4,Adelaide Cougars,,archive:amnd-winter-2016:inter-4:adelaide-cougars:none
harlequin,amnd-winter-2016-inter-4,Harlequin,,archive:amnd-winter-2016:inter-4:harlequin:none
woods-panthers,amnd-winter-2016-inter-4,Woods Panthers,,archive:amnd-winter-2016:inter-4:woods-panthers:none
contax,amnd-winter-2016-inter-4,Contax,,archive:amnd-winter-2016:inter-4:contax:none
cheerio-netball-club,amnd-winter-2016-inter-4,Cheerio,,archive:amnd-winter-2016:inter-4:cheerio-netball-club:none
oakdale-netball-club-sa,amnd-winter-2016-inter-4,Oakdale Phoenix,,archive:amnd-winter-2016:inter-4:oakdale-netball-club-sa:none
garville,amnd-winter-2016-inter-4,Garville,,archive:amnd-winter-2016:inter-4:garville:none
matrics,amnd-winter-2016-inter-5,Matrics,1,archive:amnd-winter-2016:inter-5:matrics:1
metro-jets,amnd-winter-2016-inter-5,Western Jets,,archive:amnd-winter-2016:inter-5:metro-jets:none
norwood-netball-club,amnd-winter-2016-inter-5,Newton Jaguars,1,archive:amnd-winter-2016:inter-5:norwood-netball-club:1
tango-netball-club-inc,amnd-winter-2016-inter-5,Tango,,archive:amnd-winter-2016:inter-5:tango-netball-club-inc:none
woods-panthers,amnd-winter-2016-inter-5,Woods Panthers,,archive:amnd-winter-2016:inter-5:woods-panthers:none
norwood-netball-club,amnd-winter-2016-inter-5,Newton Jaguars,2,archive:amnd-winter-2016:inter-5:norwood-netball-club:2
matrics,amnd-winter-2016-inter-5,Matrics,2,archive:amnd-winter-2016:inter-5:matrics:2
semaphore,amnd-winter-2016-inter-5,Semaphore,,archive:amnd-winter-2016:inter-5:semaphore:none
oakdale-netball-club-sa,amnd-winter-2016-inter-5,Oakdale Phoenix,,archive:amnd-winter-2016:inter-5:oakdale-netball-club-sa:none
matrics,amnd-winter-2016-junior-1,Matrics,,archive:amnd-winter-2016:junior-1:matrics:none
tango-netball-club-inc,amnd-winter-2016-junior-1,Tango,,archive:amnd-winter-2016:junior-1:tango-netball-club-inc:none
oakdale-netball-club-sa,amnd-winter-2016-junior-1,Oakdale Phoenix,,archive:amnd-winter-2016:junior-1:oakdale-netball-club-sa:none
contax,amnd-winter-2016-junior-1,Contax,1,archive:amnd-winter-2016:junior-1:contax:1
woods-panthers,amnd-winter-2016-junior-1,Woods Panthers,,archive:amnd-winter-2016:junior-1:woods-panthers:none
garville,amnd-winter-2016-junior-1,Garville,,archive:amnd-winter-2016:junior-1:garville:none
contax,amnd-winter-2016-junior-1,Contax,2,archive:amnd-winter-2016:junior-1:contax:2
contax,amnd-winter-2016-junior-2,Contax,,archive:amnd-winter-2016:junior-2:contax:none
tango-netball-club-inc,amnd-winter-2016-junior-2,Tango,1,archive:amnd-winter-2016:junior-2:tango-netball-club-inc:1
oakdale-netball-club-sa,amnd-winter-2016-junior-2,Oakdale Phoenix,,archive:amnd-winter-2016:junior-2:oakdale-netball-club-sa:none
metro-jets,amnd-winter-2016-junior-2,Western Jets,,archive:amnd-winter-2016:junior-2:metro-jets:none
garville,amnd-winter-2016-junior-2,Garville,,archive:amnd-winter-2016:junior-2:garville:none
matrics,amnd-winter-2016-junior-2,Matrics,,archive:amnd-winter-2016:junior-2:matrics:none
woods-panthers,amnd-winter-2016-junior-2,Woods Panthers,,archive:amnd-winter-2016:junior-2:woods-panthers:none
tango-netball-club-inc,amnd-winter-2016-junior-2,Tango,2,archive:amnd-winter-2016:junior-2:tango-netball-club-inc:2
contax,amnd-winter-2016-junior-3,Contax,,archive:amnd-winter-2016:junior-3:contax:none
adelaide-wildcats,amnd-winter-2016-junior-3,Adelaide Wildcats,,archive:amnd-winter-2016:junior-3:adelaide-wildcats:none
metro-jets,amnd-winter-2016-junior-3,Western Jets,,archive:amnd-winter-2016:junior-3:metro-jets:none
garville,amnd-winter-2016-junior-3,Garville,1,archive:amnd-winter-2016:junior-3:garville:1
tango-netball-club-inc,amnd-winter-2016-junior-3,Tango,,archive:amnd-winter-2016:junior-3:tango-netball-club-inc:none
matrics,amnd-winter-2016-junior-3,Matrics,,archive:amnd-winter-2016:junior-3:matrics:none
garville,amnd-winter-2016-junior-3,Garville,2,archive:amnd-winter-2016:junior-3:garville:2
oakdale-netball-club-sa,amnd-winter-2016-junior-3,Oakdale Phoenix,,archive:amnd-winter-2016:junior-3:oakdale-netball-club-sa:none
contax,amnd-winter-2016-junior-4,Contax,,archive:amnd-winter-2016:junior-4:contax:none
matrics,amnd-winter-2016-junior-4,Matrics,,archive:amnd-winter-2016:junior-4:matrics:none
woods-panthers,amnd-winter-2016-junior-4,Woods Panthers,1,archive:amnd-winter-2016:junior-4:woods-panthers:1
tango-netball-club-inc,amnd-winter-2016-junior-4,Tango,,archive:amnd-winter-2016:junior-4:tango-netball-club-inc:none
adelaide-cougars,amnd-winter-2016-junior-4,Adelaide Cougars,,archive:amnd-winter-2016:junior-4:adelaide-cougars:none
woods-panthers,amnd-winter-2016-junior-4,Woods Panthers,2,archive:amnd-winter-2016:junior-4:woods-panthers:2
metro-jets,amnd-winter-2016-junior-4,Western Jets,,archive:amnd-winter-2016:junior-4:metro-jets:none
garville,amnd-winter-2016-junior-4,Garville,,archive:amnd-winter-2016:junior-4:garville:none
contax,amnd-winter-2016-junior-5,Contax,,archive:amnd-winter-2016:junior-5:contax:none
matrics,amnd-winter-2016-junior-5,Matrics,2,archive:amnd-winter-2016:junior-5:matrics:2
matrics,amnd-winter-2016-junior-5,Matrics,1,archive:amnd-winter-2016:junior-5:matrics:1
harlequin,amnd-winter-2016-junior-5,Harlequin,,archive:amnd-winter-2016:junior-5:harlequin:none
garville,amnd-winter-2016-junior-5,Garville,,archive:amnd-winter-2016:junior-5:garville:none
tango-netball-club-inc,amnd-winter-2016-junior-5,Tango,,archive:amnd-winter-2016:junior-5:tango-netball-club-inc:none
metro-jets,amnd-winter-2016-junior-5,Western Jets,,archive:amnd-winter-2016:junior-5:metro-jets:none
woods-panthers,amnd-winter-2016-junior-5,Woods Panthers,,archive:amnd-winter-2016:junior-5:woods-panthers:none
norwood-netball-club,amnd-winter-2016-junior-6,Newton Jaguars,,archive:amnd-winter-2016:junior-6:norwood-netball-club:none
oakdale-netball-club-sa,amnd-winter-2016-junior-6,Oakdale Phoenix,,archive:amnd-winter-2016:junior-6:oakdale-netball-club-sa:none
adelaide-wildcats,amnd-winter-2016-junior-6,Adelaide Wildcats,,archive:amnd-winter-2016:junior-6:adelaide-wildcats:none
cheerio-netball-club,amnd-winter-2016-junior-6,Cheerio,,archive:amnd-winter-2016:junior-6:cheerio-netball-club:none
tango-netball-club-inc,amnd-winter-2016-junior-6,Tango,,archive:amnd-winter-2016:junior-6:tango-netball-club-inc:none
harlequin,amnd-winter-2016-junior-6,Harlequin,,archive:amnd-winter-2016:junior-6:harlequin:none
adelaide-cougars,amnd-winter-2016-junior-6,Adelaide Cougars,,archive:amnd-winter-2016:junior-6:adelaide-cougars:none
woods-panthers,amnd-winter-2016-junior-6,Woods Panthers,,archive:amnd-winter-2016:junior-6:woods-panthers:none
contax,amnd-winter-2016-junior-7,Contax,2,archive:amnd-winter-2016:junior-7:contax:2
contax,amnd-winter-2016-junior-7,Contax,1,archive:amnd-winter-2016:junior-7:contax:1
matrics,amnd-winter-2016-junior-7,Matrics,1,archive:amnd-winter-2016:junior-7:matrics:1
adelaide-wildcats,amnd-winter-2016-junior-7,Adelaide Wildcats,,archive:amnd-winter-2016:junior-7:adelaide-wildcats:none
semaphore,amnd-winter-2016-junior-7,Semaphore,,archive:amnd-winter-2016:junior-7:semaphore:none
metro-jets,amnd-winter-2016-junior-7,Western Jets,,archive:amnd-winter-2016:junior-7:metro-jets:none
matrics,amnd-winter-2016-junior-7,Matrics,2,archive:amnd-winter-2016:junior-7:matrics:2
garville,amnd-winter-2016-junior-7,Garville,,archive:amnd-winter-2016:junior-7:garville:none
adelaide-wildcats,amnd-winter-2016-junior-8,Adelaide Wildcats,1,archive:amnd-winter-2016:junior-8:adelaide-wildcats:1
norwood-netball-club,amnd-winter-2016-junior-8,Newton Jaguars,,archive:amnd-winter-2016:junior-8:norwood-netball-club:none
adelaide-wildcats,amnd-winter-2016-junior-8,Adelaide Wildcats,2,archive:amnd-winter-2016:junior-8:adelaide-wildcats:2
cheerio-netball-club,amnd-winter-2016-junior-8,Cheerio,,archive:amnd-winter-2016:junior-8:cheerio-netball-club:none
garville,amnd-winter-2016-junior-8,Garville,,archive:amnd-winter-2016:junior-8:garville:none
woods-panthers,amnd-winter-2016-junior-8,Woods Panthers,,archive:amnd-winter-2016:junior-8:woods-panthers:none
oakdale-netball-club-sa,amnd-winter-2016-primary-1,Oakdale Phoenix,,archive:amnd-winter-2016:primary-1:oakdale-netball-club-sa:none
matrics,amnd-winter-2016-primary-1,Matrics,,archive:amnd-winter-2016:primary-1:matrics:none
contax,amnd-winter-2016-primary-1,Contax,,archive:amnd-winter-2016:primary-1:contax:none
garville,amnd-winter-2016-primary-1,Garville,,archive:amnd-winter-2016:primary-1:garville:none
metro-jets,amnd-winter-2016-primary-1,Western Jets,,archive:amnd-winter-2016:primary-1:metro-jets:none
woods-panthers,amnd-winter-2016-primary-1,Woods Panthers,,archive:amnd-winter-2016:primary-1:woods-panthers:none
tango-netball-club-inc,amnd-winter-2016-primary-2,Tango,,archive:amnd-winter-2016:primary-2:tango-netball-club-inc:none
contax,amnd-winter-2016-primary-2,Contax,,archive:amnd-winter-2016:primary-2:contax:none
norwood-netball-club,amnd-winter-2016-primary-2,Newton Jaguars,,archive:amnd-winter-2016:primary-2:norwood-netball-club:none
northeast-zodiac,amnd-winter-2016-primary-2,Northeast Zodiac,,archive:amnd-winter-2016:primary-2:northeast-zodiac:none
garville,amnd-winter-2016-primary-2,Garville,,archive:amnd-winter-2016:primary-2:garville:none
matrics,amnd-winter-2016-primary-2,Matrics,1,archive:amnd-winter-2016:primary-2:matrics:1
woods-panthers,amnd-winter-2016-primary-2,Woods Panthers,,archive:amnd-winter-2016:primary-2:woods-panthers:none
matrics,amnd-winter-2016-primary-2,Matrics,2,archive:amnd-winter-2016:primary-2:matrics:2
adelaide-wildcats,amnd-winter-2016-primary-3,Adelaide Wildcats,,archive:amnd-winter-2016:primary-3:adelaide-wildcats:none
harlequin,amnd-winter-2016-primary-3,Harlequin,,archive:amnd-winter-2016:primary-3:harlequin:none
garville,amnd-winter-2016-primary-3,Garville,1,archive:amnd-winter-2016:primary-3:garville:1
oakdale-netball-club-sa,amnd-winter-2016-primary-3,Oakdale Phoenix,,archive:amnd-winter-2016:primary-3:oakdale-netball-club-sa:none
garville,amnd-winter-2016-primary-3,Garville,2,archive:amnd-winter-2016:primary-3:garville:2
contax,amnd-winter-2016-primary-3,Contax,,archive:amnd-winter-2016:primary-3:contax:none
matrics,amnd-winter-2016-primary-3,Matrics,,archive:amnd-winter-2016:primary-3:matrics:none
tango-netball-club-inc,amnd-winter-2016-primary-3,Tango,,archive:amnd-winter-2016:primary-3:tango-netball-club-inc:none
contax,amnd-winter-2016-primary-4,Contax,,archive:amnd-winter-2016:primary-4:contax:none
oakdale-netball-club-sa,amnd-winter-2016-primary-4,Oakdale Phoenix,,archive:amnd-winter-2016:primary-4:oakdale-netball-club-sa:none
adelaide-wildcats,amnd-winter-2016-primary-4,Adelaide Wildcats,,archive:amnd-winter-2016:primary-4:adelaide-wildcats:none
garville,amnd-winter-2016-primary-4,Garville,,archive:amnd-winter-2016:primary-4:garville:none
norwood-netball-club,amnd-winter-2016-primary-4,Newton Jaguars,,archive:amnd-winter-2016:primary-4:norwood-netball-club:none
metro-jets,amnd-winter-2016-primary-4,Western Jets,,archive:amnd-winter-2016:primary-4:metro-jets:none
northeast-zodiac,amnd-winter-2016-primary-4,Northeast Zodiac,,archive:amnd-winter-2016:primary-4:northeast-zodiac:none
woods-panthers,amnd-winter-2016-primary-4,Woods Panthers,,archive:amnd-winter-2016:primary-4:woods-panthers:none
matrics,amnd-winter-2016-primary-5,Matrics,,archive:amnd-winter-2016:primary-5:matrics:none
adelaide-wildcats,amnd-winter-2016-primary-5,Adelaide Wildcats,,archive:amnd-winter-2016:primary-5:adelaide-wildcats:none
cheerio-netball-club,amnd-winter-2016-primary-5,Cheerio,,archive:amnd-winter-2016:primary-5:cheerio-netball-club:none
contax,amnd-winter-2016-primary-5,Contax,,archive:amnd-winter-2016:primary-5:contax:none
woods-panthers,amnd-winter-2016-primary-5,Woods Panthers,,archive:amnd-winter-2016:primary-5:woods-panthers:none
garville,amnd-winter-2016-primary-5,Garville,,archive:amnd-winter-2016:primary-5:garville:none
harlequin,amnd-winter-2016-primary-5,Harlequin,,archive:amnd-winter-2016:primary-5:harlequin:none
metro-jets,amnd-winter-2016-primary-5,Western Jets,,archive:amnd-winter-2016:primary-5:metro-jets:none
garville,amnd-winter-2016-primary-6,Garville,,archive:amnd-winter-2016:primary-6:garville:none
matrics,amnd-winter-2016-primary-6,Matrics,,archive:amnd-winter-2016:primary-6:matrics:none
adelaide-cougars,amnd-winter-2016-primary-6,Adelaide Cougars,,archive:amnd-winter-2016:primary-6:adelaide-cougars:none
oakdale-netball-club-sa,amnd-winter-2016-primary-6,Oakdale Phoenix,,archive:amnd-winter-2016:primary-6:oakdale-netball-club-sa:none
metro-jets,amnd-winter-2016-primary-6,Western Jets,,archive:amnd-winter-2016:primary-6:metro-jets:none
woods-panthers,amnd-winter-2016-primary-6,Woods Panthers,,archive:amnd-winter-2016:primary-6:woods-panthers:none
norwood-netball-club,amnd-winter-2016-primary-6,Newton Jaguars,,archive:amnd-winter-2016:primary-6:norwood-netball-club:none
adelaide-wildcats,amnd-winter-2016-primary-6,Adelaide Wildcats,,archive:amnd-winter-2016:primary-6:adelaide-wildcats:none
oakdale-netball-club-sa,amnd-winter-2016-sub-junior-1,Oakdale Phoenix,,archive:amnd-winter-2016:sub-junior-1:oakdale-netball-club-sa:none
tango-netball-club-inc,amnd-winter-2016-sub-junior-1,Tango,,archive:amnd-winter-2016:sub-junior-1:tango-netball-club-inc:none
contax,amnd-winter-2016-sub-junior-1,Contax,,archive:amnd-winter-2016:sub-junior-1:contax:none
garville,amnd-winter-2016-sub-junior-1,Garville,,archive:amnd-winter-2016:sub-junior-1:garville:none
matrics,amnd-winter-2016-sub-junior-1,Matrics,,archive:amnd-winter-2016:sub-junior-1:matrics:none
woods-panthers,amnd-winter-2016-sub-junior-1,Woods Panthers,,archive:amnd-winter-2016:sub-junior-1:woods-panthers:none
contax,amnd-winter-2016-sub-junior-2,Contax,,archive:amnd-winter-2016:sub-junior-2:contax:none
woods-panthers,amnd-winter-2016-sub-junior-2,Woods Panthers,,archive:amnd-winter-2016:sub-junior-2:woods-panthers:none
oakdale-netball-club-sa,amnd-winter-2016-sub-junior-2,Oakdale Phoenix,,archive:amnd-winter-2016:sub-junior-2:oakdale-netball-club-sa:none
tango-netball-club-inc,amnd-winter-2016-sub-junior-2,Tango,,archive:amnd-winter-2016:sub-junior-2:tango-netball-club-inc:none
norwood-netball-club,amnd-winter-2016-sub-junior-2,Newton Jaguars,,archive:amnd-winter-2016:sub-junior-2:norwood-netball-club:none
adelaide-wildcats,amnd-winter-2016-sub-junior-2,Adelaide Wildcats,,archive:amnd-winter-2016:sub-junior-2:adelaide-wildcats:none
matrics,amnd-winter-2016-sub-junior-2,Matrics,,archive:amnd-winter-2016:sub-junior-2:matrics:none
metro-jets,amnd-winter-2016-sub-junior-2,Western Jets,,archive:amnd-winter-2016:sub-junior-2:metro-jets:none
contax,amnd-winter-2016-sub-junior-3,Contax,,archive:amnd-winter-2016:sub-junior-3:contax:none
northeast-zodiac,amnd-winter-2016-sub-junior-3,Northeast Zodiac,,archive:amnd-winter-2016:sub-junior-3:northeast-zodiac:none
metro-jets,amnd-winter-2016-sub-junior-3,Western Jets,,archive:amnd-winter-2016:sub-junior-3:metro-jets:none
tango-netball-club-inc,amnd-winter-2016-sub-junior-3,Tango,,archive:amnd-winter-2016:sub-junior-3:tango-netball-club-inc:none
matrics,amnd-winter-2016-sub-junior-3,Matrics,1,archive:amnd-winter-2016:sub-junior-3:matrics:1
garville,amnd-winter-2016-sub-junior-3,Garville,,archive:amnd-winter-2016:sub-junior-3:garville:none
woods-panthers,amnd-winter-2016-sub-junior-3,Woods Panthers,,archive:amnd-winter-2016:sub-junior-3:woods-panthers:none
matrics,amnd-winter-2016-sub-junior-3,Matrics,2,archive:amnd-winter-2016:sub-junior-3:matrics:2
contax,amnd-winter-2016-sub-junior-4,Contax,,archive:amnd-winter-2016:sub-junior-4:contax:none
adelaide-wildcats,amnd-winter-2016-sub-junior-4,Adelaide Wildcats,,archive:amnd-winter-2016:sub-junior-4:adelaide-wildcats:none
cheerio-netball-club,amnd-winter-2016-sub-junior-4,Cheerio,,archive:amnd-winter-2016:sub-junior-4:cheerio-netball-club:none
oakdale-netball-club-sa,amnd-winter-2016-sub-junior-4,Oakdale Phoenix,,archive:amnd-winter-2016:sub-junior-4:oakdale-netball-club-sa:none
metro-jets,amnd-winter-2016-sub-junior-4,Western Jets,,archive:amnd-winter-2016:sub-junior-4:metro-jets:none
tango-netball-club-inc,amnd-winter-2016-sub-junior-4,Tango,,archive:amnd-winter-2016:sub-junior-4:tango-netball-club-inc:none
woods-panthers,amnd-winter-2016-sub-junior-4,Woods Panthers,,archive:amnd-winter-2016:sub-junior-4:woods-panthers:none
garville,amnd-winter-2016-sub-junior-4,Garville,,archive:amnd-winter-2016:sub-junior-4:garville:none
contax,amnd-winter-2016-sub-junior-5,Contax,,archive:amnd-winter-2016:sub-junior-5:contax:none
matrics,amnd-winter-2016-sub-junior-5,Matrics,,archive:amnd-winter-2016:sub-junior-5:matrics:none
garville,amnd-winter-2016-sub-junior-5,Garville,1,archive:amnd-winter-2016:sub-junior-5:garville:1
harlequin,amnd-winter-2016-sub-junior-5,Harlequin,,archive:amnd-winter-2016:sub-junior-5:harlequin:none
norwood-netball-club,amnd-winter-2016-sub-junior-5,Newton Jaguars,,archive:amnd-winter-2016:sub-junior-5:norwood-netball-club:none
garville,amnd-winter-2016-sub-junior-5,Garville,2,archive:amnd-winter-2016:sub-junior-5:garville:2
woods-panthers,amnd-winter-2016-sub-junior-5,Woods Panthers,,archive:amnd-winter-2016:sub-junior-5:woods-panthers:none
tango-netball-club-inc,amnd-winter-2016-sub-junior-5,Tango,,archive:amnd-winter-2016:sub-junior-5:tango-netball-club-inc:none
matrics,amnd-winter-2016-sub-junior-6,Matrics,,archive:amnd-winter-2016:sub-junior-6:matrics:none
metro-jets,amnd-winter-2016-sub-junior-6,Western Jets,,archive:amnd-winter-2016:sub-junior-6:metro-jets:none
contax,amnd-winter-2016-sub-junior-6,Contax,,archive:amnd-winter-2016:sub-junior-6:contax:none
oakdale-netball-club-sa,amnd-winter-2016-sub-junior-6,Oakdale Phoenix,,archive:amnd-winter-2016:sub-junior-6:oakdale-netball-club-sa:none
norwood-netball-club,amnd-winter-2016-sub-junior-6,Newton Jaguars,,archive:amnd-winter-2016:sub-junior-6:norwood-netball-club:none
northeast-zodiac,amnd-winter-2016-sub-junior-6,Northeast Zodiac,,archive:amnd-winter-2016:sub-junior-6:northeast-zodiac:none
adelaide-wildcats,amnd-winter-2016-sub-junior-6,Adelaide Wildcats,,archive:amnd-winter-2016:sub-junior-6:adelaide-wildcats:none
adelaide-cougars,amnd-winter-2016-sub-junior-6,Adelaide Cougars,,archive:amnd-winter-2016:sub-junior-6:adelaide-cougars:none
contax,amnd-winter-2016-sub-junior-7,Contax,,archive:amnd-winter-2016:sub-junior-7:contax:none
cheerio-netball-club,amnd-winter-2016-sub-junior-7,Cheerio,,archive:amnd-winter-2016:sub-junior-7:cheerio-netball-club:none
norwood-netball-club,amnd-winter-2016-sub-junior-7,Newton Jaguars,,archive:amnd-winter-2016:sub-junior-7:norwood-netball-club:none
garville,amnd-winter-2016-sub-junior-7,Garville,1,archive:amnd-winter-2016:sub-junior-7:garville:1
adelaide-wildcats,amnd-winter-2016-sub-junior-7,Adelaide Wildcats,,archive:amnd-winter-2016:sub-junior-7:adelaide-wildcats:none
matrics,amnd-winter-2016-sub-junior-7,Matrics,,archive:amnd-winter-2016:sub-junior-7:matrics:none
woods-panthers,amnd-winter-2016-sub-junior-7,Woods Panthers,,archive:amnd-winter-2016:sub-junior-7:woods-panthers:none
garville,amnd-winter-2016-sub-junior-7,Garville,2,archive:amnd-winter-2016:sub-junior-7:garville:2
semaphore,amnd-winter-2016-sub-junior-8,Semaphore,,archive:amnd-winter-2016:sub-junior-8:semaphore:none
metro-jets,amnd-winter-2016-sub-junior-8,Western Jets,1,archive:amnd-winter-2016:sub-junior-8:metro-jets:1
oakdale-netball-club-sa,amnd-winter-2016-sub-junior-8,Oakdale Phoenix,,archive:amnd-winter-2016:sub-junior-8:oakdale-netball-club-sa:none
cheerio-netball-club,amnd-winter-2016-sub-junior-8,Cheerio,,archive:amnd-winter-2016:sub-junior-8:cheerio-netball-club:none
metro-jets,amnd-winter-2016-sub-junior-8,Western Jets,2,archive:amnd-winter-2016:sub-junior-8:metro-jets:2
adelaide-wildcats,amnd-winter-2016-sub-junior-8,Adelaide Wildcats,,archive:amnd-winter-2016:sub-junior-8:adelaide-wildcats:none
matrics,amnd-winter-2016-sub-junior-8,Matrics,,archive:amnd-winter-2016:sub-junior-8:matrics:none
norwood-netball-club,amnd-winter-2016-sub-junior-8,Newton Jaguars,,archive:amnd-winter-2016:sub-junior-8:norwood-netball-club:none
