grade_key,playhq_id,round,round_name,is_finals,played_at,home_playhq_id,away_playhq_id,home_score,away_score,status,forfeiting_side,source,scraped_at
amnd-winter-2025-a-grade,277d5a92,1,Round 1,0,1743830100,fdb4f7ef,7e9737ff,49,48,final,,playhq,1786503411874
amnd-winter-2025-a-grade,87ec9e1c,1,Round 1,0,1743824700,cd61d066,e98541fc,45,45,final,,playhq,1786503411874
amnd-winter-2025-a-grade,bf1e071f,1,Round 1,0,1743830100,f91be97f,ae7cc566,45,50,final,,playhq,1786503411874
amnd-winter-2025-a-grade,c3fba7c2,1,Round 1,0,1743824700,d4ee0104,43afff51,38,59,final,,playhq,1786503411874
amnd-winter-2025-a-grade,fddf152c,1,Round 1,0,1743824700,765a8b89,d294f9dc,63,47,final,,playhq,1786503411874
amnd-winter-2025-a-grade,3fb41ecc,2,Round 2,0,1744438500,d294f9dc,fdb4f7ef,36,45,final,,playhq,1786503411874
amnd-winter-2025-a-grade,6d760232,2,Round 2,0,1744438500,ae7cc566,cd61d066,40,40,final,,playhq,1786503411874
amnd-winter-2025-a-grade,86dcafd1,2,Round 2,0,1744433100,e98541fc,765a8b89,43,49,final,,playhq,1786503411874
amnd-winter-2025-a-grade,abd2519d,2,Round 2,0,1744433100,7e9737ff,d4ee0104,20,0,final,,playhq,1786503411874
amnd-winter-2025-a-grade,e1bc7592,2,Round 2,0,1744433100,43afff51,f91be97f,35,40,final,,playhq,1786503411874
amnd-winter-2025-a-grade,2655bdc2,3,Round 3,0,1745492400,cd61d066,765a8b89,55,42,final,,playhq,1786503411874
amnd-winter-2025-a-grade,3579af1e,3,Round 3,0,1745487000,ae7cc566,43afff51,43,33,final,,playhq,1786503411874
amnd-winter-2025-a-grade,b52a53b4,3,Round 3,0,1745487000,fdb4f7ef,e98541fc,49,45,final,,playhq,1786503411874
amnd-winter-2025-a-grade,e24b6bc4,3,Round 3,0,1745487000,f91be97f,7e9737ff,59,60,final,,playhq,1786503411874
amnd-winter-2025-a-grade,f4f9c735,3,Round 3,0,1745487000,d4ee0104,d294f9dc,50,54,final,,playhq,1786503411874
amnd-winter-2025-a-grade,1c02e4e7,4,Round 4,0,1746252900,765a8b89,fdb4f7ef,55,44,final,,playhq,1786503411874
amnd-winter-2025-a-grade,45b1ecc6,4,Round 4,0,1746252900,d294f9dc,f91be97f,35,59,final,,playhq,1786503411874
amnd-winter-2025-a-grade,47af99ff,4,Round 4,0,1746247500,e98541fc,d4ee0104,49,35,final,,playhq,1786503411874
amnd-winter-2025-a-grade,4a300663,4,Round 4,0,1746247500,7e9737ff,ae7cc566,28,71,final,,playhq,1786503411874
amnd-winter-2025-a-grade,9b5b58eb,4,Round 4,0,1746252900,43afff51,cd61d066,45,51,final,,playhq,1786503411874
amnd-winter-2025-a-grade,00c52a43,5,Round 5,0,1746852300,ae7cc566,d294f9dc,67,30,final,,playhq,1786503411874
amnd-winter-2025-a-grade,611e157f,5,Round 5,0,1746852300,d4ee0104,765a8b89,39,56,final,,playhq,1786503411874
amnd-winter-2025-a-grade,7f406ccf,5,Round 5,0,1746857700,cd61d066,fdb4f7ef,50,40,final,,playhq,1786503411874
amnd-winter-2025-a-grade,98f35fdd,5,Round 5,0,1746857700,f91be97f,e98541fc,47,49,final,,playhq,1786503411874
amnd-winter-2025-a-grade,d54082b3,5,Round 5,0,1746852300,43afff51,7e9737ff,56,59,final,,playhq,1786503411874
amnd-winter-2025-a-grade,5da04e92,6,Round 6,0,1747457100,765a8b89,f91be97f,60,58,final,,playhq,1786503411874
amnd-winter-2025-a-grade,643df63a,6,Round 6,0,1747462500,fdb4f7ef,d4ee0104,62,40,final,,playhq,1786503411874
amnd-winter-2025-a-grade,8ee5dce4,6,Round 6,0,1747462500,e98541fc,ae7cc566,42,55,final,,playhq,1786503411874
amnd-winter-2025-a-grade,b286272f,6,Round 6,0,1747457100,d294f9dc,43afff51,43,46,final,,playhq,1786503411874
amnd-winter-2025-a-grade,c2825608,6,Round 6,0,1747457100,7e9737ff,cd61d066,52,49,final,,playhq,1786503411874
amnd-winter-2025-a-grade,1e2ca51c,7,Round 7,0,1748067300,ae7cc566,765a8b89,51,37,final,,playhq,1786503411874
amnd-winter-2025-a-grade,7c87f528,7,Round 7,0,1748061900,7e9737ff,d294f9dc,73,48,final,,playhq,1786503411874
amnd-winter-2025-a-grade,bbd97e1e,7,Round 7,0,1748067300,cd61d066,d4ee0104,71,39,final,,playhq,1786503411874
amnd-winter-2025-a-grade,dd1d788c,7,Round 7,0,1748061900,f91be97f,fdb4f7ef,51,43,final,,playhq,1786503411874
amnd-winter-2025-a-grade,e597bc17,7,Round 7,0,1748061900,43afff51,e98541fc,47,59,final,,playhq,1786503411874
amnd-winter-2025-a-grade,1f493a2a,8,Round 8,0,1749726000,765a8b89,43afff51,44,59,final,,playhq,1786503411874
amnd-winter-2025-a-grade,eb0b7af8,8,Round 8,0,1749726000,fdb4f7ef,ae7cc566,40,55,final,,playhq,1786503411874
amnd-winter-2025-a-grade,f2f49881,8,Round 8,0,1749726000,d4ee0104,f91be97f,51,49,final,,playhq,1786503411874
amnd-winter-2025-a-grade,f59dac4f,8,Round 8,0,1749720600,e98541fc,7e9737ff,50,55,final,,playhq,1786503411874
amnd-winter-2025-a-grade,f5dff69c,8,Round 8,0,1749720600,d294f9dc,cd61d066,49,72,final,,playhq,1786503411874
amnd-winter-2025-a-grade,4eab391b,9,Round 9,0,1750481100,cd61d066,f91be97f,55,42,final,,playhq,1786503411874
amnd-winter-2025-a-grade,5db1bdf4,9,Round 9,0,1750486500,7e9737ff,765a8b89,67,50,final,,playhq,1786503411874
amnd-winter-2025-a-grade,67929286,9,Round 9,0,1750486500,43afff51,fdb4f7ef,42,31,final,,playhq,1786503411874
amnd-winter-2025-a-grade,94568250,9,Round 9,0,1750481100,ae7cc566,d4ee0104,76,28,final,,playhq,1786503411874
amnd-winter-2025-a-grade,b5ac05d6,9,Round 9,0,1750481100,d294f9dc,e98541fc,49,59,final,,playhq,1786503411874
amnd-winter-2025-a-grade,770fa18a,10,Round 10,0,1751085900,43afff51,d4ee0104,64,41,final,,playhq,1786503411874
amnd-winter-2025-a-grade,969a5bfb,10,Round 10,0,1751091300,d294f9dc,765a8b89,42,61,final,,playhq,1786503411874
amnd-winter-2025-a-grade,b2031938,10,Round 10,0,1751085900,e98541fc,cd61d066,46,53,final,,playhq,1786503411874
amnd-winter-2025-a-grade,c8d92d15,10,Round 10,0,1751085900,7e9737ff,fdb4f7ef,68,40,final,,playhq,1786503411874
amnd-winter-2025-a-grade,ea5b7cef,10,Round 10,0,1751091300,ae7cc566,f91be97f,66,35,final,,playhq,1786503411874
amnd-winter-2025-a-grade,5f93f0d8,11,Round 11,0,1751696100,d4ee0104,7e9737ff,40,86,final,,playhq,1786503411874
amnd-winter-2025-a-grade,7c5fa810,11,Round 11,0,1751696100,765a8b89,e98541fc,42,69,final,,playhq,1786503411874
amnd-winter-2025-a-grade,7da86fa1,11,Round 11,0,1751690700,fdb4f7ef,d294f9dc,31,36,final,,playhq,1786503411874
amnd-winter-2025-a-grade,a306dc23,11,Round 11,0,1751690700,f91be97f,43afff51,36,35,final,,playhq,1786503411874
amnd-winter-2025-a-grade,c220d25f,11,Round 11,0,1751690700,cd61d066,ae7cc566,43,49,final,,playhq,1786503411874
amnd-winter-2025-a-grade,966604ef,12,Round 12,0,1752900300,765a8b89,cd61d066,56,53,final,,playhq,1786503411874
amnd-winter-2025-a-grade,b88c96c6,12,Round 12,0,1752900300,7e9737ff,f91be97f,41,39,final,,playhq,1786503411874
amnd-winter-2025-a-grade,bb8f633f,12,Round 12,0,1752900300,43afff51,ae7cc566,40,47,final,,playhq,1786503411874
amnd-winter-2025-a-grade,defe1d23,12,Round 12,0,1752905700,d294f9dc,d4ee0104,59,39,final,,playhq,1786503411874
amnd-winter-2025-a-grade,dff984e4,12,Round 12,0,1752905700,e98541fc,fdb4f7ef,57,50,final,,playhq,1786503411874
amnd-winter-2025-a-grade,20ec25db,13,Round 13,0,1753510500,cd61d066,43afff51,62,39,final,,playhq,1786503411874
amnd-winter-2025-a-grade,7db47a6b,13,Round 13,0,1753505100,ae7cc566,7e9737ff,34,40,final,,playhq,1786503411874
amnd-winter-2025-a-grade,c513c7a0,13,Round 13,0,1753505100,fdb4f7ef,765a8b89,14,70,final,,playhq,1786503411874
amnd-winter-2025-a-grade,cfe15867,13,Round 13,0,1753505100,d4ee0104,e98541fc,34,74,final,,playhq,1786503411874
amnd-winter-2025-a-grade,e917474a,13,Round 13,0,1753510500,f91be97f,d294f9dc,44,37,final,,playhq,1786503411874
amnd-winter-2025-a-grade,09d1f3f7,14,Round 14,0,1754115300,d294f9dc,ae7cc566,35,47,final,,playhq,1786503411874
amnd-winter-2025-a-grade,0e9713ab,14,Round 14,0,1754109900,7e9737ff,43afff51,65,60,final,,playhq,1786503411874
amnd-winter-2025-a-grade,1a096052,14,Round 14,0,1754109900,e98541fc,f91be97f,66,48,final,,playhq,1786503411874
amnd-winter-2025-a-grade,ab42634f,14,Round 14,0,1754115300,fdb4f7ef,cd61d066,44,75,final,,playhq,1786503411874
amnd-winter-2025-a-grade,fa49657e,14,Round 14,0,1754109900,765a8b89,d4ee0104,74,28,final,,playhq,1786503411874
amnd-winter-2025-a-grade,1c6f9bc0,15,Round 15,0,1754714700,43afff51,d294f9dc,64,44,final,,playhq,1786503411874
amnd-winter-2025-a-grade,439ab88a,15,Round 15,0,1754714700,cd61d066,7e9737ff,54,47,final,,playhq,1786503411874
amnd-winter-2025-a-grade,63fc6bdf,15,Round 15,0,1754720100,f91be97f,765a8b89,46,63,final,,playhq,1786503411874
amnd-winter-2025-a-grade,7e023f81,15,Round 15,0,1754714700,d4ee0104,fdb4f7ef,50,50,final,,playhq,1786503411874
amnd-winter-2025-a-grade,a269aca4,15,Round 15,0,1754720100,ae7cc566,e98541fc,55,51,final,,playhq,1786503411874
amnd-winter-2025-a-grade,4a471cd4,16,Round 16,0,1755169200,d4ee0104,cd61d066,36,64,final,,playhq,1786503411874
amnd-winter-2025-a-grade,95b17147,16,Round 16,0,1755163800,d294f9dc,7e9737ff,45,74,final,,playhq,1786503411874
amnd-winter-2025-a-grade,9f407ffc,16,Round 16,0,1755169200,e98541fc,43afff51,67,54,final,,playhq,1786503411874
amnd-winter-2025-a-grade,af7979ef,16,Round 16,0,1755169200,765a8b89,ae7cc566,44,49,final,,playhq,1786503411874
amnd-winter-2025-a-grade,b920f79b,16,Round 16,0,1755163800,fdb4f7ef,f91be97f,35,35,final,,playhq,1786503411874
amnd-winter-2025-a-grade,0e889ff7,17,Round 17,0,1755929700,f91be97f,d4ee0104,51,46,final,,playhq,1786503411874
amnd-winter-2025-a-grade,1f20d6ad,17,Round 17,0,1755924300,7e9737ff,e98541fc,70,65,final,,playhq,1786503411874
amnd-winter-2025-a-grade,8694bbd4,17,Round 17,0,1755929700,43afff51,765a8b89,40,59,final,,playhq,1786503411874
amnd-winter-2025-a-grade,88a6aa8e,17,Round 17,0,1755924300,cd61d066,d294f9dc,76,31,final,,playhq,1786503411874
amnd-winter-2025-a-grade,c689df6e,17,Round 17,0,1755924300,ae7cc566,fdb4f7ef,55,35,final,,playhq,1786503411874
amnd-winter-2025-a-grade,04305a45,18,Round 18,0,1756529100,f91be97f,cd61d066,32,55,final,,playhq,1786503411874
amnd-winter-2025-a-grade,4be8eb4a,18,Round 18,0,1756529100,fdb4f7ef,43afff51,41,74,final,,playhq,1786503411874
amnd-winter-2025-a-grade,93620f92,18,Round 18,0,1756529100,e98541fc,d294f9dc,85,52,final,,playhq,1786503411874
amnd-winter-2025-a-grade,adfb4041,18,Round 18,0,1756534500,d4ee0104,ae7cc566,31,69,final,,playhq,1786503411874
amnd-winter-2025-a-grade,f6b85074,18,Round 18,0,1756534500,765a8b89,7e9737ff,49,60,final,,playhq,1786503411874
amnd-winter-2025-a-grade,1c00c1d5,19,Qualifying Final,1,1757133900,ae7cc566,7e9737ff,57,41,final,,playhq,1786503411874
amnd-winter-2025-a-grade,72f3a129,19,Elimination Final,1,1757139300,cd61d066,765a8b89,56,33,final,,playhq,1786503411874
amnd-winter-2025-a-grade,979b83ba,20,Preliminary Final,1,1757738700,7e9737ff,cd61d066,43,42,final,,playhq,1786503411874
amnd-winter-2025-a-grade,f360c283,21,Grand Final,1,1758343500,ae7cc566,7e9737ff,37,49,final,,playhq,1786503411874
amnd-winter-2025-amnd,4b070bba,1,Round 1,0,1743830100,33218a43,93d371d0,37,40,final,,playhq,1786503411836
amnd-winter-2025-amnd,55942163,1,Round 1,0,1743830100,61c22108,90816ec1,54,51,final,,playhq,1786503411836
amnd-winter-2025-amnd,7f52bf13,1,Round 1,0,1743824700,7f3bf1b5,fb89e7b7,65,36,final,,playhq,1786503411836
amnd-winter-2025-amnd,7ff00a8f,1,Round 1,0,1743830100,99d90758,f806680c,56,43,final,,playhq,1786503411836
amnd-winter-2025-amnd,e0766d8a,1,Round 1,0,1743824700,1ba666bc,d9725ab5,63,30,final,,playhq,1786503411836
amnd-winter-2025-amnd,0a2c09ef,2,Round 2,0,1744438500,fb89e7b7,33218a43,39,28,final,,playhq,1786503411836
amnd-winter-2025-amnd,71c1bfe2,2,Round 2,0,1744433100,93d371d0,99d90758,67,31,final,,playhq,1786503411836
amnd-winter-2025-amnd,83a64490,2,Round 2,0,1744438500,d9725ab5,7f3bf1b5,20,73,final,,playhq,1786503411836
amnd-winter-2025-amnd,b62372c1,2,Round 2,0,1744438500,90816ec1,1ba666bc,43,57,final,,playhq,1786503411836
amnd-winter-2025-amnd,e1a94a29,2,Round 2,0,1744433100,f806680c,61c22108,45,44,final,,playhq,1786503411836
amnd-winter-2025-amnd,16373455,3,Round 3,0,1745492400,61c22108,93d371d0,63,42,final,,playhq,1786503411836
amnd-winter-2025-amnd,3023d5af,3,Round 3,0,1745487000,33218a43,99d90758,58,45,final,,playhq,1786503411836
amnd-winter-2025-amnd,44a5cf38,3,Round 3,0,1745487000,fb89e7b7,d9725ab5,44,36,final,,playhq,1786503411836
amnd-winter-2025-amnd,a88d4b2e,3,Round 3,0,1745492400,7f3bf1b5,90816ec1,61,34,final,,playhq,1786503411836
amnd-winter-2025-amnd,e1c1eeb2,3,Round 3,0,1745492400,1ba666bc,f806680c,67,45,final,,playhq,1786503411836
amnd-winter-2025-amnd,0bc247df,4,Round 4,0,1746252900,90816ec1,fb89e7b7,33,53,final,,playhq,1786503411836
amnd-winter-2025-amnd,6ca67566,4,Round 4,0,1746252900,f806680c,7f3bf1b5,33,55,final,,playhq,1786503411836
amnd-winter-2025-amnd,b16b4062,4,Round 4,0,1746247500,d9725ab5,33218a43,38,40,final,,playhq,1786503411836
amnd-winter-2025-amnd,e39be803,4,Round 4,0,1746247500,93d371d0,1ba666bc,66,71,final,,playhq,1786503411836
amnd-winter-2025-amnd,e8bcb942,4,Round 4,0,1746252900,99d90758,61c22108,64,54,final,,playhq,1786503411836
amnd-winter-2025-amnd,36a5ac36,5,Round 5,0,1746852300,fb89e7b7,f806680c,42,36,final,,playhq,1786503411836
amnd-winter-2025-amnd,4d9b0c6b,5,Round 5,0,1746857700,7f3bf1b5,93d371d0,66,40,final,,playhq,1786503411836
amnd-winter-2025-amnd,9663b1ce,5,Round 5,0,1746857700,d9725ab5,90816ec1,41,53,final,,playhq,1786503411836
amnd-winter-2025-amnd,b49bf13a,5,Round 5,0,1746852300,33218a43,61c22108,43,41,final,,playhq,1786503411836
amnd-winter-2025-amnd,b91de2ec,5,Round 5,0,1746857700,1ba666bc,99d90758,72,56,final,,playhq,1786503411836
amnd-winter-2025-amnd,41b3ec67,6,Round 6,0,1747462500,93d371d0,fb89e7b7,50,39,final,,playhq,1786503411836
amnd-winter-2025-amnd,84cb15e2,6,Round 6,0,1747462500,f806680c,d9725ab5,57,36,final,,playhq,1786503411836
amnd-winter-2025-amnd,970d507f,6,Round 6,0,1747462500,61c22108,1ba666bc,48,76,final,,playhq,1786503411836
amnd-winter-2025-amnd,9dd9067f,6,Round 6,0,1747457100,99d90758,7f3bf1b5,45,67,final,,playhq,1786503411836
amnd-winter-2025-amnd,bef65ac2,6,Round 6,0,1747457100,90816ec1,33218a43,43,33,final,,playhq,1786503411836
amnd-winter-2025-amnd,06ffded4,7,Round 7,0,1748067300,d9725ab5,93d371d0,35,57,final,,playhq,1786503411836
amnd-winter-2025-amnd,262fac40,7,Round 7,0,1748067300,33218a43,1ba666bc,41,53,final,,playhq,1786503411836
amnd-winter-2025-amnd,51abafa0,7,Round 7,0,1748061900,90816ec1,f806680c,55,57,final,,playhq,1786503411836
amnd-winter-2025-amnd,7046cab0,7,Round 7,0,1748067300,fb89e7b7,99d90758,48,65,final,,playhq,1786503411836
amnd-winter-2025-amnd,8193381d,7,Round 7,0,1748061900,7f3bf1b5,61c22108,57,43,final,,playhq,1786503411836
amnd-winter-2025-amnd,1c6c8848,8,Round 8,0,1749720600,1ba666bc,7f3bf1b5,54,64,final,,playhq,1786503411836
amnd-winter-2025-amnd,8557896b,8,Round 8,0,1749726000,f806680c,33218a43,40,61,final,,playhq,1786503411836
amnd-winter-2025-amnd,9774690c,8,Round 8,0,1749720600,99d90758,d9725ab5,54,42,final,,playhq,1786503411836
amnd-winter-2025-amnd,ba2ff99b,8,Round 8,0,1749720600,93d371d0,90816ec1,47,42,final,,playhq,1786503411836
amnd-winter-2025-amnd,bf685012,8,Round 8,0,1749726000,61c22108,fb89e7b7,63,45,final,,playhq,1786503411836
amnd-winter-2025-amnd,1a71b791,9,Round 9,0,1750486500,d9725ab5,61c22108,44,65,final,,playhq,1786503411836
amnd-winter-2025-amnd,8f25db90,9,Round 9,0,1750486500,90816ec1,99d90758,51,70,final,,playhq,1786503411836
amnd-winter-2025-amnd,93e10b08,9,Round 9,0,1750481100,fb89e7b7,1ba666bc,57,59,final,,playhq,1786503411836
amnd-winter-2025-amnd,9bf03ebe,9,Round 9,0,1750486500,33218a43,7f3bf1b5,23,65,final,,playhq,1786503411836
amnd-winter-2025-amnd,f28b6b8f,9,Round 9,0,1750481100,f806680c,93d371d0,49,42,final,,playhq,1786503411836
amnd-winter-2025-amnd,09ab9f78,10,Round 10,0,1751091300,f806680c,99d90758,43,60,final,,playhq,1786503411836
amnd-winter-2025-amnd,4ecbb400,10,Round 10,0,1751091300,90816ec1,61c22108,45,52,final,,playhq,1786503411836
amnd-winter-2025-amnd,9117696c,10,Round 10,0,1751085900,d9725ab5,1ba666bc,40,80,final,,playhq,1786503411836
amnd-winter-2025-amnd,d0a6923e,10,Round 10,0,1751085900,fb89e7b7,7f3bf1b5,31,73,final,,playhq,1786503411836
amnd-winter-2025-amnd,f7f168cb,10,Round 10,0,1751091300,93d371d0,33218a43,39,39,final,,playhq,1786503411836
amnd-winter-2025-amnd,1dd78885,11,Round 11,0,1751696100,99d90758,93d371d0,47,45,final,,playhq,1786503411836
amnd-winter-2025-amnd,38b5c78a,11,Round 11,0,1751696100,7f3bf1b5,d9725ab5,66,40,final,,playhq,1786503411836
amnd-winter-2025-amnd,87ed7ac1,11,Round 11,0,1751696100,33218a43,fb89e7b7,42,39,final,,playhq,1786503411836
amnd-winter-2025-amnd,9a412c37,11,Round 11,0,1751690700,61c22108,f806680c,62,48,final,,playhq,1786503411836
amnd-winter-2025-amnd,e1d14dbf,11,Round 11,0,1751690700,1ba666bc,90816ec1,60,48,final,,playhq,1786503411836
amnd-winter-2025-amnd,13d9eaa6,12,Round 12,0,1752905700,93d371d0,61c22108,50,52,final,,playhq,1786503411836
amnd-winter-2025-amnd,36203672,12,Round 12,0,1752900300,99d90758,33218a43,51,36,final,,playhq,1786503411836
amnd-winter-2025-amnd,49c2c2eb,12,Round 12,0,1752905700,f806680c,1ba666bc,49,56,final,,playhq,1786503411836
amnd-winter-2025-amnd,534fd585,12,Round 12,0,1752900300,d9725ab5,fb89e7b7,33,57,final,,playhq,1786503411836
amnd-winter-2025-amnd,cb70df08,12,Round 12,0,1752905700,90816ec1,7f3bf1b5,25,72,final,,playhq,1786503411836
amnd-winter-2025-amnd,92ebf45a,13,Round 13,0,1753505100,fb89e7b7,90816ec1,54,43,final,,playhq,1786503411836
amnd-winter-2025-amnd,a8205b9f,13,Round 13,0,1753510500,7f3bf1b5,f806680c,62,35,final,,playhq,1786503411836
amnd-winter-2025-amnd,cbea3fab,13,Round 13,0,1753510500,33218a43,d9725ab5,54,27,final,,playhq,1786503411836
amnd-winter-2025-amnd,e2610b41,13,Round 13,0,1753505100,61c22108,99d90758,50,55,final,,playhq,1786503411836
amnd-winter-2025-amnd,ed0741a9,13,Round 13,0,1753510500,1ba666bc,93d371d0,45,49,final,,playhq,1786503411836
amnd-winter-2025-amnd,13f6297e,14,Round 14,0,1754115300,61c22108,33218a43,44,35,final,,playhq,1786503411836
amnd-winter-2025-amnd,18572fcf,14,Round 14,0,1754109900,99d90758,1ba666bc,59,68,final,,playhq,1786503411836
amnd-winter-2025-amnd,37f978bb,14,Round 14,0,1754109900,93d371d0,7f3bf1b5,50,57,final,,playhq,1786503411836
amnd-winter-2025-amnd,dc4e3edd,14,Round 14,0,1754115300,90816ec1,d9725ab5,52,47,final,,playhq,1786503411836
amnd-winter-2025-amnd,dfe22a53,14,Round 14,0,1754115300,f806680c,fb89e7b7,54,68,final,,playhq,1786503411836
amnd-winter-2025-amnd,17d659b3,15,Round 15,0,1754720100,33218a43,90816ec1,50,42,final,,playhq,1786503411836
amnd-winter-2025-amnd,36ac458a,15,Round 15,0,1754714700,fb89e7b7,93d371d0,33,64,final,,playhq,1786503411836
amnd-winter-2025-amnd,ab0d0361,15,Round 15,0,1754720100,1ba666bc,61c22108,67,44,final,,playhq,1786503411836
amnd-winter-2025-amnd,b3d7c765,15,Round 15,0,1754720100,7f3bf1b5,99d90758,53,51,final,,playhq,1786503411836
amnd-winter-2025-amnd,b58174c4,15,Round 15,0,1754714700,d9725ab5,f806680c,47,58,final,,playhq,1786503411836
amnd-winter-2025-amnd,059fe095,16,Round 16,0,1755163800,f806680c,90816ec1,51,42,final,,playhq,1786503411836
amnd-winter-2025-amnd,07004030,16,Round 16,0,1755163800,61c22108,7f3bf1b5,41,65,final,,playhq,1786503411836
amnd-winter-2025-amnd,6485f055,16,Round 16,0,1755163800,1ba666bc,33218a43,54,50,final,,playhq,1786503411836
amnd-winter-2025-amnd,91caae87,16,Round 16,0,1755169200,99d90758,fb89e7b7,58,46,final,,playhq,1786503411836
amnd-winter-2025-amnd,b71f6a55,16,Round 16,0,1755169200,93d371d0,d9725ab5,63,30,final,,playhq,1786503411836
amnd-winter-2025-amnd,16b19221,17,Round 17,0,1755924300,90816ec1,93d371d0,42,42,final,,playhq,1786503411836
amnd-winter-2025-amnd,1dec222e,17,Round 17,0,1755929700,d9725ab5,99d90758,40,76,final,,playhq,1786503411836
amnd-winter-2025-amnd,343e33ee,17,Round 17,0,1755924300,fb89e7b7,61c22108,36,55,final,,playhq,1786503411836
amnd-winter-2025-amnd,5be9c529,17,Round 17,0,1755929700,7f3bf1b5,1ba666bc,61,44,final,,playhq,1786503411836
amnd-winter-2025-amnd,97c43493,17,Round 17,0,1755929700,33218a43,f806680c,36,41,final,,playhq,1786503411836
amnd-winter-2025-amnd,7ac1b8a7,18,Round 18,0,1756529100,99d90758,90816ec1,43,46,final,,playhq,1786503411836
amnd-winter-2025-amnd,9ef6a645,18,Round 18,0,1756534500,7f3bf1b5,33218a43,53,48,final,,playhq,1786503411836
amnd-winter-2025-amnd,b58967dd,18,Round 18,0,1756534500,1ba666bc,fb89e7b7,71,43,final,,playhq,1786503411836
amnd-winter-2025-amnd,b970af98,18,Round 18,0,1756534500,61c22108,d9725ab5,67,49,final,,playhq,1786503411836
amnd-winter-2025-amnd,f66d1240,18,Round 18,0,1756529100,93d371d0,f806680c,63,41,final,,playhq,1786503411836
amnd-winter-2025-amnd,90b0608f,19,Elimination Final,1,1757139300,99d90758,93d371d0,54,49,final,,playhq,1786503411836
amnd-winter-2025-amnd,ab9d049d,19,Qualifying Final,1,1757133900,7f3bf1b5,1ba666bc,65,38,final,,playhq,1786503411836
amnd-winter-2025-amnd,8a93e095,20,Preliminary Final,1,1757738700,1ba666bc,99d90758,55,59,final,,playhq,1786503411836
amnd-winter-2025-amnd,5234ed9d,21,Grand Final,1,1758343500,7f3bf1b5,99d90758,65,49,final,,playhq,1786503411836
amnd-winter-2025-b1,562f2793,1,Round 1,0,1743830100,d1b693c1,037c24ec,33,43,final,,playhq,1786503412350
amnd-winter-2025-b1,8b9a2377,1,Round 1,0,1743830100,2d0212d4,38632ec6,55,25,final,,playhq,1786503412350
amnd-winter-2025-b1,c1223eaf,1,Round 1,0,1743830100,b3bd1d37,3813190e,37,60,final,,playhq,1786503412350
amnd-winter-2025-b1,ebd7d9a1,1,Round 1,0,1743830100,3a588df6,68a343d9,68,32,final,,playhq,1786503412350
amnd-winter-2025-b1,3804ea58,2,Round 2,0,1744433100,3813190e,3a588df6,45,34,final,,playhq,1786503412350
amnd-winter-2025-b1,59a3bac3,2,Round 2,0,1744433100,037c24ec,b3bd1d37,35,60,final,,playhq,1786503412350
amnd-winter-2025-b1,6b6ea83f,2,Round 2,0,1744433100,68a343d9,2d0212d4,35,57,final,,playhq,1786503412350
amnd-winter-2025-b1,7375385d,2,Round 2,0,1744433100,38632ec6,d1b693c1,48,37,final,,playhq,1786503412350
amnd-winter-2025-b1,1b5f75ea,3,Round 3,0,1745492400,d1b693c1,68a343d9,48,45,final,,playhq,1786503412350
amnd-winter-2025-b1,4a446362,3,Round 3,0,1745492400,3813190e,037c24ec,62,34,final,,playhq,1786503412350
amnd-winter-2025-b1,9fcc2876,3,Round 3,0,1745492400,b3bd1d37,38632ec6,55,50,final,,playhq,1786503412350
amnd-winter-2025-b1,cc165195,3,Round 3,0,1745492400,3a588df6,2d0212d4,48,44,final,,playhq,1786503412350
amnd-winter-2025-b1,5535e612,4,Round 4,0,1746247500,2d0212d4,d1b693c1,57,44,final,,playhq,1786503412350
amnd-winter-2025-b1,61f6bced,4,Round 4,0,1746247500,037c24ec,3a588df6,27,61,final,,playhq,1786503412350
amnd-winter-2025-b1,b94008fe,4,Round 4,0,1746247500,68a343d9,b3bd1d37,42,65,final,,playhq,1786503412350
amnd-winter-2025-b1,d8dce27f,4,Round 4,0,1746247500,38632ec6,3813190e,34,58,final,,playhq,1786503412350
amnd-winter-2025-b1,14cf587e,5,Round 5,0,1746857700,3a588df6,d1b693c1,57,36,final,,playhq,1786503412350
amnd-winter-2025-b1,551bba7d,5,Round 5,0,1746857700,037c24ec,38632ec6,64,37,final,,playhq,1786503412350
amnd-winter-2025-b1,ae802a60,5,Round 5,0,1746857700,3813190e,68a343d9,69,34,final,,playhq,1786503412350
amnd-winter-2025-b1,fb2b57ee,5,Round 5,0,1746857700,b3bd1d37,2d0212d4,52,60,final,,playhq,1786503412350
amnd-winter-2025-b1,464a82f3,6,Round 6,0,1747457100,2d0212d4,3813190e,43,48,final,,playhq,1786503412350
amnd-winter-2025-b1,a6d80fc4,6,Round 6,0,1747457100,68a343d9,037c24ec,45,39,final,,playhq,1786503412350
amnd-winter-2025-b1,a81b3747,6,Round 6,0,1747457100,d1b693c1,b3bd1d37,50,52,final,,playhq,1786503412350
amnd-winter-2025-b1,ae99ebc9,6,Round 6,0,1747457100,38632ec6,3a588df6,36,45,final,,playhq,1786503412350
amnd-winter-2025-b1,00c05e4f,7,Round 7,0,1748067300,037c24ec,2d0212d4,37,75,final,,playhq,1786503412350
amnd-winter-2025-b1,7b5f224a,7,Round 7,0,1748067300,3a588df6,b3bd1d37,63,58,final,,playhq,1786503412350
amnd-winter-2025-b1,ad0bfdee,7,Round 7,0,1748067300,38632ec6,68a343d9,47,44,final,,playhq,1786503412350
amnd-winter-2025-b1,bda61aaa,7,Round 7,0,1748067300,3813190e,d1b693c1,54,43,final,,playhq,1786503412350
amnd-winter-2025-b1,603e7cac,8,Round 8,0,1749720600,68a343d9,3a588df6,45,64,final,,playhq,1786503412350
amnd-winter-2025-b1,b14f0af9,8,Round 8,0,1749720600,3813190e,b3bd1d37,52,44,final,,playhq,1786503412350
amnd-winter-2025-b1,b95784e3,8,Round 8,0,1749720600,38632ec6,2d0212d4,31,58,final,,playhq,1786503412350
amnd-winter-2025-b1,cf913cf8,8,Round 8,0,1749720600,037c24ec,d1b693c1,50,59,final,,playhq,1786503412350
amnd-winter-2025-b1,0c55e3e8,9,Round 9,0,1750486500,d1b693c1,38632ec6,51,38,final,,playhq,1786503412350
amnd-winter-2025-b1,33d24474,9,Round 9,0,1750486500,3a588df6,3813190e,43,41,final,,playhq,1786503412350
amnd-winter-2025-b1,376394f0,9,Round 9,0,1750486500,2d0212d4,68a343d9,56,43,final,,playhq,1786503412350
amnd-winter-2025-b1,623ef2b4,9,Round 9,0,1750486500,b3bd1d37,037c24ec,55,38,final,,playhq,1786503412350
amnd-winter-2025-b1,040cf32b,10,Round 10,0,1751085900,037c24ec,3813190e,32,70,final,,playhq,1786503412350
amnd-winter-2025-b1,a2cff7c0,10,Round 10,0,1751085900,38632ec6,b3bd1d37,40,66,final,,playhq,1786503412350
amnd-winter-2025-b1,f31e3c4c,10,Round 10,0,1751085900,68a343d9,d1b693c1,42,50,final,,playhq,1786503412350
amnd-winter-2025-b1,f739697a,10,Round 10,0,1751085900,2d0212d4,3a588df6,57,51,final,,playhq,1786503412350
amnd-winter-2025-b1,2135cde5,11,Round 11,0,1751696100,b3bd1d37,68a343d9,66,40,final,,playhq,1786503412350
amnd-winter-2025-b1,2c9c5c25,11,Round 11,0,1751696100,3a588df6,037c24ec,64,22,final,,playhq,1786503412350
amnd-winter-2025-b1,51d91b2f,11,Round 11,0,1751696100,3813190e,38632ec6,70,26,final,,playhq,1786503412350
amnd-winter-2025-b1,b3bf73f9,11,Round 11,0,1751696100,d1b693c1,2d0212d4,37,69,final,,playhq,1786503412350
amnd-winter-2025-b1,3822e2c4,12,Round 12,0,1752900300,38632ec6,037c24ec,0,20,final,,playhq,1786503412350
amnd-winter-2025-b1,7f001e96,12,Round 12,0,1752900300,d1b693c1,3a588df6,41,51,final,,playhq,1786503412350
amnd-winter-2025-b1,832e6bc1,12,Round 12,0,1752900300,2d0212d4,b3bd1d37,70,48,final,,playhq,1786503412350
amnd-winter-2025-b1,9b14952d,12,Round 12,0,1752900300,68a343d9,3813190e,0,20,final,,playhq,1786503412350
amnd-winter-2025-b1,90804b08,13,Round 13,0,1753510500,037c24ec,68a343d9,47,60,final,,playhq,1786503412350
amnd-winter-2025-b1,a7d0c890,13,Round 13,0,1753510500,3813190e,2d0212d4,40,39,final,,playhq,1786503412350
amnd-winter-2025-b1,eb6e7fc6,13,Round 13,0,1753510500,3a588df6,38632ec6,61,22,final,,playhq,1786503412350
amnd-winter-2025-b1,f0c941ab,13,Round 13,0,1753510500,b3bd1d37,d1b693c1,48,40,final,,playhq,1786503412350
amnd-winter-2025-b1,28ee31c2,14,Round 14,0,1754109900,68a343d9,38632ec6,47,69,final,,playhq,1786503412350
amnd-winter-2025-b1,55e6255a,14,Round 14,0,1754109900,2d0212d4,037c24ec,76,27,final,,playhq,1786503412350
amnd-winter-2025-b1,73934bb0,14,Round 14,0,1754109900,b3bd1d37,3a588df6,39,64,final,,playhq,1786503412350
amnd-winter-2025-b1,74f8e258,14,Round 14,0,1754109900,d1b693c1,3813190e,44,66,final,,playhq,1786503412350
amnd-winter-2025-b1,0fa5942e,15,Round 15,0,1754720100,d1b693c1,037c24ec,72,38,final,,playhq,1786503412350
amnd-winter-2025-b1,62990c6b,15,Round 15,0,1754720100,2d0212d4,38632ec6,69,35,final,,playhq,1786503412350
amnd-winter-2025-b1,83d13fc1,15,Round 15,0,1754720100,3a588df6,68a343d9,53,46,final,,playhq,1786503412350
amnd-winter-2025-b1,9561b04c,15,Round 15,0,1754720100,b3bd1d37,3813190e,50,55,final,,playhq,1786503412350
amnd-winter-2025-b1,016fa059,16,Round 16,0,1755163800,3813190e,3a588df6,45,43,final,,playhq,1786503412350
amnd-winter-2025-b1,3a379e34,16,Round 16,0,1755163800,38632ec6,d1b693c1,44,62,final,,playhq,1786503412350
amnd-winter-2025-b1,59c6cd74,16,Round 16,0,1755163800,037c24ec,b3bd1d37,47,69,final,,playhq,1786503412350
amnd-winter-2025-b1,d9bbeba3,16,Round 16,0,1755163800,68a343d9,2d0212d4,32,63,final,,playhq,1786503412350
amnd-winter-2025-b1,0795f116,17,Round 17,0,1755929700,3813190e,037c24ec,75,17,final,,playhq,1786503412350
amnd-winter-2025-b1,6521fd3a,17,Round 17,0,1755929700,b3bd1d37,38632ec6,74,36,final,,playhq,1786503412350
amnd-winter-2025-b1,e54d7d75,17,Round 17,0,1755929700,3a588df6,2d0212d4,41,49,final,,playhq,1786503412350
amnd-winter-2025-b1,f49e0d2b,17,Round 17,0,1755929700,d1b693c1,68a343d9,48,46,final,,playhq,1786503412350
amnd-winter-2025-b1,0abff6f3,18,Round 18,0,1756529100,037c24ec,3a588df6,32,71,final,,playhq,1786503412350
amnd-winter-2025-b1,ac12c4dd,18,Round 18,0,1756529100,38632ec6,3813190e,44,71,final,,playhq,1786503412350
amnd-winter-2025-b1,bf4fd4ae,18,Round 18,0,1756529100,2d0212d4,d1b693c1,66,53,final,,playhq,1786503412350
amnd-winter-2025-b1,c9bb6b1f,18,Round 18,0,1756529100,68a343d9,b3bd1d37,43,56,final,,playhq,1786503412350
amnd-winter-2025-b1,5ca94fc5,19,Elimination Final,1,1757139300,3a588df6,b3bd1d37,50,51,final,,playhq,1786503412350
amnd-winter-2025-b1,ce23bdeb,19,Qualifying Final,1,1757139300,3813190e,2d0212d4,40,49,final,,playhq,1786503412350
amnd-winter-2025-b1,48aa0475,20,Preliminary Final,1,1757738700,3813190e,b3bd1d37,57,46,final,,playhq,1786503412350
amnd-winter-2025-b1,6b634055,21,Grand Final,1,1758343500,2d0212d4,3813190e,45,44,final,,playhq,1786503412350
amnd-winter-2025-b2,2589cf24,1,Round 1,0,1743824700,cbdaf001,8b17de7d,49,26,final,,playhq,1786503411849
amnd-winter-2025-b2,957d375d,1,Round 1,0,1743824700,39371b35,875ca669,68,45,final,,playhq,1786503411849
amnd-winter-2025-b2,c03e6804,1,Round 1,0,1743824700,39a2b264,9fd38c43,45,41,final,,playhq,1786503411849
amnd-winter-2025-b2,d203135a,1,Round 1,0,1743824700,512abc34,c5c01151,49,28,final,,playhq,1786503411849
amnd-winter-2025-b2,177c6192,2,Round 2,0,1744438500,875ca669,512abc34,40,67,final,,playhq,1786503411849
amnd-winter-2025-b2,6e5107f7,2,Round 2,0,1744438500,8b17de7d,39a2b264,45,28,final,,playhq,1786503411849
amnd-winter-2025-b2,e043f196,2,Round 2,0,1744438500,c5c01151,cbdaf001,23,62,final,,playhq,1786503411849
amnd-winter-2025-b2,e965a883,2,Round 2,0,1744438500,9fd38c43,39371b35,41,53,final,,playhq,1786503411849
amnd-winter-2025-b2,1467522f,3,Round 3,0,1745487000,cbdaf001,39a2b264,56,31,final,,playhq,1786503411849
amnd-winter-2025-b2,2a7fe6a4,3,Round 3,0,1745487000,512abc34,9fd38c43,48,43,final,,playhq,1786503411849
amnd-winter-2025-b2,68fb68b7,3,Round 3,0,1745487000,c5c01151,875ca669,62,62,final,,playhq,1786503411849
amnd-winter-2025-b2,dcd682f3,3,Round 3,0,1745487000,39371b35,8b17de7d,48,46,final,,playhq,1786503411849
amnd-winter-2025-b2,1db46bbc,4,Round 4,0,1746252900,875ca669,cbdaf001,38,38,final,,playhq,1786503411849
amnd-winter-2025-b2,44a1abb3,4,Round 4,0,1746252900,39a2b264,39371b35,49,49,final,,playhq,1786503411849
amnd-winter-2025-b2,7efa47f4,4,Round 4,0,1746252900,8b17de7d,512abc34,41,40,final,,playhq,1786503411849
amnd-winter-2025-b2,9a9194c5,4,Round 4,0,1746252900,9fd38c43,c5c01151,59,57,final,,playhq,1786503411849
amnd-winter-2025-b2,2b7958ed,5,Round 5,0,1746852300,cbdaf001,39371b35,63,30,final,,playhq,1786503411849
amnd-winter-2025-b2,671bc756,5,Round 5,0,1746852300,512abc34,39a2b264,60,30,final,,playhq,1786503411849
amnd-winter-2025-b2,e81ffa0d,5,Round 5,0,1746852300,c5c01151,8b17de7d,54,50,final,,playhq,1786503411849
amnd-winter-2025-b2,fda5c3ed,5,Round 5,0,1746852300,875ca669,9fd38c43,43,70,final,,playhq,1786503411849
amnd-winter-2025-b2,7200158d,6,Round 6,0,1747462500,39a2b264,c5c01151,38,39,final,,playhq,1786503411849
amnd-winter-2025-b2,bdddf35c,6,Round 6,0,1747462500,39371b35,512abc34,46,49,final,,playhq,1786503411849
amnd-winter-2025-b2,ca622c7d,6,Round 6,0,1747462500,8b17de7d,875ca669,55,34,final,,playhq,1786503411849
amnd-winter-2025-b2,df44adc2,6,Round 6,0,1747462500,9fd38c43,cbdaf001,37,57,final,,playhq,1786503411849
amnd-winter-2025-b2,342ffde6,7,Round 7,0,1748061900,cbdaf001,512abc34,46,32,final,,playhq,1786503411849
amnd-winter-2025-b2,3ed378ae,7,Round 7,0,1748061900,c5c01151,39371b35,50,52,final,,playhq,1786503411849
amnd-winter-2025-b2,46e7206f,7,Round 7,0,1748061900,9fd38c43,8b17de7d,34,50,final,,playhq,1786503411849
amnd-winter-2025-b2,64afca30,7,Round 7,0,1748061900,875ca669,39a2b264,47,48,final,,playhq,1786503411849
amnd-winter-2025-b2,07e50dcb,8,Round 8,0,1749726000,875ca669,39371b35,39,47,final,,playhq,1786503411849
amnd-winter-2025-b2,0b1429e8,8,Round 8,0,1749726000,8b17de7d,cbdaf001,32,46,final,,playhq,1786503411849
amnd-winter-2025-b2,3ad1ffb4,8,Round 8,0,1749726000,c5c01151,512abc34,42,46,final,,playhq,1786503411849
amnd-winter-2025-b2,412ccc08,8,Round 8,0,1749726000,9fd38c43,39a2b264,44,39,final,,playhq,1786503411849
amnd-winter-2025-b2,0b961c74,9,Round 9,0,1750481100,512abc34,875ca669,61,35,final,,playhq,1786503411849
amnd-winter-2025-b2,92e64184,9,Round 9,0,1750481100,cbdaf001,c5c01151,60,23,final,,playhq,1786503411849
amnd-winter-2025-b2,94cc593b,9,Round 9,0,1750481100,39a2b264,8b17de7d,37,45,final,,playhq,1786503411849
amnd-winter-2025-b2,afc968cf,9,Round 9,0,1750481100,39371b35,9fd38c43,66,58,final,,playhq,1786503411849
amnd-winter-2025-b2,32b5ad50,10,Round 10,0,1751091300,8b17de7d,39371b35,60,59,final,,playhq,1786503411849
amnd-winter-2025-b2,3a5030aa,10,Round 10,0,1751091300,39a2b264,cbdaf001,29,62,final,,playhq,1786503411849
amnd-winter-2025-b2,6dccabac,10,Round 10,0,1751091300,875ca669,c5c01151,46,64,final,,playhq,1786503411849
amnd-winter-2025-b2,ed4bd8e3,10,Round 10,0,1751091300,9fd38c43,512abc34,31,48,final,,playhq,1786503411849
amnd-winter-2025-b2,048a8309,11,Round 11,0,1751690700,512abc34,8b17de7d,52,48,final,,playhq,1786503411849
amnd-winter-2025-b2,8fecdbbf,11,Round 11,0,1751690700,39371b35,39a2b264,56,36,final,,playhq,1786503411849
amnd-winter-2025-b2,959210b1,11,Round 11,0,1751690700,cbdaf001,875ca669,77,25,final,,playhq,1786503411849
amnd-winter-2025-b2,d2cdceeb,11,Round 11,0,1751690700,c5c01151,9fd38c43,51,40,final,,playhq,1786503411849
amnd-winter-2025-b2,b4181fcf,12,Round 12,0,1752905700,8b17de7d,c5c01151,49,45,final,,playhq,1786503411849
amnd-winter-2025-b2,c07d4776,12,Round 12,0,1752905700,39a2b264,512abc34,41,65,final,,playhq,1786503411849
amnd-winter-2025-b2,de1fbb89,12,Round 12,0,1752905700,39371b35,cbdaf001,40,51,final,,playhq,1786503411849
amnd-winter-2025-b2,e7a82a1a,12,Round 12,0,1752905700,9fd38c43,875ca669,55,39,final,,playhq,1786503411849
amnd-winter-2025-b2,20150a22,13,Round 13,0,1753505100,875ca669,8b17de7d,22,54,final,,playhq,1786503411849
amnd-winter-2025-b2,26f5e207,13,Round 13,0,1753505100,cbdaf001,9fd38c43,66,32,final,,playhq,1786503411849
amnd-winter-2025-b2,3e06e3cf,13,Round 13,0,1753505100,512abc34,39371b35,48,47,final,,playhq,1786503411849
amnd-winter-2025-b2,7bc3e34d,13,Round 13,0,1753505100,c5c01151,39a2b264,41,61,final,,playhq,1786503411849
amnd-winter-2025-b2,5b4d5087,14,Round 14,0,1754115300,512abc34,cbdaf001,41,56,final,,playhq,1786503411849
amnd-winter-2025-b2,64251533,14,Round 14,0,1754115300,8b17de7d,9fd38c43,52,43,final,,playhq,1786503411849
amnd-winter-2025-b2,644e9f71,14,Round 14,0,1754115300,39a2b264,875ca669,42,55,final,,playhq,1786503411849
amnd-winter-2025-b2,776a4e04,14,Round 14,0,1754115300,39371b35,c5c01151,62,39,final,,playhq,1786503411849
amnd-winter-2025-b2,25a3bc86,15,Round 15,0,1754714700,39a2b264,9fd38c43,43,61,final,,playhq,1786503411849
amnd-winter-2025-b2,ab197d14,15,Round 15,0,1754714700,39371b35,875ca669,63,47,final,,playhq,1786503411849
amnd-winter-2025-b2,d5eaac20,15,Round 15,0,1754714700,cbdaf001,8b17de7d,46,45,final,,playhq,1786503411849
amnd-winter-2025-b2,db59357e,15,Round 15,0,1754714700,512abc34,c5c01151,66,41,final,,playhq,1786503411849
amnd-winter-2025-b2,041fcbe3,16,Round 16,0,1755169200,875ca669,512abc34,52,47,final,,playhq,1786503411849
amnd-winter-2025-b2,5f55de42,16,Round 16,0,1755169200,9fd38c43,39371b35,51,63,final,,playhq,1786503411849
amnd-winter-2025-b2,bf6a085e,16,Round 16,0,1755169200,c5c01151,cbdaf001,36,62,final,,playhq,1786503411849
amnd-winter-2025-b2,f924738b,16,Round 16,0,1755169200,8b17de7d,39a2b264,56,29,final,,playhq,1786503411849
amnd-winter-2025-b2,0aeab6b5,17,Round 17,0,1755924300,512abc34,9fd38c43,20,0,final,,playhq,1786503411849
amnd-winter-2025-b2,a214c635,17,Round 17,0,1755924300,39371b35,8b17de7d,48,63,final,,playhq,1786503411849
amnd-winter-2025-b2,ba18e401,17,Round 17,0,1755924300,c5c01151,875ca669,52,53,final,,playhq,1786503411849
amnd-winter-2025-b2,e86e3307,17,Round 17,0,1755924300,cbdaf001,39a2b264,68,18,final,,playhq,1786503411849
amnd-winter-2025-b2,0aa2ed74,18,Round 18,0,1756534500,9fd38c43,c5c01151,52,42,final,,playhq,1786503411849
amnd-winter-2025-b2,0eb59a9b,18,Round 18,0,1756534500,8b17de7d,512abc34,46,51,final,,playhq,1786503411849
amnd-winter-2025-b2,73d3d224,18,Round 18,0,1756534500,39a2b264,39371b35,42,56,final,,playhq,1786503411849
amnd-winter-2025-b2,e6d905eb,18,Round 18,0,1756534500,875ca669,cbdaf001,32,63,final,,playhq,1786503411849
amnd-winter-2025-b2,14c913ed,19,Elimination Final,1,1757133900,39371b35,8b17de7d,51,47,final,,playhq,1786503411849
amnd-winter-2025-b2,baa0dddf,19,Qualifying Final,1,1757133900,cbdaf001,512abc34,55,35,final,,playhq,1786503411849
amnd-winter-2025-b2,eb3b94eb,20,Preliminary Final,1,1757738700,512abc34,39371b35,47,49,final,,playhq,1786503411849
amnd-winter-2025-b2,fe79d088,21,Grand Final,1,1758343500,cbdaf001,39371b35,56,33,final,,playhq,1786503411849
amnd-winter-2025-b3,c3e7cb21,1,Round 1,0,1743830100,e651c3ca,981e4f20,52,55,final,,playhq,1786503412183
amnd-winter-2025-b3,c5dcc114,1,Round 1,0,1743830100,e3c61fb2,50559444,38,61,final,,playhq,1786503412183
amnd-winter-2025-b3,c8743df5,1,Round 1,0,1743830100,311587a6,59059d4b,84,31,final,,playhq,1786503412183
amnd-winter-2025-b3,df9df404,1,Round 1,0,1743830100,b9e0fd40,3e69f9a8,48,42,final,,playhq,1786503412183
amnd-winter-2025-b3,8d03b0ea,2,Round 2,0,1744433100,981e4f20,311587a6,46,58,final,,playhq,1786503412183
amnd-winter-2025-b3,a5499bb8,2,Round 2,0,1744433100,3e69f9a8,e3c61fb2,47,25,final,,playhq,1786503412183
amnd-winter-2025-b3,b48637d0,2,Round 2,0,1744433100,59059d4b,b9e0fd40,28,56,final,,playhq,1786503412183
amnd-winter-2025-b3,c6e0d706,2,Round 2,0,1744433100,50559444,e651c3ca,34,42,final,,playhq,1786503412183
amnd-winter-2025-b3,0afc8cc8,3,Round 3,0,1745492400,e3c61fb2,59059d4b,44,36,final,,playhq,1786503412183
amnd-winter-2025-b3,1ed336c1,3,Round 3,0,1745492400,981e4f20,50559444,59,38,final,,playhq,1786503412183
amnd-winter-2025-b3,2efb2527,3,Round 3,0,1745492400,311587a6,b9e0fd40,59,43,final,,playhq,1786503412183
amnd-winter-2025-b3,ed83c218,3,Round 3,0,1745492400,e651c3ca,3e69f9a8,50,54,final,,playhq,1786503412183
amnd-winter-2025-b3,0b9fa088,4,Round 4,0,1746247500,b9e0fd40,e3c61fb2,52,32,final,,playhq,1786503412183
amnd-winter-2025-b3,51cd680c,4,Round 4,0,1746247500,59059d4b,e651c3ca,39,56,final,,playhq,1786503412183
amnd-winter-2025-b3,9fefa130,4,Round 4,0,1746247500,3e69f9a8,981e4f20,57,61,final,,playhq,1786503412183
amnd-winter-2025-b3,d00b5963,4,Round 4,0,1746247500,50559444,311587a6,33,66,final,,playhq,1786503412183
amnd-winter-2025-b3,6475e890,5,Round 5,0,1746857700,311587a6,e3c61fb2,67,42,final,,playhq,1786503412183
amnd-winter-2025-b3,cf1eccc6,5,Round 5,0,1746857700,50559444,3e69f9a8,40,62,final,,playhq,1786503412183
amnd-winter-2025-b3,ee9cb3f1,5,Round 5,0,1746857700,e651c3ca,b9e0fd40,53,40,final,,playhq,1786503412183
amnd-winter-2025-b3,f66dc554,5,Round 5,0,1746857700,981e4f20,59059d4b,75,32,final,,playhq,1786503412183
amnd-winter-2025-b3,65bc9ba5,6,Round 6,0,1747457100,59059d4b,50559444,28,61,final,,playhq,1786503412183
amnd-winter-2025-b3,6e2e4b4c,6,Round 6,0,1747457100,3e69f9a8,311587a6,53,58,final,,playhq,1786503412183
amnd-winter-2025-b3,7109fe92,6,Round 6,0,1747457100,e3c61fb2,e651c3ca,21,66,final,,playhq,1786503412183
amnd-winter-2025-b3,7a1dba18,6,Round 6,0,1747457100,b9e0fd40,981e4f20,38,54,final,,playhq,1786503412183
amnd-winter-2025-b3,99dc3253,7,Round 7,0,1748067300,311587a6,e651c3ca,53,52,final,,playhq,1786503412183
amnd-winter-2025-b3,b2eca0ac,7,Round 7,0,1748067300,3e69f9a8,59059d4b,78,23,final,,playhq,1786503412183
amnd-winter-2025-b3,b8667ee4,7,Round 7,0,1748067300,50559444,b9e0fd40,40,60,final,,playhq,1786503412183
amnd-winter-2025-b3,f76088bb,7,Round 7,0,1748067300,981e4f20,e3c61fb2,58,36,final,,playhq,1786503412183
amnd-winter-2025-b3,250c525f,8,Round 8,0,1749720600,59059d4b,311587a6,17,70,final,,playhq,1786503412183
amnd-winter-2025-b3,9987346b,8,Round 8,0,1749720600,3e69f9a8,b9e0fd40,43,52,final,,playhq,1786503412183
amnd-winter-2025-b3,d1219329,8,Round 8,0,1749720600,981e4f20,e651c3ca,40,51,final,,playhq,1786503412183
amnd-winter-2025-b3,e612d085,8,Round 8,0,1749720600,50559444,e3c61fb2,34,38,final,,playhq,1786503412183
amnd-winter-2025-b3,11ef0578,9,Round 9,0,1750486500,e3c61fb2,3e69f9a8,32,57,final,,playhq,1786503412183
amnd-winter-2025-b3,36abec67,9,Round 9,0,1750486500,b9e0fd40,59059d4b,63,22,final,,playhq,1786503412183
amnd-winter-2025-b3,c452af4e,9,Round 9,0,1750486500,311587a6,981e4f20,55,66,final,,playhq,1786503412183
amnd-winter-2025-b3,fc3805b2,9,Round 9,0,1750486500,e651c3ca,50559444,57,34,final,,playhq,1786503412183
amnd-winter-2025-b3,0944b4d0,10,Round 10,0,1751085900,3e69f9a8,e651c3ca,45,48,final,,playhq,1786503412183
amnd-winter-2025-b3,0c6c1bf2,10,Round 10,0,1751085900,b9e0fd40,311587a6,52,62,final,,playhq,1786503412183
amnd-winter-2025-b3,a704d881,10,Round 10,0,1751085900,50559444,981e4f20,44,51,final,,playhq,1786503412183
amnd-winter-2025-b3,d7009e83,10,Round 10,0,1751085900,59059d4b,e3c61fb2,31,39,final,,playhq,1786503412183
amnd-winter-2025-b3,1510b533,11,Round 11,0,1751696100,e651c3ca,59059d4b,64,26,final,,playhq,1786503412183
amnd-winter-2025-b3,8eb96e92,11,Round 11,0,1751696100,311587a6,50559444,0,20,final,,playhq,1786503412183
amnd-winter-2025-b3,cc6e4129,11,Round 11,0,1751696100,981e4f20,3e69f9a8,59,48,final,,playhq,1786503412183
amnd-winter-2025-b3,d6fbb79a,11,Round 11,0,1751696100,e3c61fb2,b9e0fd40,31,47,final,,playhq,1786503412183
amnd-winter-2025-b3,06e37eca,12,Round 12,0,1752900300,e3c61fb2,311587a6,40,59,final,,playhq,1786503412183
amnd-winter-2025-b3,293fa92e,12,Round 12,0,1752900300,3e69f9a8,50559444,54,42,final,,playhq,1786503412183
amnd-winter-2025-b3,79326723,12,Round 12,0,1752900300,59059d4b,981e4f20,22,86,final,,playhq,1786503412183
amnd-winter-2025-b3,e1ef8363,12,Round 12,0,1752900300,b9e0fd40,e651c3ca,42,48,final,,playhq,1786503412183
amnd-winter-2025-b3,119152f5,13,Round 13,0,1753510500,981e4f20,b9e0fd40,46,53,final,,playhq,1786503412183
amnd-winter-2025-b3,581ba23f,13,Round 13,0,1753510500,e651c3ca,e3c61fb2,57,24,final,,playhq,1786503412183
amnd-winter-2025-b3,9757fa76,13,Round 13,0,1753510500,50559444,59059d4b,51,21,final,,playhq,1786503412183
amnd-winter-2025-b3,edb747c0,13,Round 13,0,1753510500,311587a6,3e69f9a8,38,50,final,,playhq,1786503412183
amnd-winter-2025-b3,24a1829d,14,Round 14,0,1754109900,e3c61fb2,981e4f20,37,67,final,,playhq,1786503412183
amnd-winter-2025-b3,2bd30ae7,14,Round 14,0,1754109900,59059d4b,3e69f9a8,28,54,final,,playhq,1786503412183
amnd-winter-2025-b3,3579f3cd,14,Round 14,0,1754109900,b9e0fd40,50559444,58,52,final,,playhq,1786503412183
amnd-winter-2025-b3,3bfabe20,14,Round 14,0,1754109900,e651c3ca,311587a6,52,40,final,,playhq,1786503412183
amnd-winter-2025-b3,22a2ed4b,15,Round 15,0,1754720100,e3c61fb2,50559444,35,49,final,,playhq,1786503412183
amnd-winter-2025-b3,960ac9b4,15,Round 15,0,1754720100,e651c3ca,981e4f20,38,38,final,,playhq,1786503412183
amnd-winter-2025-b3,e3ab5301,15,Round 15,0,1754720100,311587a6,59059d4b,98,20,final,,playhq,1786503412183
amnd-winter-2025-b3,e89ba788,15,Round 15,0,1754720100,b9e0fd40,3e69f9a8,52,39,final,,playhq,1786503412183
amnd-winter-2025-b3,5a79db93,16,Round 16,0,1755163800,3e69f9a8,e3c61fb2,51,36,final,,playhq,1786503412183
amnd-winter-2025-b3,9ca6a8f7,16,Round 16,0,1755163800,981e4f20,311587a6,50,60,final,,playhq,1786503412183
amnd-winter-2025-b3,ef87bf21,16,Round 16,0,1755163800,50559444,e651c3ca,42,51,final,,playhq,1786503412183
amnd-winter-2025-b3,f545f170,16,Round 16,0,1755163800,59059d4b,b9e0fd40,23,67,final,,playhq,1786503412183
amnd-winter-2025-b3,3a57e1d4,17,Round 17,0,1755929700,311587a6,b9e0fd40,47,55,final,,playhq,1786503412183
amnd-winter-2025-b3,6a1e9f47,17,Round 17,0,1755929700,e651c3ca,3e69f9a8,54,39,final,,playhq,1786503412183
amnd-winter-2025-b3,b0addff5,17,Round 17,0,1755929700,e3c61fb2,59059d4b,47,37,final,,playhq,1786503412183
amnd-winter-2025-b3,fe59ef3f,17,Round 17,0,1755929700,981e4f20,50559444,49,48,final,,playhq,1786503412183
amnd-winter-2025-b3,43ebed99,18,Round 18,0,1756529100,b9e0fd40,e3c61fb2,41,33,final,,playhq,1786503412183
amnd-winter-2025-b3,8b1ee835,18,Round 18,0,1756529100,3e69f9a8,981e4f20,38,59,final,,playhq,1786503412183
amnd-winter-2025-b3,a268d848,18,Round 18,0,1756529100,50559444,311587a6,59,61,final,,playhq,1786503412183
amnd-winter-2025-b3,b085b1ce,18,Round 18,0,1756529100,59059d4b,e651c3ca,20,85,final,,playhq,1786503412183
amnd-winter-2025-b3,7a731591,19,Qualifying Final,1,1757139300,e651c3ca,981e4f20,34,51,final,,playhq,1786503412183
amnd-winter-2025-b3,d6c77155,19,Elimination Final,1,1757139300,311587a6,b9e0fd40,55,48,final,,playhq,1786503412183
amnd-winter-2025-b3,faad5f63,20,Preliminary Final,1,1757738700,e651c3ca,311587a6,64,62,final,,playhq,1786503412183
amnd-winter-2025-b3,6db3ac1c,21,Grand Final,1,1758343500,981e4f20,e651c3ca,43,36,final,,playhq,1786503412183
amnd-winter-2025-b4,18278f61,1,Round 1,0,1743824700,02acf3c5,5265d59c,44,34,final,,playhq,1786503411842
amnd-winter-2025-b4,54b4f821,1,Round 1,0,1743824700,b2bbd0c1,1b3f99f6,31,50,final,,playhq,1786503411842
amnd-winter-2025-b4,85f73408,1,Round 1,0,1743824700,9682012e,854b92b1,48,33,final,,playhq,1786503411842
amnd-winter-2025-b4,c2175b72,1,Round 1,0,1743824700,363bb07a,da0c8fd0,78,27,final,,playhq,1786503411842
amnd-winter-2025-b4,4313d13f,2,Round 2,0,1744438500,854b92b1,02acf3c5,27,35,final,,playhq,1786503411842
amnd-winter-2025-b4,5e53451e,2,Round 2,0,1744438500,da0c8fd0,b2bbd0c1,16,56,final,,playhq,1786503411842
amnd-winter-2025-b4,850daced,2,Round 2,0,1744438500,1b3f99f6,9682012e,39,32,final,,playhq,1786503411842
amnd-winter-2025-b4,f4a5bd92,2,Round 2,0,1744438500,5265d59c,363bb07a,35,34,final,,playhq,1786503411842
amnd-winter-2025-b4,14bbbdc3,3,Round 3,0,1745487000,b2bbd0c1,5265d59c,31,61,final,,playhq,1786503411842
amnd-winter-2025-b4,40a8ccc5,3,Round 3,0,1745487000,9682012e,02acf3c5,37,51,final,,playhq,1786503411842
amnd-winter-2025-b4,78708270,3,Round 3,0,1745487000,363bb07a,854b92b1,66,37,final,,playhq,1786503411842
amnd-winter-2025-b4,d6609b38,3,Round 3,0,1745487000,1b3f99f6,da0c8fd0,61,29,final,,playhq,1786503411842
amnd-winter-2025-b4,13c736cb,4,Round 4,0,1746252900,5265d59c,1b3f99f6,59,50,final,,playhq,1786503411842
amnd-winter-2025-b4,5495c89d,4,Round 4,0,1746252900,da0c8fd0,9682012e,32,57,final,,playhq,1786503411842
amnd-winter-2025-b4,68e23e00,4,Round 4,0,1746252900,02acf3c5,363bb07a,42,46,final,,playhq,1786503411842
amnd-winter-2025-b4,d4b2b306,4,Round 4,0,1746252900,854b92b1,b2bbd0c1,37,50,final,,playhq,1786503411842
amnd-winter-2025-b4,2ed4ae3d,5,Round 5,0,1746852300,1b3f99f6,854b92b1,51,33,final,,playhq,1786503411842
amnd-winter-2025-b4,54d75f05,5,Round 5,0,1746852300,9682012e,363bb07a,37,57,final,,playhq,1786503411842
amnd-winter-2025-b4,5bdd3565,5,Round 5,0,1746852300,b2bbd0c1,02acf3c5,27,43,final,,playhq,1786503411842
amnd-winter-2025-b4,858d2fc1,5,Round 5,0,1746852300,e62c14e2,5265d59c,54,49,final,,playhq,1786503411842
amnd-winter-2025-b4,6a3267b9,6,Round 6,0,1747462500,5265d59c,9682012e,54,36,final,,playhq,1786503411842
amnd-winter-2025-b4,afa0a224,6,Round 6,0,1747462500,854b92b1,e62c14e2,40,46,final,,playhq,1786503411842
amnd-winter-2025-b4,b217126c,6,Round 6,0,1747462500,363bb07a,b2bbd0c1,39,32,final,,playhq,1786503411842
amnd-winter-2025-b4,c9da9a8f,6,Round 6,0,1747462500,02acf3c5,1b3f99f6,36,48,final,,playhq,1786503411842
amnd-winter-2025-b4,1eb14f99,7,Round 7,0,1748061900,5265d59c,854b92b1,55,23,final,,playhq,1786503411842
amnd-winter-2025-b4,934ceebc,7,Round 7,0,1748061900,9682012e,b2bbd0c1,32,42,final,,playhq,1786503411842
amnd-winter-2025-b4,991408c5,7,Round 7,0,1748061900,e62c14e2,02acf3c5,49,45,final,,playhq,1786503411842
amnd-winter-2025-b4,c0761570,7,Round 7,0,1748061900,1b3f99f6,363bb07a,46,49,final,,playhq,1786503411842
amnd-winter-2025-b4,24abf3d6,8,Round 8,0,1749726000,1b3f99f6,b2bbd0c1,38,29,final,,playhq,1786503411842
amnd-winter-2025-b4,28711055,8,Round 8,0,1749726000,854b92b1,9682012e,39,36,final,,playhq,1786503411842
amnd-winter-2025-b4,53da4e5f,8,Round 8,0,1749726000,5265d59c,02acf3c5,53,40,final,,playhq,1786503411842
amnd-winter-2025-b4,c5819634,8,Round 8,0,1749726000,e62c14e2,363bb07a,53,49,final,,playhq,1786503411842
amnd-winter-2025-b4,4a53d1bf,9,Round 9,0,1750481100,b2bbd0c1,e62c14e2,37,54,final,,playhq,1786503411842
amnd-winter-2025-b4,4b5c60a7,9,Round 9,0,1750481100,02acf3c5,854b92b1,51,24,final,,playhq,1786503411842
amnd-winter-2025-b4,4bbf7a07,9,Round 9,0,1750481100,363bb07a,5265d59c,49,48,final,,playhq,1786503411842
amnd-winter-2025-b4,5b8e06b4,9,Round 9,0,1750481100,9682012e,1b3f99f6,33,64,final,,playhq,1786503411842
amnd-winter-2025-b4,2c11ee69,10,Round 10,0,1751091300,854b92b1,363bb07a,0,20,final,,playhq,1786503411842
amnd-winter-2025-b4,3b7d649a,10,Round 10,0,1751091300,5265d59c,b2bbd0c1,58,47,final,,playhq,1786503411842
amnd-winter-2025-b4,4e8695f7,10,Round 10,0,1751091300,e62c14e2,1b3f99f6,54,47,final,,playhq,1786503411842
amnd-winter-2025-b4,d7a9b801,10,Round 10,0,1751091300,02acf3c5,9682012e,43,38,final,,playhq,1786503411842
amnd-winter-2025-b4,03dc788a,11,Round 11,0,1751690700,1b3f99f6,5265d59c,41,46,final,,playhq,1786503411842
amnd-winter-2025-b4,1cb503be,11,Round 11,0,1751690700,363bb07a,02acf3c5,38,40,final,,playhq,1786503411842
amnd-winter-2025-b4,84ab8b7a,11,Round 11,0,1751690700,b2bbd0c1,854b92b1,49,25,final,,playhq,1786503411842
amnd-winter-2025-b4,b7069753,11,Round 11,0,1751690700,9682012e,e62c14e2,41,59,final,,playhq,1786503411842
amnd-winter-2025-b4,1ec3330f,12,Round 12,0,1752905700,854b92b1,1b3f99f6,47,52,final,,playhq,1786503411842
amnd-winter-2025-b4,cb7d60c5,12,Round 12,0,1752905700,02acf3c5,b2bbd0c1,38,56,final,,playhq,1786503411842
amnd-winter-2025-b4,d55aac9f,12,Round 12,0,1752905700,363bb07a,9682012e,60,35,final,,playhq,1786503411842
amnd-winter-2025-b4,e537be97,12,Round 12,0,1752905700,5265d59c,e62c14e2,51,57,final,,playhq,1786503411842
amnd-winter-2025-b4,26c57ff1,13,Round 13,0,1753505100,9682012e,5265d59c,29,60,final,,playhq,1786503411842
amnd-winter-2025-b4,2ba12a5a,13,Round 13,0,1753505100,e62c14e2,854b92b1,20,0,final,,playhq,1786503411842
amnd-winter-2025-b4,33f82c96,13,Round 13,0,1753505100,1b3f99f6,02acf3c5,30,34,final,,playhq,1786503411842
amnd-winter-2025-b4,a4145a10,13,Round 13,0,1753505100,b2bbd0c1,363bb07a,42,36,final,,playhq,1786503411842
amnd-winter-2025-b4,52b09635,14,Round 14,0,1754115300,363bb07a,1b3f99f6,54,58,final,,playhq,1786503411842
amnd-winter-2025-b4,aad8baa3,14,Round 14,0,1754115300,02acf3c5,e62c14e2,41,51,final,,playhq,1786503411842
amnd-winter-2025-b4,eafdcf89,14,Round 14,0,1754115300,b2bbd0c1,9682012e,20,0,final,,playhq,1786503411842
amnd-winter-2025-b4,f2b578b9,14,Round 14,0,1754115300,854b92b1,5265d59c,18,68,final,,playhq,1786503411842
amnd-winter-2025-b4,19e72596,15,Round 15,0,1754714700,02acf3c5,5265d59c,33,51,final,,playhq,1786503411842
amnd-winter-2025-b4,5d64a2d4,15,Round 15,0,1754714700,9682012e,854b92b1,39,57,final,,playhq,1786503411842
amnd-winter-2025-b4,d2a9c05d,15,Round 15,0,1754714700,363bb07a,e62c14e2,53,48,final,,playhq,1786503411842
amnd-winter-2025-b4,eeb23352,15,Round 15,0,1754714700,b2bbd0c1,1b3f99f6,34,52,final,,playhq,1786503411842
amnd-winter-2025-b4,0d3a2bdf,16,Round 16,0,1755169200,e62c14e2,b2bbd0c1,46,35,final,,playhq,1786503411842
amnd-winter-2025-b4,2218a2a3,16,Round 16,0,1755169200,1b3f99f6,9682012e,43,33,final,,playhq,1786503411842
amnd-winter-2025-b4,8a25843b,16,Round 16,0,1755169200,854b92b1,02acf3c5,23,37,final,,playhq,1786503411842
amnd-winter-2025-b4,f8b67f0a,16,Round 16,0,1755169200,5265d59c,363bb07a,30,61,final,,playhq,1786503411842
amnd-winter-2025-b4,186104bf,17,Round 17,0,1755924300,b2bbd0c1,5265d59c,23,57,final,,playhq,1786503411842
amnd-winter-2025-b4,8122a203,17,Round 17,0,1755924300,1b3f99f6,e62c14e2,39,49,final,,playhq,1786503411842
amnd-winter-2025-b4,8ddc7551,17,Round 17,0,1755924300,9682012e,02acf3c5,29,51,final,,playhq,1786503411842
amnd-winter-2025-b4,bcf42323,17,Round 17,0,1755924300,363bb07a,854b92b1,49,42,final,,playhq,1786503411842
amnd-winter-2025-b4,845c01e0,18,Round 18,0,1756534500,02acf3c5,363bb07a,32,51,final,,playhq,1786503411842
amnd-winter-2025-b4,8463eaf7,18,Round 18,0,1756534500,e62c14e2,9682012e,56,37,final,,playhq,1786503411842
amnd-winter-2025-b4,95adf4a3,18,Round 18,0,1756534500,5265d59c,1b3f99f6,54,38,final,,playhq,1786503411842
amnd-winter-2025-b4,ecdba4e0,18,Round 18,0,1756534500,854b92b1,b2bbd0c1,42,48,final,,playhq,1786503411842
amnd-winter-2025-b4,28a08748,19,Qualifying Final,1,1757133900,e62c14e2,5265d59c,56,58,final,,playhq,1786503411842
amnd-winter-2025-b4,7ef492db,19,Elimination Final,1,1757133900,363bb07a,1b3f99f6,44,51,final,,playhq,1786503411842
amnd-winter-2025-b4,7ff4c187,20,Preliminary Final,1,1757738700,e62c14e2,1b3f99f6,48,47,final,,playhq,1786503411842
amnd-winter-2025-b4,cb69e23a,21,Grand Final,1,1758343500,5265d59c,e62c14e2,50,59,final,,playhq,1786503411842
amnd-winter-2025-b5,1484100a,1,Round 1,0,1743830100,4340ede9,3ab63e2a,37,50,final,,playhq,1786503411834
amnd-winter-2025-b5,3b52e2af,1,Round 1,0,1743830100,f85693e0,ed94afed,44,30,final,,playhq,1786503411834
amnd-winter-2025-b5,80b256ed,1,Round 1,0,1743830100,d82a8159,e62c14e2,22,80,final,,playhq,1786503411834
amnd-winter-2025-b5,8db88dd8,1,Round 1,0,1743830100,1439348f,3076069f,42,42,final,,playhq,1786503411834
amnd-winter-2025-b5,0b1d7add,2,Round 2,0,1744433100,ed94afed,1439348f,34,55,final,,playhq,1786503411834
amnd-winter-2025-b5,33829712,2,Round 2,0,1744433100,3ab63e2a,f85693e0,37,40,final,,playhq,1786503411834
amnd-winter-2025-b5,5458da9a,2,Round 2,0,1744433100,3076069f,d82a8159,37,40,final,,playhq,1786503411834
amnd-winter-2025-b5,edcf7da1,2,Round 2,0,1744433100,e62c14e2,4340ede9,60,29,final,,playhq,1786503411834
amnd-winter-2025-b5,34aa599d,3,Round 3,0,1745492400,3076069f,ed94afed,44,58,final,,playhq,1786503411834
amnd-winter-2025-b5,80af322f,3,Round 3,0,1745492400,d82a8159,4340ede9,32,47,final,,playhq,1786503411834
amnd-winter-2025-b5,9d534e31,3,Round 3,0,1745492400,f85693e0,e62c14e2,29,55,final,,playhq,1786503411834
amnd-winter-2025-b5,e7c0f727,3,Round 3,0,1745492400,1439348f,3ab63e2a,37,56,final,,playhq,1786503411834
amnd-winter-2025-b5,32c7cf3f,4,Round 4,0,1746247500,4340ede9,f85693e0,38,32,final,,playhq,1786503411834
amnd-winter-2025-b5,75ba6b67,4,Round 4,0,1746247500,e62c14e2,1439348f,52,40,final,,playhq,1786503411834
amnd-winter-2025-b5,a29913bb,4,Round 4,0,1746247500,ed94afed,d82a8159,24,47,final,,playhq,1786503411834
amnd-winter-2025-b5,d6a753ec,4,Round 4,0,1746247500,3ab63e2a,3076069f,81,26,final,,playhq,1786503411834
amnd-winter-2025-b5,09c3d1db,5,Round 5,0,1746857700,ed94afed,3ab63e2a,53,59,final,,playhq,1786503411834
amnd-winter-2025-b5,10d9bf8c,5,Round 5,0,1746857700,1439348f,4340ede9,51,43,final,,playhq,1786503411834
amnd-winter-2025-b5,33302746,5,Round 5,0,1746857700,3076069f,da0c8fd0,44,58,final,,playhq,1786503411834
amnd-winter-2025-b5,5035f41b,5,Round 5,0,1746857700,d82a8159,f85693e0,38,43,final,,playhq,1786503411834
amnd-winter-2025-b5,0131432d,6,Round 6,0,1747457100,f85693e0,1439348f,39,44,final,,playhq,1786503411834
amnd-winter-2025-b5,8a210d98,6,Round 6,0,1747457100,4340ede9,3076069f,47,26,final,,playhq,1786503411834
amnd-winter-2025-b5,a3e074d8,6,Round 6,0,1747457100,da0c8fd0,ed94afed,41,66,final,,playhq,1786503411834
amnd-winter-2025-b5,d750be60,6,Round 6,0,1747457100,3ab63e2a,d82a8159,60,22,final,,playhq,1786503411834
amnd-winter-2025-b5,2c48a11d,7,Round 7,0,1748067300,d82a8159,1439348f,57,49,final,,playhq,1786503411834
amnd-winter-2025-b5,925ec5e6,7,Round 7,0,1748067300,3ab63e2a,da0c8fd0,76,32,final,,playhq,1786503411834
amnd-winter-2025-b5,a035e7d8,7,Round 7,0,1748067300,3076069f,f85693e0,26,52,final,,playhq,1786503411834
amnd-winter-2025-b5,fe076977,7,Round 7,0,1748067300,ed94afed,4340ede9,31,46,final,,playhq,1786503411834
amnd-winter-2025-b5,32b8b38b,8,Round 8,0,1749720600,3076069f,1439348f,44,71,final,,playhq,1786503411834
amnd-winter-2025-b5,595f0939,8,Round 8,0,1749720600,ed94afed,f85693e0,42,55,final,,playhq,1786503411834
amnd-winter-2025-b5,76e37aad,8,Round 8,0,1749720600,3ab63e2a,4340ede9,44,46,final,,playhq,1786503411834
amnd-winter-2025-b5,abf6747f,8,Round 8,0,1749720600,da0c8fd0,d82a8159,35,47,final,,playhq,1786503411834
amnd-winter-2025-b5,141daa6b,9,Round 9,0,1750486500,4340ede9,da0c8fd0,52,26,final,,playhq,1786503411834
amnd-winter-2025-b5,60176768,9,Round 9,0,1750486500,1439348f,ed94afed,47,53,final,,playhq,1786503411834
amnd-winter-2025-b5,93f0ffa9,9,Round 9,0,1750486500,f85693e0,3ab63e2a,40,52,final,,playhq,1786503411834
amnd-winter-2025-b5,ed3a1511,9,Round 9,0,1750486500,d82a8159,3076069f,50,42,final,,playhq,1786503411834
amnd-winter-2025-b5,1539fb1a,10,Round 10,0,1751085900,ed94afed,3076069f,53,44,final,,playhq,1786503411834
amnd-winter-2025-b5,4fe35023,10,Round 10,0,1751085900,4340ede9,d82a8159,47,26,final,,playhq,1786503411834
amnd-winter-2025-b5,d7f7ac5e,10,Round 10,0,1751085900,3ab63e2a,1439348f,51,49,final,,playhq,1786503411834
amnd-winter-2025-b5,f8b14333,10,Round 10,0,1751085900,da0c8fd0,f85693e0,33,45,final,,playhq,1786503411834
amnd-winter-2025-b5,0239c93c,11,Round 11,0,1751696100,d82a8159,ed94afed,27,40,final,,playhq,1786503411834
amnd-winter-2025-b5,2d0ee355,11,Round 11,0,1751696100,1439348f,da0c8fd0,67,34,final,,playhq,1786503411834
amnd-winter-2025-b5,bb355526,11,Round 11,0,1751696100,3076069f,3ab63e2a,24,78,final,,playhq,1786503411834
amnd-winter-2025-b5,c1b837e5,11,Round 11,0,1751696100,f85693e0,4340ede9,29,34,final,,playhq,1786503411834
amnd-winter-2025-b5,6fabaa71,12,Round 12,0,1752900300,4340ede9,1439348f,74,29,final,,playhq,1786503411834
amnd-winter-2025-b5,795f5b45,12,Round 12,0,1752900300,3ab63e2a,ed94afed,59,48,final,,playhq,1786503411834
amnd-winter-2025-b5,8fff634e,12,Round 12,0,1752900300,f85693e0,d82a8159,45,33,final,,playhq,1786503411834
amnd-winter-2025-b5,cfa66993,12,Round 12,0,1752900300,da0c8fd0,3076069f,41,26,final,,playhq,1786503411834
amnd-winter-2025-b5,021ec0a0,13,Round 13,0,1753510500,d82a8159,3ab63e2a,27,58,final,,playhq,1786503411834
amnd-winter-2025-b5,cce4c0a2,13,Round 13,0,1753510500,3076069f,4340ede9,18,83,final,,playhq,1786503411834
amnd-winter-2025-b5,e71722da,13,Round 13,0,1753505100,1439348f,f85693e0,33,51,final,,playhq,1786503411834
amnd-winter-2025-b5,f6766e66,13,Round 13,0,1753510500,ed94afed,da0c8fd0,51,36,final,,playhq,1786503411834
amnd-winter-2025-b5,05fc3ff3,14,Round 14,0,1754109900,f85693e0,3076069f,52,27,final,,playhq,1786503411834
amnd-winter-2025-b5,4c072787,14,Round 14,0,1754109900,1439348f,d82a8159,68,44,final,,playhq,1786503411834
amnd-winter-2025-b5,71cf9cb4,14,Round 14,0,1754109900,4340ede9,ed94afed,55,40,final,,playhq,1786503411834
amnd-winter-2025-b5,ec3a95c4,14,Round 14,0,1754109900,da0c8fd0,3ab63e2a,42,70,final,,playhq,1786503411834
amnd-winter-2025-b5,1448fb1f,15,Round 15,0,1754720100,d82a8159,da0c8fd0,44,53,final,,playhq,1786503411834
amnd-winter-2025-b5,87215e3b,15,Round 15,0,1754720100,4340ede9,3ab63e2a,47,53,final,,playhq,1786503411834
amnd-winter-2025-b5,c6a303c5,15,Round 15,0,1754720100,f85693e0,ed94afed,40,40,final,,playhq,1786503411834
amnd-winter-2025-b5,ff58bd08,15,Round 15,0,1754720100,1439348f,3076069f,70,35,final,,playhq,1786503411834
amnd-winter-2025-b5,240e62a7,16,Round 16,0,1755163800,da0c8fd0,4340ede9,37,52,final,,playhq,1786503411834
amnd-winter-2025-b5,693b21c4,16,Round 16,0,1755163800,3076069f,d82a8159,38,40,final,,playhq,1786503411834
amnd-winter-2025-b5,9f5541df,16,Round 16,0,1755163800,3ab63e2a,f85693e0,44,37,final,,playhq,1786503411834
amnd-winter-2025-b5,ceba36d1,16,Round 16,0,1755163800,ed94afed,1439348f,46,59,final,,playhq,1786503411834
amnd-winter-2025-b5,4d02bf49,17,Round 17,0,1755929700,1439348f,3ab63e2a,60,44,final,,playhq,1786503411834
amnd-winter-2025-b5,6d3dd8af,17,Round 17,0,1755929700,3076069f,ed94afed,24,62,final,,playhq,1786503411834
amnd-winter-2025-b5,89e02463,17,Round 17,0,1755929700,d82a8159,4340ede9,27,47,final,,playhq,1786503411834
amnd-winter-2025-b5,ae37cfd4,17,Round 17,0,1755929700,f85693e0,da0c8fd0,47,31,final,,playhq,1786503411834
amnd-winter-2025-b5,29b0ab5f,18,Round 18,0,1756529100,3ab63e2a,3076069f,77,26,final,,playhq,1786503411834
amnd-winter-2025-b5,71d82f05,18,Round 18,0,1756529100,da0c8fd0,1439348f,28,68,final,,playhq,1786503411834
amnd-winter-2025-b5,72504535,18,Round 18,0,1756529100,4340ede9,f85693e0,42,27,final,,playhq,1786503411834
amnd-winter-2025-b5,d0596f1c,18,Round 18,0,1756529100,ed94afed,d82a8159,48,47,final,,playhq,1786503411834
amnd-winter-2025-b5,7940e75e,19,Elimination Final,1,1757139300,1439348f,f85693e0,56,33,final,,playhq,1786503411834
amnd-winter-2025-b5,ce2ec088,19,Qualifying Final,1,1757139300,3ab63e2a,4340ede9,47,52,final,,playhq,1786503411834
amnd-winter-2025-b5,2887feca,20,Preliminary Final,1,1757738700,3ab63e2a,1439348f,48,47,final,,playhq,1786503411834
amnd-winter-2025-b5,d08c8dbf,21,Grand Final,1,1758343500,4340ede9,3ab63e2a,44,41,final,,playhq,1786503411834
amnd-winter-2025-c1,683d0f97,1,Round 1,0,1743824700,fef14cde,ca4ae786,31,53,final,,playhq,1786503412064
amnd-winter-2025-c1,8b13e5ae,1,Round 1,0,1743824700,ba2fd13c,b76c42e9,63,24,final,,playhq,1786503412064
amnd-winter-2025-c1,8d262506,1,Round 1,0,1743824700,8688e852,977c16c5,31,41,final,,playhq,1786503412064
amnd-winter-2025-c1,c14102e5,1,Round 1,0,1743824700,66b17d74,bd27e668,46,41,final,,playhq,1786503412064
amnd-winter-2025-c1,d817fb51,1,Round 1,0,1743824700,288ee7d3,b0265058,48,31,final,,playhq,1786503412064
amnd-winter-2025-c1,06f124c2,2,Round 2,0,1744438500,bd27e668,ba2fd13c,43,25,final,,playhq,1786503412064
amnd-winter-2025-c1,5452a5ea,2,Round 2,0,1744438500,977c16c5,288ee7d3,35,32,final,,playhq,1786503412064
amnd-winter-2025-c1,858b848d,2,Round 2,0,1744438500,ca4ae786,66b17d74,41,31,final,,playhq,1786503412064
amnd-winter-2025-c1,a2166809,2,Round 2,0,1744438500,b0265058,fef14cde,34,38,final,,playhq,1786503412064
amnd-winter-2025-c1,bf66b3c8,2,Round 2,0,1744438500,b76c42e9,8688e852,33,61,final,,playhq,1786503412064
amnd-winter-2025-c1,1e0a61db,3,Round 3,0,1745487000,66b17d74,b0265058,65,43,final,,playhq,1786503412064
amnd-winter-2025-c1,9a255d17,3,Round 3,0,1745487000,ba2fd13c,ca4ae786,42,53,final,,playhq,1786503412064
amnd-winter-2025-c1,af256def,3,Round 3,0,1745487000,b76c42e9,bd27e668,27,75,final,,playhq,1786503412064
amnd-winter-2025-c1,d4c86549,3,Round 3,0,1745487000,8688e852,288ee7d3,45,51,final,,playhq,1786503412064
amnd-winter-2025-c1,efb3a26c,3,Round 3,0,1745487000,fef14cde,977c16c5,41,61,final,,playhq,1786503412064
amnd-winter-2025-c1,5e28d77a,4,Round 4,0,1746252900,977c16c5,66b17d74,25,68,final,,playhq,1786503412064
amnd-winter-2025-c1,5f47546f,4,Round 4,0,1746252900,b0265058,ba2fd13c,47,51,final,,playhq,1786503412064
amnd-winter-2025-c1,9e4f1aec,4,Round 4,0,1746252900,288ee7d3,fef14cde,39,29,final,,playhq,1786503412064
amnd-winter-2025-c1,cf1575a6,4,Round 4,0,1746252900,bd27e668,8688e852,60,39,final,,playhq,1786503412064
amnd-winter-2025-c1,e94d938d,4,Round 4,0,1746252900,ca4ae786,b76c42e9,63,20,final,,playhq,1786503412064
amnd-winter-2025-c1,194c365f,5,Round 5,0,1746852300,66b17d74,288ee7d3,42,38,final,,playhq,1786503412064
amnd-winter-2025-c1,4bbdf3d0,5,Round 5,0,1746852300,ba2fd13c,977c16c5,45,34,final,,playhq,1786503412064
amnd-winter-2025-c1,50c05aaf,5,Round 5,0,1746852300,bd27e668,ca4ae786,44,46,final,,playhq,1786503412064
amnd-winter-2025-c1,89ff9b13,5,Round 5,0,1746852300,378a76b6,b0265058,62,49,final,,playhq,1786503412064
amnd-winter-2025-c1,e304e9bf,5,Round 5,0,1746852300,8688e852,fef14cde,42,38,final,,playhq,1786503412064
amnd-winter-2025-c1,0ff75145,6,Round 6,0,1747462500,288ee7d3,ba2fd13c,44,39,final,,playhq,1786503412064
amnd-winter-2025-c1,35d73822,6,Round 6,0,1747462500,b0265058,bd27e668,28,56,final,,playhq,1786503412064
amnd-winter-2025-c1,a68d6be8,6,Round 6,0,1747462500,ca4ae786,8688e852,40,27,final,,playhq,1786503412064
amnd-winter-2025-c1,ac173cc8,6,Round 6,0,1747462500,fef14cde,66b17d74,24,35,final,,playhq,1786503412064
amnd-winter-2025-c1,e8b648ff,6,Round 6,0,1747462500,977c16c5,378a76b6,42,47,final,,playhq,1786503412064
amnd-winter-2025-c1,3ddeed21,7,Round 7,0,1748061900,ba2fd13c,fef14cde,31,24,final,,playhq,1786503412064
amnd-winter-2025-c1,4f3fcaa2,7,Round 7,0,1748061900,bd27e668,977c16c5,55,24,final,,playhq,1786503412064
amnd-winter-2025-c1,83c4a2a2,7,Round 7,0,1748061900,ca4ae786,b0265058,61,24,final,,playhq,1786503412064
amnd-winter-2025-c1,ba0e0563,7,Round 7,0,1748061900,378a76b6,288ee7d3,32,40,final,,playhq,1786503412064
amnd-winter-2025-c1,ce853ada,7,Round 7,0,1748061900,8688e852,66b17d74,16,49,final,,playhq,1786503412064
amnd-winter-2025-c1,870fa9ab,8,Round 8,0,1749720600,66b17d74,ba2fd13c,51,34,final,,playhq,1786503412064
amnd-winter-2025-c1,9094da27,8,Round 8,0,1749726000,fef14cde,378a76b6,40,43,final,,playhq,1786503412064
amnd-winter-2025-c1,b288fae8,8,Round 8,0,1749726000,b0265058,8688e852,41,40,final,,playhq,1786503412064
amnd-winter-2025-c1,d0f30420,8,Round 8,0,1749726000,288ee7d3,bd27e668,45,36,final,,playhq,1786503412064
amnd-winter-2025-c1,f0666832,8,Round 8,0,1749726000,977c16c5,ca4ae786,35,53,final,,playhq,1786503412064
amnd-winter-2025-c1,2490f261,9,Round 9,0,1750481100,8688e852,ba2fd13c,36,38,final,,playhq,1786503412064
amnd-winter-2025-c1,3c9055f0,9,Round 9,0,1750481100,b0265058,977c16c5,47,51,final,,playhq,1786503412064
amnd-winter-2025-c1,87fa49c4,9,Round 9,0,1750481100,bd27e668,fef14cde,46,18,final,,playhq,1786503412064
amnd-winter-2025-c1,a1d54b26,9,Round 9,0,1750481100,ca4ae786,288ee7d3,56,41,final,,playhq,1786503412064
amnd-winter-2025-c1,b22736ca,9,Round 9,0,1750481100,378a76b6,66b17d74,43,52,final,,playhq,1786503412064
amnd-winter-2025-c1,1135ef51,10,Round 10,0,1751091300,977c16c5,8688e852,33,44,final,,playhq,1786503412064
amnd-winter-2025-c1,505b97fd,10,Round 10,0,1751091300,ca4ae786,fef14cde,54,27,final,,playhq,1786503412064
amnd-winter-2025-c1,845bff64,10,Round 10,0,1751091300,bd27e668,66b17d74,37,40,final,,playhq,1786503412064
amnd-winter-2025-c1,e09f4c92,10,Round 10,0,1751091300,b0265058,288ee7d3,56,61,final,,playhq,1786503412064
amnd-winter-2025-c1,f645f560,10,Round 10,0,1751091300,378a76b6,ba2fd13c,44,37,final,,playhq,1786503412064
amnd-winter-2025-c1,4d793edf,11,Round 11,0,1751690700,66b17d74,ca4ae786,46,34,final,,playhq,1786503412064
amnd-winter-2025-c1,6f36a31c,11,Round 11,0,1751690700,8688e852,378a76b6,36,51,final,,playhq,1786503412064
amnd-winter-2025-c1,72daa5ee,11,Round 11,0,1751690700,ba2fd13c,bd27e668,30,63,final,,playhq,1786503412064
amnd-winter-2025-c1,8e6ccee0,11,Round 11,0,1751690700,fef14cde,b0265058,38,45,final,,playhq,1786503412064
amnd-winter-2025-c1,a4b36d79,11,Round 11,0,1751690700,288ee7d3,977c16c5,49,31,final,,playhq,1786503412064
amnd-winter-2025-c1,7afb0a5b,12,Round 12,0,1752905700,288ee7d3,8688e852,64,34,final,,playhq,1786503412064
amnd-winter-2025-c1,8bf82332,12,Round 12,0,1752905700,b0265058,66b17d74,54,56,final,,playhq,1786503412064
amnd-winter-2025-c1,b89c660d,12,Round 12,0,1752905700,ca4ae786,ba2fd13c,56,31,final,,playhq,1786503412064
amnd-winter-2025-c1,eed51bba,12,Round 12,0,1752905700,bd27e668,378a76b6,59,36,final,,playhq,1786503412064
amnd-winter-2025-c1,f34772f3,12,Round 12,0,1752905700,977c16c5,fef14cde,33,38,final,,playhq,1786503412064
amnd-winter-2025-c1,2f05770d,13,Round 13,0,1753505100,66b17d74,977c16c5,41,37,final,,playhq,1786503412064
amnd-winter-2025-c1,3e998b16,13,Round 13,0,1753505100,378a76b6,ca4ae786,39,49,final,,playhq,1786503412064
amnd-winter-2025-c1,9d3e32bd,13,Round 13,0,1753505100,fef14cde,288ee7d3,19,35,final,,playhq,1786503412064
amnd-winter-2025-c1,c8fc4b56,13,Round 13,0,1753505100,8688e852,bd27e668,0,20,final,,playhq,1786503412064
amnd-winter-2025-c1,ef42acea,13,Round 13,0,1753505100,ba2fd13c,b0265058,20,0,final,,playhq,1786503412064
amnd-winter-2025-c1,55df2128,14,Round 14,0,1754115300,ca4ae786,bd27e668,35,43,final,,playhq,1786503412064
amnd-winter-2025-c1,5befd168,14,Round 14,0,1754109900,b0265058,378a76b6,59,43,final,,playhq,1786503412064
amnd-winter-2025-c1,c030a21d,14,Round 14,0,1754109900,288ee7d3,66b17d74,45,44,final,,playhq,1786503412064
amnd-winter-2025-c1,cd14c96e,14,Round 14,0,1754115300,fef14cde,8688e852,50,72,final,,playhq,1786503412064
amnd-winter-2025-c1,dda8705c,14,Round 14,0,1754115300,977c16c5,ba2fd13c,29,48,final,,playhq,1786503412064
amnd-winter-2025-c1,61d6b95f,15,Round 15,0,1754714700,66b17d74,fef14cde,47,30,final,,playhq,1786503412064
amnd-winter-2025-c1,61d7f556,15,Round 15,0,1754714700,8688e852,ca4ae786,26,44,final,,playhq,1786503412064
amnd-winter-2025-c1,812ade46,15,Round 15,0,1754714700,ba2fd13c,288ee7d3,40,52,final,,playhq,1786503412064
amnd-winter-2025-c1,956bedad,15,Round 15,0,1754714700,bd27e668,b0265058,63,25,final,,playhq,1786503412064
amnd-winter-2025-c1,dcc74fff,15,Round 15,0,1754714700,378a76b6,977c16c5,45,51,final,,playhq,1786503412064
amnd-winter-2025-c1,bd794905,16,Round 16,0,1755169200,977c16c5,bd27e668,32,47,final,,playhq,1786503412064
amnd-winter-2025-c1,cb5a4e3e,16,Round 16,0,1755169200,288ee7d3,378a76b6,64,33,final,,playhq,1786503412064
amnd-winter-2025-c1,cc96cf83,16,Round 16,0,1755169200,fef14cde,ba2fd13c,34,47,final,,playhq,1786503412064
amnd-winter-2025-c1,f054fb1d,16,Round 16,0,1755169200,b0265058,ca4ae786,37,46,final,,playhq,1786503412064
amnd-winter-2025-c1,f6b60c1d,16,Round 16,0,1755169200,66b17d74,8688e852,40,25,final,,playhq,1786503412064
amnd-winter-2025-c1,39f02d1c,17,Round 17,0,1755924300,bd27e668,288ee7d3,61,31,final,,playhq,1786503412064
amnd-winter-2025-c1,81bde727,17,Round 17,0,1755924300,378a76b6,fef14cde,37,38,final,,playhq,1786503412064
amnd-winter-2025-c1,c1b853ba,17,Round 17,0,1755924300,ca4ae786,977c16c5,41,38,final,,playhq,1786503412064
amnd-winter-2025-c1,ee6f3533,17,Round 17,0,1755924300,ba2fd13c,66b17d74,46,49,final,,playhq,1786503412064
amnd-winter-2025-c1,f44bfe49,17,Round 17,0,1755924300,8688e852,b0265058,62,41,final,,playhq,1786503412064
amnd-winter-2025-c1,18a5bff5,18,Round 18,0,1756534500,fef14cde,bd27e668,26,44,final,,playhq,1786503412064
amnd-winter-2025-c1,24797694,18,Round 18,0,1756534500,977c16c5,b0265058,49,57,final,,playhq,1786503412064
amnd-winter-2025-c1,593b9e75,18,Round 18,0,1756534500,288ee7d3,ca4ae786,46,44,final,,playhq,1786503412064
amnd-winter-2025-c1,ec240f07,18,Round 18,0,1756534500,ba2fd13c,8688e852,32,60,final,,playhq,1786503412064
amnd-winter-2025-c1,f63dc665,18,Round 18,0,1756529100,66b17d74,378a76b6,51,46,final,,playhq,1786503412064
amnd-winter-2025-c1,85217461,19,Elimination Final,1,1757133900,bd27e668,288ee7d3,46,37,final,,playhq,1786503412064
amnd-winter-2025-c1,cff3cd27,19,Qualifying Final,1,1757133900,66b17d74,ca4ae786,34,33,final,,playhq,1786503412064
amnd-winter-2025-c1,9b16d084,20,Preliminary Final,1,1757733300,ca4ae786,bd27e668,25,36,final,,playhq,1786503412064
amnd-winter-2025-c1,b283ef09,21,Grand Final,1,1758343500,66b17d74,bd27e668,37,46,final,,playhq,1786503412064
amnd-winter-2025-c2,10fd00d1,1,Round 1,0,1743830100,8ece3856,2d540db5,20,34,final,,playhq,1786503411873
amnd-winter-2025-c2,13361b84,1,Round 1,0,1743830100,5a3f4bc4,0e27f165,31,30,final,,playhq,1786503411873
amnd-winter-2025-c2,784353b2,1,Round 1,0,1743830100,378a76b6,03159000,55,26,final,,playhq,1786503411873
amnd-winter-2025-c2,93425941,1,Round 1,0,1743830100,d570e296,4802edf4,41,55,final,,playhq,1786503411873
amnd-winter-2025-c2,b578a314,1,Round 1,0,1743824700,4c2449e0,15eff783,49,34,final,,playhq,1786503411873
amnd-winter-2025-c2,57e6ba57,2,Round 2,0,1744433100,0e27f165,d570e296,41,27,final,,playhq,1786503411873
amnd-winter-2025-c2,9090fff2,2,Round 2,0,1744433100,03159000,4c2449e0,21,58,final,,playhq,1786503411873
amnd-winter-2025-c2,c9df33b6,2,Round 2,0,1744433100,4802edf4,8ece3856,45,29,final,,playhq,1786503411873
amnd-winter-2025-c2,f03612df,2,Round 2,0,1744433100,2d540db5,378a76b6,18,38,final,,playhq,1786503411873
amnd-winter-2025-c2,f62b3d6a,2,Round 2,0,1744433100,15eff783,5a3f4bc4,50,46,final,,playhq,1786503411873
amnd-winter-2025-c2,26c2326f,3,Round 3,0,1745492400,d570e296,8ece3856,41,36,final,,playhq,1786503411873
amnd-winter-2025-c2,38aee4a5,3,Round 3,0,1745492400,0e27f165,15eff783,44,48,final,,playhq,1786503411873
amnd-winter-2025-c2,53c49d5a,3,Round 3,0,1745492400,4c2449e0,2d540db5,36,24,final,,playhq,1786503411873
amnd-winter-2025-c2,86b8381f,3,Round 3,0,1745492400,5a3f4bc4,03159000,41,48,final,,playhq,1786503411873
amnd-winter-2025-c2,8812a1ac,3,Round 3,0,1745492400,378a76b6,4802edf4,46,31,final,,playhq,1786503411873
amnd-winter-2025-c2,03b966e6,4,Round 4,0,1746247500,4802edf4,4c2449e0,37,34,final,,playhq,1786503411873
amnd-winter-2025-c2,03c8ec91,4,Round 4,0,1746247500,2d540db5,5a3f4bc4,32,28,final,,playhq,1786503411873
amnd-winter-2025-c2,5e3387f1,4,Round 4,0,1746247500,15eff783,d570e296,32,38,final,,playhq,1786503411873
amnd-winter-2025-c2,a5319160,4,Round 4,0,1746247500,8ece3856,378a76b6,35,53,final,,playhq,1786503411873
amnd-winter-2025-c2,f91f9058,4,Round 4,0,1746247500,03159000,0e27f165,30,30,final,,playhq,1786503411873
amnd-winter-2025-c2,190b4ffd,5,Round 5,0,1746857700,d570e296,b76c42e9,40,36,final,,playhq,1786503411873
amnd-winter-2025-c2,1badea24,5,Round 5,0,1746857700,0e27f165,2d540db5,43,28,final,,playhq,1786503411873
amnd-winter-2025-c2,4419511c,5,Round 5,0,1746857700,15eff783,03159000,48,47,final,,playhq,1786503411873
amnd-winter-2025-c2,adece96e,5,Round 5,0,1746857700,5a3f4bc4,4802edf4,37,52,final,,playhq,1786503411873
amnd-winter-2025-c2,cb2b7836,5,Round 5,0,1746857700,4c2449e0,8ece3856,67,26,final,,playhq,1786503411873
amnd-winter-2025-c2,2048dc97,6,Round 6,0,1747457100,b76c42e9,4c2449e0,40,58,final,,playhq,1786503411873
amnd-winter-2025-c2,a0f9c0fd,6,Round 6,0,1747457100,8ece3856,5a3f4bc4,20,60,final,,playhq,1786503411873
amnd-winter-2025-c2,cf95dfbc,6,Round 6,0,1747457100,4802edf4,0e27f165,54,33,final,,playhq,1786503411873
amnd-winter-2025-c2,e4e5ed9e,6,Round 6,0,1747457100,2d540db5,15eff783,24,42,final,,playhq,1786503411873
amnd-winter-2025-c2,f2072c8e,6,Round 6,0,1747457100,03159000,d570e296,38,43,final,,playhq,1786503411873
amnd-winter-2025-c2,22cbeb3a,7,Round 7,0,1748067300,d570e296,4c2449e0,20,55,final,,playhq,1786503411873
amnd-winter-2025-c2,27f69fc2,7,Round 7,0,1748067300,03159000,2d540db5,42,30,final,,playhq,1786503411873
amnd-winter-2025-c2,95f02e15,7,Round 7,0,1748067300,0e27f165,8ece3856,74,40,final,,playhq,1786503411873
amnd-winter-2025-c2,b0ad8096,7,Round 7,0,1748067300,5a3f4bc4,b76c42e9,55,15,final,,playhq,1786503411873
amnd-winter-2025-c2,e38e775b,7,Round 7,0,1748067300,15eff783,4802edf4,40,60,final,,playhq,1786503411873
amnd-winter-2025-c2,7a748d16,8,Round 8,0,1749720600,2d540db5,d570e296,27,29,final,,playhq,1786503411873
amnd-winter-2025-c2,8876323a,8,Round 8,0,1749720600,b76c42e9,0e27f165,49,41,final,,playhq,1786503411873
amnd-winter-2025-c2,ba68adcb,8,Round 8,0,1749720600,4c2449e0,5a3f4bc4,61,30,final,,playhq,1786503411873
amnd-winter-2025-c2,d872b987,8,Round 8,0,1749720600,8ece3856,15eff783,25,77,final,,playhq,1786503411873
amnd-winter-2025-c2,ef3bd54a,8,Round 8,0,1749720600,4802edf4,03159000,52,45,final,,playhq,1786503411873
amnd-winter-2025-c2,9b3746a1,9,Round 9,0,1750486500,15eff783,b76c42e9,73,39,final,,playhq,1786503411873
amnd-winter-2025-c2,b029edcb,9,Round 9,0,1750486500,03159000,8ece3856,51,46,final,,playhq,1786503411873
amnd-winter-2025-c2,bc17db08,9,Round 9,0,1750486500,0e27f165,4c2449e0,19,63,final,,playhq,1786503411873
amnd-winter-2025-c2,c46a9b96,9,Round 9,0,1750486500,2d540db5,4802edf4,25,48,final,,playhq,1786503411873
amnd-winter-2025-c2,ef540c95,9,Round 9,0,1750486500,d570e296,5a3f4bc4,23,50,final,,playhq,1786503411873
amnd-winter-2025-c2,7577a94f,10,Round 10,0,1751085900,03159000,b76c42e9,65,23,final,,playhq,1786503411873
amnd-winter-2025-c2,9628d9aa,10,Round 10,0,1751085900,4802edf4,d570e296,69,39,final,,playhq,1786503411873
amnd-winter-2025-c2,bb63760b,10,Round 10,0,1751085900,2d540db5,8ece3856,35,30,final,,playhq,1786503411873
amnd-winter-2025-c2,eccaa109,10,Round 10,0,1751085900,0e27f165,5a3f4bc4,38,46,final,,playhq,1786503411873
amnd-winter-2025-c2,ed73f1ad,10,Round 10,0,1751085900,15eff783,4c2449e0,29,58,final,,playhq,1786503411873
amnd-winter-2025-c2,259195cd,11,Round 11,0,1751696100,b76c42e9,2d540db5,36,59,final,,playhq,1786503411873
amnd-winter-2025-c2,698f32e7,11,Round 11,0,1751696100,8ece3856,4802edf4,19,66,final,,playhq,1786503411873
amnd-winter-2025-c2,9bf5b9d4,11,Round 11,0,1751696100,d570e296,0e27f165,32,53,final,,playhq,1786503411873
amnd-winter-2025-c2,a31b5062,11,Round 11,0,1751696100,5a3f4bc4,15eff783,36,41,final,,playhq,1786503411873
amnd-winter-2025-c2,fac7caba,11,Round 11,0,1751696100,4c2449e0,03159000,49,41,final,,playhq,1786503411873
amnd-winter-2025-c2,25014bc0,12,Round 12,0,1752900300,8ece3856,d570e296,34,48,final,,playhq,1786503411873
amnd-winter-2025-c2,2c40e24d,12,Round 12,0,1752900300,4802edf4,b76c42e9,88,24,final,,playhq,1786503411873
amnd-winter-2025-c2,6162ca14,12,Round 12,0,1752900300,15eff783,0e27f165,58,47,final,,playhq,1786503411873
amnd-winter-2025-c2,841a8278,12,Round 12,0,1752900300,03159000,5a3f4bc4,36,30,final,,playhq,1786503411873
amnd-winter-2025-c2,cb0ad6b3,12,Round 12,0,1752900300,2d540db5,4c2449e0,22,46,final,,playhq,1786503411873
amnd-winter-2025-c2,50f3f5de,13,Round 13,0,1753510500,d570e296,15eff783,40,45,final,,playhq,1786503411873
amnd-winter-2025-c2,5e37915c,13,Round 13,0,1753510500,5a3f4bc4,2d540db5,29,11,final,,playhq,1786503411873
amnd-winter-2025-c2,5e68faef,13,Round 13,0,1753510500,0e27f165,03159000,41,16,final,,playhq,1786503411873
amnd-winter-2025-c2,694eba65,13,Round 13,0,1753510500,4c2449e0,4802edf4,50,28,final,,playhq,1786503411873
amnd-winter-2025-c2,f5dce38c,13,Round 13,0,1753510500,b76c42e9,8ece3856,68,42,final,,playhq,1786503411873
amnd-winter-2025-c2,11e73eb2,14,Round 14,0,1754109900,4802edf4,5a3f4bc4,47,37,final,,playhq,1786503411873
amnd-winter-2025-c2,3f54c959,14,Round 14,0,1754109900,2d540db5,0e27f165,34,53,final,,playhq,1786503411873
amnd-winter-2025-c2,5484aa2b,14,Round 14,0,1754109900,8ece3856,4c2449e0,32,65,final,,playhq,1786503411873
amnd-winter-2025-c2,6d8608f7,14,Round 14,0,1754109900,03159000,15eff783,46,38,final,,playhq,1786503411873
amnd-winter-2025-c2,fd1d6b94,14,Round 14,0,1754109900,b76c42e9,d570e296,0,20,final,,playhq,1786503411873
amnd-winter-2025-c2,0e92d87f,15,Round 15,0,1754720100,d570e296,03159000,44,37,final,,playhq,1786503411873
amnd-winter-2025-c2,233f5659,15,Round 15,0,1754720100,15eff783,2d540db5,60,23,final,,playhq,1786503411873
amnd-winter-2025-c2,6d49d11a,15,Round 15,0,1754720100,0e27f165,4802edf4,53,71,final,,playhq,1786503411873
amnd-winter-2025-c2,cb071f4d,15,Round 15,0,1754720100,5a3f4bc4,8ece3856,69,33,final,,playhq,1786503411873
amnd-winter-2025-c2,cfb7ff6f,15,Round 15,0,1754720100,4c2449e0,b76c42e9,64,27,final,,playhq,1786503411873
amnd-winter-2025-c2,125ed4fa,16,Round 16,0,1755163800,2d540db5,03159000,45,37,final,,playhq,1786503411873
amnd-winter-2025-c2,6b73a3e8,16,Round 16,0,1755163800,b76c42e9,5a3f4bc4,42,54,final,,playhq,1786503411873
amnd-winter-2025-c2,8193971d,16,Round 16,0,1755163800,4802edf4,15eff783,37,43,final,,playhq,1786503411873
amnd-winter-2025-c2,8ec23b74,16,Round 16,0,1755163800,4c2449e0,d570e296,44,16,final,,playhq,1786503411873
amnd-winter-2025-c2,91e6cc85,16,Round 16,0,1755163800,8ece3856,0e27f165,32,67,final,,playhq,1786503411873
amnd-winter-2025-c2,1222f958,17,Round 17,0,1755929700,5a3f4bc4,4c2449e0,41,31,final,,playhq,1786503411873
amnd-winter-2025-c2,33b0c3cf,17,Round 17,0,1755929700,15eff783,8ece3856,59,35,final,,playhq,1786503411873
amnd-winter-2025-c2,607b53d8,17,Round 17,0,1755929700,03159000,4802edf4,36,55,final,,playhq,1786503411873
amnd-winter-2025-c2,9ce69f61,17,Round 17,0,1755929700,0e27f165,b76c42e9,59,52,final,,playhq,1786503411873
amnd-winter-2025-c2,fe644e38,17,Round 17,0,1755929700,d570e296,2d540db5,45,46,final,,playhq,1786503411873
amnd-winter-2025-c2,49d19b04,18,Round 18,0,1756529100,4802edf4,2d540db5,41,15,final,,playhq,1786503411873
amnd-winter-2025-c2,4acb17ac,18,Round 18,0,1756529100,8ece3856,03159000,43,57,final,,playhq,1786503411873
amnd-winter-2025-c2,4ef1e61d,18,Round 18,0,1756529100,5a3f4bc4,d570e296,51,36,final,,playhq,1786503411873
amnd-winter-2025-c2,976129b0,18,Round 18,0,1756529100,4c2449e0,0e27f165,58,43,final,,playhq,1786503411873
amnd-winter-2025-c2,aba7fc4d,18,Round 18,0,1756529100,b76c42e9,15eff783,29,65,final,,playhq,1786503411873
amnd-winter-2025-c2,0eecfc5f,19,Elimination Final,1,1757139300,15eff783,5a3f4bc4,37,48,final,,playhq,1786503411873
amnd-winter-2025-c2,ae7b55f7,19,Qualifying Final,1,1757139300,4c2449e0,4802edf4,42,43,final,,playhq,1786503411873
amnd-winter-2025-c2,d9f1e928,20,Preliminary Final,1,1757738700,4c2449e0,5a3f4bc4,53,34,final,,playhq,1786503411873
amnd-winter-2025-c2,9ff87ffc,21,Grand Final,1,1758343500,4802edf4,4c2449e0,39,38,final,,playhq,1786503411873
amnd-winter-2025-c6,1af20b50,1,Round 1,0,1744427700,66061a9f,83ec8971,15,5,final,,playhq,1786503412154
amnd-winter-2025-c6,2dc7444d,1,Round 1,0,1744427700,a896ac6e,a009acd6,6,28,final,,playhq,1786503412154
amnd-winter-2025-c6,5d0de5e1,1,Round 1,0,1744427700,51afcab8,4b8df0c9,12,14,final,,playhq,1786503412154
amnd-winter-2025-c6,8d5eebc9,1,Round 1,0,1744427700,6c59bd79,b0547829,9,18,final,,playhq,1786503412154
amnd-winter-2025-c6,69aae7a1,2,Round 2,0,1746242100,83ec8971,a896ac6e,21,23,final,,playhq,1786503412154
amnd-winter-2025-c6,8605b563,2,Round 2,0,1746242100,a009acd6,6c59bd79,45,17,final,,playhq,1786503412154
amnd-winter-2025-c6,ceba3d12,2,Round 2,0,1746242100,4b8df0c9,66061a9f,50,12,final,,playhq,1786503412154
amnd-winter-2025-c6,deec32dc,2,Round 2,0,1746242100,b0547829,51afcab8,61,20,final,,playhq,1786503412154
amnd-winter-2025-c6,1eb3e1cf,3,Round 3,0,1746846900,66061a9f,b0547829,15,53,final,,playhq,1786503412154
amnd-winter-2025-c6,756a338a,3,Round 3,0,1746846900,a896ac6e,4b8df0c9,5,50,final,,playhq,1786503412154
amnd-winter-2025-c6,8ace8506,3,Round 3,0,1746846900,6c59bd79,51afcab8,13,25,final,,playhq,1786503412154
amnd-winter-2025-c6,94dfca12,3,Round 3,0,1746846900,a009acd6,83ec8971,54,20,final,,playhq,1786503412154
amnd-winter-2025-c6,19f8468e,4,Round 4,0,1747451700,51afcab8,66061a9f,24,18,final,,playhq,1786503412154
amnd-winter-2025-c6,222bcbb7,4,Round 4,0,1747451700,83ec8971,6c59bd79,14,48,final,,playhq,1786503412154
amnd-winter-2025-c6,baf0fbf5,4,Round 4,0,1747451700,b0547829,a896ac6e,20,0,final,,playhq,1786503412154
amnd-winter-2025-c6,e526f43c,4,Round 4,0,1747451700,4b8df0c9,a009acd6,15,26,final,,playhq,1786503412154
amnd-winter-2025-c6,21a30e02,5,Round 5,0,1748056500,6c59bd79,66061a9f,23,19,final,,playhq,1786503412154
amnd-winter-2025-c6,6f58834a,5,Round 5,0,1748056500,a009acd6,b0547829,40,31,final,,playhq,1786503412154
amnd-winter-2025-c6,da4de8bb,5,Round 5,0,1748056500,a896ac6e,51afcab8,5,31,final,,playhq,1786503412154
amnd-winter-2025-c6,f248161f,5,Round 5,0,1748056500,83ec8971,4b8df0c9,5,57,final,,playhq,1786503412154
amnd-winter-2025-c6,032c267c,6,Round 6,0,1750475700,51afcab8,a009acd6,21,55,final,,playhq,1786503412154
amnd-winter-2025-c6,3f4439f5,6,Round 6,0,1750475700,4b8df0c9,6c59bd79,28,18,final,,playhq,1786503412154
amnd-winter-2025-c6,710b3866,6,Round 6,0,1750475700,b0547829,83ec8971,54,10,final,,playhq,1786503412154
amnd-winter-2025-c6,a65391c0,6,Round 6,0,1750475700,66061a9f,a896ac6e,15,10,final,,playhq,1786503412154
amnd-winter-2025-c6,834cf176,7,Round 7,0,1751080500,83ec8971,51afcab8,4,34,final,,playhq,1786503412154
amnd-winter-2025-c6,a76f794a,7,Round 7,0,1751080500,a009acd6,66061a9f,66,14,final,,playhq,1786503412154
amnd-winter-2025-c6,b27705af,7,Round 7,0,1751080500,4b8df0c9,b0547829,26,68,final,,playhq,1786503412154
amnd-winter-2025-c6,d8af9b12,7,Round 7,0,1751080500,6c59bd79,a896ac6e,38,18,final,,playhq,1786503412154
amnd-winter-2025-c6,0b8740ec,8,Round 8,0,1752219000,83ec8971,66061a9f,5,34,final,,playhq,1786503412154
amnd-winter-2025-c6,0d6e524e,8,Round 8,0,1752219000,a009acd6,a896ac6e,67,9,final,,playhq,1786503412154
amnd-winter-2025-c6,3addcdb4,8,Round 8,0,1752219000,4b8df0c9,51afcab8,30,12,final,,playhq,1786503412154
amnd-winter-2025-c6,eebd250a,8,Round 8,0,1752219000,b0547829,6c59bd79,44,26,final,,playhq,1786503412154
amnd-winter-2025-c6,7d5668d9,9,Round 9,0,1752894900,a896ac6e,83ec8971,39,5,final,,playhq,1786503412154
amnd-winter-2025-c6,8361621a,9,Round 9,0,1752894900,51afcab8,b0547829,15,49,final,,playhq,1786503412154
amnd-winter-2025-c6,9aae6786,9,Round 9,0,1752894900,6c59bd79,a009acd6,28,60,final,,playhq,1786503412154
amnd-winter-2025-c6,db6b7f40,9,Round 9,0,1752894900,66061a9f,4b8df0c9,13,68,final,,playhq,1786503412154
amnd-winter-2025-c6,16c3a052,10,Round 10,0,1753499700,b0547829,66061a9f,35,23,final,,playhq,1786503412154
amnd-winter-2025-c6,49ad3c01,10,Round 10,0,1753499700,51afcab8,6c59bd79,35,15,final,,playhq,1786503412154
amnd-winter-2025-c6,59c0c438,10,Round 10,0,1753499700,4b8df0c9,a896ac6e,54,11,final,,playhq,1786503412154
amnd-winter-2025-c6,b27e1afb,10,Round 10,0,1753499700,83ec8971,a009acd6,19,65,final,,playhq,1786503412154
amnd-winter-2025-c6,aa69b10d,11,Round 11,0,1754104500,a009acd6,4b8df0c9,36,27,final,,playhq,1786503412154
amnd-winter-2025-c6,d6260544,11,Round 11,0,1754104500,a896ac6e,b0547829,20,46,final,,playhq,1786503412154
amnd-winter-2025-c6,d9c51518,11,Round 11,0,1754104500,6c59bd79,83ec8971,47,17,final,,playhq,1786503412154
amnd-winter-2025-c6,fe7c289d,11,Round 11,0,1754104500,66061a9f,51afcab8,11,29,final,,playhq,1786503412154
amnd-winter-2025-c6,3cc2d403,12,Round 12,0,1754709300,b0547829,a009acd6,40,62,final,,playhq,1786503412154
amnd-winter-2025-c6,70893e99,12,Round 12,0,1754709300,66061a9f,6c59bd79,17,35,final,,playhq,1786503412154
amnd-winter-2025-c6,84b7490b,12,Round 12,0,1754709300,51afcab8,a896ac6e,25,10,final,,playhq,1786503412154
amnd-winter-2025-c6,dd6b165a,12,Round 12,0,1754709300,4b8df0c9,83ec8971,47,12,final,,playhq,1786503412154
amnd-winter-2025-c6,187285db,13,Round 13,0,1755918900,a896ac6e,66061a9f,22,24,final,,playhq,1786503412154
amnd-winter-2025-c6,246e9df6,13,Round 13,0,1755918900,a009acd6,51afcab8,42,15,final,,playhq,1786503412154
amnd-winter-2025-c6,47cfe364,13,Round 13,0,1755918900,6c59bd79,4b8df0c9,9,44,final,,playhq,1786503412154
amnd-winter-2025-c6,fe4dea7d,13,Round 13,0,1755918900,83ec8971,b0547829,13,51,final,,playhq,1786503412154
amnd-winter-2025-c6,9a85f148,14,Round 14,0,1756523700,a896ac6e,6c59bd79,20,19,final,,playhq,1786503412154
amnd-winter-2025-c6,bdbe7566,14,Round 14,0,1756523700,66061a9f,a009acd6,25,66,final,,playhq,1786503412154
amnd-winter-2025-c6,ce052bbf,14,Round 14,0,1756523700,b0547829,4b8df0c9,44,34,final,,playhq,1786503412154
amnd-winter-2025-c6,dcdf4158,14,Round 14,0,1756523700,51afcab8,83ec8971,38,8,final,,playhq,1786503412154
amnd-winter-2025-c6,d92ac5a7,15,Qualifying Final,1,1757581200,a009acd6,b0547829,53,37,final,,playhq,1786503412154
amnd-winter-2025-c6,db7a64aa,15,Elimination Final,1,1757581200,4b8df0c9,51afcab8,29,27,final,,playhq,1786503412154
amnd-winter-2025-c6,385471ef,16,Preliminary Final,1,1757733300,b0547829,4b8df0c9,36,25,final,,playhq,1786503412154
amnd-winter-2025-c6,c7ab7320,17,Grand Final,1,1758338100,a009acd6,b0547829,47,25,final,,playhq,1786503412154
amnd-winter-2025-inter-1,2af961b5,1,Round 1,0,1744427700,82939b3b,acf33ccc,48,27,final,,playhq,1786503412199
amnd-winter-2025-inter-1,5d07e64b,1,Round 1,0,1744427700,9726d349,ca9cb256,36,38,final,,playhq,1786503412199
amnd-winter-2025-inter-1,75ecc7e7,1,Round 1,0,1744427700,95631e6a,c3962807,67,24,final,,playhq,1786503412199
amnd-winter-2025-inter-1,a40c75cf,1,Round 1,0,1744427700,351ee3cb,c1cf9d66,44,35,final,,playhq,1786503412199
amnd-winter-2025-inter-1,5ae705a5,2,Round 2,0,1746242100,acf33ccc,9726d349,53,34,final,,playhq,1786503412199
amnd-winter-2025-inter-1,6f7a7a2f,2,Round 2,0,1746242100,ca9cb256,351ee3cb,39,62,final,,playhq,1786503412199
amnd-winter-2025-inter-1,d92e4a8c,2,Round 2,0,1746242100,c3962807,82939b3b,35,69,final,,playhq,1786503412199
amnd-winter-2025-inter-1,dd778457,2,Round 2,0,1746242100,c1cf9d66,95631e6a,42,43,final,,playhq,1786503412199
amnd-winter-2025-inter-1,0b86a3e9,3,Round 3,0,1746846900,ca9cb256,acf33ccc,49,67,final,,playhq,1786503412199
amnd-winter-2025-inter-1,7f3c4a93,3,Round 3,0,1746846900,9726d349,c3962807,71,46,final,,playhq,1786503412199
amnd-winter-2025-inter-1,85f0e132,3,Round 3,0,1746846900,351ee3cb,95631e6a,53,50,final,,playhq,1786503412199
amnd-winter-2025-inter-1,bd8df285,3,Round 3,0,1746846900,82939b3b,c1cf9d66,59,38,final,,playhq,1786503412199
amnd-winter-2025-inter-1,17f0392e,4,Round 4,0,1747451700,acf33ccc,351ee3cb,32,68,final,,playhq,1786503412199
amnd-winter-2025-inter-1,74decfbb,4,Round 4,0,1747451700,c3962807,ca9cb256,34,65,final,,playhq,1786503412199
amnd-winter-2025-inter-1,7a6b1480,4,Round 4,0,1747451700,c1cf9d66,9726d349,54,26,final,,playhq,1786503412199
amnd-winter-2025-inter-1,cd76c48b,4,Round 4,0,1747451700,95631e6a,82939b3b,40,47,final,,playhq,1786503412199
amnd-winter-2025-inter-1,0a7bd6a3,5,Round 5,0,1748056500,acf33ccc,c3962807,51,31,final,,playhq,1786503412199
amnd-winter-2025-inter-1,0e12035e,5,Round 5,0,1748056500,9726d349,95631e6a,42,50,final,,playhq,1786503412199
amnd-winter-2025-inter-1,42a1a6f2,5,Round 5,0,1748056500,ca9cb256,c1cf9d66,32,57,final,,playhq,1786503412199
amnd-winter-2025-inter-1,f0a8149b,5,Round 5,0,1748056500,351ee3cb,82939b3b,60,59,final,,playhq,1786503412199
amnd-winter-2025-inter-1,31c2d3b6,6,Round 6,0,1750475700,c3962807,351ee3cb,34,81,final,,playhq,1786503412199
amnd-winter-2025-inter-1,3c9f3437,6,Round 6,0,1750475700,95631e6a,ca9cb256,38,57,final,,playhq,1786503412199
amnd-winter-2025-inter-1,710faf77,6,Round 6,0,1750475700,c1cf9d66,acf33ccc,46,36,final,,playhq,1786503412199
amnd-winter-2025-inter-1,cbc57640,6,Round 6,0,1750475700,82939b3b,9726d349,51,28,final,,playhq,1786503412199
amnd-winter-2025-inter-1,0ad7dbcc,7,Round 7,0,1751080500,c3962807,c1cf9d66,20,72,final,,playhq,1786503412199
amnd-winter-2025-inter-1,d5af7992,7,Round 7,0,1751080500,ca9cb256,82939b3b,48,55,final,,playhq,1786503412199
amnd-winter-2025-inter-1,e7646343,7,Round 7,0,1751080500,acf33ccc,95631e6a,35,50,final,,playhq,1786503412199
amnd-winter-2025-inter-1,ec639fb3,7,Round 7,0,1751080500,351ee3cb,9726d349,68,28,final,,playhq,1786503412199
amnd-winter-2025-inter-1,01ab6ad2,8,Round 8,0,1751685300,ca9cb256,9726d349,65,43,final,,playhq,1786503412199
amnd-winter-2025-inter-1,181c944d,8,Round 8,0,1751685300,c1cf9d66,351ee3cb,49,50,final,,playhq,1786503412199
amnd-winter-2025-inter-1,2d7c44ea,8,Round 8,0,1751685300,acf33ccc,82939b3b,36,80,final,,playhq,1786503412199
amnd-winter-2025-inter-1,c49c4aab,8,Round 8,0,1751685300,c3962807,95631e6a,33,66,final,,playhq,1786503412199
amnd-winter-2025-inter-1,4b8e8c4d,9,Round 9,0,1752894900,351ee3cb,ca9cb256,67,29,final,,playhq,1786503412199
amnd-winter-2025-inter-1,79699d2e,9,Round 9,0,1752894900,9726d349,acf33ccc,37,40,final,,playhq,1786503412199
amnd-winter-2025-inter-1,7df9a714,9,Round 9,0,1752894900,95631e6a,c1cf9d66,43,51,final,,playhq,1786503412199
amnd-winter-2025-inter-1,c008ca04,9,Round 9,0,1752894900,82939b3b,c3962807,84,26,final,,playhq,1786503412199
amnd-winter-2025-inter-1,5acd7b09,10,Round 10,0,1753499700,c1cf9d66,82939b3b,37,56,final,,playhq,1786503412199
amnd-winter-2025-inter-1,bc048892,10,Round 10,0,1753499700,acf33ccc,ca9cb256,48,45,final,,playhq,1786503412199
amnd-winter-2025-inter-1,be4db074,10,Round 10,0,1753499700,95631e6a,351ee3cb,20,20,final,,playhq,1786503412199
amnd-winter-2025-inter-1,efd4cf61,10,Round 10,0,1753505100,c3962807,9726d349,38,67,final,,playhq,1786503412199
amnd-winter-2025-inter-1,046a049d,11,Round 11,0,1754104500,82939b3b,95631e6a,46,47,final,,playhq,1786503412199
amnd-winter-2025-inter-1,49c9aef5,11,Round 11,0,1754104500,351ee3cb,acf33ccc,64,35,final,,playhq,1786503412199
amnd-winter-2025-inter-1,e73b2117,11,Round 11,0,1754104500,ca9cb256,c3962807,55,32,final,,playhq,1786503412199
amnd-winter-2025-inter-1,f8b4c529,11,Round 11,0,1754104500,9726d349,c1cf9d66,32,24,final,,playhq,1786503412199
amnd-winter-2025-inter-1,189e222c,12,Round 12,0,1754709300,c3962807,acf33ccc,39,67,final,,playhq,1786503412199
amnd-winter-2025-inter-1,2852a43e,12,Round 12,0,1754709300,95631e6a,9726d349,45,49,final,,playhq,1786503412199
amnd-winter-2025-inter-1,744216ca,12,Round 12,0,1754709300,82939b3b,351ee3cb,45,52,final,,playhq,1786503412199
amnd-winter-2025-inter-1,c78d88a1,12,Round 12,0,1754709300,c1cf9d66,ca9cb256,52,20,final,,playhq,1786503412199
amnd-winter-2025-inter-1,33ac189e,13,Round 13,0,1755918900,acf33ccc,c1cf9d66,37,54,final,,playhq,1786503412199
amnd-winter-2025-inter-1,9da50d4d,13,Round 13,0,1755918900,9726d349,82939b3b,23,65,final,,playhq,1786503412199
amnd-winter-2025-inter-1,a8497f65,13,Round 13,0,1755918900,351ee3cb,c3962807,97,34,final,,playhq,1786503412199
amnd-winter-2025-inter-1,e7ada625,13,Round 13,0,1755918900,ca9cb256,95631e6a,40,56,final,,playhq,1786503412199
amnd-winter-2025-inter-1,09d74cdb,14,Round 14,0,1756523700,95631e6a,acf33ccc,51,46,final,,playhq,1786503412199
amnd-winter-2025-inter-1,a95972e2,14,Round 14,0,1756523700,9726d349,351ee3cb,34,71,final,,playhq,1786503412199
amnd-winter-2025-inter-1,ce02a276,14,Round 14,0,1756523700,c1cf9d66,c3962807,72,33,final,,playhq,1786503412199
amnd-winter-2025-inter-1,ceaf7a29,14,Round 14,0,1756523700,82939b3b,ca9cb256,76,33,final,,playhq,1786503412199
amnd-winter-2025-inter-1,41ef00bf,15,Qualifying Final,1,1757128500,351ee3cb,82939b3b,62,60,final,,playhq,1786503412199
amnd-winter-2025-inter-1,9e4b138a,15,Elimination Final,1,1757128500,95631e6a,c1cf9d66,41,51,final,,playhq,1786503412199
amnd-winter-2025-inter-1,2c4787a4,16,Preliminary Final,1,1757733300,82939b3b,c1cf9d66,58,45,final,,playhq,1786503412199
amnd-winter-2025-inter-1,72892d94,17,Grand Final,1,1758338100,351ee3cb,82939b3b,47,59,final,,playhq,1786503412199
amnd-winter-2025-inter-2,333a50c5,1,Round 1,0,1744427700,af2eb8a2,22b4c846,43,27,final,,playhq,1786503411860
amnd-winter-2025-inter-2,66b2f2bb,1,Round 1,0,1744427700,79397542,344761f3,28,30,final,,playhq,1786503411860
amnd-winter-2025-inter-2,e94f6559,1,Round 1,0,1744427700,ac3c7a77,33a63e44,58,35,final,,playhq,1786503411860
amnd-winter-2025-inter-2,1a88d764,2,Round 2,0,1746242100,22b4c846,79397542,43,39,final,,playhq,1786503411860
amnd-winter-2025-inter-2,67296f35,2,Round 2,0,1746242100,33a63e44,af2eb8a2,41,59,final,,playhq,1786503411860
amnd-winter-2025-inter-2,bfa6b19d,2,Round 2,0,1746242100,344761f3,ac3c7a77,36,57,final,,playhq,1786503411860
amnd-winter-2025-inter-2,36330dd7,3,Round 3,0,1746846900,33a63e44,344761f3,37,53,final,,playhq,1786503411860
amnd-winter-2025-inter-2,4d641678,3,Round 3,0,1746846900,ac3c7a77,22b4c846,47,33,final,,playhq,1786503411860
amnd-winter-2025-inter-2,a979629d,3,Round 3,0,1746846900,af2eb8a2,79397542,51,43,final,,playhq,1786503411860
amnd-winter-2025-inter-2,277dd48f,4,Round 4,0,1747451700,344761f3,af2eb8a2,48,53,final,,playhq,1786503411860
amnd-winter-2025-inter-2,c657794b,4,Round 4,0,1747451700,79397542,ac3c7a77,50,53,final,,playhq,1786503411860
amnd-winter-2025-inter-2,e2ecaf3c,4,Round 4,0,1747451700,22b4c846,33a63e44,43,46,final,,playhq,1786503411860
amnd-winter-2025-inter-2,27689f5f,5,Round 5,0,1748056500,344761f3,22b4c846,44,31,final,,playhq,1786503411860
amnd-winter-2025-inter-2,915156e0,5,Round 5,0,1748056500,33a63e44,79397542,36,51,final,,playhq,1786503411860
amnd-winter-2025-inter-2,c3ded11b,5,Round 5,0,1748056500,af2eb8a2,ac3c7a77,50,44,final,,playhq,1786503411860
amnd-winter-2025-inter-2,5f8df2d8,6,Round 6,0,1750475700,33a63e44,ac3c7a77,36,45,final,,playhq,1786503411860
amnd-winter-2025-inter-2,9561c63d,6,Round 6,0,1750475700,22b4c846,af2eb8a2,39,60,final,,playhq,1786503411860
amnd-winter-2025-inter-2,e12e1ebe,6,Round 6,0,1750475700,344761f3,79397542,66,41,final,,playhq,1786503411860
amnd-winter-2025-inter-2,57ce36b9,7,Round 7,0,1751080500,79397542,22b4c846,45,47,final,,playhq,1786503411860
amnd-winter-2025-inter-2,b0109f49,7,Round 7,0,1751080500,ac3c7a77,344761f3,52,46,final,,playhq,1786503411860
amnd-winter-2025-inter-2,cd1460bd,7,Round 7,0,1751080500,af2eb8a2,33a63e44,49,38,final,,playhq,1786503411860
amnd-winter-2025-inter-2,733acdc8,8,Round 8,0,1751685300,344761f3,33a63e44,57,50,final,,playhq,1786503411860
amnd-winter-2025-inter-2,9accdc66,8,Round 8,0,1751685300,22b4c846,ac3c7a77,33,65,final,,playhq,1786503411860
amnd-winter-2025-inter-2,d38d1f6b,8,Round 8,0,1751685300,79397542,af2eb8a2,39,43,final,,playhq,1786503411860
amnd-winter-2025-inter-2,180f8cb8,9,Round 9,0,1752894900,33a63e44,22b4c846,43,43,final,,playhq,1786503411860
amnd-winter-2025-inter-2,6e1ee316,9,Round 9,0,1752894900,ac3c7a77,79397542,50,37,final,,playhq,1786503411860
amnd-winter-2025-inter-2,887b3902,9,Round 9,0,1752894900,af2eb8a2,344761f3,43,47,final,,playhq,1786503411860
amnd-winter-2025-inter-2,696614c9,10,Round 10,0,1753499700,79397542,33a63e44,50,38,final,,playhq,1786503411860
amnd-winter-2025-inter-2,bed0e3da,10,Round 10,0,1753499700,ac3c7a77,af2eb8a2,47,40,final,,playhq,1786503411860
amnd-winter-2025-inter-2,c4df52bd,10,Round 10,0,1753499700,22b4c846,344761f3,41,49,final,,playhq,1786503411860
amnd-winter-2025-inter-2,0580e7f6,11,Round 11,0,1754104500,ac3c7a77,33a63e44,61,47,final,,playhq,1786503411860
amnd-winter-2025-inter-2,4c98fa1a,11,Round 11,0,1754104500,af2eb8a2,22b4c846,66,38,final,,playhq,1786503411860
amnd-winter-2025-inter-2,a8667f86,11,Round 11,0,1754104500,79397542,344761f3,48,56,final,,playhq,1786503411860
amnd-winter-2025-inter-2,56e6f0c5,12,Round 12,0,1754709300,344761f3,ac3c7a77,41,63,final,,playhq,1786503411860
amnd-winter-2025-inter-2,b4934660,12,Round 12,0,1754709300,22b4c846,79397542,40,60,final,,playhq,1786503411860
amnd-winter-2025-inter-2,ced4c565,12,Round 12,0,1754709300,33a63e44,af2eb8a2,37,57,final,,playhq,1786503411860
amnd-winter-2025-inter-2,32d13568,13,Round 13,0,1755918900,33a63e44,344761f3,47,61,final,,playhq,1786503411860
amnd-winter-2025-inter-2,74bace33,13,Round 13,0,1755918900,af2eb8a2,79397542,52,40,final,,playhq,1786503411860
amnd-winter-2025-inter-2,abdc7ab9,13,Round 13,0,1755918900,ac3c7a77,22b4c846,68,38,final,,playhq,1786503411860
amnd-winter-2025-inter-2,81be993c,14,Round 14,0,1756523700,22b4c846,33a63e44,47,54,final,,playhq,1786503411860
amnd-winter-2025-inter-2,ad7abe2c,14,Round 14,0,1756523700,344761f3,af2eb8a2,43,50,final,,playhq,1786503411860
amnd-winter-2025-inter-2,c1e678ad,14,Round 14,0,1756523700,79397542,ac3c7a77,36,37,final,,playhq,1786503411860
amnd-winter-2025-inter-2,57af716d,15,Elimination Final,1,1757128500,344761f3,79397542,48,47,final,,playhq,1786503411860
amnd-winter-2025-inter-2,dd70e774,15,Qualifying Final,1,1757128500,ac3c7a77,af2eb8a2,55,31,final,,playhq,1786503411860
amnd-winter-2025-inter-2,24c7642b,16,Preliminary Final,1,1757733300,af2eb8a2,344761f3,45,46,final,,playhq,1786503411860
amnd-winter-2025-inter-2,1df3d3fd,17,Grand Final,1,1758338100,ac3c7a77,344761f3,59,49,final,,playhq,1786503411860
amnd-winter-2025-inter-3,49420feb,1,Round 1,0,1744427700,8e620378,283b8852,39,51,final,,playhq,1786503412197
amnd-winter-2025-inter-3,51dec758,1,Round 1,0,1744427700,bc716376,7b2dfbdd,42,28,final,,playhq,1786503412197
amnd-winter-2025-inter-3,9c9a4812,1,Round 1,0,1744427700,c19a760e,2fa25966,38,51,final,,playhq,1786503412197
amnd-winter-2025-inter-3,57424594,2,Round 2,0,1746242100,283b8852,bc716376,52,57,final,,playhq,1786503412197
amnd-winter-2025-inter-3,63e3e3de,2,Round 2,0,1746242100,7b2dfbdd,c19a760e,45,44,final,,playhq,1786503412197
amnd-winter-2025-inter-3,aacafe71,2,Round 2,0,1746242100,2fa25966,8e620378,57,40,final,,playhq,1786503412197
amnd-winter-2025-inter-3,a96b3a73,3,Round 3,0,1746846900,283b8852,2fa25966,46,56,final,,playhq,1786503412197
amnd-winter-2025-inter-3,d7741e87,3,Round 3,0,1746846900,bc716376,c19a760e,51,48,final,,playhq,1786503412197
amnd-winter-2025-inter-3,f4429916,3,Round 3,0,1746846900,8e620378,7b2dfbdd,48,50,final,,playhq,1786503412197
amnd-winter-2025-inter-3,0dd3fd50,4,Round 4,0,1747451700,c19a760e,8e620378,59,34,final,,playhq,1786503412197
amnd-winter-2025-inter-3,98b11776,4,Round 4,0,1747451700,2fa25966,bc716376,43,39,final,,playhq,1786503412197
amnd-winter-2025-inter-3,e126cedd,4,Round 4,0,1747451700,7b2dfbdd,283b8852,47,35,final,,playhq,1786503412197
amnd-winter-2025-inter-3,8a479522,5,Round 5,0,1748056500,bc716376,8e620378,47,49,final,,playhq,1786503412197
amnd-winter-2025-inter-3,8e6f740e,5,Round 5,0,1748056500,2fa25966,7b2dfbdd,37,34,final,,playhq,1786503412197
amnd-winter-2025-inter-3,c789f0a5,5,Round 5,0,1748056500,283b8852,c19a760e,46,45,final,,playhq,1786503412197
amnd-winter-2025-inter-3,587711cf,6,Round 6,0,1750475700,283b8852,8e620378,67,36,final,,playhq,1786503412197
amnd-winter-2025-inter-3,8bbfc0ee,6,Round 6,0,1750475700,2fa25966,c19a760e,47,39,final,,playhq,1786503412197
amnd-winter-2025-inter-3,a6213eec,6,Round 6,0,1750475700,7b2dfbdd,bc716376,34,53,final,,playhq,1786503412197
amnd-winter-2025-inter-3,2a1d9541,7,Round 7,0,1751080500,bc716376,283b8852,51,47,final,,playhq,1786503412197
amnd-winter-2025-inter-3,4344c1dc,7,Round 7,0,1751080500,8e620378,2fa25966,42,55,final,,playhq,1786503412197
amnd-winter-2025-inter-3,62352fbf,7,Round 7,0,1751080500,c19a760e,7b2dfbdd,32,52,final,,playhq,1786503412197
amnd-winter-2025-inter-3,54c92f25,8,Round 8,0,1751685300,7b2dfbdd,8e620378,43,35,final,,playhq,1786503412197
amnd-winter-2025-inter-3,5f8e6d3c,8,Round 8,0,1751685300,c19a760e,bc716376,36,52,final,,playhq,1786503412197
amnd-winter-2025-inter-3,cb0b6e26,8,Round 8,0,1751685300,2fa25966,283b8852,34,56,final,,playhq,1786503412197
amnd-winter-2025-inter-3,56249257,9,Round 9,0,1752894900,283b8852,7b2dfbdd,40,47,final,,playhq,1786503412197
amnd-winter-2025-inter-3,8b5fd2c5,9,Round 9,0,1752894900,8e620378,c19a760e,20,0,final,,playhq,1786503412197
amnd-winter-2025-inter-3,9e876336,9,Round 9,0,1752894900,bc716376,2fa25966,0,20,final,,playhq,1786503412197
amnd-winter-2025-inter-3,06f5b426,10,Round 10,0,1753499700,c19a760e,283b8852,31,40,final,,playhq,1786503412197
amnd-winter-2025-inter-3,2197b4c2,10,Round 10,0,1753499700,7b2dfbdd,2fa25966,30,40,final,,playhq,1786503412197
amnd-winter-2025-inter-3,cf8ec5e9,10,Round 10,0,1753499700,8e620378,bc716376,31,51,final,,playhq,1786503412197
amnd-winter-2025-inter-3,3e1867e8,11,Round 11,0,1754104500,8e620378,283b8852,57,46,final,,playhq,1786503412197
amnd-winter-2025-inter-3,d75052a8,11,Round 11,0,1754104500,bc716376,7b2dfbdd,53,42,final,,playhq,1786503412197
amnd-winter-2025-inter-3,e067989e,11,Round 11,0,1754104500,c19a760e,2fa25966,31,61,final,,playhq,1786503412197
amnd-winter-2025-inter-3,28fb4095,12,Round 12,0,1754709300,7b2dfbdd,c19a760e,48,33,final,,playhq,1786503412197
amnd-winter-2025-inter-3,85a330a4,12,Round 12,0,1754709300,2fa25966,8e620378,54,44,final,,playhq,1786503412197
amnd-winter-2025-inter-3,be2523bc,12,Round 12,0,1754709300,283b8852,bc716376,36,63,final,,playhq,1786503412197
amnd-winter-2025-inter-3,4df74d77,13,Round 13,0,1755918900,8e620378,7b2dfbdd,27,59,final,,playhq,1786503412197
amnd-winter-2025-inter-3,b5df293c,13,Round 13,0,1755918900,bc716376,c19a760e,69,30,final,,playhq,1786503412197
amnd-winter-2025-inter-3,e6671290,13,Round 13,0,1755918900,283b8852,2fa25966,35,58,final,,playhq,1786503412197
amnd-winter-2025-inter-3,0b2c179b,14,Round 14,0,1756523700,c19a760e,8e620378,27,43,final,,playhq,1786503412197
amnd-winter-2025-inter-3,3b460ffd,14,Round 14,0,1756523700,2fa25966,bc716376,44,40,final,,playhq,1786503412197
amnd-winter-2025-inter-3,bf65e3f8,14,Round 14,0,1756523700,7b2dfbdd,283b8852,40,41,final,,playhq,1786503412197
amnd-winter-2025-inter-3,0578195e,15,Qualifying Final,1,1757128500,2fa25966,bc716376,53,52,final,,playhq,1786503412197
amnd-winter-2025-inter-3,eed5efeb,15,Elimination Final,1,1757128500,7b2dfbdd,283b8852,65,50,final,,playhq,1786503412197
amnd-winter-2025-inter-3,95b682e3,16,Preliminary Final,1,1757733300,bc716376,7b2dfbdd,54,42,final,,playhq,1786503412197
amnd-winter-2025-inter-3,78f27a74,17,Grand Final,1,1758338100,2fa25966,bc716376,34,44,final,,playhq,1786503412197
amnd-winter-2025-inter-4,6dd86f8b,1,Round 1,0,1744427700,a0d98868,5199525d,24,28,final,,playhq,1786503411823
amnd-winter-2025-inter-4,89c3f6cf,1,Round 1,0,1744427700,9a8415a6,b859ff8a,36,34,final,,playhq,1786503411823
amnd-winter-2025-inter-4,f644b763,1,Round 1,0,1744427700,cb424203,b9273567,52,14,final,,playhq,1786503411823
amnd-winter-2025-inter-4,1f1ee5d6,2,Round 2,0,1746242100,b859ff8a,cb424203,40,18,final,,playhq,1786503411823
amnd-winter-2025-inter-4,51641ca0,2,Round 2,0,1746242100,5199525d,9a8415a6,40,38,final,,playhq,1786503411823
amnd-winter-2025-inter-4,b95732a6,2,Round 2,0,1746242100,b9273567,a0d98868,17,70,final,,playhq,1786503411823
amnd-winter-2025-inter-4,64707933,3,Round 3,0,1746846900,5199525d,b9273567,68,16,final,,playhq,1786503411823
amnd-winter-2025-inter-4,aacc9b5c,3,Round 3,0,1746846900,a0d98868,b859ff8a,37,31,final,,playhq,1786503411823
amnd-winter-2025-inter-4,f530202e,3,Round 3,0,1746846900,9a8415a6,cb424203,41,36,final,,playhq,1786503411823
amnd-winter-2025-inter-4,2113f6d6,4,Round 4,0,1747451700,b9273567,9a8415a6,32,58,final,,playhq,1786503411823
amnd-winter-2025-inter-4,5f8eb41c,4,Round 4,0,1747451700,cb424203,a0d98868,26,43,final,,playhq,1786503411823
amnd-winter-2025-inter-4,6bdc41be,4,Round 4,0,1747451700,b859ff8a,5199525d,49,29,final,,playhq,1786503411823
amnd-winter-2025-inter-4,091bcab9,5,Round 5,0,1748056500,9a8415a6,a0d98868,53,37,final,,playhq,1786503411823
amnd-winter-2025-inter-4,5e617a75,5,Round 5,0,1748056500,5199525d,cb424203,33,27,final,,playhq,1786503411823
amnd-winter-2025-inter-4,9b27c077,5,Round 5,0,1748056500,d8225acb,b859ff8a,41,41,final,,playhq,1786503411823
amnd-winter-2025-inter-4,2e1b32bd,6,Round 6,0,1750475700,b859ff8a,9a8415a6,50,28,final,,playhq,1786503411823
amnd-winter-2025-inter-4,50ebcdfe,6,Round 6,0,1750475700,5199525d,a0d98868,43,44,final,,playhq,1786503411823
amnd-winter-2025-inter-4,60c6a0fe,6,Round 6,0,1750475700,d8225acb,cb424203,47,43,final,,playhq,1786503411823
amnd-winter-2025-inter-4,8ec5da70,7,Round 7,0,1751080500,cb424203,b859ff8a,34,44,final,,playhq,1786503411823
amnd-winter-2025-inter-4,a23cc2aa,7,Round 7,0,1751080500,9a8415a6,5199525d,32,45,final,,playhq,1786503411823
amnd-winter-2025-inter-4,cabe4406,7,Round 7,0,1751080500,a0d98868,d8225acb,43,52,final,,playhq,1786503411823
amnd-winter-2025-inter-4,29ec9fd4,8,Round 8,0,1751685300,d8225acb,5199525d,42,57,final,,playhq,1786503411823
amnd-winter-2025-inter-4,75162e0f,8,Round 8,0,1751685300,cb424203,9a8415a6,51,37,final,,playhq,1786503411823
amnd-winter-2025-inter-4,d1d55f3b,8,Round 8,0,1751685300,b859ff8a,a0d98868,45,42,final,,playhq,1786503411823
amnd-winter-2025-inter-4,19ccbac8,9,Round 9,0,1752894900,9a8415a6,d8225acb,36,44,final,,playhq,1786503411823
amnd-winter-2025-inter-4,2e158d53,9,Round 9,0,1752894900,5199525d,b859ff8a,42,40,final,,playhq,1786503411823
amnd-winter-2025-inter-4,9b93675a,9,Round 9,0,1752894900,a0d98868,cb424203,54,46,final,,playhq,1786503411823
amnd-winter-2025-inter-4,53aefc8d,10,Round 10,0,1753499700,b859ff8a,d8225acb,36,26,final,,playhq,1786503411823
amnd-winter-2025-inter-4,78b3b001,10,Round 10,0,1753499700,cb424203,5199525d,31,41,final,,playhq,1786503411823
amnd-winter-2025-inter-4,b237f314,10,Round 10,0,1753499700,a0d98868,9a8415a6,30,33,final,,playhq,1786503411823
amnd-winter-2025-inter-4,124f82e0,11,Round 11,0,1754104500,a0d98868,5199525d,41,44,final,,playhq,1786503411823
amnd-winter-2025-inter-4,4742df38,11,Round 11,0,1754104500,cb424203,d8225acb,55,53,final,,playhq,1786503411823
amnd-winter-2025-inter-4,6ad66009,11,Round 11,0,1754104500,9a8415a6,b859ff8a,43,35,final,,playhq,1786503411823
amnd-winter-2025-inter-4,0101ced3,12,Round 12,0,1754709300,5199525d,9a8415a6,52,41,final,,playhq,1786503411823
amnd-winter-2025-inter-4,1a3fcf0b,12,Round 12,0,1754709300,b859ff8a,cb424203,42,25,final,,playhq,1786503411823
amnd-winter-2025-inter-4,47cf55ce,12,Round 12,0,1754709300,d8225acb,a0d98868,44,52,final,,playhq,1786503411823
amnd-winter-2025-inter-4,59b109ea,13,Round 13,0,1755918900,9a8415a6,cb424203,50,58,final,,playhq,1786503411823
amnd-winter-2025-inter-4,978431a1,13,Round 13,0,1755918900,a0d98868,b859ff8a,32,46,final,,playhq,1786503411823
amnd-winter-2025-inter-4,b1d70d5b,13,Round 13,0,1755918900,5199525d,d8225acb,48,37,final,,playhq,1786503411823
amnd-winter-2025-inter-4,2bc2353c,14,Round 14,0,1756523700,b859ff8a,5199525d,45,36,final,,playhq,1786503411823
amnd-winter-2025-inter-4,4e158c37,14,Round 14,0,1756523700,d8225acb,9a8415a6,51,50,final,,playhq,1786503411823
amnd-winter-2025-inter-4,f74a9e28,14,Round 14,0,1756523700,cb424203,a0d98868,38,56,final,,playhq,1786503411823
amnd-winter-2025-inter-4,6cc643f8,15,Qualifying Final,1,1757128500,5199525d,b859ff8a,35,37,final,,playhq,1786503411823
amnd-winter-2025-inter-4,c253094b,15,Elimination Final,1,1757128500,d8225acb,a0d98868,49,36,final,,playhq,1786503411823
amnd-winter-2025-inter-4,1fc91c42,16,Preliminary Final,1,1757733300,5199525d,d8225acb,49,48,final,,playhq,1786503411823
amnd-winter-2025-inter-4,ad103169,17,Grand Final,1,1758338100,b859ff8a,5199525d,41,34,final,,playhq,1786503411823
amnd-winter-2025-inter-5,134d205d,1,Round 1,0,1744427700,a508025b,28422dd3,31,48,final,,playhq,1786503411878
amnd-winter-2025-inter-5,5c255cc9,1,Round 1,0,1744427700,35029d00,a5482c67,31,45,final,,playhq,1786503411878
amnd-winter-2025-inter-5,93c4f8b4,1,Round 1,0,1744427700,869f173f,68ee5a92,47,43,final,,playhq,1786503411878
amnd-winter-2025-inter-5,e33e58c4,1,Round 1,0,1744427700,d8225acb,3e66028a,37,31,final,,playhq,1786503411878
amnd-winter-2025-inter-5,17088e32,2,Round 2,0,1746242100,28422dd3,d8225acb,23,68,final,,playhq,1786503411878
amnd-winter-2025-inter-5,3a365d80,2,Round 2,0,1746242100,68ee5a92,a508025b,40,35,final,,playhq,1786503411878
amnd-winter-2025-inter-5,68532538,2,Round 2,0,1746242100,a5482c67,869f173f,35,39,final,,playhq,1786503411878
amnd-winter-2025-inter-5,994ef5f6,2,Round 2,0,1746242100,3e66028a,35029d00,20,59,final,,playhq,1786503411878
amnd-winter-2025-inter-5,01f383b0,3,Round 3,0,1746846900,35029d00,869f173f,45,40,final,,playhq,1786503411878
amnd-winter-2025-inter-5,031672f6,3,Round 3,0,1746846900,d8225acb,68ee5a92,64,29,final,,playhq,1786503411878
amnd-winter-2025-inter-5,28cd77ba,3,Round 3,0,1746846900,a508025b,a5482c67,32,60,final,,playhq,1786503411878
amnd-winter-2025-inter-5,8b24a87e,3,Round 3,0,1746846900,3e66028a,28422dd3,40,39,final,,playhq,1786503411878
amnd-winter-2025-inter-5,0ba97e7b,4,Round 4,0,1747451700,a5482c67,d8225acb,33,40,final,,playhq,1786503411878
amnd-winter-2025-inter-5,91aa69a1,4,Round 4,0,1747451700,869f173f,a508025b,50,28,final,,playhq,1786503411878
amnd-winter-2025-inter-5,b6b6a9da,4,Round 4,0,1747451700,28422dd3,35029d00,39,36,final,,playhq,1786503411878
amnd-winter-2025-inter-5,d5c56de4,4,Round 4,0,1747451700,68ee5a92,3e66028a,35,38,final,,playhq,1786503411878
amnd-winter-2025-inter-5,44a11a61,5,Round 5,0,1748056500,3e66028a,a5482c67,43,48,final,,playhq,1786503411878
amnd-winter-2025-inter-5,dee0327a,5,Round 5,0,1748056500,35029d00,b395bd30,43,28,final,,playhq,1786503411878
amnd-winter-2025-inter-5,e27cd886,5,Round 5,0,1748056500,b9273567,869f173f,21,60,final,,playhq,1786503411878
amnd-winter-2025-inter-5,f6b808db,5,Round 5,0,1748056500,28422dd3,68ee5a92,42,36,final,,playhq,1786503411878
amnd-winter-2025-inter-5,18b6d244,6,Round 6,0,1750475700,869f173f,3e66028a,36,34,final,,playhq,1786503411878
amnd-winter-2025-inter-5,7c8bf5fe,6,Round 6,0,1750475700,a5482c67,28422dd3,39,46,final,,playhq,1786503411878
amnd-winter-2025-inter-5,d18be1bd,6,Round 6,0,1750475700,b395bd30,b9273567,43,36,final,,playhq,1786503411878
amnd-winter-2025-inter-5,fefe8003,6,Round 6,0,1750475700,68ee5a92,35029d00,25,53,final,,playhq,1786503411878
amnd-winter-2025-inter-5,01695bce,7,Round 7,0,1751080500,3e66028a,b395bd30,46,37,final,,playhq,1786503411878
amnd-winter-2025-inter-5,20326ffc,7,Round 7,0,1751080500,35029d00,b9273567,62,25,final,,playhq,1786503411878
amnd-winter-2025-inter-5,209de8f4,7,Round 7,0,1751080500,68ee5a92,a5482c67,36,35,final,,playhq,1786503411878
amnd-winter-2025-inter-5,4e77a4c4,7,Round 7,0,1751080500,28422dd3,869f173f,44,46,final,,playhq,1786503411878
amnd-winter-2025-inter-5,1c750715,8,Round 8,0,1751685300,28422dd3,b395bd30,40,40,final,,playhq,1786503411878
amnd-winter-2025-inter-5,2820e051,8,Round 8,0,1751685300,a5482c67,35029d00,20,0,final,,playhq,1786503411878
amnd-winter-2025-inter-5,319d03b0,8,Round 8,0,1751685300,3e66028a,b9273567,57,25,final,,playhq,1786503411878
amnd-winter-2025-inter-5,5747fe89,8,Round 8,0,1751685300,68ee5a92,869f173f,51,44,final,,playhq,1786503411878
amnd-winter-2025-inter-5,87e753c9,9,Round 9,0,1752894900,35029d00,3e66028a,54,30,final,,playhq,1786503411878
amnd-winter-2025-inter-5,d519046c,9,Round 9,0,1752894900,b9273567,28422dd3,35,53,final,,playhq,1786503411878
amnd-winter-2025-inter-5,f343b6d0,9,Round 9,0,1752894900,869f173f,a5482c67,36,39,final,,playhq,1786503411878
amnd-winter-2025-inter-5,f61ae656,9,Round 9,0,1752894900,b395bd30,68ee5a92,29,41,final,,playhq,1786503411878
amnd-winter-2025-inter-5,0b901631,10,Round 10,0,1753499700,869f173f,35029d00,33,53,final,,playhq,1786503411878
amnd-winter-2025-inter-5,6194aea0,10,Round 10,0,1753499700,68ee5a92,b9273567,50,27,final,,playhq,1786503411878
amnd-winter-2025-inter-5,959c8e6f,10,Round 10,0,1753499700,a5482c67,b395bd30,28,31,final,,playhq,1786503411878
amnd-winter-2025-inter-5,da0756e8,10,Round 10,0,1753499700,28422dd3,3e66028a,29,35,final,,playhq,1786503411878
amnd-winter-2025-inter-5,173fe9cb,11,Round 11,0,1754104500,3e66028a,68ee5a92,37,44,final,,playhq,1786503411878
amnd-winter-2025-inter-5,238596f3,11,Round 11,0,1754104500,b395bd30,869f173f,38,46,final,,playhq,1786503411878
amnd-winter-2025-inter-5,5d38b5bc,11,Round 11,0,1754104500,35029d00,28422dd3,45,30,final,,playhq,1786503411878
amnd-winter-2025-inter-5,a577f2ca,11,Round 11,0,1754104500,b9273567,a5482c67,32,53,final,,playhq,1786503411878
amnd-winter-2025-inter-5,7b1088fb,12,Round 12,0,1754709300,a5482c67,3e66028a,31,44,final,,playhq,1786503411878
amnd-winter-2025-inter-5,9f53b6c1,12,Round 12,0,1754709300,b395bd30,35029d00,40,38,final,,playhq,1786503411878
amnd-winter-2025-inter-5,f75c8092,12,Round 12,0,1754709300,869f173f,b9273567,51,43,final,,playhq,1786503411878
amnd-winter-2025-inter-5,f915fba3,12,Round 12,0,1754709300,68ee5a92,28422dd3,36,42,final,,playhq,1786503411878
amnd-winter-2025-inter-5,0b715330,13,Round 13,0,1755918900,3e66028a,869f173f,50,31,final,,playhq,1786503411878
amnd-winter-2025-inter-5,9c275995,13,Round 13,0,1755918900,b9273567,b395bd30,0,20,final,,playhq,1786503411878
amnd-winter-2025-inter-5,abce3d52,13,Round 13,0,1755918900,35029d00,68ee5a92,34,38,final,,playhq,1786503411878
amnd-winter-2025-inter-5,eefda78b,13,Round 13,0,1755918900,28422dd3,a5482c67,44,32,final,,playhq,1786503411878
amnd-winter-2025-inter-5,66ec0ced,14,Round 14,0,1756523700,869f173f,28422dd3,46,37,final,,playhq,1786503411878
amnd-winter-2025-inter-5,b62f75fd,14,Round 14,0,1756523700,a5482c67,68ee5a92,19,47,final,,playhq,1786503411878
amnd-winter-2025-inter-5,c441b84b,14,Round 14,0,1756523700,b395bd30,3e66028a,30,38,final,,playhq,1786503411878
amnd-winter-2025-inter-5,daaf9ed3,14,Round 14,0,1756523700,b9273567,35029d00,30,42,final,,playhq,1786503411878
amnd-winter-2025-inter-5,8122ce53,15,Qualifying Final,1,1757128500,35029d00,869f173f,46,36,final,,playhq,1786503411878
amnd-winter-2025-inter-5,a58536e6,15,Elimination Final,1,1757128500,b395bd30,3e66028a,32,49,final,,playhq,1786503411878
amnd-winter-2025-inter-5,f3ef3116,16,Preliminary Final,1,1757733300,869f173f,3e66028a,32,55,final,,playhq,1786503411878
amnd-winter-2025-inter-5,a8c161eb,17,Grand Final,1,1758338100,35029d00,3e66028a,48,31,final,,playhq,1786503411878
amnd-winter-2025-inter-6,1691a4f9,1,Round 1,0,1744427700,8a56b672,2b06671c,27,31,final,,playhq,1786503411837
amnd-winter-2025-inter-6,40c97895,1,Round 1,0,1744427700,b395bd30,66b5f1f0,39,18,final,,playhq,1786503411837
amnd-winter-2025-inter-6,56f7997f,1,Round 1,0,1744427700,56d0d2a9,2128ccdb,0,20,final,,playhq,1786503411837
amnd-winter-2025-inter-6,c5d301b4,1,Round 1,0,1744427700,b5a1af50,bb68fe90,34,15,final,,playhq,1786503411837
amnd-winter-2025-inter-6,0d45ca4f,2,Round 2,0,1746247500,2128ccdb,b5a1af50,56,37,final,,playhq,1786503411837
amnd-winter-2025-inter-6,41642dae,2,Round 2,0,1746247500,66b5f1f0,8a56b672,35,41,final,,playhq,1786503411837
amnd-winter-2025-inter-6,74e4436f,2,Round 2,0,1746242100,2b06671c,56d0d2a9,7,46,final,,playhq,1786503411837
amnd-winter-2025-inter-6,e8697c43,2,Round 2,0,1746247500,bb68fe90,b395bd30,15,58,final,,playhq,1786503411837
amnd-winter-2025-inter-6,301622f9,3,Round 3,0,1746846900,8a56b672,bb68fe90,37,40,final,,playhq,1786503411837
amnd-winter-2025-inter-6,9214b166,3,Round 3,0,1746846900,b395bd30,2128ccdb,51,24,final,,playhq,1786503411837
amnd-winter-2025-inter-6,9468fbf6,3,Round 3,0,1746846900,2b06671c,66b5f1f0,42,37,final,,playhq,1786503411837
amnd-winter-2025-inter-6,a2b326cc,3,Round 3,0,1746846900,56d0d2a9,b5a1af50,50,31,final,,playhq,1786503411837
amnd-winter-2025-inter-6,1cc83030,4,Round 4,0,1747451700,bb68fe90,2b06671c,31,35,final,,playhq,1786503411837
amnd-winter-2025-inter-6,226e885c,4,Round 4,0,1747451700,2128ccdb,8a56b672,52,21,final,,playhq,1786503411837
amnd-winter-2025-inter-6,610b932d,4,Round 4,0,1747451700,b5a1af50,b395bd30,13,34,final,,playhq,1786503411837
amnd-winter-2025-inter-6,8df4c10b,4,Round 4,0,1747451700,66b5f1f0,56d0d2a9,36,57,final,,playhq,1786503411837
amnd-winter-2025-inter-6,3477803c,5,Round 5,0,1748056500,66b5f1f0,bb68fe90,33,39,final,,playhq,1786503411837
amnd-winter-2025-inter-6,5ce3563b,5,Round 5,0,1748056500,8a56b672,b5a1af50,18,48,final,,playhq,1786503411837
amnd-winter-2025-inter-6,7fbff5d7,5,Round 5,0,1748056500,56d0d2a9,a508025b,50,36,final,,playhq,1786503411837
amnd-winter-2025-inter-6,cd38c17f,5,Round 5,0,1748056500,2b06671c,2128ccdb,13,48,final,,playhq,1786503411837
amnd-winter-2025-inter-6,0f64a565,6,Round 6,0,1750475700,b5a1af50,2b06671c,56,32,final,,playhq,1786503411837
amnd-winter-2025-inter-6,1b51d2f6,6,Round 6,0,1750475700,2128ccdb,66b5f1f0,50,24,final,,playhq,1786503411837
amnd-winter-2025-inter-6,782e977f,6,Round 6,0,1750475700,a508025b,8a56b672,68,26,final,,playhq,1786503411837
amnd-winter-2025-inter-6,d8b94899,6,Round 6,0,1750475700,bb68fe90,56d0d2a9,28,40,final,,playhq,1786503411837
amnd-winter-2025-inter-6,19cbf4fa,7,Round 7,0,1751080500,2b06671c,a508025b,25,46,final,,playhq,1786503411837
amnd-winter-2025-inter-6,22fcf9c9,7,Round 7,0,1751080500,66b5f1f0,b5a1af50,22,61,final,,playhq,1786503411837
amnd-winter-2025-inter-6,6b00a0ff,7,Round 7,0,1751080500,56d0d2a9,8a56b672,70,27,final,,playhq,1786503411837
amnd-winter-2025-inter-6,7bff0560,7,Round 7,0,1751080500,bb68fe90,2128ccdb,24,46,final,,playhq,1786503411837
amnd-winter-2025-inter-6,269c502c,8,Round 8,0,1751685300,2128ccdb,56d0d2a9,29,42,final,,playhq,1786503411837
amnd-winter-2025-inter-6,82ed51b8,8,Round 8,0,1751685300,2b06671c,8a56b672,51,33,final,,playhq,1786503411837
amnd-winter-2025-inter-6,a7464e33,8,Round 8,0,1751685300,bb68fe90,b5a1af50,32,42,final,,playhq,1786503411837
amnd-winter-2025-inter-6,ad0516e0,8,Round 8,0,1751685300,66b5f1f0,a508025b,27,60,final,,playhq,1786503411837
amnd-winter-2025-inter-6,0af9c7a7,9,Round 9,0,1752894900,56d0d2a9,2b06671c,39,33,final,,playhq,1786503411837
amnd-winter-2025-inter-6,578875e2,9,Round 9,0,1752894900,b5a1af50,2128ccdb,37,30,final,,playhq,1786503411837
amnd-winter-2025-inter-6,706a2f12,9,Round 9,0,1752894900,8a56b672,66b5f1f0,40,45,final,,playhq,1786503411837
amnd-winter-2025-inter-6,9ad1a0e5,9,Round 9,0,1752894900,a508025b,bb68fe90,53,18,final,,playhq,1786503411837
amnd-winter-2025-inter-6,3b500b94,10,Round 10,0,1753499700,b5a1af50,56d0d2a9,33,36,final,,playhq,1786503411837
amnd-winter-2025-inter-6,3df877fa,10,Round 10,0,1753499700,2128ccdb,a508025b,53,16,final,,playhq,1786503411837
amnd-winter-2025-inter-6,5d60804f,10,Round 10,0,1753499700,66b5f1f0,2b06671c,31,32,final,,playhq,1786503411837
amnd-winter-2025-inter-6,bb69087b,10,Round 10,0,1753499700,bb68fe90,8a56b672,34,29,final,,playhq,1786503411837
amnd-winter-2025-inter-6,2721d1d8,11,Round 11,0,1754104500,8a56b672,2128ccdb,20,59,final,,playhq,1786503411837
amnd-winter-2025-inter-6,2b2660ea,11,Round 11,0,1754104500,2b06671c,bb68fe90,33,27,final,,playhq,1786503411837
amnd-winter-2025-inter-6,2b8218c0,11,Round 11,0,1754104500,a508025b,b5a1af50,47,32,final,,playhq,1786503411837
amnd-winter-2025-inter-6,3893140b,11,Round 11,0,1754104500,56d0d2a9,66b5f1f0,66,45,final,,playhq,1786503411837
amnd-winter-2025-inter-6,0e45ccb3,12,Round 12,0,1754709300,b5a1af50,8a56b672,52,37,final,,playhq,1786503411837
amnd-winter-2025-inter-6,4b9a9584,12,Round 12,0,1754709300,bb68fe90,66b5f1f0,36,37,final,,playhq,1786503411837
amnd-winter-2025-inter-6,8cac5298,12,Round 12,0,1754709300,a508025b,56d0d2a9,40,27,final,,playhq,1786503411837
amnd-winter-2025-inter-6,e8a93250,12,Round 12,0,1754709300,2128ccdb,2b06671c,47,27,final,,playhq,1786503411837
amnd-winter-2025-inter-6,0abac3db,13,Round 13,0,1755918900,56d0d2a9,bb68fe90,35,26,final,,playhq,1786503411837
amnd-winter-2025-inter-6,68bd23d1,13,Round 13,0,1755918900,8a56b672,a508025b,17,55,final,,playhq,1786503411837
amnd-winter-2025-inter-6,8700e860,13,Round 13,0,1755918900,2b06671c,b5a1af50,27,40,final,,playhq,1786503411837
amnd-winter-2025-inter-6,8d9d04b0,13,Round 13,0,1755918900,66b5f1f0,2128ccdb,45,63,final,,playhq,1786503411837
amnd-winter-2025-inter-6,029da17e,14,Round 14,0,1756523700,a508025b,2b06671c,52,11,final,,playhq,1786503411837
amnd-winter-2025-inter-6,74e80d66,14,Round 14,0,1756523700,8a56b672,56d0d2a9,27,41,final,,playhq,1786503411837
amnd-winter-2025-inter-6,8c81c143,14,Round 14,0,1756523700,b5a1af50,66b5f1f0,38,25,final,,playhq,1786503411837
amnd-winter-2025-inter-6,ef5b067a,14,Round 14,0,1756523700,2128ccdb,bb68fe90,65,28,final,,playhq,1786503411837
amnd-winter-2025-inter-6,3e1ad9c5,15,Qualifying Final,1,1757128500,56d0d2a9,2128ccdb,33,36,final,,playhq,1786503411837
amnd-winter-2025-inter-6,81685de4,15,Elimination Final,1,1757128500,b5a1af50,a508025b,57,48,final,,playhq,1786503411837
amnd-winter-2025-inter-6,01540bea,16,Preliminary Final,1,1757733300,56d0d2a9,b5a1af50,49,35,final,,playhq,1786503411837
amnd-winter-2025-inter-6,f1e6e1df,17,Grand Final,1,1758338100,2128ccdb,56d0d2a9,45,28,final,,playhq,1786503411837
amnd-winter-2025-junior-1,95fe6c35,1,Round 1,0,1744422300,b09be263,787a158f,60,44,final,,playhq,1786503411831
amnd-winter-2025-junior-1,b869ec75,1,Round 1,0,1744422300,2980d336,1d89cce5,68,41,final,,playhq,1786503411831
amnd-winter-2025-junior-1,c65fd27e,1,Round 1,0,1744422300,d7a94904,e2dea6f8,76,33,final,,playhq,1786503411831
amnd-winter-2025-junior-1,820cfab3,2,Round 2,0,1746236700,1d89cce5,b09be263,42,51,final,,playhq,1786503411831
amnd-winter-2025-junior-1,99137ab0,2,Round 2,0,1746236700,e2dea6f8,2980d336,26,52,final,,playhq,1786503411831
amnd-winter-2025-junior-1,da6657fa,2,Round 2,0,1746236700,787a158f,d7a94904,41,66,final,,playhq,1786503411831
amnd-winter-2025-junior-1,179ec7a5,3,Round 3,0,1746841500,b09be263,d7a94904,42,58,final,,playhq,1786503411831
amnd-winter-2025-junior-1,2b9ba617,3,Round 3,0,1746841500,1d89cce5,e2dea6f8,58,32,final,,playhq,1786503411831
amnd-winter-2025-junior-1,d88c1591,3,Round 3,0,1746841500,2980d336,787a158f,54,49,final,,playhq,1786503411831
amnd-winter-2025-junior-1,73f605e1,4,Round 4,0,1747446300,d7a94904,2980d336,61,43,final,,playhq,1786503411831
amnd-winter-2025-junior-1,a320ca9e,4,Round 4,0,1747446300,e2dea6f8,b09be263,25,70,final,,playhq,1786503411831
amnd-winter-2025-junior-1,ea4af4c5,4,Round 4,0,1747446300,787a158f,1d89cce5,50,64,final,,playhq,1786503411831
amnd-winter-2025-junior-1,6bc5daea,5,Round 5,0,1748051100,1d89cce5,d7a94904,39,57,final,,playhq,1786503411831
amnd-winter-2025-junior-1,dc807052,5,Round 5,0,1748051100,e2dea6f8,787a158f,31,68,final,,playhq,1786503411831
amnd-winter-2025-junior-1,f7a5a423,5,Round 5,0,1748051100,b09be263,2980d336,59,44,final,,playhq,1786503411831
amnd-winter-2025-junior-1,1c119dd0,6,Round 6,0,1750470300,1d89cce5,2980d336,50,43,final,,playhq,1786503411831
amnd-winter-2025-junior-1,4def4740,6,Round 6,0,1750470300,e2dea6f8,d7a94904,29,77,final,,playhq,1786503411831
amnd-winter-2025-junior-1,d6a9f1e6,6,Round 6,0,1750470300,787a158f,b09be263,40,57,final,,playhq,1786503411831
amnd-winter-2025-junior-1,2dd6d1f2,7,Round 7,0,1751075100,b09be263,1d89cce5,67,47,final,,playhq,1786503411831
amnd-winter-2025-junior-1,32cbdaec,7,Round 7,0,1751075100,d7a94904,787a158f,71,51,final,,playhq,1786503411831
amnd-winter-2025-junior-1,c9c4a23b,7,Round 7,0,1751075100,2980d336,e2dea6f8,40,30,final,,playhq,1786503411831
amnd-winter-2025-junior-1,1f9cc8f9,8,Round 8,0,1751679900,d7a94904,b09be263,59,49,final,,playhq,1786503411831
amnd-winter-2025-junior-1,6e670afd,8,Round 8,0,1751679900,787a158f,2980d336,61,53,final,,playhq,1786503411831
amnd-winter-2025-junior-1,91dbe679,8,Round 8,0,1751679900,e2dea6f8,1d89cce5,19,66,final,,playhq,1786503411831
amnd-winter-2025-junior-1,a8ff2b23,9,Round 9,0,1752889500,1d89cce5,787a158f,55,47,final,,playhq,1786503411831
amnd-winter-2025-junior-1,b4fb4514,9,Round 9,0,1752889500,2980d336,d7a94904,56,58,final,,playhq,1786503411831
amnd-winter-2025-junior-1,b7671ef1,9,Round 9,0,1752889500,b09be263,e2dea6f8,67,27,final,,playhq,1786503411831
amnd-winter-2025-junior-1,0ecfbccd,10,Round 10,0,1753494300,d7a94904,1d89cce5,61,38,final,,playhq,1786503411831
amnd-winter-2025-junior-1,711046f4,10,Round 10,0,1753494300,2980d336,b09be263,57,46,final,,playhq,1786503411831
amnd-winter-2025-junior-1,8d404de7,10,Round 10,0,1753778700,787a158f,e2dea6f8,45,41,final,,playhq,1786503411831
amnd-winter-2025-junior-1,76a159a2,11,Round 11,0,1754099100,2980d336,1d89cce5,55,50,final,,playhq,1786503411831
amnd-winter-2025-junior-1,89fdde18,11,Round 11,0,1754099100,d7a94904,e2dea6f8,70,37,final,,playhq,1786503411831
amnd-winter-2025-junior-1,c8c33c7b,11,Round 11,0,1754099100,b09be263,787a158f,43,59,final,,playhq,1786503411831
amnd-winter-2025-junior-1,31678a1e,12,Round 12,0,1754703900,787a158f,d7a94904,52,55,final,,playhq,1786503411831
amnd-winter-2025-junior-1,bf3ae9e9,12,Round 12,0,1754703900,1d89cce5,b09be263,49,59,final,,playhq,1786503411831
amnd-winter-2025-junior-1,c626eca2,12,Round 12,0,1754703900,e2dea6f8,2980d336,26,68,final,,playhq,1786503411831
amnd-winter-2025-junior-1,0830f2ec,13,Round 13,0,1755913500,b09be263,d7a94904,45,39,final,,playhq,1786503411831
amnd-winter-2025-junior-1,7c93931e,13,Round 13,0,1755913500,1d89cce5,e2dea6f8,74,38,final,,playhq,1786503411831
amnd-winter-2025-junior-1,b0147ae2,13,Round 13,0,1755913500,2980d336,787a158f,43,59,final,,playhq,1786503411831
amnd-winter-2025-junior-1,0994e7bd,14,Round 14,0,1756518300,d7a94904,2980d336,47,40,final,,playhq,1786503411831
amnd-winter-2025-junior-1,435ee6aa,14,Round 14,0,1756518300,e2dea6f8,b09be263,26,56,final,,playhq,1786503411831
amnd-winter-2025-junior-1,56c21f41,14,Round 14,0,1756518300,787a158f,1d89cce5,49,32,final,,playhq,1786503411831
amnd-winter-2025-junior-1,8dc747f0,15,Qualifying Final,1,1757123100,d7a94904,b09be263,65,40,final,,playhq,1786503411831
amnd-winter-2025-junior-1,e22ac9bc,15,Elimination Final,1,1757123100,2980d336,1d89cce5,61,42,final,,playhq,1786503411831
amnd-winter-2025-junior-1,a9854965,16,Preliminary Final,1,1757727900,b09be263,2980d336,53,41,final,,playhq,1786503411831
amnd-winter-2025-junior-1,3e5c0236,17,Grand Final,1,1758332700,d7a94904,b09be263,60,43,final,,playhq,1786503411831
amnd-winter-2025-junior-2,15c6bc1f,1,Round 1,0,1744422300,04c0e895,4e7515ae,42,32,final,,playhq,1786503412182
amnd-winter-2025-junior-2,8fce2809,1,Round 1,0,1744422300,59da2e35,45e29069,44,30,final,,playhq,1786503412182
amnd-winter-2025-junior-2,a3eea8b8,1,Round 1,0,1744422300,cca6c360,938d939e,49,38,final,,playhq,1786503412182
amnd-winter-2025-junior-2,f568ad0e,1,Round 1,0,1744422300,5919bd7f,10e4c339,77,18,final,,playhq,1786503412182
amnd-winter-2025-junior-2,b638bdb0,2,Round 2,0,1746236700,45e29069,5919bd7f,28,58,final,,playhq,1786503412182
amnd-winter-2025-junior-2,f1232d2f,2,Round 2,0,1746236700,938d939e,04c0e895,27,50,final,,playhq,1786503412182
amnd-winter-2025-junior-2,f166010e,2,Round 2,0,1746236700,4e7515ae,59da2e35,46,46,final,,playhq,1786503412182
amnd-winter-2025-junior-2,fcb05608,2,Round 2,0,1746242100,10e4c339,cca6c360,25,60,final,,playhq,1786503412182
amnd-winter-2025-junior-2,7f95b99b,3,Round 3,0,1746841500,5919bd7f,4e7515ae,51,53,final,,playhq,1786503412182
amnd-winter-2025-junior-2,d51a24b2,3,Round 3,0,1746841500,04c0e895,59da2e35,46,46,final,,playhq,1786503412182
amnd-winter-2025-junior-2,e3e6ab48,3,Round 3,0,1746841500,cca6c360,45e29069,51,41,final,,playhq,1786503412182
amnd-winter-2025-junior-2,f4a11ca1,3,Round 3,0,1746841500,938d939e,10e4c339,45,34,final,,playhq,1786503412182
amnd-winter-2025-junior-2,4d40d944,4,Round 4,0,1747446300,10e4c339,04c0e895,12,64,final,,playhq,1786503412182
amnd-winter-2025-junior-2,c5cf39ca,4,Round 4,0,1747446300,59da2e35,5919bd7f,44,71,final,,playhq,1786503412182
amnd-winter-2025-junior-2,dd400025,4,Round 4,0,1747446300,45e29069,938d939e,45,35,final,,playhq,1786503412182
amnd-winter-2025-junior-2,ea6f8001,4,Round 4,0,1747446300,4e7515ae,cca6c360,62,46,final,,playhq,1786503412182
amnd-winter-2025-junior-2,1f5eb83a,5,Round 5,0,1748051100,04c0e895,5919bd7f,33,41,final,,playhq,1786503412182
amnd-winter-2025-junior-2,2356f144,5,Round 5,0,1748051100,f2b9e188,45e29069,69,31,final,,playhq,1786503412182
amnd-winter-2025-junior-2,319d498a,5,Round 5,0,1748051100,938d939e,4e7515ae,39,48,final,,playhq,1786503412182
amnd-winter-2025-junior-2,76932616,5,Round 5,0,1748051100,cca6c360,59da2e35,55,41,final,,playhq,1786503412182
amnd-winter-2025-junior-2,1ec0a90e,6,Round 6,0,1750470000,4e7515ae,f2b9e188,37,59,final,,playhq,1786503412182
amnd-winter-2025-junior-2,3ce51728,6,Round 6,0,1750470300,59da2e35,938d939e,48,39,final,,playhq,1786503412182
amnd-winter-2025-junior-2,4b4c6dd4,6,Round 6,0,1750470300,45e29069,04c0e895,29,44,final,,playhq,1786503412182
amnd-winter-2025-junior-2,98eaaf41,6,Round 6,0,1750470300,5919bd7f,cca6c360,69,37,final,,playhq,1786503412182
amnd-winter-2025-junior-2,44f9191b,7,Round 7,0,1751080500,938d939e,5919bd7f,33,55,final,,playhq,1786503412182
amnd-winter-2025-junior-2,59778e9c,7,Round 7,0,1751075100,45e29069,4e7515ae,32,49,final,,playhq,1786503412182
amnd-winter-2025-junior-2,917eaf8e,7,Round 7,0,1751075100,04c0e895,cca6c360,56,32,final,,playhq,1786503412182
amnd-winter-2025-junior-2,dc8bf1f1,7,Round 7,0,1751075100,f2b9e188,59da2e35,74,46,final,,playhq,1786503412182
amnd-winter-2025-junior-2,113d67b7,8,Round 8,0,1751679900,45e29069,59da2e35,38,56,final,,playhq,1786503412182
amnd-winter-2025-junior-2,1deaa1de,8,Round 8,0,1751679900,938d939e,cca6c360,42,48,final,,playhq,1786503412182
amnd-winter-2025-junior-2,a4fd9309,8,Round 8,0,1751679900,f2b9e188,5919bd7f,37,60,final,,playhq,1786503412182
amnd-winter-2025-junior-2,a9cf4957,8,Round 8,0,1751679900,4e7515ae,04c0e895,37,42,final,,playhq,1786503412182
amnd-winter-2025-junior-2,5259a34c,9,Round 9,0,1752889500,5919bd7f,45e29069,55,31,final,,playhq,1786503412182
amnd-winter-2025-junior-2,77700dcc,9,Round 9,0,1752889500,04c0e895,938d939e,37,33,final,,playhq,1786503412182
amnd-winter-2025-junior-2,77f561ea,9,Round 9,0,1752889500,59da2e35,4e7515ae,35,51,final,,playhq,1786503412182
amnd-winter-2025-junior-2,ec742587,9,Round 9,0,1752889500,cca6c360,f2b9e188,39,55,final,,playhq,1786503412182
amnd-winter-2025-junior-2,710aeea8,10,Round 10,0,1753494300,59da2e35,04c0e895,41,42,final,,playhq,1786503412182
amnd-winter-2025-junior-2,c487ff5b,10,Round 10,0,1753494300,f2b9e188,938d939e,54,35,final,,playhq,1786503412182
amnd-winter-2025-junior-2,cece875c,10,Round 10,0,1753494300,4e7515ae,5919bd7f,38,39,final,,playhq,1786503412182
amnd-winter-2025-junior-2,dadf992a,10,Round 10,0,1753494300,45e29069,cca6c360,35,42,final,,playhq,1786503412182
amnd-winter-2025-junior-2,6e6170f0,11,Round 11,0,1754099100,938d939e,45e29069,35,45,final,,playhq,1786503412182
amnd-winter-2025-junior-2,92819be1,11,Round 11,0,1754099100,5919bd7f,59da2e35,56,42,final,,playhq,1786503412182
amnd-winter-2025-junior-2,9957c72f,11,Round 11,0,1754099100,04c0e895,f2b9e188,43,45,final,,playhq,1786503412182
amnd-winter-2025-junior-2,9aba652c,11,Round 11,0,1754099100,cca6c360,4e7515ae,45,50,final,,playhq,1786503412182
amnd-winter-2025-junior-2,4671d633,12,Round 12,0,1754703900,4e7515ae,938d939e,38,33,final,,playhq,1786503412182
amnd-winter-2025-junior-2,cddf25df,12,Round 12,0,1754703900,45e29069,f2b9e188,31,43,final,,playhq,1786503412182
amnd-winter-2025-junior-2,f144575f,12,Round 12,0,1754703900,5919bd7f,04c0e895,46,35,final,,playhq,1786503412182
amnd-winter-2025-junior-2,fd061fa7,12,Round 12,0,1754703900,59da2e35,cca6c360,49,39,final,,playhq,1786503412182
amnd-winter-2025-junior-2,0a56dd85,13,Round 13,0,1755913500,f2b9e188,4e7515ae,44,53,final,,playhq,1786503412182
amnd-winter-2025-junior-2,66b337dc,13,Round 13,0,1755913500,cca6c360,5919bd7f,31,62,final,,playhq,1786503412182
amnd-winter-2025-junior-2,8556d572,13,Round 13,0,1755913500,04c0e895,45e29069,51,39,final,,playhq,1786503412182
amnd-winter-2025-junior-2,a7c3fbb7,13,Round 13,0,1755913500,938d939e,59da2e35,33,59,final,,playhq,1786503412182
amnd-winter-2025-junior-2,3e465de6,14,Round 14,0,1756523700,5919bd7f,938d939e,50,30,final,,playhq,1786503412182
amnd-winter-2025-junior-2,6010aa9b,14,Round 14,0,1756523700,cca6c360,04c0e895,40,57,final,,playhq,1786503412182
amnd-winter-2025-junior-2,71fb7616,14,Round 14,0,1756523700,59da2e35,f2b9e188,42,48,final,,playhq,1786503412182
amnd-winter-2025-junior-2,7383c64c,14,Round 14,0,1756523700,4e7515ae,45e29069,44,38,final,,playhq,1786503412182
amnd-winter-2025-junior-2,671580bf,15,Qualifying Final,1,1757123100,5919bd7f,f2b9e188,56,39,final,,playhq,1786503412182
amnd-winter-2025-junior-2,b6598572,15,Elimination Final,1,1757123100,04c0e895,4e7515ae,41,49,final,,playhq,1786503412182
amnd-winter-2025-junior-2,a1d0dd06,16,Preliminary Final,1,1757727900,f2b9e188,4e7515ae,44,55,final,,playhq,1786503412182
amnd-winter-2025-junior-2,32db881f,17,Grand Final,1,1758332700,5919bd7f,4e7515ae,52,43,final,,playhq,1786503412182
amnd-winter-2025-junior-3,2dc9c419,1,Round 1,0,1744422300,7ab1a391,fc121700,34,56,final,,playhq,1786503411839
amnd-winter-2025-junior-3,4a570327,1,Round 1,0,1744422300,f2b9e188,95df011f,62,11,final,,playhq,1786503411839
amnd-winter-2025-junior-3,fe32bdf8,1,Round 1,0,1744422300,6ac01172,245deb3d,38,33,final,,playhq,1786503411839
amnd-winter-2025-junior-3,45ff6454,2,Round 2,0,1746236700,95df011f,6ac01172,33,47,final,,playhq,1786503411839
amnd-winter-2025-junior-3,bfa25216,2,Round 2,0,1746236700,fc121700,f2b9e188,34,56,final,,playhq,1786503411839
amnd-winter-2025-junior-3,c5f021fa,2,Round 2,0,1746236700,245deb3d,7ab1a391,44,45,final,,playhq,1786503411839
amnd-winter-2025-junior-3,75ea1094,3,Round 3,0,1746841500,6ac01172,fc121700,51,46,final,,playhq,1786503411839
amnd-winter-2025-junior-3,7ec73cf6,3,Round 3,0,1746841500,7ab1a391,f2b9e188,31,74,final,,playhq,1786503411839
amnd-winter-2025-junior-3,e2d46ecc,3,Round 3,0,1746841500,245deb3d,95df011f,55,32,final,,playhq,1786503411839
amnd-winter-2025-junior-3,34665e40,4,Round 4,0,1747446300,95df011f,7ab1a391,38,43,final,,playhq,1786503411839
amnd-winter-2025-junior-3,772c8a69,4,Round 4,0,1747446300,fc121700,245deb3d,55,42,final,,playhq,1786503411839
amnd-winter-2025-junior-3,f5973519,4,Round 4,0,1747446300,f2b9e188,6ac01172,44,27,final,,playhq,1786503411839
amnd-winter-2025-junior-3,05b6eb3f,5,Round 5,0,1748056500,245deb3d,10e4c339,42,35,final,,playhq,1786503411839
amnd-winter-2025-junior-3,4f1e4090,5,Round 5,0,1748051100,7ab1a391,6ac01172,32,35,final,,playhq,1786503411839
amnd-winter-2025-junior-3,6403a608,5,Round 5,0,1748056500,0defc5b6,fc121700,40,40,final,,playhq,1786503411839
amnd-winter-2025-junior-3,5a2384ef,6,Round 6,0,1750470300,0defc5b6,10e4c339,59,25,final,,playhq,1786503411839
amnd-winter-2025-junior-3,6862026f,6,Round 6,0,1750475700,245deb3d,6ac01172,38,49,final,,playhq,1786503411839
amnd-winter-2025-junior-3,6dc715e3,6,Round 6,0,1750475700,fc121700,7ab1a391,50,34,final,,playhq,1786503411839
amnd-winter-2025-junior-3,8ed59359,7,Round 7,0,1751080500,6ac01172,0defc5b6,47,44,final,,playhq,1786503411839
amnd-winter-2025-junior-3,ddb7b42c,7,Round 7,0,1751080500,10e4c339,fc121700,32,47,final,,playhq,1786503411839
amnd-winter-2025-junior-3,f0d35685,7,Round 7,0,1751080500,7ab1a391,245deb3d,40,52,final,,playhq,1786503411839
amnd-winter-2025-junior-3,b72585b0,8,Round 8,0,1751679900,0defc5b6,245deb3d,50,40,final,,playhq,1786503411839
amnd-winter-2025-junior-3,d05c48c5,8,Round 8,0,1751679900,10e4c339,7ab1a391,36,49,final,,playhq,1786503411839
amnd-winter-2025-junior-3,def8975b,8,Round 8,0,1751679900,fc121700,6ac01172,41,41,final,,playhq,1786503411839
amnd-winter-2025-junior-3,0d1299f5,9,Round 9,0,1752889500,245deb3d,fc121700,38,61,final,,playhq,1786503411839
amnd-winter-2025-junior-3,5613e679,9,Round 9,0,1752889500,7ab1a391,0defc5b6,29,63,final,,playhq,1786503411839
amnd-winter-2025-junior-3,fb22e1a9,9,Round 9,0,1752889500,6ac01172,10e4c339,40,22,final,,playhq,1786503411839
amnd-winter-2025-junior-3,0470024c,10,Round 10,0,1753494300,6ac01172,7ab1a391,39,36,final,,playhq,1786503411839
amnd-winter-2025-junior-3,0e8387aa,10,Round 10,0,1753494300,10e4c339,245deb3d,48,50,final,,playhq,1786503411839
amnd-winter-2025-junior-3,1839e5be,10,Round 10,0,1753494300,fc121700,0defc5b6,47,26,final,,playhq,1786503411839
amnd-winter-2025-junior-3,2114998c,11,Round 11,0,1754099100,7ab1a391,fc121700,29,50,final,,playhq,1786503411839
amnd-winter-2025-junior-3,39b2b511,11,Round 11,0,1754099100,6ac01172,245deb3d,55,34,final,,playhq,1786503411839
amnd-winter-2025-junior-3,cd40b2f1,11,Round 11,0,1754099100,10e4c339,0defc5b6,46,49,final,,playhq,1786503411839
amnd-winter-2025-junior-3,34b8056f,12,Round 12,0,1754703900,fc121700,10e4c339,65,25,final,,playhq,1786503411839
amnd-winter-2025-junior-3,7826868e,12,Round 12,0,1754703900,245deb3d,7ab1a391,41,44,final,,playhq,1786503411839
amnd-winter-2025-junior-3,b7271938,12,Round 12,0,1754703900,0defc5b6,6ac01172,31,52,final,,playhq,1786503411839
amnd-winter-2025-junior-3,0e10f76c,13,Round 13,0,1755918900,6ac01172,fc121700,37,43,final,,playhq,1786503411839
amnd-winter-2025-junior-3,c5cccf3d,13,Round 13,0,1755918900,7ab1a391,10e4c339,40,35,final,,playhq,1786503411839
amnd-winter-2025-junior-3,f8396978,13,Round 13,0,1755918900,245deb3d,0defc5b6,43,43,final,,playhq,1786503411839
amnd-winter-2025-junior-3,33d7ad04,14,Round 14,0,1756518300,0defc5b6,7ab1a391,57,38,final,,playhq,1786503411839
amnd-winter-2025-junior-3,b71e8e05,14,Round 14,0,1756518300,fc121700,245deb3d,61,32,final,,playhq,1786503411839
amnd-winter-2025-junior-3,d1f3182e,14,Round 14,0,1756518300,10e4c339,6ac01172,32,59,final,,playhq,1786503411839
amnd-winter-2025-junior-3,2ee54bc0,15,Qualifying Final,1,1757123100,6ac01172,fc121700,50,53,final,,playhq,1786503411839
amnd-winter-2025-junior-3,378db9a3,15,Elimination Final,1,1757123100,0defc5b6,7ab1a391,52,27,final,,playhq,1786503411839
amnd-winter-2025-junior-3,1449a3d2,16,Preliminary Final,1,1757727900,6ac01172,0defc5b6,41,38,final,,playhq,1786503411839
amnd-winter-2025-junior-3,7d92fbb7,17,Grand Final,1,1758332700,fc121700,6ac01172,27,51,final,,playhq,1786503411839
amnd-winter-2025-junior-4a,347dadff,1,Round 1,0,1744422300,b5ffa102,008d1c59,30,41,final,,playhq,1786503412176
amnd-winter-2025-junior-4a,f8b07fa6,1,Round 1,0,1744422300,9b34a209,a957aad4,38,26,final,,playhq,1786503412176
amnd-winter-2025-junior-4a,ffdbec0f,1,Round 1,0,1744422300,8c32488f,0defc5b6,22,50,final,,playhq,1786503412176
amnd-winter-2025-junior-4a,53d733b2,2,Round 2,0,1746236700,a957aad4,b5ffa102,34,35,final,,playhq,1786503412176
amnd-winter-2025-junior-4a,9f7360ea,2,Round 2,0,1746236700,0defc5b6,9b34a209,42,25,final,,playhq,1786503412176
amnd-winter-2025-junior-4a,ed563ddc,2,Round 2,0,1746236700,008d1c59,8c32488f,39,35,final,,playhq,1786503412176
amnd-winter-2025-junior-4a,04ca0666,3,Round 3,0,1746841500,8c32488f,a957aad4,58,28,final,,playhq,1786503412176
amnd-winter-2025-junior-4a,07faca16,3,Round 3,0,1746841500,0defc5b6,008d1c59,42,38,final,,playhq,1786503412176
amnd-winter-2025-junior-4a,efdabfb6,3,Round 3,0,1746841500,9b34a209,b5ffa102,43,23,final,,playhq,1786503412176
amnd-winter-2025-junior-4a,52da3873,4,Round 4,0,1747446300,008d1c59,9b34a209,40,40,final,,playhq,1786503412176
amnd-winter-2025-junior-4a,73f472ee,4,Round 4,0,1747446300,a957aad4,0defc5b6,36,40,final,,playhq,1786503412176
amnd-winter-2025-junior-4a,7dcd0c60,4,Round 4,0,1747446300,b5ffa102,8c32488f,31,51,final,,playhq,1786503412176
amnd-winter-2025-junior-4a,23b22355,5,Round 5,0,1748056500,9b34a209,8c32488f,36,27,final,,playhq,1786503412176
amnd-winter-2025-junior-4a,517c2083,5,Round 5,0,1748056500,95df011f,b5ffa102,21,37,final,,playhq,1786503412176
amnd-winter-2025-junior-4a,86e23f81,5,Round 5,0,1748056500,008d1c59,a957aad4,32,31,final,,playhq,1786503412176
amnd-winter-2025-junior-4a,6755aaa2,6,Round 6,0,1750475700,008d1c59,b5ffa102,33,30,final,,playhq,1786503412176
amnd-winter-2025-junior-4a,7bf68cf7,6,Round 6,0,1750475700,95df011f,8c32488f,28,55,final,,playhq,1786503412176
amnd-winter-2025-junior-4a,7e50068b,6,Round 6,0,1750475700,a957aad4,9b34a209,32,48,final,,playhq,1786503412176
amnd-winter-2025-junior-4a,208d114d,7,Round 7,0,1751075100,8c32488f,008d1c59,33,32,final,,playhq,1786503412176
amnd-winter-2025-junior-4a,57a31574,7,Round 7,0,1751075100,9b34a209,95df011f,36,32,final,,playhq,1786503412176
amnd-winter-2025-junior-4a,739fca11,7,Round 7,0,1751075100,b5ffa102,a957aad4,42,40,final,,playhq,1786503412176
amnd-winter-2025-junior-4a,d522adf2,8,Round 8,0,1751679900,a957aad4,8c32488f,46,52,final,,playhq,1786503412176
amnd-winter-2025-junior-4a,ef799297,8,Round 8,0,1751679900,008d1c59,95df011f,54,35,final,,playhq,1786503412176
amnd-winter-2025-junior-4a,ffca5596,8,Round 8,0,1751679900,b5ffa102,9b34a209,34,49,final,,playhq,1786503412176
amnd-winter-2025-junior-4a,096d71e5,9,Round 9,0,1752889500,8c32488f,b5ffa102,40,31,final,,playhq,1786503412176
amnd-winter-2025-junior-4a,26a9afe7,9,Round 9,0,1752889500,95df011f,a957aad4,35,44,final,,playhq,1786503412176
amnd-winter-2025-junior-4a,550ac76d,9,Round 9,0,1752889500,9b34a209,008d1c59,30,38,final,,playhq,1786503412176
amnd-winter-2025-junior-4a,5b6c6eff,10,Round 10,0,1753494300,a957aad4,008d1c59,36,40,final,,playhq,1786503412176
amnd-winter-2025-junior-4a,c0638951,10,Round 10,0,1753494300,b5ffa102,95df011f,44,26,final,,playhq,1786503412176
amnd-winter-2025-junior-4a,cb0e40ab,10,Round 10,0,1753494300,8c32488f,9b34a209,31,34,final,,playhq,1786503412176
amnd-winter-2025-junior-4a,0123808b,11,Round 11,0,1754099100,8c32488f,95df011f,44,29,final,,playhq,1786503412176
amnd-winter-2025-junior-4a,766518ae,11,Round 11,0,1754099100,b5ffa102,008d1c59,39,48,final,,playhq,1786503412176
amnd-winter-2025-junior-4a,adee0ed0,11,Round 11,0,1754099100,9b34a209,a957aad4,59,46,final,,playhq,1786503412176
amnd-winter-2025-junior-4a,92231696,12,Round 12,0,1754709300,a957aad4,b5ffa102,32,36,final,,playhq,1786503412176
amnd-winter-2025-junior-4a,de63ba81,12,Round 12,0,1754703900,95df011f,9b34a209,21,58,final,,playhq,1786503412176
amnd-winter-2025-junior-4a,f15b4dcc,12,Round 12,0,1754709300,008d1c59,8c32488f,45,24,final,,playhq,1786503412176
amnd-winter-2025-junior-4a,08ad8b19,13,Round 13,0,1755913500,8c32488f,a957aad4,52,36,final,,playhq,1786503412176
amnd-winter-2025-junior-4a,38a8710b,13,Round 13,0,1755913500,95df011f,008d1c59,27,47,final,,playhq,1786503412176
amnd-winter-2025-junior-4a,b6197736,13,Round 13,0,1755913500,9b34a209,b5ffa102,55,21,final,,playhq,1786503412176
amnd-winter-2025-junior-4a,26ac7b48,14,Round 14,0,1756518300,a957aad4,95df011f,37,36,final,,playhq,1786503412176
amnd-winter-2025-junior-4a,d92564d0,14,Round 14,0,1756518300,b5ffa102,8c32488f,42,46,final,,playhq,1786503412176
amnd-winter-2025-junior-4a,e3be4421,14,Round 14,0,1756518300,008d1c59,9b34a209,32,34,final,,playhq,1786503412176
amnd-winter-2025-junior-4a,1f7c0cbe,15,Elimination Final,1,1757123100,8c32488f,b5ffa102,40,25,final,,playhq,1786503412176
amnd-winter-2025-junior-4a,bd06cae5,15,Qualifying Final,1,1757123100,9b34a209,008d1c59,51,32,final,,playhq,1786503412176
amnd-winter-2025-junior-4a,5dbb487e,16,Preliminary Final,1,1757727900,008d1c59,8c32488f,29,46,final,,playhq,1786503412176
amnd-winter-2025-junior-4a,3194d55d,17,Grand Final,1,1758332700,9b34a209,8c32488f,38,41,final,,playhq,1786503412176
amnd-winter-2025-junior-4b,09499277,1,Round 1,0,1744422300,a5ab522e,cbb7c207,26,28,final,,playhq,1786503411824
amnd-winter-2025-junior-4b,8578ffbb,1,Round 1,0,1744422300,d14125fe,d8198dde,21,61,final,,playhq,1786503411824
amnd-winter-2025-junior-4b,c353b137,1,Round 1,0,1744422300,b9a818ba,8892f53c,56,30,final,,playhq,1786503411824
amnd-winter-2025-junior-4b,1795457c,2,Round 2,0,1746236700,8892f53c,d14125fe,54,25,final,,playhq,1786503411824
amnd-winter-2025-junior-4b,db2611de,2,Round 2,0,1746236700,cbb7c207,b9a818ba,27,40,final,,playhq,1786503411824
amnd-winter-2025-junior-4b,df4b68be,2,Round 2,0,1746236700,d8198dde,a5ab522e,42,22,final,,playhq,1786503411824
amnd-winter-2025-junior-4b,af69c0bc,3,Round 3,0,1746841500,cbb7c207,d8198dde,25,33,final,,playhq,1786503411824
amnd-winter-2025-junior-4b,c6e2b1c9,3,Round 3,0,1746841500,b9a818ba,d14125fe,51,24,final,,playhq,1786503411824
amnd-winter-2025-junior-4b,e5776aaa,3,Round 3,0,1746841500,a5ab522e,8892f53c,58,42,final,,playhq,1786503411824
amnd-winter-2025-junior-4b,2b3290e4,4,Round 4,0,1747446300,d8198dde,b9a818ba,30,41,final,,playhq,1786503411824
amnd-winter-2025-junior-4b,c090b9ce,4,Round 4,0,1747451700,8892f53c,cbb7c207,43,37,final,,playhq,1786503411824
amnd-winter-2025-junior-4b,f9fb435b,4,Round 4,0,1747446300,d14125fe,a5ab522e,23,32,final,,playhq,1786503411824
amnd-winter-2025-junior-4b,3b6f5918,5,Round 5,0,1748051100,b9a818ba,a5ab522e,47,36,final,,playhq,1786503411824
amnd-winter-2025-junior-4b,52dbea4a,5,Round 5,0,1748051100,d8198dde,8892f53c,71,38,final,,playhq,1786503411824
amnd-winter-2025-junior-4b,b7f0cd30,5,Round 5,0,1748051100,cbb7c207,d14125fe,39,28,final,,playhq,1786503411824
amnd-winter-2025-junior-4b,50cfcb7b,6,Round 6,0,1750470300,cbb7c207,a5ab522e,31,36,final,,playhq,1786503411824
amnd-winter-2025-junior-4b,63dfb2b9,6,Round 6,0,1750470300,d8198dde,d14125fe,61,20,final,,playhq,1786503411824
amnd-winter-2025-junior-4b,791c88a8,6,Round 6,0,1750470300,8892f53c,b9a818ba,45,62,final,,playhq,1786503411824
amnd-winter-2025-junior-4b,1f9311f4,7,Round 7,0,1751075100,d14125fe,8892f53c,30,39,final,,playhq,1786503411824
amnd-winter-2025-junior-4b,2b801f8a,7,Round 7,0,1751075100,b9a818ba,cbb7c207,41,22,final,,playhq,1786503411824
amnd-winter-2025-junior-4b,fee3cdb5,7,Round 7,0,1751075100,a5ab522e,d8198dde,27,31,final,,playhq,1786503411824
amnd-winter-2025-junior-4b,362d861c,8,Round 8,0,1751679900,d14125fe,b9a818ba,0,20,final,,playhq,1786503411824
amnd-winter-2025-junior-4b,61c777c9,8,Round 8,0,1751679900,d8198dde,cbb7c207,57,24,final,,playhq,1786503411824
amnd-winter-2025-junior-4b,64cbb17b,8,Round 8,0,1751679900,8892f53c,a5ab522e,41,50,final,,playhq,1786503411824
amnd-winter-2025-junior-4b,04290f22,9,Round 9,0,1752889500,cbb7c207,8892f53c,41,38,final,,playhq,1786503411824
amnd-winter-2025-junior-4b,6fd8cd68,9,Round 9,0,1752889500,a5ab522e,d14125fe,62,19,final,,playhq,1786503411824
amnd-winter-2025-junior-4b,f169419a,9,Round 9,0,1752889500,b9a818ba,d8198dde,36,48,final,,playhq,1786503411824
amnd-winter-2025-junior-4b,6ba47562,10,Round 10,0,1753494300,a5ab522e,b9a818ba,34,42,final,,playhq,1786503411824
amnd-winter-2025-junior-4b,8c34fda1,10,Round 10,0,1753494300,8892f53c,d8198dde,42,55,final,,playhq,1786503411824
amnd-winter-2025-junior-4b,f5064bfb,10,Round 10,0,1753494300,d14125fe,cbb7c207,20,31,final,,playhq,1786503411824
amnd-winter-2025-junior-4b,a3665ee4,11,Round 11,0,1754104500,a5ab522e,cbb7c207,39,28,final,,playhq,1786503411824
amnd-winter-2025-junior-4b,bf57e165,11,Round 11,0,1754099100,b9a818ba,8892f53c,63,41,final,,playhq,1786503411824
amnd-winter-2025-junior-4b,dadf6f84,11,Round 11,0,1754099100,d14125fe,d8198dde,19,47,final,,playhq,1786503411824
amnd-winter-2025-junior-4b,0ce2fa61,12,Round 12,0,1754709300,8892f53c,d14125fe,52,46,final,,playhq,1786503411824
amnd-winter-2025-junior-4b,3e36dd2a,12,Round 12,0,1754709300,cbb7c207,b9a818ba,25,36,final,,playhq,1786503411824
amnd-winter-2025-junior-4b,759c4b07,12,Round 12,0,1754709300,d8198dde,a5ab522e,38,38,final,,playhq,1786503411824
amnd-winter-2025-junior-4b,698dd729,13,Round 13,0,1755913500,cbb7c207,d8198dde,0,20,final,,playhq,1786503411824
amnd-winter-2025-junior-4b,dfb73b98,13,Round 13,0,1755913500,b9a818ba,d14125fe,51,27,final,,playhq,1786503411824
amnd-winter-2025-junior-4b,e8531dec,13,Round 13,0,1755913500,a5ab522e,8892f53c,64,36,final,,playhq,1786503411824
amnd-winter-2025-junior-4b,c64d26f1,14,Round 14,0,1756518300,d8198dde,b9a818ba,30,34,final,,playhq,1786503411824
amnd-winter-2025-junior-4b,c749c64b,14,Round 14,0,1756518300,d14125fe,a5ab522e,26,49,final,,playhq,1786503411824
amnd-winter-2025-junior-4b,cd1225ab,14,Round 14,0,1756518300,8892f53c,cbb7c207,40,51,final,,playhq,1786503411824
amnd-winter-2025-junior-4b,73434874,15,Qualifying Final,1,1757123100,b9a818ba,d8198dde,46,38,final,,playhq,1786503411824
amnd-winter-2025-junior-4b,e97cc625,15,Elimination Final,1,1757123100,a5ab522e,cbb7c207,29,25,final,,playhq,1786503411824
amnd-winter-2025-junior-4b,288e7bf1,16,Preliminary Final,1,1757727900,d8198dde,a5ab522e,43,32,final,,playhq,1786503411824
amnd-winter-2025-junior-4b,e92831f4,17,Grand Final,1,1758332700,b9a818ba,d8198dde,42,47,final,,playhq,1786503411824
amnd-winter-2025-junior-5,0847780d,1,Round 1,0,1744422300,2d13d649,afd82d74,30,37,final,,playhq,1786503412183
amnd-winter-2025-junior-5,43b0f5fc,1,Round 1,0,1744422300,9a5f655e,d3afa997,48,43,final,,playhq,1786503412183
amnd-winter-2025-junior-5,a1d4d1f3,1,Round 1,0,1744422300,2d1ae997,988b9f80,26,71,final,,playhq,1786503412183
amnd-winter-2025-junior-5,c28fd35a,1,Round 1,0,1744422300,cf08c4e6,98b399c7,19,29,final,,playhq,1786503412183
amnd-winter-2025-junior-5,21a9b18d,2,Round 2,0,1746236700,98b399c7,9a5f655e,35,47,final,,playhq,1786503412183
amnd-winter-2025-junior-5,615bf915,2,Round 2,0,1746236700,afd82d74,cf08c4e6,58,20,final,,playhq,1786503412183
amnd-winter-2025-junior-5,9a47e27e,2,Round 2,0,1746236700,988b9f80,2d13d649,49,47,final,,playhq,1786503412183
amnd-winter-2025-junior-5,c3071bc2,2,Round 2,0,1746236700,d3afa997,2d1ae997,48,11,final,,playhq,1786503412183
amnd-winter-2025-junior-5,17377c07,3,Round 3,0,1746841500,98b399c7,afd82d74,34,54,final,,playhq,1786503412183
amnd-winter-2025-junior-5,5a9a3185,3,Round 3,0,1746846900,9a5f655e,2d1ae997,20,0,final,,playhq,1786503412183
amnd-winter-2025-junior-5,b2b988ac,3,Round 3,0,1746841500,cf08c4e6,988b9f80,19,64,final,,playhq,1786503412183
amnd-winter-2025-junior-5,d64602fd,3,Round 3,0,1746841500,2d13d649,d3afa997,37,39,final,,playhq,1786503412183
amnd-winter-2025-junior-5,2ece3b69,4,Round 4,0,1747451700,d3afa997,cf08c4e6,58,26,final,,playhq,1786503412183
amnd-winter-2025-junior-5,8e9b7504,4,Round 4,0,1747451700,2d1ae997,2d13d649,13,57,final,,playhq,1786503412183
amnd-winter-2025-junior-5,9ab0a0f7,4,Round 4,0,1747451700,988b9f80,98b399c7,63,41,final,,playhq,1786503412183
amnd-winter-2025-junior-5,9baa3ddb,4,Round 4,0,1747451700,afd82d74,9a5f655e,48,43,final,,playhq,1786503412183
amnd-winter-2025-junior-5,02e7fc9b,5,Round 5,0,1748051100,9a5f655e,2d13d649,27,24,final,,playhq,1786503412183
amnd-winter-2025-junior-5,6f93e674,5,Round 5,0,1748051100,afd82d74,988b9f80,48,32,final,,playhq,1786503412183
amnd-winter-2025-junior-5,99dcbe06,5,Round 5,0,1748051100,39527f0a,b5d79c66,53,33,final,,playhq,1786503412183
amnd-winter-2025-junior-5,f357b2db,5,Round 5,0,1748051100,98b399c7,d3afa997,26,37,final,,playhq,1786503412183
amnd-winter-2025-junior-5,5f4a61cd,6,Round 6,0,1750470300,d3afa997,afd82d74,37,61,final,,playhq,1786503412183
amnd-winter-2025-junior-5,a819120b,6,Round 6,0,1750470300,2d13d649,39527f0a,20,57,final,,playhq,1786503412183
amnd-winter-2025-junior-5,a9a783de,6,Round 6,0,1750470300,b5d79c66,98b399c7,56,24,final,,playhq,1786503412183
amnd-winter-2025-junior-5,c9a29511,6,Round 6,0,1750470300,988b9f80,9a5f655e,37,50,final,,playhq,1786503412183
amnd-winter-2025-junior-5,0db999bd,7,Round 7,0,1751075100,afd82d74,b5d79c66,52,38,final,,playhq,1786503412183
amnd-winter-2025-junior-5,3a88b8ad,7,Round 7,0,1751075100,9a5f655e,39527f0a,35,58,final,,playhq,1786503412183
amnd-winter-2025-junior-5,626685ca,7,Round 7,0,1751075100,988b9f80,d3afa997,52,43,final,,playhq,1786503412183
amnd-winter-2025-junior-5,a62eccea,7,Round 7,0,1751075100,98b399c7,2d13d649,32,48,final,,playhq,1786503412183
amnd-winter-2025-junior-5,302d1ba3,8,Round 8,0,1751679900,98b399c7,39527f0a,26,51,final,,playhq,1786503412183
amnd-winter-2025-junior-5,8b48203d,8,Round 8,0,1751679900,afd82d74,2d13d649,57,36,final,,playhq,1786503412183
amnd-winter-2025-junior-5,c68ff390,8,Round 8,0,1751679900,988b9f80,b5d79c66,45,46,final,,playhq,1786503412183
amnd-winter-2025-junior-5,cef9ce9c,8,Round 8,0,1751679900,d3afa997,9a5f655e,31,51,final,,playhq,1786503412183
amnd-winter-2025-junior-5,0128cf11,9,Round 9,0,1752889500,b5d79c66,d3afa997,45,33,final,,playhq,1786503412183
amnd-winter-2025-junior-5,66c42761,9,Round 9,0,1752889500,39527f0a,afd82d74,40,45,final,,playhq,1786503412183
amnd-winter-2025-junior-5,e164d527,9,Round 9,0,1752889500,9a5f655e,98b399c7,58,30,final,,playhq,1786503412183
amnd-winter-2025-junior-5,e1d80dd4,9,Round 9,0,1752889500,2d13d649,988b9f80,37,70,final,,playhq,1786503412183
amnd-winter-2025-junior-5,319229a6,10,Round 10,0,1753494300,988b9f80,39527f0a,34,37,final,,playhq,1786503412183
amnd-winter-2025-junior-5,48b2cc7e,10,Round 10,0,1753494300,d3afa997,2d13d649,40,27,final,,playhq,1786503412183
amnd-winter-2025-junior-5,7e127da5,10,Round 10,0,1753494300,b5d79c66,9a5f655e,39,42,final,,playhq,1786503412183
amnd-winter-2025-junior-5,bdbeeac1,10,Round 10,0,1753499700,afd82d74,98b399c7,56,18,final,,playhq,1786503412183
amnd-winter-2025-junior-5,00a05c80,11,Round 11,0,1754104500,98b399c7,988b9f80,24,79,final,,playhq,1786503412183
amnd-winter-2025-junior-5,43f78d7e,11,Round 11,0,1754104500,39527f0a,d3afa997,57,38,final,,playhq,1786503412183
amnd-winter-2025-junior-5,7100f37c,11,Round 11,0,1754104500,9a5f655e,afd82d74,49,44,final,,playhq,1786503412183
amnd-winter-2025-junior-5,bc5b0a10,11,Round 11,0,1754104500,2d13d649,b5d79c66,49,44,final,,playhq,1786503412183
amnd-winter-2025-junior-5,254f083b,12,Round 12,0,1754703900,b5d79c66,39527f0a,42,35,final,,playhq,1786503412183
amnd-winter-2025-junior-5,6f332744,12,Round 12,0,1754703900,d3afa997,98b399c7,46,30,final,,playhq,1786503412183
amnd-winter-2025-junior-5,de230631,12,Round 12,0,1754703900,988b9f80,afd82d74,50,48,final,,playhq,1786503412183
amnd-winter-2025-junior-5,f6babe32,12,Round 12,0,1754703900,2d13d649,9a5f655e,49,59,final,,playhq,1786503412183
amnd-winter-2025-junior-5,1458e917,13,Round 13,0,1755913500,afd82d74,d3afa997,48,30,final,,playhq,1786503412183
amnd-winter-2025-junior-5,30f42dbe,13,Round 13,0,1755913500,9a5f655e,988b9f80,51,51,final,,playhq,1786503412183
amnd-winter-2025-junior-5,396d8903,13,Round 13,0,1755913500,98b399c7,b5d79c66,27,64,final,,playhq,1786503412183
amnd-winter-2025-junior-5,6fb6e1ea,13,Round 13,0,1755913500,39527f0a,2d13d649,45,48,final,,playhq,1786503412183
amnd-winter-2025-junior-5,2db61653,14,Round 14,0,1756518300,2d13d649,98b399c7,65,23,final,,playhq,1786503412183
amnd-winter-2025-junior-5,382fb839,14,Round 14,0,1756518300,d3afa997,988b9f80,37,60,final,,playhq,1786503412183
amnd-winter-2025-junior-5,947bc8e3,14,Round 14,0,1756518300,39527f0a,9a5f655e,38,37,final,,playhq,1786503412183
amnd-winter-2025-junior-5,9a5b7e31,14,Round 14,0,1756518300,b5d79c66,afd82d74,40,36,final,,playhq,1786503412183
amnd-winter-2025-junior-5,989d7480,15,Elimination Final,1,1757123100,39527f0a,b5d79c66,53,44,final,,playhq,1786503412183
amnd-winter-2025-junior-5,a578fb62,15,Qualifying Final,1,1757123100,afd82d74,9a5f655e,41,49,final,,playhq,1786503412183
amnd-winter-2025-junior-5,52882831,16,Preliminary Final,1,1757727900,afd82d74,39527f0a,36,50,final,,playhq,1786503412183
amnd-winter-2025-junior-5,c494a45b,17,Grand Final,1,1758332700,9a5f655e,39527f0a,45,37,final,,playhq,1786503412183
amnd-winter-2025-junior-6,712df187,1,Round 1,0,1744422300,39527f0a,1cfd4ba1,34,42,final,,playhq,1786503411845
amnd-winter-2025-junior-6,d0daa504,1,Round 1,0,1744422300,5401cad4,7df5d970,48,15,final,,playhq,1786503411845
amnd-winter-2025-junior-6,ef6b77c1,1,Round 1,0,1744422300,72fef4d7,aedbd28e,42,21,final,,playhq,1786503411845
amnd-winter-2025-junior-6,f23696c1,1,Round 1,0,1744422300,b5d79c66,db6f8f52,59,10,final,,playhq,1786503411845
amnd-winter-2025-junior-6,1aeee6a4,2,Round 2,0,1746236700,aedbd28e,b5d79c66,13,51,final,,playhq,1786503411845
amnd-winter-2025-junior-6,6d023523,2,Round 2,0,1746242100,7df5d970,39527f0a,7,82,final,,playhq,1786503411845
amnd-winter-2025-junior-6,ab6849e3,2,Round 2,0,1746242100,1cfd4ba1,72fef4d7,34,39,final,,playhq,1786503411845
amnd-winter-2025-junior-6,cbe687f0,2,Round 2,0,1746236700,db6f8f52,5401cad4,29,47,final,,playhq,1786503411845
amnd-winter-2025-junior-6,7d45acdf,3,Round 3,0,1746846900,7df5d970,db6f8f52,32,38,final,,playhq,1786503411845
amnd-winter-2025-junior-6,b306a6bb,3,Round 3,0,1746846900,39527f0a,72fef4d7,42,26,final,,playhq,1786503411845
amnd-winter-2025-junior-6,b6982027,3,Round 3,0,1746846900,b5d79c66,1cfd4ba1,45,40,final,,playhq,1786503411845
amnd-winter-2025-junior-6,ca045cd8,3,Round 3,0,1746846900,5401cad4,aedbd28e,22,44,final,,playhq,1786503411845
amnd-winter-2025-junior-6,52e0caf9,4,Round 4,0,1747446300,1cfd4ba1,5401cad4,60,26,final,,playhq,1786503411845
amnd-winter-2025-junior-6,789dab05,4,Round 4,0,1747446300,aedbd28e,7df5d970,47,21,final,,playhq,1786503411845
amnd-winter-2025-junior-6,bcb108f1,4,Round 4,0,1747446300,db6f8f52,39527f0a,13,68,final,,playhq,1786503411845
amnd-winter-2025-junior-6,e4225edd,4,Round 4,0,1747446300,72fef4d7,b5d79c66,24,49,final,,playhq,1786503411845
amnd-winter-2025-junior-6,08e5a428,5,Round 5,0,1748051100,edf338d5,1cfd4ba1,39,38,final,,playhq,1786503411845
amnd-winter-2025-junior-6,4fb8f1ac,5,Round 5,0,1748051100,5401cad4,72fef4d7,17,41,final,,playhq,1786503411845
amnd-winter-2025-junior-6,7e3b1442,5,Round 5,0,1748051100,db6f8f52,aedbd28e,17,46,final,,playhq,1786503411845
amnd-winter-2025-junior-6,8e2e1590,5,Round 5,0,1748051100,cf08c4e6,2d1ae997,23,21,final,,playhq,1786503411845
amnd-winter-2025-junior-6,1965f152,6,Round 6,0,1750470300,1cfd4ba1,db6f8f52,64,18,final,,playhq,1786503411845
amnd-winter-2025-junior-6,525ad7d7,6,Round 6,0,1750470300,aedbd28e,cf08c4e6,49,30,final,,playhq,1786503411845
amnd-winter-2025-junior-6,64a8be83,6,Round 6,0,1750470300,72fef4d7,edf338d5,30,35,final,,playhq,1786503411845
amnd-winter-2025-junior-6,69f0b4c5,6,Round 6,0,1750470300,2d1ae997,5401cad4,23,42,final,,playhq,1786503411845
amnd-winter-2025-junior-6,8b83c23e,7,Round 7,0,1751075100,edf338d5,2d1ae997,43,15,final,,playhq,1786503411845
amnd-winter-2025-junior-6,a2c5249b,7,Round 7,0,1751075100,aedbd28e,1cfd4ba1,19,84,final,,playhq,1786503411845
amnd-winter-2025-junior-6,b22239a8,7,Round 7,0,1751075100,cf08c4e6,5401cad4,29,38,final,,playhq,1786503411845
amnd-winter-2025-junior-6,f4125a72,7,Round 7,0,1751075100,db6f8f52,72fef4d7,18,52,final,,playhq,1786503411845
amnd-winter-2025-junior-6,05cf0bd9,8,Round 8,0,1751679900,aedbd28e,72fef4d7,33,41,final,,playhq,1786503411845
amnd-winter-2025-junior-6,0e5b0676,8,Round 8,0,1751679900,edf338d5,5401cad4,54,24,final,,playhq,1786503411845
amnd-winter-2025-junior-6,b498fca5,8,Round 8,0,1751685300,db6f8f52,2d1ae997,24,35,final,,playhq,1786503411845
amnd-winter-2025-junior-6,e281a96b,8,Round 8,0,1751679900,1cfd4ba1,cf08c4e6,71,22,final,,playhq,1786503411845
amnd-winter-2025-junior-6,2bf02279,9,Round 9,0,1752889500,5401cad4,db6f8f52,34,24,final,,playhq,1786503411845
amnd-winter-2025-junior-6,53d69cc5,9,Round 9,0,1752889500,cf08c4e6,edf338d5,17,56,final,,playhq,1786503411845
amnd-winter-2025-junior-6,734cd571,9,Round 9,0,1752894900,72fef4d7,1cfd4ba1,36,39,final,,playhq,1786503411845
amnd-winter-2025-junior-6,e8e1cfdb,9,Round 9,0,1752889500,2d1ae997,aedbd28e,19,37,final,,playhq,1786503411845
amnd-winter-2025-junior-6,064c2774,10,Round 10,0,1753499700,aedbd28e,5401cad4,39,19,final,,playhq,1786503411845
amnd-winter-2025-junior-6,1b258436,10,Round 10,0,1753499700,db6f8f52,edf338d5,13,43,final,,playhq,1786503411845
amnd-winter-2025-junior-6,8652cba1,10,Round 10,0,1753499700,72fef4d7,cf08c4e6,50,20,final,,playhq,1786503411845
amnd-winter-2025-junior-6,c4a9af19,10,Round 10,0,1753499700,1cfd4ba1,2d1ae997,71,10,final,,playhq,1786503411845
amnd-winter-2025-junior-6,3393ef4c,11,Round 11,0,1754099100,5401cad4,1cfd4ba1,36,68,final,,playhq,1786503411845
amnd-winter-2025-junior-6,5c66a92b,11,Round 11,0,1754099100,2d1ae997,72fef4d7,14,68,final,,playhq,1786503411845
amnd-winter-2025-junior-6,965f26ba,11,Round 11,0,1754099100,edf338d5,aedbd28e,65,30,final,,playhq,1786503411845
amnd-winter-2025-junior-6,a8b20d8c,11,Round 11,0,1754099100,cf08c4e6,db6f8f52,52,34,final,,playhq,1786503411845
amnd-winter-2025-junior-6,1577814f,12,Round 12,0,1754703900,72fef4d7,5401cad4,49,36,final,,playhq,1786503411845
amnd-winter-2025-junior-6,2e973c21,12,Round 12,0,1754703900,aedbd28e,db6f8f52,61,20,final,,playhq,1786503411845
amnd-winter-2025-junior-6,4a78c4fe,12,Round 12,0,1754703900,2d1ae997,cf08c4e6,29,44,final,,playhq,1786503411845
amnd-winter-2025-junior-6,fc42b42b,12,Round 12,0,1754703900,1cfd4ba1,edf338d5,46,30,final,,playhq,1786503411845
amnd-winter-2025-junior-6,01e99786,13,Round 13,0,1755913500,cf08c4e6,aedbd28e,36,46,final,,playhq,1786503411845
amnd-winter-2025-junior-6,1f532e48,13,Round 13,0,1755913500,edf338d5,72fef4d7,30,29,final,,playhq,1786503411845
amnd-winter-2025-junior-6,5e8d1517,13,Round 13,0,1755913500,db6f8f52,1cfd4ba1,18,75,final,,playhq,1786503411845
amnd-winter-2025-junior-6,64220ac4,13,Round 13,0,1755913500,5401cad4,2d1ae997,42,21,final,,playhq,1786503411845
amnd-winter-2025-junior-6,59c75e25,14,Round 14,0,1756518300,2d1ae997,edf338d5,12,62,final,,playhq,1786503411845
amnd-winter-2025-junior-6,923c2e37,14,Round 14,0,1756523700,72fef4d7,db6f8f52,60,25,final,,playhq,1786503411845
amnd-winter-2025-junior-6,aece37be,14,Round 14,0,1756518300,1cfd4ba1,aedbd28e,62,27,final,,playhq,1786503411845
amnd-winter-2025-junior-6,f144d3cd,14,Round 14,0,1756518300,5401cad4,cf08c4e6,36,30,final,,playhq,1786503411845
amnd-winter-2025-junior-6,c293ff06,15,Elimination Final,1,1757123100,72fef4d7,aedbd28e,47,23,final,,playhq,1786503411845
amnd-winter-2025-junior-6,df8bcd1a,15,Qualifying Final,1,1757123100,edf338d5,1cfd4ba1,40,38,final,,playhq,1786503411845
amnd-winter-2025-junior-6,a316d457,16,Preliminary Final,1,1757727900,1cfd4ba1,72fef4d7,41,39,final,,playhq,1786503411845
amnd-winter-2025-junior-6,b8d45a8b,17,Grand Final,1,1758332700,edf338d5,1cfd4ba1,24,47,final,,playhq,1786503411845
amnd-winter-2025-junior-7,08cf2a20,1,Round 1,0,1744422300,edf338d5,017ffb50,49,16,final,,playhq,1786503411841
amnd-winter-2025-junior-7,34038df8,1,Round 1,0,1744422300,cccf2969,fe04b296,63,8,final,,playhq,1786503411841
amnd-winter-2025-junior-7,7108d101,1,Round 1,0,1744427700,ab772f38,f29bf2c5,38,31,final,,playhq,1786503411841
amnd-winter-2025-junior-7,c0948b43,1,Round 1,0,1744422300,9d344864,0aa978ed,16,19,final,,playhq,1786503411841
amnd-winter-2025-junior-7,1c5d9f02,2,Round 2,0,1746242100,0aa978ed,cccf2969,14,79,final,,playhq,1786503411841
amnd-winter-2025-junior-7,54c5f9a5,2,Round 2,0,1746242100,fe04b296,edf338d5,2,83,final,,playhq,1786503411841
amnd-winter-2025-junior-7,5b17b9f2,2,Round 2,0,1746242100,f29bf2c5,9d344864,58,7,final,,playhq,1786503411841
amnd-winter-2025-junior-7,bf062808,2,Round 2,0,1746242100,017ffb50,ab772f38,14,43,final,,playhq,1786503411841
amnd-winter-2025-junior-7,1a3e4696,3,Round 3,0,1746841500,0aa978ed,f29bf2c5,22,65,final,,playhq,1786503411841
amnd-winter-2025-junior-7,2bb1e256,3,Round 3,0,1746841500,ab772f38,fe04b296,54,12,final,,playhq,1786503411841
amnd-winter-2025-junior-7,596796b8,3,Round 3,0,1746841500,9d344864,017ffb50,9,48,final,,playhq,1786503411841
amnd-winter-2025-junior-7,b21a9a51,3,Round 3,0,1746841500,cccf2969,edf338d5,29,38,final,,playhq,1786503411841
amnd-winter-2025-junior-7,07e68488,4,Round 4,0,1747446300,edf338d5,ab772f38,66,22,final,,playhq,1786503411841
amnd-winter-2025-junior-7,6a955435,4,Round 4,0,1747446300,017ffb50,0aa978ed,40,35,final,,playhq,1786503411841
amnd-winter-2025-junior-7,7ea1238f,4,Round 4,0,1747446300,f29bf2c5,cccf2969,25,38,final,,playhq,1786503411841
amnd-winter-2025-junior-7,f1d61bdb,4,Round 4,0,1747446300,fe04b296,9d344864,32,17,final,,playhq,1786503411841
amnd-winter-2025-junior-7,96d1949c,5,Round 5,0,1748051100,e2791648,7df5d970,59,14,final,,playhq,1786503411841
amnd-winter-2025-junior-7,9b1055db,5,Round 5,0,1748051100,cccf2969,ab772f38,43,22,final,,playhq,1786503411841
amnd-winter-2025-junior-7,a09fed48,5,Round 5,0,1748051100,f29bf2c5,017ffb50,33,20,final,,playhq,1786503411841
amnd-winter-2025-junior-7,d2e51c69,5,Round 5,0,1748051100,0aa978ed,2489d4f5,14,47,final,,playhq,1786503411841
amnd-winter-2025-junior-7,25c7b5a3,6,Round 6,0,1750470300,7df5d970,0aa978ed,36,27,final,,playhq,1786503411841
amnd-winter-2025-junior-7,2b7ae9cc,6,Round 6,0,1750470300,ab772f38,e2791648,47,27,final,,playhq,1786503411841
amnd-winter-2025-junior-7,bdc1d2bf,6,Round 6,0,1750470300,017ffb50,cccf2969,25,53,final,,playhq,1786503411841
amnd-winter-2025-junior-7,e5acce10,6,Round 6,0,1750470300,2489d4f5,f29bf2c5,16,40,final,,playhq,1786503411841
amnd-winter-2025-junior-7,18cc9414,7,Round 7,0,1751075100,f29bf2c5,7df5d970,47,13,final,,playhq,1786503411841
amnd-winter-2025-junior-7,1ed9e039,7,Round 7,0,1751075100,0aa978ed,ab772f38,0,20,final,,playhq,1786503411841
amnd-winter-2025-junior-7,6527ccc8,7,Round 7,0,1751075100,cccf2969,e2791648,51,18,final,,playhq,1786503411841
amnd-winter-2025-junior-7,fe22ee02,7,Round 7,0,1751075100,017ffb50,2489d4f5,26,25,final,,playhq,1786503411841
amnd-winter-2025-junior-7,5eecfd68,8,Round 8,0,1751679900,0aa978ed,e2791648,0,20,final,,playhq,1786503411841
amnd-winter-2025-junior-7,d3732f08,8,Round 8,0,1751679900,f29bf2c5,ab772f38,35,45,final,,playhq,1786503411841
amnd-winter-2025-junior-7,edc0850f,8,Round 8,0,1751679900,017ffb50,7df5d970,0,20,final,,playhq,1786503411841
amnd-winter-2025-junior-7,faddf8df,8,Round 8,0,1751679900,2489d4f5,cccf2969,45,52,final,,playhq,1786503411841
amnd-winter-2025-junior-7,48492a3a,9,Round 9,0,1752894900,e2791648,f29bf2c5,23,28,final,,playhq,1786503411841
amnd-winter-2025-junior-7,c212795b,9,Round 9,0,1752894900,7df5d970,2489d4f5,39,33,final,,playhq,1786503411841
amnd-winter-2025-junior-7,cb4c2fa6,9,Round 9,0,1752894900,ab772f38,017ffb50,39,20,final,,playhq,1786503411841
amnd-winter-2025-junior-7,d11b7816,9,Round 9,0,1752894900,cccf2969,0aa978ed,20,0,final,,playhq,1786503411841
amnd-winter-2025-junior-7,0c259240,10,Round 10,0,1753494300,7df5d970,cccf2969,10,49,final,,playhq,1786503411841
amnd-winter-2025-junior-7,18532f43,10,Round 10,0,1753494300,f29bf2c5,0aa978ed,60,14,final,,playhq,1786503411841
amnd-winter-2025-junior-7,ce33af32,10,Round 10,0,1753494300,017ffb50,e2791648,20,41,final,,playhq,1786503411841
amnd-winter-2025-junior-7,eee57a91,10,Round 10,0,1753494300,2489d4f5,ab772f38,29,53,final,,playhq,1786503411841
amnd-winter-2025-junior-7,041db436,11,Round 11,0,1754099100,cccf2969,f29bf2c5,57,23,final,,playhq,1786503411841
amnd-winter-2025-junior-7,68b3d596,11,Round 11,0,1754099100,e2791648,2489d4f5,51,14,final,,playhq,1786503411841
amnd-winter-2025-junior-7,e6aee103,11,Round 11,0,1754099100,ab772f38,7df5d970,54,26,final,,playhq,1786503411841
amnd-winter-2025-junior-7,f33e9171,11,Round 11,0,1754099100,0aa978ed,017ffb50,0,20,final,,playhq,1786503411841
amnd-winter-2025-junior-7,5ecb1e1f,12,Round 12,0,1754703900,2489d4f5,0aa978ed,52,23,final,,playhq,1786503411841
amnd-winter-2025-junior-7,723ec893,12,Round 12,0,1754703900,7df5d970,e2791648,28,51,final,,playhq,1786503411841
amnd-winter-2025-junior-7,c3a257fe,12,Round 12,0,1754703900,017ffb50,f29bf2c5,21,34,final,,playhq,1786503411841
amnd-winter-2025-junior-7,f635b1c4,12,Round 12,0,1754703900,ab772f38,cccf2969,39,33,final,,playhq,1786503411841
amnd-winter-2025-junior-7,48a57552,13,Round 13,0,1755913500,f29bf2c5,2489d4f5,44,29,final,,playhq,1786503411841
amnd-winter-2025-junior-7,91704fed,13,Round 13,0,1755913500,cccf2969,017ffb50,58,21,final,,playhq,1786503411841
amnd-winter-2025-junior-7,b6bf71c6,13,Round 13,0,1755913500,e2791648,ab772f38,27,36,final,,playhq,1786503411841
amnd-winter-2025-junior-7,e83ed7d2,13,Round 13,0,1755913500,0aa978ed,7df5d970,14,48,final,,playhq,1786503411841
amnd-winter-2025-junior-7,0c523312,14,Round 14,0,1756518300,e2791648,cccf2969,36,50,final,,playhq,1786503411841
amnd-winter-2025-junior-7,12689cab,14,Round 14,0,1756518300,2489d4f5,017ffb50,37,40,final,,playhq,1786503411841
amnd-winter-2025-junior-7,6bf04538,14,Round 14,0,1756518300,7df5d970,f29bf2c5,14,49,final,,playhq,1786503411841
amnd-winter-2025-junior-7,7ace06c7,14,Round 14,0,1756518300,ab772f38,0aa978ed,62,13,final,,playhq,1786503411841
amnd-winter-2025-junior-7,99995ed9,15,Qualifying Final,1,1757123100,cccf2969,ab772f38,34,39,final,,playhq,1786503411841
amnd-winter-2025-junior-7,e20e0448,15,Elimination Final,1,1757123100,f29bf2c5,e2791648,31,34,final,,playhq,1786503411841
amnd-winter-2025-junior-7,338593fd,16,Preliminary Final,1,1757727900,cccf2969,e2791648,39,38,final,,playhq,1786503411841
amnd-winter-2025-junior-7,97ecd9fb,17,Grand Final,1,1758332700,ab772f38,cccf2969,32,37,final,,playhq,1786503411841
amnd-winter-2025-junior-8,540895b6,1,Round 1,0,1744427700,2d1c30c7,7d554a03,30,21,final,,playhq,1786503412172
amnd-winter-2025-junior-8,c13390fb,1,Round 1,0,1744427700,cf560c78,2489d4f5,17,52,final,,playhq,1786503412172
amnd-winter-2025-junior-8,d70a133f,1,Round 1,0,1744427700,cf3c6200,e2791648,27,34,final,,playhq,1786503412172
amnd-winter-2025-junior-8,ddb59972,1,Round 1,0,1744427700,782ae73e,df68146e,8,14,final,,playhq,1786503412172
amnd-winter-2025-junior-8,51c633c3,2,Round 2,0,1746236700,e2791648,cf560c78,49,16,final,,playhq,1786503412172
amnd-winter-2025-junior-8,8d9d9a3f,2,Round 2,0,1746236700,2489d4f5,2d1c30c7,33,29,final,,playhq,1786503412172
amnd-winter-2025-junior-8,c3c96dcd,2,Round 2,0,1746236700,7d554a03,782ae73e,31,23,final,,playhq,1786503412172
amnd-winter-2025-junior-8,fd74cc5a,2,Round 2,0,1746236700,df68146e,cf3c6200,18,65,final,,playhq,1786503412172
amnd-winter-2025-junior-8,6d38fb7e,3,Round 3,0,1746841500,df68146e,7d554a03,26,21,final,,playhq,1786503412172
amnd-winter-2025-junior-8,8dbbb9f7,3,Round 3,0,1746841500,cf3c6200,cf560c78,41,20,final,,playhq,1786503412172
amnd-winter-2025-junior-8,a9fb36c0,3,Round 3,0,1746841500,2d1c30c7,e2791648,15,62,final,,playhq,1786503412172
amnd-winter-2025-junior-8,bfa7f9bc,3,Round 3,0,1746841500,782ae73e,2489d4f5,24,60,final,,playhq,1786503412172
amnd-winter-2025-junior-8,194dd0ca,4,Round 4,0,1747446300,cf560c78,2d1c30c7,18,37,final,,playhq,1786503412172
amnd-winter-2025-junior-8,2e18c627,4,Round 4,0,1747446300,e2791648,782ae73e,53,22,final,,playhq,1786503412172
amnd-winter-2025-junior-8,37df91ea,4,Round 4,0,1747446300,2489d4f5,df68146e,52,32,final,,playhq,1786503412172
amnd-winter-2025-junior-8,4b289c06,4,Round 4,0,1747446300,7d554a03,cf3c6200,19,58,final,,playhq,1786503412172
amnd-winter-2025-junior-8,08bec063,5,Round 5,0,1748051100,7d554a03,fe04b296,29,15,final,,playhq,1786503412172
amnd-winter-2025-junior-8,422d06a2,5,Round 5,0,1748051100,782ae73e,cf560c78,20,29,final,,playhq,1786503412172
amnd-winter-2025-junior-8,8b9cadac,5,Round 5,0,1748051100,cf3c6200,2d1c30c7,47,19,final,,playhq,1786503412172
amnd-winter-2025-junior-8,c9dc05da,5,Round 5,0,1748051100,df68146e,9d344864,36,11,final,,playhq,1786503412172
amnd-winter-2025-junior-8,1f6d061c,6,Round 6,0,1750470300,cf560c78,df68146e,43,17,final,,playhq,1786503412172
amnd-winter-2025-junior-8,77b1c0c0,6,Round 6,0,1750470300,2d1c30c7,782ae73e,27,29,final,,playhq,1786503412172
amnd-winter-2025-junior-8,8d676b61,6,Round 6,0,1750470300,fe04b296,cf3c6200,22,63,final,,playhq,1786503412172
amnd-winter-2025-junior-8,fd888b55,6,Round 6,0,1750470300,9d344864,7d554a03,14,24,final,,playhq,1786503412172
amnd-winter-2025-junior-8,0c575751,7,Round 7,0,1751075100,fe04b296,9d344864,24,31,final,,playhq,1786503412172
amnd-winter-2025-junior-8,1d494dad,7,Round 7,0,1751075100,7d554a03,cf560c78,17,32,final,,playhq,1786503412172
amnd-winter-2025-junior-8,d61b2544,7,Round 7,0,1751075100,cf3c6200,782ae73e,42,16,final,,playhq,1786503412172
amnd-winter-2025-junior-8,dee9ba73,7,Round 7,0,1751075100,df68146e,2d1c30c7,24,50,final,,playhq,1786503412172
amnd-winter-2025-junior-8,6385104c,8,Round 8,0,1751685300,9d344864,cf3c6200,20,0,final,,playhq,1786503412172
amnd-winter-2025-junior-8,cb2e1046,8,Round 8,0,1751685300,df68146e,782ae73e,53,35,final,,playhq,1786503412172
amnd-winter-2025-junior-8,d08ed01a,8,Round 8,0,1751685300,7d554a03,2d1c30c7,13,32,final,,playhq,1786503412172
amnd-winter-2025-junior-8,fffffe43,8,Round 8,0,1751685300,fe04b296,cf560c78,19,36,final,,playhq,1786503412172
amnd-winter-2025-junior-8,525eb4f9,9,Round 9,0,1752889500,cf3c6200,df68146e,41,45,final,,playhq,1786503412172
amnd-winter-2025-junior-8,8ea25248,9,Round 9,0,1752889500,2d1c30c7,fe04b296,47,10,final,,playhq,1786503412172
amnd-winter-2025-junior-8,8f244607,9,Round 9,0,1752889500,cf560c78,9d344864,42,10,final,,playhq,1786503412172
amnd-winter-2025-junior-8,d33bdb60,9,Round 9,0,1752889500,782ae73e,7d554a03,31,39,final,,playhq,1786503412172
amnd-winter-2025-junior-8,045aa82e,10,Round 10,0,1753494300,fe04b296,782ae73e,18,46,final,,playhq,1786503412172
amnd-winter-2025-junior-8,0da852d6,10,Round 10,0,1753494300,cf560c78,cf3c6200,24,40,final,,playhq,1786503412172
amnd-winter-2025-junior-8,6eb6ba79,10,Round 10,0,1753494300,9d344864,2d1c30c7,9,43,final,,playhq,1786503412172
amnd-winter-2025-junior-8,d9bdec7f,10,Round 10,0,1753494300,7d554a03,df68146e,33,20,final,,playhq,1786503412172
amnd-winter-2025-junior-8,0457bdc3,11,Round 11,0,1754099100,cf3c6200,7d554a03,53,20,final,,playhq,1786503412172
amnd-winter-2025-junior-8,9c217c95,11,Round 11,0,1754099100,2d1c30c7,cf560c78,50,29,final,,playhq,1786503412172
amnd-winter-2025-junior-8,9d6c1f1e,11,Round 11,0,1754099100,df68146e,fe04b296,20,0,final,,playhq,1786503412172
amnd-winter-2025-junior-8,df005576,11,Round 11,0,1754099100,782ae73e,9d344864,54,15,final,,playhq,1786503412172
amnd-winter-2025-junior-8,617f1358,12,Round 12,0,1754703900,2d1c30c7,cf3c6200,45,49,final,,playhq,1786503412172
amnd-winter-2025-junior-8,89963792,12,Round 12,0,1754703900,fe04b296,7d554a03,26,46,final,,playhq,1786503412172
amnd-winter-2025-junior-8,aad57cfa,12,Round 12,0,1754703900,9d344864,df68146e,18,67,final,,playhq,1786503412172
amnd-winter-2025-junior-8,df43b303,12,Round 12,0,1754703900,cf560c78,782ae73e,34,37,final,,playhq,1786503412172
amnd-winter-2025-junior-8,5ee9f390,13,Round 13,0,1755913500,7d554a03,9d344864,50,9,final,,playhq,1786503412172
amnd-winter-2025-junior-8,717080f7,13,Round 13,0,1755918900,df68146e,cf560c78,24,29,final,,playhq,1786503412172
amnd-winter-2025-junior-8,9372c587,13,Round 13,0,1755913500,cf3c6200,fe04b296,80,18,final,,playhq,1786503412172
amnd-winter-2025-junior-8,eb56cf1d,13,Round 13,0,1755918900,782ae73e,2d1c30c7,34,37,final,,playhq,1786503412172
amnd-winter-2025-junior-8,1d7e1288,14,Round 14,0,1756518300,2d1c30c7,df68146e,39,27,final,,playhq,1786503412172
amnd-winter-2025-junior-8,b5d6953f,14,Round 14,0,1756518300,782ae73e,cf3c6200,32,50,final,,playhq,1786503412172
amnd-winter-2025-junior-8,b6a3c06c,14,Round 14,0,1756518300,9d344864,fe04b296,17,37,final,,playhq,1786503412172
amnd-winter-2025-junior-8,da6208bb,14,Round 14,0,1756518300,cf560c78,7d554a03,43,27,final,,playhq,1786503412172
amnd-winter-2025-junior-8,252be7d2,15,Elimination Final,1,1757123100,df68146e,7d554a03,35,31,final,,playhq,1786503412172
amnd-winter-2025-junior-8,71635347,15,Qualifying Final,1,1757123100,cf3c6200,2d1c30c7,54,25,final,,playhq,1786503412172
amnd-winter-2025-junior-8,f2704e46,16,Preliminary Final,1,1757727900,2d1c30c7,df68146e,24,30,final,,playhq,1786503412172
amnd-winter-2025-junior-8,f7d8c615,17,Grand Final,1,1758332700,cf3c6200,df68146e,35,22,final,,playhq,1786503412172
amnd-winter-2025-primary-1,2bdb8169,1,Round 1,0,1744414500,9e8d4ae7,fb9c111e,34,19,final,,playhq,1786503411829
amnd-winter-2025-primary-1,3ba2c1c0,1,Round 1,0,1744414500,53579ce0,cf3c9703,19,19,final,,playhq,1786503411829
amnd-winter-2025-primary-1,f3c99f58,1,Round 1,0,1744414500,7efa10a7,1b34b4e8,45,7,final,,playhq,1786503411829
amnd-winter-2025-primary-1,74562f1f,2,Round 2,0,1746228900,cf3c9703,7efa10a7,10,37,final,,playhq,1786503411829
amnd-winter-2025-primary-1,7c96d0a1,2,Round 2,0,1746228900,fb9c111e,53579ce0,30,26,final,,playhq,1786503411829
amnd-winter-2025-primary-1,bad04ea9,2,Round 2,0,1746228900,1b34b4e8,9e8d4ae7,5,43,final,,playhq,1786503411829
amnd-winter-2025-primary-1,0f56d7cc,3,Round 3,0,1746833700,1b34b4e8,cf3c9703,14,32,final,,playhq,1786503411829
amnd-winter-2025-primary-1,130ac931,3,Round 3,0,1746833700,7efa10a7,fb9c111e,37,24,final,,playhq,1786503411829
amnd-winter-2025-primary-1,bf2813be,3,Round 3,0,1746833700,9e8d4ae7,53579ce0,35,17,final,,playhq,1786503411829
amnd-winter-2025-primary-1,4ec6c50b,4,Round 4,0,1747438500,cf3c9703,9e8d4ae7,9,39,final,,playhq,1786503411829
amnd-winter-2025-primary-1,8989bbaa,4,Round 4,0,1747438500,53579ce0,7efa10a7,18,34,final,,playhq,1786503411829
amnd-winter-2025-primary-1,9277fef0,4,Round 4,0,1747438500,fb9c111e,1b34b4e8,43,8,final,,playhq,1786503411829
amnd-winter-2025-primary-1,40694ccf,5,Round 5,0,1748043300,1b34b4e8,53579ce0,11,33,final,,playhq,1786503411829
amnd-winter-2025-primary-1,7b3247eb,5,Round 5,0,1748043300,cf3c9703,fb9c111e,11,19,final,,playhq,1786503411829
amnd-winter-2025-primary-1,ce27c493,5,Round 5,0,1748043300,9e8d4ae7,7efa10a7,22,28,final,,playhq,1786503411829
amnd-winter-2025-primary-1,1b4e7376,6,Round 6,0,1750462500,cf3c9703,53579ce0,22,35,final,,playhq,1786503411829
amnd-winter-2025-primary-1,674c1e4a,6,Round 6,0,1750462500,fb9c111e,9e8d4ae7,24,26,final,,playhq,1786503411829
amnd-winter-2025-primary-1,91626ae5,6,Round 6,0,1750462500,1b34b4e8,7efa10a7,3,48,final,,playhq,1786503411829
amnd-winter-2025-primary-1,5f8e83c1,7,Round 7,0,1751067300,9e8d4ae7,1b34b4e8,45,3,final,,playhq,1786503411829
amnd-winter-2025-primary-1,a84c8d03,7,Round 7,0,1751067300,7efa10a7,cf3c9703,27,10,final,,playhq,1786503411829
amnd-winter-2025-primary-1,f5dc31b2,7,Round 7,0,1751067300,53579ce0,fb9c111e,19,26,final,,playhq,1786503411829
amnd-winter-2025-primary-1,1e37244b,8,Round 8,0,1751672100,fb9c111e,7efa10a7,32,40,final,,playhq,1786503411829
amnd-winter-2025-primary-1,98cc99a8,8,Round 8,0,1751672100,53579ce0,9e8d4ae7,29,31,final,,playhq,1786503411829
amnd-winter-2025-primary-1,a07055e8,8,Round 8,0,1751672100,cf3c9703,1b34b4e8,25,12,final,,playhq,1786503411829
amnd-winter-2025-primary-1,2092dc4a,9,Round 9,0,1752881700,7efa10a7,53579ce0,43,23,final,,playhq,1786503411829
amnd-winter-2025-primary-1,28d3fb06,9,Round 9,0,1752881700,1b34b4e8,fb9c111e,14,37,final,,playhq,1786503411829
amnd-winter-2025-primary-1,44499cbf,9,Round 9,0,1752881700,9e8d4ae7,cf3c9703,31,17,final,,playhq,1786503411829
amnd-winter-2025-primary-1,b13ec2f7,10,Round 10,0,1753486500,53579ce0,1b34b4e8,22,14,final,,playhq,1786503411829
amnd-winter-2025-primary-1,dd725f82,10,Round 10,0,1753486500,fb9c111e,cf3c9703,24,13,final,,playhq,1786503411829
amnd-winter-2025-primary-1,e9adb82c,10,Round 10,0,1753486500,7efa10a7,9e8d4ae7,31,21,final,,playhq,1786503411829
amnd-winter-2025-primary-1,22fbeec7,11,Round 11,0,1754091300,7efa10a7,1b34b4e8,36,7,final,,playhq,1786503411829
amnd-winter-2025-primary-1,8a06bbab,11,Round 11,0,1754091300,9e8d4ae7,fb9c111e,29,33,final,,playhq,1786503411829
amnd-winter-2025-primary-1,c0191e6f,11,Round 11,0,1754091300,53579ce0,cf3c9703,31,24,final,,playhq,1786503411829
amnd-winter-2025-primary-1,55841ae5,12,Round 12,0,1754696100,fb9c111e,53579ce0,33,18,final,,playhq,1786503411829
amnd-winter-2025-primary-1,8442ab7a,12,Round 12,0,1754696100,cf3c9703,7efa10a7,10,45,final,,playhq,1786503411829
amnd-winter-2025-primary-1,9af57a51,12,Round 12,0,1754696100,1b34b4e8,9e8d4ae7,9,42,final,,playhq,1786503411829
amnd-winter-2025-primary-1,021ad9b1,13,Round 13,0,1755905700,9e8d4ae7,53579ce0,37,24,final,,playhq,1786503411829
amnd-winter-2025-primary-1,225d0da9,13,Round 13,0,1755905700,7efa10a7,fb9c111e,32,17,final,,playhq,1786503411829
amnd-winter-2025-primary-1,f1100d7d,13,Round 13,0,1755905700,1b34b4e8,cf3c9703,19,18,final,,playhq,1786503411829
amnd-winter-2025-primary-1,0ba6f42c,14,Round 14,0,1756510500,cf3c9703,9e8d4ae7,8,33,final,,playhq,1786503411829
amnd-winter-2025-primary-1,137acb84,14,Round 14,0,1756510500,fb9c111e,1b34b4e8,29,17,final,,playhq,1786503411829
amnd-winter-2025-primary-1,bf671cc0,14,Round 14,0,1756510500,53579ce0,7efa10a7,13,38,final,,playhq,1786503411829
amnd-winter-2025-primary-1,2b414839,15,Qualifying Final,1,1757115300,7efa10a7,9e8d4ae7,27,32,final,,playhq,1786503411829
amnd-winter-2025-primary-1,2c036a4a,15,Elimination Final,1,1757115300,fb9c111e,53579ce0,31,20,final,,playhq,1786503411829
amnd-winter-2025-primary-1,520d1394,16,Preliminary Final,1,1757720100,7efa10a7,fb9c111e,33,22,final,,playhq,1786503411829
amnd-winter-2025-primary-1,f2469d2e,17,Grand Final,1,1758324900,9e8d4ae7,7efa10a7,25,28,final,,playhq,1786503411829
amnd-winter-2025-primary-2,207c9a8d,1,Round 1,0,1744414500,393959f2,0cc5e5af,20,20,final,,playhq,1786503412357
amnd-winter-2025-primary-2,3919a3fc,1,Round 1,0,1744414500,0597449f,34fd8ff2,23,7,final,,playhq,1786503412357
amnd-winter-2025-primary-2,8607ec6a,1,Round 1,0,1744414500,d2584b5c,b98f71a5,12,20,final,,playhq,1786503412357
amnd-winter-2025-primary-2,76f7fd8e,2,Round 2,0,1746228900,b98f71a5,0597449f,18,12,final,,playhq,1786503412357
amnd-winter-2025-primary-2,7d9fa824,2,Round 2,0,1746228900,0cc5e5af,d2584b5c,43,8,final,,playhq,1786503412357
amnd-winter-2025-primary-2,a6fc67ba,2,Round 2,0,1746228900,34fd8ff2,393959f2,6,30,final,,playhq,1786503412357
amnd-winter-2025-primary-2,1bb22aff,3,Round 3,0,1746833700,34fd8ff2,b98f71a5,13,30,final,,playhq,1786503412357
amnd-winter-2025-primary-2,65d538e5,3,Round 3,0,1746833700,0597449f,0cc5e5af,16,21,final,,playhq,1786503412357
amnd-winter-2025-primary-2,f11854a2,3,Round 3,0,1746833700,393959f2,d2584b5c,43,6,final,,playhq,1786503412357
amnd-winter-2025-primary-2,96906326,4,Round 4,0,1747438500,d2584b5c,0597449f,19,31,final,,playhq,1786503412357
amnd-winter-2025-primary-2,d19cf23e,4,Round 4,0,1747438500,0cc5e5af,34fd8ff2,34,7,final,,playhq,1786503412357
amnd-winter-2025-primary-2,e20c1d4e,4,Round 4,0,1747438500,b98f71a5,393959f2,11,45,final,,playhq,1786503412357
amnd-winter-2025-primary-2,5711e2eb,5,Round 5,0,1748043300,d3fef1a3,70499ec9,15,23,final,,playhq,1786503412357
amnd-winter-2025-primary-2,e66a5fdf,5,Round 5,0,1748043300,393959f2,0597449f,28,11,final,,playhq,1786503412357
amnd-winter-2025-primary-2,eec28002,5,Round 5,0,1748043300,b98f71a5,0cc5e5af,19,28,final,,playhq,1786503412357
amnd-winter-2025-primary-2,78ca7b42,6,Round 6,0,1750462500,d3fef1a3,0597449f,13,37,final,,playhq,1786503412357
amnd-winter-2025-primary-2,7c40bc2f,6,Round 6,0,1750462500,0cc5e5af,393959f2,19,31,final,,playhq,1786503412357
amnd-winter-2025-primary-2,fae8efac,6,Round 6,0,1750462500,b98f71a5,70499ec9,21,32,final,,playhq,1786503412357
amnd-winter-2025-primary-2,15b3b119,7,Round 7,0,1751067300,0597449f,b98f71a5,25,24,final,,playhq,1786503412357
amnd-winter-2025-primary-2,abea93f1,7,Round 7,0,1751067300,70499ec9,0cc5e5af,21,28,final,,playhq,1786503412357
amnd-winter-2025-primary-2,f8521470,7,Round 7,0,1751067300,393959f2,d3fef1a3,31,4,final,,playhq,1786503412357
amnd-winter-2025-primary-2,85ed0a6a,8,Round 8,0,1751672100,70499ec9,393959f2,29,26,final,,playhq,1786503412357
amnd-winter-2025-primary-2,9a472f16,8,Round 8,0,1751672100,0cc5e5af,0597449f,23,19,final,,playhq,1786503412357
amnd-winter-2025-primary-2,e1d0a9f6,8,Round 8,0,1751672100,b98f71a5,d3fef1a3,0,20,final,,playhq,1786503412357
amnd-winter-2025-primary-2,1090ade6,9,Round 9,0,1752881700,0597449f,70499ec9,25,26,final,,playhq,1786503412357
amnd-winter-2025-primary-2,ae84f7b9,9,Round 9,0,1752881700,393959f2,b98f71a5,36,8,final,,playhq,1786503412357
amnd-winter-2025-primary-2,f2df979f,9,Round 9,0,1752881700,d3fef1a3,0cc5e5af,18,29,final,,playhq,1786503412357
amnd-winter-2025-primary-2,07ac8d83,10,Round 10,0,1753486500,0cc5e5af,b98f71a5,37,14,final,,playhq,1786503412357
amnd-winter-2025-primary-2,0abf2d35,10,Round 10,0,1753486500,70499ec9,d3fef1a3,20,11,final,,playhq,1786503412357
amnd-winter-2025-primary-2,c1c66905,10,Round 10,0,1753486500,0597449f,393959f2,15,18,final,,playhq,1786503412357
amnd-winter-2025-primary-2,138c6aa6,11,Round 11,0,1754091300,0597449f,d3fef1a3,35,8,final,,playhq,1786503412357
amnd-winter-2025-primary-2,9cf71f02,11,Round 11,0,1754091300,393959f2,0cc5e5af,25,28,final,,playhq,1786503412357
amnd-winter-2025-primary-2,e7bcdda6,11,Round 11,0,1754091300,70499ec9,b98f71a5,42,19,final,,playhq,1786503412357
amnd-winter-2025-primary-2,2d97ca43,12,Round 12,0,1754696100,d3fef1a3,393959f2,19,29,final,,playhq,1786503412357
amnd-winter-2025-primary-2,33c8f93c,12,Round 12,0,1754696100,0cc5e5af,70499ec9,34,25,final,,playhq,1786503412357
amnd-winter-2025-primary-2,3ec66e4b,12,Round 12,0,1754696100,b98f71a5,0597449f,13,23,final,,playhq,1786503412357
amnd-winter-2025-primary-2,8806b5bc,13,Round 13,0,1755905700,0597449f,0cc5e5af,18,26,final,,playhq,1786503412357
amnd-winter-2025-primary-2,b5f0aeac,13,Round 13,0,1755905700,d3fef1a3,b98f71a5,24,13,final,,playhq,1786503412357
amnd-winter-2025-primary-2,fd9c9f69,13,Round 13,0,1755905700,393959f2,70499ec9,20,22,final,,playhq,1786503412357
amnd-winter-2025-primary-2,50ae1b3a,14,Round 14,0,1756510500,70499ec9,0597449f,28,21,final,,playhq,1786503412357
amnd-winter-2025-primary-2,66739cf7,14,Round 14,0,1756510500,0cc5e5af,d3fef1a3,31,12,final,,playhq,1786503412357
amnd-winter-2025-primary-2,84ed1584,14,Round 14,0,1756510500,b98f71a5,393959f2,15,25,final,,playhq,1786503412357
amnd-winter-2025-primary-2,73d1f813,15,Qualifying Final,1,1757115300,0cc5e5af,70499ec9,33,32,final,,playhq,1786503412357
amnd-winter-2025-primary-2,9dd55e71,15,Elimination Final,1,1757115300,393959f2,0597449f,34,16,final,,playhq,1786503412357
amnd-winter-2025-primary-2,387953f5,16,Preliminary Final,1,1757720100,70499ec9,393959f2,30,27,final,,playhq,1786503412357
amnd-winter-2025-primary-2,eed9e93f,17,Grand Final,1,1758324900,0cc5e5af,70499ec9,34,32,final,,playhq,1786503412357
amnd-winter-2025-primary-3,06cd1d5d,1,Round 1,0,1744414500,507aa7f6,d3fef1a3,24,20,final,,playhq,1786503412164
amnd-winter-2025-primary-3,8e9ce177,1,Round 1,0,1744414500,d2c2c998,70499ec9,2,51,final,,playhq,1786503412164
amnd-winter-2025-primary-3,8ecee422,1,Round 1,0,1744414500,508dcbf3,e7bc528f,23,4,final,,playhq,1786503412164
amnd-winter-2025-primary-3,4b9cf6a1,2,Round 2,0,1746228900,e7bc528f,507aa7f6,12,27,final,,playhq,1786503412164
amnd-winter-2025-primary-3,51c7d6f1,2,Round 2,0,1746228900,70499ec9,508dcbf3,23,7,final,,playhq,1786503412164
amnd-winter-2025-primary-3,8af0b43c,2,Round 2,0,1746228900,d3fef1a3,d2c2c998,31,4,final,,playhq,1786503412164
amnd-winter-2025-primary-3,2aa2e33f,3,Round 3,0,1746833700,508dcbf3,d3fef1a3,10,23,final,,playhq,1786503412164
amnd-winter-2025-primary-3,888c3e4c,3,Round 3,0,1746833700,e7bc528f,70499ec9,3,49,final,,playhq,1786503412164
amnd-winter-2025-primary-3,9c75d8fe,3,Round 3,0,1746833700,507aa7f6,d2c2c998,30,17,final,,playhq,1786503412164
amnd-winter-2025-primary-3,59075c67,4,Round 4,0,1747438500,d3fef1a3,e7bc528f,29,14,final,,playhq,1786503412164
amnd-winter-2025-primary-3,8e296273,4,Round 4,0,1747438500,d2c2c998,508dcbf3,2,18,final,,playhq,1786503412164
amnd-winter-2025-primary-3,f4410ba9,4,Round 4,0,1747438500,70499ec9,507aa7f6,38,16,final,,playhq,1786503412164
amnd-winter-2025-primary-3,2ca6db8d,5,Round 5,0,1748043300,d2584b5c,34fd8ff2,17,11,final,,playhq,1786503412164
amnd-winter-2025-primary-3,d21af505,5,Round 5,0,1748043300,507aa7f6,508dcbf3,6,14,final,,playhq,1786503412164
amnd-winter-2025-primary-3,f7786a99,5,Round 5,0,1748043300,316f521b,50eca155,25,10,final,,playhq,1786503412164
amnd-winter-2025-primary-3,62ca9e51,6,Round 6,0,1750462500,34fd8ff2,507aa7f6,30,14,final,,playhq,1786503412164
amnd-winter-2025-primary-3,bef07270,6,Round 6,0,1750462500,d2584b5c,50eca155,17,13,final,,playhq,1786503412164
amnd-winter-2025-primary-3,c9638039,6,Round 6,0,1750462500,316f521b,508dcbf3,10,12,final,,playhq,1786503412164
amnd-winter-2025-primary-3,1e1adb25,7,Round 7,0,1751067300,50eca155,34fd8ff2,12,16,final,,playhq,1786503412164
amnd-winter-2025-primary-3,2e737413,7,Round 7,0,1751067300,507aa7f6,316f521b,9,22,final,,playhq,1786503412164
amnd-winter-2025-primary-3,ef83e7d8,7,Round 7,0,1751067300,508dcbf3,d2584b5c,17,6,final,,playhq,1786503412164
amnd-winter-2025-primary-3,51bf95f5,8,Round 8,0,1751672100,d2584b5c,316f521b,25,28,final,,playhq,1786503412164
amnd-winter-2025-primary-3,655448da,8,Round 8,0,1751672100,34fd8ff2,508dcbf3,11,8,final,,playhq,1786503412164
amnd-winter-2025-primary-3,9eb88466,8,Round 8,0,1751672100,50eca155,507aa7f6,20,18,final,,playhq,1786503412164
amnd-winter-2025-primary-3,187cf17d,9,Round 9,0,1752881700,507aa7f6,d2584b5c,10,22,final,,playhq,1786503412164
amnd-winter-2025-primary-3,3c31dc52,9,Round 9,0,1752881700,316f521b,34fd8ff2,18,20,final,,playhq,1786503412164
amnd-winter-2025-primary-3,b69132b5,9,Round 9,0,1752881700,508dcbf3,50eca155,17,11,final,,playhq,1786503412164
amnd-winter-2025-primary-3,009f243b,10,Round 10,0,1753486500,50eca155,316f521b,16,31,final,,playhq,1786503412164
amnd-winter-2025-primary-3,1434c9a9,10,Round 10,0,1753486500,34fd8ff2,d2584b5c,16,12,final,,playhq,1786503412164
amnd-winter-2025-primary-3,4a8d9537,10,Round 10,0,1753486500,508dcbf3,507aa7f6,22,4,final,,playhq,1786503412164
amnd-winter-2025-primary-3,122ed7f6,11,Round 11,0,1754091300,50eca155,d2584b5c,19,20,final,,playhq,1786503412164
amnd-winter-2025-primary-3,b5e8b004,11,Round 11,0,1754091300,508dcbf3,316f521b,10,17,final,,playhq,1786503412164
amnd-winter-2025-primary-3,c07ae853,11,Round 11,0,1754091300,507aa7f6,34fd8ff2,13,20,final,,playhq,1786503412164
amnd-winter-2025-primary-3,51c6450c,12,Round 12,0,1754696100,316f521b,507aa7f6,29,9,final,,playhq,1786503412164
amnd-winter-2025-primary-3,db3cfbc5,12,Round 12,0,1754696100,d2584b5c,508dcbf3,16,17,final,,playhq,1786503412164
amnd-winter-2025-primary-3,de4130d2,12,Round 12,0,1754696100,34fd8ff2,50eca155,14,15,final,,playhq,1786503412164
amnd-winter-2025-primary-3,11c58b78,13,Round 13,0,1755905700,507aa7f6,50eca155,17,29,final,,playhq,1786503412164
amnd-winter-2025-primary-3,4465be9f,13,Round 13,0,1755905700,316f521b,d2584b5c,30,12,final,,playhq,1786503412164
amnd-winter-2025-primary-3,fc3e4bfb,13,Round 13,0,1755905700,508dcbf3,34fd8ff2,10,11,final,,playhq,1786503412164
amnd-winter-2025-primary-3,83f39361,14,Round 14,0,1756510500,d2584b5c,507aa7f6,19,21,final,,playhq,1786503412164
amnd-winter-2025-primary-3,af557193,14,Round 14,0,1756510500,34fd8ff2,316f521b,13,19,final,,playhq,1786503412164
amnd-winter-2025-primary-3,c77778c8,14,Round 14,0,1756510500,50eca155,508dcbf3,11,23,final,,playhq,1786503412164
amnd-winter-2025-primary-3,53249929,15,Elimination Final,1,1757115300,50eca155,34fd8ff2,16,21,final,,playhq,1786503412164
amnd-winter-2025-primary-3,8aa4ac93,15,Qualifying Final,1,1757115300,316f521b,508dcbf3,23,14,final,,playhq,1786503412164
amnd-winter-2025-primary-3,09af99e5,16,Preliminary Final,1,1757720100,508dcbf3,34fd8ff2,16,17,final,,playhq,1786503412164
amnd-winter-2025-primary-3,359a7444,17,Grand Final,1,1758324900,316f521b,34fd8ff2,18,14,final,,playhq,1786503412164
amnd-winter-2025-primary-4,0567cf51,1,Round 1,0,1744414500,4f8a0239,5388e3d8,29,16,final,,playhq,1786503411828
amnd-winter-2025-primary-4,0b2f4b3a,1,Round 1,0,1744414500,50eca155,708a42aa,29,16,final,,playhq,1786503411828
amnd-winter-2025-primary-4,46c412e9,1,Round 1,0,1744414500,f08f64a2,0623186e,22,5,final,,playhq,1786503411828
amnd-winter-2025-primary-4,914c72ac,1,Round 1,0,1744414500,316f521b,b171bbf9,21,10,final,,playhq,1786503411828
amnd-winter-2025-primary-4,54c51519,2,Round 2,0,1746228900,0623186e,4f8a0239,13,12,final,,playhq,1786503411828
amnd-winter-2025-primary-4,992358d1,2,Round 2,0,1746228900,5388e3d8,50eca155,8,15,final,,playhq,1786503411828
amnd-winter-2025-primary-4,c7590475,2,Round 2,0,1746228900,708a42aa,316f521b,8,24,final,,playhq,1786503411828
amnd-winter-2025-primary-4,ccbb4dc5,2,Round 2,0,1746228900,b171bbf9,f08f64a2,11,19,final,,playhq,1786503411828
amnd-winter-2025-primary-4,495e0e96,3,Round 3,0,1746833700,708a42aa,5388e3d8,28,13,final,,playhq,1786503411828
amnd-winter-2025-primary-4,82fb0535,3,Round 3,0,1746833700,50eca155,0623186e,25,6,final,,playhq,1786503411828
amnd-winter-2025-primary-4,ae856e0a,3,Round 3,0,1746833700,4f8a0239,b171bbf9,17,24,final,,playhq,1786503411828
amnd-winter-2025-primary-4,d91a3b42,3,Round 3,0,1746833700,316f521b,f08f64a2,25,8,final,,playhq,1786503411828
amnd-winter-2025-primary-4,66b4e8a5,4,Round 4,0,1747438500,0623186e,708a42aa,7,22,final,,playhq,1786503411828
amnd-winter-2025-primary-4,a5aa27c0,4,Round 4,0,1747438500,5388e3d8,316f521b,8,28,final,,playhq,1786503411828
amnd-winter-2025-primary-4,ad598abc,4,Round 4,0,1747438500,b171bbf9,50eca155,15,24,final,,playhq,1786503411828
amnd-winter-2025-primary-4,df6392b3,4,Round 4,0,1747438500,f08f64a2,4f8a0239,31,16,final,,playhq,1786503411828
amnd-winter-2025-primary-4,235b8302,5,Round 5,0,1748043300,d2c2c998,f08f64a2,5,31,final,,playhq,1786503411828
amnd-winter-2025-primary-4,59fb494a,5,Round 5,0,1748043300,bdcaf769,0623186e,33,5,final,,playhq,1786503411828
amnd-winter-2025-primary-4,a6799c5b,5,Round 5,0,1748043300,e7bc528f,4f8a0239,19,24,final,,playhq,1786503411828
amnd-winter-2025-primary-4,f5ad5317,5,Round 5,0,1748043300,708a42aa,b171bbf9,11,12,final,,playhq,1786503411828
amnd-winter-2025-primary-4,2440f98a,6,Round 6,0,1750462500,4f8a0239,d2c2c998,20,19,final,,playhq,1786503411828
amnd-winter-2025-primary-4,8913aea6,6,Round 6,0,1750462500,b171bbf9,bdcaf769,11,15,final,,playhq,1786503411828
amnd-winter-2025-primary-4,c85d6764,6,Round 6,0,1750462500,0623186e,e7bc528f,9,24,final,,playhq,1786503411828
amnd-winter-2025-primary-4,f4636b19,6,Round 6,0,1750462500,f08f64a2,708a42aa,32,17,final,,playhq,1786503411828
amnd-winter-2025-primary-4,019fcd1d,7,Round 7,0,1751067300,bdcaf769,f08f64a2,20,22,final,,playhq,1786503411828
amnd-winter-2025-primary-4,68e093a7,7,Round 7,0,1751067300,e7bc528f,d2c2c998,4,27,final,,playhq,1786503411828
amnd-winter-2025-primary-4,7b5aecd3,7,Round 7,0,1751067300,0623186e,b171bbf9,11,21,final,,playhq,1786503411828
amnd-winter-2025-primary-4,a2519088,7,Round 7,0,1751067300,708a42aa,4f8a0239,35,7,final,,playhq,1786503411828
amnd-winter-2025-primary-4,3b9cfb12,8,Round 8,0,1751672100,708a42aa,d2c2c998,18,25,final,,playhq,1786503411828
amnd-winter-2025-primary-4,82515540,8,Round 8,0,1751672100,b171bbf9,e7bc528f,25,15,final,,playhq,1786503411828
amnd-winter-2025-primary-4,a1fc2142,8,Round 8,0,1751672100,0623186e,f08f64a2,6,32,final,,playhq,1786503411828
amnd-winter-2025-primary-4,a226e10a,8,Round 8,0,1751672100,bdcaf769,4f8a0239,22,16,final,,playhq,1786503411828
amnd-winter-2025-primary-4,17f64b40,9,Round 9,0,1752881700,f08f64a2,b171bbf9,25,8,final,,playhq,1786503411828
amnd-winter-2025-primary-4,8792a474,9,Round 9,0,1752881700,e7bc528f,708a42aa,5,33,final,,playhq,1786503411828
amnd-winter-2025-primary-4,991c5e75,9,Round 9,0,1752881700,4f8a0239,0623186e,14,11,final,,playhq,1786503411828
amnd-winter-2025-primary-4,d23bc5e1,9,Round 9,0,1752881700,d2c2c998,bdcaf769,10,31,final,,playhq,1786503411828
amnd-winter-2025-primary-4,1b826162,10,Round 10,0,1753486500,0623186e,d2c2c998,16,9,final,,playhq,1786503411828
amnd-winter-2025-primary-4,36334a16,10,Round 10,0,1753486500,bdcaf769,708a42aa,15,23,final,,playhq,1786503411828
amnd-winter-2025-primary-4,b1b481da,10,Round 10,0,1753486500,f08f64a2,e7bc528f,33,8,final,,playhq,1786503411828
amnd-winter-2025-primary-4,cb475a41,10,Round 10,0,1753486500,b171bbf9,4f8a0239,18,10,final,,playhq,1786503411828
amnd-winter-2025-primary-4,16efae42,11,Round 11,0,1754091300,4f8a0239,f08f64a2,14,24,final,,playhq,1786503411828
amnd-winter-2025-primary-4,4398b76c,11,Round 11,0,1754091300,e7bc528f,bdcaf769,18,29,final,,playhq,1786503411828
amnd-winter-2025-primary-4,8652ea92,11,Round 11,0,1754091300,708a42aa,0623186e,36,11,final,,playhq,1786503411828
amnd-winter-2025-primary-4,8d567c30,11,Round 11,0,1754091300,d2c2c998,b171bbf9,10,12,final,,playhq,1786503411828
amnd-winter-2025-primary-4,16af02f2,12,Round 12,0,1754696100,f08f64a2,d2c2c998,23,17,final,,playhq,1786503411828
amnd-winter-2025-primary-4,a7e451e3,12,Round 12,0,1754696100,0623186e,bdcaf769,5,33,final,,playhq,1786503411828
amnd-winter-2025-primary-4,e4633256,12,Round 12,0,1754696100,b171bbf9,708a42aa,11,21,final,,playhq,1786503411828
amnd-winter-2025-primary-4,ef7dcb6b,12,Round 12,0,1754696100,4f8a0239,e7bc528f,27,12,final,,playhq,1786503411828
amnd-winter-2025-primary-4,1b8bb75c,13,Round 13,0,1755905700,e7bc528f,0623186e,11,8,final,,playhq,1786503411828
amnd-winter-2025-primary-4,2383a850,13,Round 13,0,1755905700,708a42aa,f08f64a2,20,27,final,,playhq,1786503411828
amnd-winter-2025-primary-4,bab560bd,13,Round 13,0,1755905700,d2c2c998,4f8a0239,12,21,final,,playhq,1786503411828
amnd-winter-2025-primary-4,fda0a5f9,13,Round 13,0,1755905700,bdcaf769,b171bbf9,25,23,final,,playhq,1786503411828
amnd-winter-2025-primary-4,06b79763,14,Round 14,0,1756510500,f08f64a2,bdcaf769,23,14,final,,playhq,1786503411828
amnd-winter-2025-primary-4,26b4d5d7,14,Round 14,0,1756510500,4f8a0239,708a42aa,9,37,final,,playhq,1786503411828
amnd-winter-2025-primary-4,854b4366,14,Round 14,0,1756510500,d2c2c998,e7bc528f,23,8,final,,playhq,1786503411828
amnd-winter-2025-primary-4,a2d1b8df,14,Round 14,0,1756510500,b171bbf9,0623186e,19,5,final,,playhq,1786503411828
amnd-winter-2025-primary-4,45395cb9,15,Qualifying Final,1,1757115300,f08f64a2,bdcaf769,16,26,final,,playhq,1786503411828
amnd-winter-2025-primary-4,7db3c302,15,Elimination Final,1,1757115300,708a42aa,b171bbf9,22,13,final,,playhq,1786503411828
amnd-winter-2025-primary-4,fa5adba8,16,Preliminary Final,1,1757720100,f08f64a2,708a42aa,33,17,final,,playhq,1786503411828
amnd-winter-2025-primary-4,118bbeb7,17,Grand Final,1,1758324900,bdcaf769,f08f64a2,23,22,final,,playhq,1786503411828
amnd-winter-2025-primary-5a,9ac2876a,1,Round 1,0,1744414500,4a119859,91ca018d,0,27,final,,playhq,1786503411862
amnd-winter-2025-primary-5a,b39d6a48,1,Round 1,0,1744414500,bdcaf769,3382cfdd,25,3,final,,playhq,1786503411862
amnd-winter-2025-primary-5a,e10109e7,1,Round 1,0,1744414500,52e7b128,3d2c3097,35,5,final,,playhq,1786503411862
amnd-winter-2025-primary-5a,422430b2,2,Round 2,0,1746228900,3d2c3097,4a119859,7,1,final,,playhq,1786503411862
amnd-winter-2025-primary-5a,4a5289e2,2,Round 2,0,1746228900,3382cfdd,52e7b128,4,24,final,,playhq,1786503411862
amnd-winter-2025-primary-5a,f8472ad8,2,Round 2,0,1746228900,91ca018d,bdcaf769,9,25,final,,playhq,1786503411862
amnd-winter-2025-primary-5a,638c3170,3,Round 3,0,1746833700,4a119859,3382cfdd,0,21,final,,playhq,1786503411862
amnd-winter-2025-primary-5a,bcecb263,3,Round 3,0,1746833700,bdcaf769,52e7b128,28,10,final,,playhq,1786503411862
amnd-winter-2025-primary-5a,ecf4715f,3,Round 3,0,1746833700,91ca018d,3d2c3097,23,9,final,,playhq,1786503411862
amnd-winter-2025-primary-5a,069ec2e2,4,Round 4,0,1747438500,52e7b128,4a119859,36,2,final,,playhq,1786503411862
amnd-winter-2025-primary-5a,1ededac9,4,Round 4,0,1747438500,3d2c3097,bdcaf769,3,42,final,,playhq,1786503411862
amnd-winter-2025-primary-5a,81ba2850,4,Round 4,0,1747438500,3382cfdd,91ca018d,15,8,final,,playhq,1786503411862
amnd-winter-2025-primary-5a,d1e97361,5,Round 5,0,1748043300,3d2c3097,3382cfdd,9,16,final,,playhq,1786503411862
amnd-winter-2025-primary-5a,e78a1d95,5,Round 5,0,1748043300,5388e3d8,0630752c,21,5,final,,playhq,1786503411862
amnd-winter-2025-primary-5a,fc78b9f6,5,Round 5,0,1748043300,91ca018d,52e7b128,17,22,final,,playhq,1786503411862
amnd-winter-2025-primary-5a,2c478005,6,Round 6,0,1750462500,3d2c3097,52e7b128,13,32,final,,playhq,1786503411862
amnd-winter-2025-primary-5a,37e31c00,6,Round 6,0,1750462500,3382cfdd,5388e3d8,4,19,final,,playhq,1786503411862
amnd-winter-2025-primary-5a,dfd6ab1a,6,Round 6,0,1750462500,91ca018d,0630752c,15,24,final,,playhq,1786503411862
amnd-winter-2025-primary-5a,00ad2887,7,Round 7,0,1751067300,52e7b128,3382cfdd,18,5,final,,playhq,1786503411862
amnd-winter-2025-primary-5a,b66ee175,7,Round 7,0,1751067300,5388e3d8,91ca018d,16,11,final,,playhq,1786503411862
amnd-winter-2025-primary-5a,e3f0658b,7,Round 7,0,1751067300,0630752c,3d2c3097,28,14,final,,playhq,1786503411862
amnd-winter-2025-primary-5a,383ed7c3,8,Round 8,0,1751672100,52e7b128,5388e3d8,19,24,final,,playhq,1786503411862
amnd-winter-2025-primary-5a,689f967a,8,Round 8,0,1751672100,3d2c3097,91ca018d,12,38,final,,playhq,1786503411862
amnd-winter-2025-primary-5a,d6f38563,8,Round 8,0,1751672100,3382cfdd,0630752c,6,10,final,,playhq,1786503411862
amnd-winter-2025-primary-5a,9a04924d,9,Round 9,0,1752881700,0630752c,52e7b128,11,25,final,,playhq,1786503411862
amnd-winter-2025-primary-5a,dbf4d4e7,9,Round 9,0,1752881700,91ca018d,3382cfdd,21,8,final,,playhq,1786503411862
amnd-winter-2025-primary-5a,ec0b2dd4,9,Round 9,0,1752881700,5388e3d8,3d2c3097,28,5,final,,playhq,1786503411862
amnd-winter-2025-primary-5a,66642fba,10,Round 10,0,1753486500,3382cfdd,3d2c3097,23,12,final,,playhq,1786503411862
amnd-winter-2025-primary-5a,7d9cdc3a,10,Round 10,0,1753486500,0630752c,5388e3d8,16,14,final,,playhq,1786503411862
amnd-winter-2025-primary-5a,96b40200,10,Round 10,0,1753486500,52e7b128,91ca018d,18,24,final,,playhq,1786503411862
amnd-winter-2025-primary-5a,6b8e3254,11,Round 11,0,1754091300,52e7b128,3d2c3097,53,15,final,,playhq,1786503411862
amnd-winter-2025-primary-5a,876a10ba,11,Round 11,0,1754091300,0630752c,91ca018d,11,22,final,,playhq,1786503411862
amnd-winter-2025-primary-5a,bd2d8eb5,11,Round 11,0,1754091300,5388e3d8,3382cfdd,24,8,final,,playhq,1786503411862
amnd-winter-2025-primary-5a,0080bfcd,12,Round 12,0,1754696100,3382cfdd,52e7b128,7,25,final,,playhq,1786503411862
amnd-winter-2025-primary-5a,7b3e8ad8,12,Round 12,0,1754696100,3d2c3097,0630752c,6,40,final,,playhq,1786503411862
amnd-winter-2025-primary-5a,ab60d0fd,12,Round 12,0,1754696100,91ca018d,5388e3d8,17,34,final,,playhq,1786503411862
amnd-winter-2025-primary-5a,0c6d12a6,13,Round 13,0,1755905700,0630752c,3382cfdd,27,1,final,,playhq,1786503411862
amnd-winter-2025-primary-5a,0e1e7dd8,13,Round 13,0,1755905700,5388e3d8,52e7b128,11,17,final,,playhq,1786503411862
amnd-winter-2025-primary-5a,f2b777f0,13,Round 13,0,1755905700,91ca018d,3d2c3097,28,10,final,,playhq,1786503411862
amnd-winter-2025-primary-5a,69b73398,14,Round 14,0,1756510500,52e7b128,0630752c,16,21,final,,playhq,1786503411862
amnd-winter-2025-primary-5a,a67ac3bf,14,Round 14,0,1756510500,3382cfdd,91ca018d,5,26,final,,playhq,1786503411862
amnd-winter-2025-primary-5a,afc30c0a,14,Round 14,0,1756510500,3d2c3097,5388e3d8,10,31,final,,playhq,1786503411862
amnd-winter-2025-primary-5a,8ea05d92,15,Elimination Final,1,1757115300,91ca018d,5388e3d8,29,25,final,,playhq,1786503411862
amnd-winter-2025-primary-5a,f7638fb1,15,Qualifying Final,1,1757115300,0630752c,52e7b128,22,15,final,,playhq,1786503411862
amnd-winter-2025-primary-5a,bf28a16f,16,Preliminary Final,1,1757720100,52e7b128,91ca018d,26,17,final,,playhq,1786503411862
amnd-winter-2025-primary-5a,3d91ceab,17,Grand Final,1,1758324900,0630752c,52e7b128,9,23,final,,playhq,1786503411862
amnd-winter-2025-primary-5b,6c81b8e7,1,Round 1,0,1744414500,f8e21d0a,0630752c,14,23,final,,playhq,1786503412169
amnd-winter-2025-primary-5b,93e6cc4b,1,Round 1,0,1744414500,daadd1ce,edf3ea8e,14,7,final,,playhq,1786503412169
amnd-winter-2025-primary-5b,969534da,1,Round 1,0,1744414500,6753fd4d,edebc3f8,5,9,final,,playhq,1786503412169
amnd-winter-2025-primary-5b,937f8ec3,2,Round 2,0,1746228900,edebc3f8,daadd1ce,12,4,final,,playhq,1786503412169
amnd-winter-2025-primary-5b,a77b5080,2,Round 2,0,1746228900,edf3ea8e,f8e21d0a,5,22,final,,playhq,1786503412169
amnd-winter-2025-primary-5b,af287c2b,2,Round 2,0,1746228900,0630752c,6753fd4d,19,9,final,,playhq,1786503412169
amnd-winter-2025-primary-5b,3cc75098,3,Round 3,0,1746833700,daadd1ce,0630752c,4,25,final,,playhq,1786503412169
amnd-winter-2025-primary-5b,8c210261,3,Round 3,0,1746833700,f8e21d0a,6753fd4d,13,4,final,,playhq,1786503412169
amnd-winter-2025-primary-5b,b5e90a45,3,Round 3,0,1746833700,edf3ea8e,edebc3f8,9,18,final,,playhq,1786503412169
amnd-winter-2025-primary-5b,6296ba53,4,Round 4,0,1747438500,6753fd4d,daadd1ce,10,14,final,,playhq,1786503412169
amnd-winter-2025-primary-5b,6f21a7b5,4,Round 4,0,1747438500,0630752c,edf3ea8e,20,6,final,,playhq,1786503412169
amnd-winter-2025-primary-5b,8634628e,4,Round 4,0,1747438500,edebc3f8,f8e21d0a,0,7,final,,playhq,1786503412169
amnd-winter-2025-primary-5b,07688729,5,Round 5,0,1748043300,edf3ea8e,6753fd4d,5,12,final,,playhq,1786503412169
amnd-winter-2025-primary-5b,bdeab356,5,Round 5,0,1748043300,46d1d468,997d637e,24,4,final,,playhq,1786503412169
amnd-winter-2025-primary-5b,c02d9cc5,5,Round 5,0,1748043300,edebc3f8,4a119859,29,1,final,,playhq,1786503412169
amnd-winter-2025-primary-5b,c0377cc2,5,Round 5,0,1748043300,f8e21d0a,daadd1ce,10,8,final,,playhq,1786503412169
amnd-winter-2025-primary-5b,03ee90aa,6,Round 6,0,1750462500,6753fd4d,edebc3f8,2,13,final,,playhq,1786503412169
amnd-winter-2025-primary-5b,17a2f8e2,6,Round 6,0,1750462500,4a119859,46d1d468,1,29,final,,playhq,1786503412169
amnd-winter-2025-primary-5b,ddfbcade,6,Round 6,0,1750462500,daadd1ce,edf3ea8e,18,9,final,,playhq,1786503412169
amnd-winter-2025-primary-5b,ef74737e,6,Round 6,0,1750462500,997d637e,f8e21d0a,0,38,final,,playhq,1786503412169
amnd-winter-2025-primary-5b,04b1bffa,7,Round 7,0,1751067300,f8e21d0a,edf3ea8e,24,4,final,,playhq,1786503412169
amnd-winter-2025-primary-5b,5312a351,7,Round 7,0,1751067300,46d1d468,6753fd4d,21,5,final,,playhq,1786503412169
amnd-winter-2025-primary-5b,63d09ceb,7,Round 7,0,1751067300,edebc3f8,daadd1ce,9,4,final,,playhq,1786503412169
amnd-winter-2025-primary-5b,671897ee,7,Round 7,0,1751067300,997d637e,4a119859,5,7,final,,playhq,1786503412169
amnd-winter-2025-primary-5b,556e076a,8,Round 8,0,1751672100,edebc3f8,edf3ea8e,26,8,final,,playhq,1786503412169
amnd-winter-2025-primary-5b,ac330d51,8,Round 8,0,1751672100,46d1d468,daadd1ce,16,9,final,,playhq,1786503412169
amnd-winter-2025-primary-5b,bb9aa799,8,Round 8,0,1751672100,997d637e,6753fd4d,13,7,final,,playhq,1786503412169
amnd-winter-2025-primary-5b,e59f62f2,8,Round 8,0,1751672100,4a119859,f8e21d0a,1,33,final,,playhq,1786503412169
amnd-winter-2025-primary-5b,659df3bc,9,Round 9,0,1752881700,edf3ea8e,46d1d468,7,31,final,,playhq,1786503412169
amnd-winter-2025-primary-5b,a23e6bbe,9,Round 9,0,1752881700,6753fd4d,4a119859,10,1,final,,playhq,1786503412169
amnd-winter-2025-primary-5b,d379c63a,9,Round 9,0,1752881700,daadd1ce,997d637e,18,6,final,,playhq,1786503412169
amnd-winter-2025-primary-5b,e9fc4aa6,9,Round 9,0,1752881700,f8e21d0a,edebc3f8,13,10,final,,playhq,1786503412169
amnd-winter-2025-primary-5b,0eddd9e0,10,Round 10,0,1753486500,997d637e,edf3ea8e,5,15,final,,playhq,1786503412169
amnd-winter-2025-primary-5b,3ceaeabd,10,Round 10,0,1753486500,4a119859,daadd1ce,1,21,final,,playhq,1786503412169
amnd-winter-2025-primary-5b,90c098e2,10,Round 10,0,1753486500,46d1d468,edebc3f8,17,14,final,,playhq,1786503412169
amnd-winter-2025-primary-5b,b349bb8c,10,Round 10,0,1753486500,6753fd4d,f8e21d0a,7,19,final,,playhq,1786503412169
amnd-winter-2025-primary-5b,47b33b13,11,Round 11,0,1754091300,edf3ea8e,4a119859,27,0,final,,playhq,1786503412169
amnd-winter-2025-primary-5b,c7ce2dc1,11,Round 11,0,1754091300,daadd1ce,6753fd4d,10,9,final,,playhq,1786503412169
amnd-winter-2025-primary-5b,cba016c3,11,Round 11,0,1754091300,f8e21d0a,46d1d468,10,31,final,,playhq,1786503412169
amnd-winter-2025-primary-5b,f5b25758,11,Round 11,0,1754091300,edebc3f8,997d637e,27,4,final,,playhq,1786503412169
amnd-winter-2025-primary-5b,748a540b,12,Round 12,0,1754696100,6753fd4d,edf3ea8e,7,16,final,,playhq,1786503412169
amnd-winter-2025-primary-5b,abc07a82,12,Round 12,0,1754696100,4a119859,edebc3f8,0,26,final,,playhq,1786503412169
amnd-winter-2025-primary-5b,b65f1203,12,Round 12,0,1754696100,daadd1ce,f8e21d0a,15,7,final,,playhq,1786503412169
amnd-winter-2025-primary-5b,c8e3ac73,12,Round 12,0,1754696100,997d637e,46d1d468,6,36,final,,playhq,1786503412169
amnd-winter-2025-primary-5b,496184f4,13,Round 13,0,1755905700,46d1d468,4a119859,39,1,final,,playhq,1786503412169
amnd-winter-2025-primary-5b,829785ea,13,Round 13,0,1755905700,edf3ea8e,daadd1ce,14,16,final,,playhq,1786503412169
amnd-winter-2025-primary-5b,865bec73,13,Round 13,0,1755905700,f8e21d0a,997d637e,21,4,final,,playhq,1786503412169
amnd-winter-2025-primary-5b,f17fc7d4,13,Round 13,0,1755905700,edebc3f8,6753fd4d,29,5,final,,playhq,1786503412169
amnd-winter-2025-primary-5b,1d0229de,14,Round 14,0,1756510500,4a119859,997d637e,3,12,final,,playhq,1786503412169
amnd-winter-2025-primary-5b,2e5141d8,14,Round 14,0,1756510500,6753fd4d,46d1d468,7,39,final,,playhq,1786503412169
amnd-winter-2025-primary-5b,a5626d4f,14,Round 14,0,1756510500,daadd1ce,edebc3f8,8,8,final,,playhq,1786503412169
amnd-winter-2025-primary-5b,ac7f8f3d,14,Round 14,0,1756510500,edf3ea8e,f8e21d0a,4,21,final,,playhq,1786503412169
amnd-winter-2025-primary-5b,13ed46a1,15,Elimination Final,1,1757115300,edebc3f8,daadd1ce,16,1,final,,playhq,1786503412169
amnd-winter-2025-primary-5b,7e8332a2,15,Qualifying Final,1,1757115300,46d1d468,f8e21d0a,15,14,final,,playhq,1786503412169
amnd-winter-2025-primary-5b,09448fd1,16,Preliminary Final,1,1757720100,f8e21d0a,edebc3f8,17,9,final,,playhq,1786503412169
amnd-winter-2025-primary-5b,15b5ca42,17,Grand Final,1,1758324900,46d1d468,f8e21d0a,23,12,final,,playhq,1786503412169
amnd-winter-2025-primary-6,28aaf4b8,1,Round 1,0,1744414500,10d58bcc,8acd23d5,25,1,final,,playhq,1786503411836
amnd-winter-2025-primary-6,523bc997,1,Round 1,0,1744414500,9daeeb21,46d1d468,2,38,final,,playhq,1786503411836
amnd-winter-2025-primary-6,8b565716,1,Round 1,0,1744414500,0852636d,f0d633ec,15,7,final,,playhq,1786503411836
amnd-winter-2025-primary-6,c0136e67,1,Round 1,0,1744414500,8014e8b4,ecf75f79,4,6,final,,playhq,1786503411836
amnd-winter-2025-primary-6,13d2ebb4,2,Round 2,0,1746228900,8acd23d5,8014e8b4,7,16,final,,playhq,1786503411836
amnd-winter-2025-primary-6,3120e74f,2,Round 2,0,1746228900,ecf75f79,9daeeb21,11,6,final,,playhq,1786503411836
amnd-winter-2025-primary-6,5af84cfd,2,Round 2,0,1746228900,46d1d468,0852636d,14,9,final,,playhq,1786503411836
amnd-winter-2025-primary-6,83dbf2d5,2,Round 2,0,1746228900,f0d633ec,10d58bcc,9,14,final,,playhq,1786503411836
amnd-winter-2025-primary-6,5d384b74,3,Round 3,0,1746833700,0852636d,ecf75f79,11,3,final,,playhq,1786503411836
amnd-winter-2025-primary-6,8db50f51,3,Round 3,0,1746833700,8acd23d5,f0d633ec,7,8,final,,playhq,1786503411836
amnd-winter-2025-primary-6,8f945956,3,Round 3,0,1746833700,8014e8b4,9daeeb21,9,2,final,,playhq,1786503411836
amnd-winter-2025-primary-6,c9496e0f,3,Round 3,0,1746833700,10d58bcc,46d1d468,7,17,final,,playhq,1786503411836
amnd-winter-2025-primary-6,2125f090,4,Round 4,0,1747438500,ecf75f79,10d58bcc,6,11,final,,playhq,1786503411836
amnd-winter-2025-primary-6,4bed721a,4,Round 4,0,1747438500,9daeeb21,0852636d,11,26,final,,playhq,1786503411836
amnd-winter-2025-primary-6,97ce6bbb,4,Round 4,0,1747438500,46d1d468,8acd23d5,41,9,final,,playhq,1786503411836
amnd-winter-2025-primary-6,b1e3eae1,4,Round 4,0,1747438500,f0d633ec,8014e8b4,6,2,final,,playhq,1786503411836
amnd-winter-2025-primary-6,1cc2db4e,5,Round 5,0,1748043300,8014e8b4,0852636d,4,15,final,,playhq,1786503411836
amnd-winter-2025-primary-6,32b0e5a5,5,Round 5,0,1748043300,ee65e354,ecf75f79,4,13,final,,playhq,1786503411836
amnd-winter-2025-primary-6,d60eb247,5,Round 5,0,1748043300,f0d633ec,32a7f7eb,18,6,final,,playhq,1786503411836
amnd-winter-2025-primary-6,ffdd04bf,5,Round 5,0,1748043300,10d58bcc,7cd64d8a,13,4,final,,playhq,1786503411836
amnd-winter-2025-primary-6,1f886dc9,6,Round 6,0,1750462500,ecf75f79,f0d633ec,3,12,final,,playhq,1786503411836
amnd-winter-2025-primary-6,624d5aef,6,Round 6,0,1750462500,0852636d,10d58bcc,7,11,final,,playhq,1786503411836
amnd-winter-2025-primary-6,9f20b6bb,6,Round 6,0,1750462500,7cd64d8a,ee65e354,10,8,final,,playhq,1786503411836
amnd-winter-2025-primary-6,a37e4fae,6,Round 6,0,1750462500,32a7f7eb,8014e8b4,5,23,final,,playhq,1786503411836
amnd-winter-2025-primary-6,0861d206,7,Round 7,0,1751067300,8014e8b4,10d58bcc,7,17,final,,playhq,1786503411836
amnd-winter-2025-primary-6,1f13720e,7,Round 7,0,1751067300,ee65e354,0852636d,6,18,final,,playhq,1786503411836
amnd-winter-2025-primary-6,34148157,7,Round 7,0,1751067300,f0d633ec,7cd64d8a,15,3,final,,playhq,1786503411836
amnd-winter-2025-primary-6,fe12b2a0,7,Round 7,0,1751067300,32a7f7eb,ecf75f79,6,13,final,,playhq,1786503411836
amnd-winter-2025-primary-6,65639db0,8,Round 8,0,1751672100,32a7f7eb,7cd64d8a,14,14,final,,playhq,1786503411836
amnd-winter-2025-primary-6,6f6b31db,8,Round 8,0,1751672100,f0d633ec,0852636d,11,21,final,,playhq,1786503411836
amnd-winter-2025-primary-6,b08ea5e8,8,Round 8,0,1751672100,ecf75f79,8014e8b4,8,8,final,,playhq,1786503411836
amnd-winter-2025-primary-6,efddfdd0,8,Round 8,0,1751672100,ee65e354,10d58bcc,0,20,final,,playhq,1786503411836
amnd-winter-2025-primary-6,25df3f4f,9,Round 9,0,1752881700,10d58bcc,f0d633ec,23,10,final,,playhq,1786503411836
amnd-winter-2025-primary-6,60d92db9,9,Round 9,0,1752881700,7cd64d8a,ecf75f79,9,4,final,,playhq,1786503411836
amnd-winter-2025-primary-6,6d205b07,9,Round 9,0,1752881700,8014e8b4,ee65e354,15,11,final,,playhq,1786503411836
amnd-winter-2025-primary-6,d31358cc,9,Round 9,0,1752881700,0852636d,32a7f7eb,22,3,final,,playhq,1786503411836
amnd-winter-2025-primary-6,14e90f86,10,Round 10,0,1753486500,ecf75f79,0852636d,11,14,final,,playhq,1786503411836
amnd-winter-2025-primary-6,3741c8d3,10,Round 10,0,1753486500,32a7f7eb,10d58bcc,2,25,final,,playhq,1786503411836
amnd-winter-2025-primary-6,3bea92b0,10,Round 10,0,1753486500,f0d633ec,ee65e354,15,4,final,,playhq,1786503411836
amnd-winter-2025-primary-6,4bb6b726,10,Round 10,0,1753486500,7cd64d8a,8014e8b4,12,7,final,,playhq,1786503411836
amnd-winter-2025-primary-6,18fbf88a,11,Round 11,0,1754091300,10d58bcc,ecf75f79,26,2,final,,playhq,1786503411836
amnd-winter-2025-primary-6,487a2787,11,Round 11,0,1754091300,8014e8b4,f0d633ec,16,7,final,,playhq,1786503411836
amnd-winter-2025-primary-6,795fc6dc,11,Round 11,0,1754091300,0852636d,7cd64d8a,25,10,final,,playhq,1786503411836
amnd-winter-2025-primary-6,8618da36,11,Round 11,0,1754091300,ee65e354,32a7f7eb,12,20,final,,playhq,1786503411836
amnd-winter-2025-primary-6,506596a4,12,Round 12,0,1754696100,32a7f7eb,f0d633ec,12,12,final,,playhq,1786503411836
amnd-winter-2025-primary-6,9aaaf893,12,Round 12,0,1754696100,0852636d,8014e8b4,20,5,final,,playhq,1786503411836
amnd-winter-2025-primary-6,9f71d868,12,Round 12,0,1754696100,7cd64d8a,10d58bcc,6,23,final,,playhq,1786503411836
amnd-winter-2025-primary-6,e17c3fa0,12,Round 12,0,1754696100,ecf75f79,ee65e354,30,10,final,,playhq,1786503411836
amnd-winter-2025-primary-6,2f5e0464,13,Round 13,0,1755905700,f0d633ec,ecf75f79,13,4,final,,playhq,1786503411836
amnd-winter-2025-primary-6,4c636430,13,Round 13,0,1755905700,8014e8b4,32a7f7eb,19,9,final,,playhq,1786503411836
amnd-winter-2025-primary-6,a03c50de,13,Round 13,0,1755905700,ee65e354,7cd64d8a,14,13,final,,playhq,1786503411836
amnd-winter-2025-primary-6,e5139372,13,Round 13,0,1755905700,10d58bcc,0852636d,22,9,final,,playhq,1786503411836
amnd-winter-2025-primary-6,4ff40706,14,Round 14,0,1756510500,0852636d,ee65e354,23,4,final,,playhq,1786503411836
amnd-winter-2025-primary-6,92e94cc0,14,Round 14,0,1756510500,7cd64d8a,f0d633ec,10,23,final,,playhq,1786503411836
amnd-winter-2025-primary-6,ab679147,14,Round 14,0,1756510500,10d58bcc,8014e8b4,10,8,final,,playhq,1786503411836
amnd-winter-2025-primary-6,c23fd90f,14,Round 14,0,1756510500,ecf75f79,32a7f7eb,15,15,final,,playhq,1786503411836
amnd-winter-2025-primary-6,29652aec,15,Elimination Final,1,1757115300,f0d633ec,7cd64d8a,21,8,final,,playhq,1786503411836
amnd-winter-2025-primary-6,488255e4,15,Qualifying Final,1,1757115300,10d58bcc,0852636d,11,12,final,,playhq,1786503411836
amnd-winter-2025-primary-6,8d368447,16,Preliminary Final,1,1757720100,10d58bcc,f0d633ec,10,15,final,,playhq,1786503411836
amnd-winter-2025-primary-6,cd5d862e,17,Grand Final,1,1758324900,0852636d,f0d633ec,12,20,final,,playhq,1786503411836
amnd-winter-2025-primary-7,2f65bff6,1,Round 1,0,1744414500,0628ea5e,6cc5a8b0,4,7,final,,playhq,1786503411847
amnd-winter-2025-primary-7,6191cc3b,1,Round 1,0,1744414500,95fa3f56,7cd64d8a,4,12,final,,playhq,1786503411847
amnd-winter-2025-primary-7,d2579a37,1,Round 1,0,1744414500,ee65e354,2d8f38d5,20,4,final,,playhq,1786503411847
amnd-winter-2025-primary-7,df74284e,1,Round 1,0,1744414500,4f135539,a0aa1650,11,1,final,,playhq,1786503411847
amnd-winter-2025-primary-7,132ee5bd,2,Round 2,0,1746228900,2d8f38d5,4f135539,7,2,final,,playhq,1786503411847
amnd-winter-2025-primary-7,7ef092b9,2,Round 2,0,1746228900,a0aa1650,0628ea5e,0,15,final,,playhq,1786503411847
amnd-winter-2025-primary-7,8226d544,2,Round 2,0,1746228900,7cd64d8a,ee65e354,9,9,final,,playhq,1786503411847
amnd-winter-2025-primary-7,bd7964e4,2,Round 2,0,1746228900,6cc5a8b0,95fa3f56,6,15,final,,playhq,1786503411847
amnd-winter-2025-primary-7,0093d6d1,3,Round 3,0,1746833700,ee65e354,4f135539,10,7,final,,playhq,1786503411847
amnd-winter-2025-primary-7,118b4bde,3,Round 3,0,1746833700,95fa3f56,a0aa1650,24,11,final,,playhq,1786503411847
amnd-winter-2025-primary-7,c888bcee,3,Round 3,0,1746833700,0628ea5e,2d8f38d5,9,11,final,,playhq,1786503411847
amnd-winter-2025-primary-7,f505d3f4,3,Round 3,0,1746833700,7cd64d8a,6cc5a8b0,23,5,final,,playhq,1786503411847
amnd-winter-2025-primary-7,c56d9ffb,4,Round 4,0,1747438500,a0aa1650,7cd64d8a,7,18,final,,playhq,1786503411847
amnd-winter-2025-primary-7,daccb64f,4,Round 4,0,1747438500,2d8f38d5,95fa3f56,12,11,final,,playhq,1786503411847
amnd-winter-2025-primary-7,decae4e3,4,Round 4,0,1747438500,4f135539,0628ea5e,6,9,final,,playhq,1786503411847
amnd-winter-2025-primary-7,df8e809c,4,Round 4,0,1747438500,6cc5a8b0,ee65e354,7,28,final,,playhq,1786503411847
amnd-winter-2025-primary-7,01f5a09e,5,Round 5,0,1748043300,95fa3f56,4f135539,14,4,final,,playhq,1786503411847
amnd-winter-2025-primary-7,0ff5b0af,5,Round 5,0,1748043300,9daeeb21,2d8f38d5,16,5,final,,playhq,1786503411847
amnd-winter-2025-primary-7,11105bff,5,Round 5,0,1748043300,6cc5a8b0,a0aa1650,11,2,final,,playhq,1786503411847
amnd-winter-2025-primary-7,d07b90ba,5,Round 5,0,1748043300,8acd23d5,0628ea5e,8,2,final,,playhq,1786503411847
amnd-winter-2025-primary-7,06e8e265,6,Round 6,0,1750462500,4f135539,9daeeb21,15,8,final,,playhq,1786503411847
amnd-winter-2025-primary-7,07dc3b1c,6,Round 6,0,1750462500,a0aa1650,8acd23d5,10,18,final,,playhq,1786503411847
amnd-winter-2025-primary-7,0ff03bc7,6,Round 6,0,1750462500,0628ea5e,95fa3f56,15,9,final,,playhq,1786503411847
amnd-winter-2025-primary-7,a276876c,6,Round 6,0,1750462500,2d8f38d5,6cc5a8b0,11,12,final,,playhq,1786503411847
amnd-winter-2025-primary-7,6345ab3a,7,Round 7,0,1751067300,9daeeb21,0628ea5e,10,10,final,,playhq,1786503411847
amnd-winter-2025-primary-7,7a5865e6,7,Round 7,0,1751067300,8acd23d5,95fa3f56,10,17,final,,playhq,1786503411847
amnd-winter-2025-primary-7,a3277ae3,7,Round 7,0,1751067300,a0aa1650,2d8f38d5,4,10,final,,playhq,1786503411847
amnd-winter-2025-primary-7,c5f55e9d,7,Round 7,0,1751067300,6cc5a8b0,4f135539,12,5,final,,playhq,1786503411847
amnd-winter-2025-primary-7,1c608dfd,8,Round 8,0,1751672100,a0aa1650,4f135539,3,13,final,,playhq,1786503411847
amnd-winter-2025-primary-7,479d0803,8,Round 8,0,1751672100,6cc5a8b0,0628ea5e,16,9,final,,playhq,1786503411847
amnd-winter-2025-primary-7,6638b6e3,8,Round 8,0,1751672100,2d8f38d5,8acd23d5,7,11,final,,playhq,1786503411847
amnd-winter-2025-primary-7,a6c8b0c6,8,Round 8,0,1751672100,9daeeb21,95fa3f56,18,23,final,,playhq,1786503411847
amnd-winter-2025-primary-7,2ddf6efe,9,Round 9,0,1752881700,0628ea5e,a0aa1650,9,8,final,,playhq,1786503411847
amnd-winter-2025-primary-7,4ec3a38b,9,Round 9,0,1752881700,4f135539,2d8f38d5,8,12,final,,playhq,1786503411847
amnd-winter-2025-primary-7,72daafbc,9,Round 9,0,1752881700,95fa3f56,6cc5a8b0,18,15,final,,playhq,1786503411847
amnd-winter-2025-primary-7,c1d027cf,9,Round 9,0,1752881700,8acd23d5,9daeeb21,8,12,final,,playhq,1786503411847
amnd-winter-2025-primary-7,1047d578,10,Round 10,0,1753486500,4f135539,8acd23d5,7,15,final,,playhq,1786503411847
amnd-winter-2025-primary-7,701697f1,10,Round 10,0,1753486500,2d8f38d5,0628ea5e,3,19,final,,playhq,1786503411847
amnd-winter-2025-primary-7,9f691b10,10,Round 10,0,1753486500,a0aa1650,95fa3f56,2,21,final,,playhq,1786503411847
amnd-winter-2025-primary-7,c8cc51b3,10,Round 10,0,1753486500,6cc5a8b0,9daeeb21,11,27,final,,playhq,1786503411847
amnd-winter-2025-primary-7,4ef1219c,11,Round 11,0,1754091300,9daeeb21,a0aa1650,32,7,final,,playhq,1786503411847
amnd-winter-2025-primary-7,4f798ab7,11,Round 11,0,1754091300,95fa3f56,2d8f38d5,13,8,final,,playhq,1786503411847
amnd-winter-2025-primary-7,99482ffd,11,Round 11,0,1754091300,0628ea5e,4f135539,24,2,final,,playhq,1786503411847
amnd-winter-2025-primary-7,b235cb39,11,Round 11,0,1754091300,8acd23d5,6cc5a8b0,14,8,final,,playhq,1786503411847
amnd-winter-2025-primary-7,9ec130b1,12,Round 12,0,1754696100,2d8f38d5,9daeeb21,8,14,final,,playhq,1786503411847
amnd-winter-2025-primary-7,d84ebe1c,12,Round 12,0,1754696100,4f135539,95fa3f56,3,13,final,,playhq,1786503411847
amnd-winter-2025-primary-7,da5fb086,12,Round 12,0,1754696100,a0aa1650,6cc5a8b0,16,18,final,,playhq,1786503411847
amnd-winter-2025-primary-7,fdc68253,12,Round 12,0,1754696100,0628ea5e,8acd23d5,9,20,final,,playhq,1786503411847
amnd-winter-2025-primary-7,2f44070f,13,Round 13,0,1755905700,8acd23d5,a0aa1650,23,12,final,,playhq,1786503411847
amnd-winter-2025-primary-7,5a8f8995,13,Round 13,0,1755905700,95fa3f56,0628ea5e,11,11,final,,playhq,1786503411847
amnd-winter-2025-primary-7,8e6ab466,13,Round 13,0,1755905700,6cc5a8b0,2d8f38d5,19,14,final,,playhq,1786503411847
amnd-winter-2025-primary-7,efbcbe03,13,Round 13,0,1755905700,9daeeb21,4f135539,19,3,final,,playhq,1786503411847
amnd-winter-2025-primary-7,1e2e04e0,14,Round 14,0,1756510500,95fa3f56,8acd23d5,10,21,final,,playhq,1786503411847
amnd-winter-2025-primary-7,7e38663f,14,Round 14,0,1756510500,0628ea5e,9daeeb21,10,25,final,,playhq,1786503411847
amnd-winter-2025-primary-7,aee3ae8a,14,Round 14,0,1756510500,2d8f38d5,a0aa1650,17,2,final,,playhq,1786503411847
amnd-winter-2025-primary-7,cad57cf1,14,Round 14,0,1756510500,4f135539,6cc5a8b0,6,12,final,,playhq,1786503411847
amnd-winter-2025-primary-7,95aaf8e7,15,Elimination Final,1,1757115300,6cc5a8b0,9daeeb21,15,26,final,,playhq,1786503411847
amnd-winter-2025-primary-7,cb405b98,15,Qualifying Final,1,1757115300,95fa3f56,8acd23d5,16,13,final,,playhq,1786503411847
amnd-winter-2025-primary-7,54734b5e,16,Preliminary Final,1,1757720100,8acd23d5,9daeeb21,16,19,final,,playhq,1786503411847
amnd-winter-2025-primary-7,e08edb09,17,Grand Final,1,1758324900,95fa3f56,9daeeb21,17,28,final,,playhq,1786503411847
amnd-winter-2025-sub-junior-1,4267ce20,1,Round 1,0,1744418400,e5827acd,6aa0f189,31,21,final,,playhq,1786503411847
amnd-winter-2025-sub-junior-1,edb955fd,1,Round 1,0,1744418400,434af61c,d0ba1fd7,36,14,final,,playhq,1786503411847
amnd-winter-2025-sub-junior-1,f48b89f5,1,Round 1,0,1744418400,74f382c2,c96e502d,18,12,final,,playhq,1786503411847
amnd-winter-2025-sub-junior-1,10946036,2,Round 2,0,1746232800,d0ba1fd7,e5827acd,4,37,final,,playhq,1786503411847
amnd-winter-2025-sub-junior-1,210e89dc,2,Round 2,0,1746232800,6aa0f189,74f382c2,13,32,final,,playhq,1786503411847
amnd-winter-2025-sub-junior-1,b22b6e61,2,Round 2,0,1746232800,c96e502d,434af61c,16,19,final,,playhq,1786503411847
amnd-winter-2025-sub-junior-1,4b046b77,3,Round 3,0,1746837600,74f382c2,434af61c,32,17,final,,playhq,1786503411847
amnd-winter-2025-sub-junior-1,c78e2025,3,Round 3,0,1746837600,6aa0f189,d0ba1fd7,28,18,final,,playhq,1786503411847
amnd-winter-2025-sub-junior-1,fb906eea,3,Round 3,0,1746837600,e5827acd,c96e502d,31,18,final,,playhq,1786503411847
amnd-winter-2025-sub-junior-1,1e41bd90,4,Round 4,0,1747442400,434af61c,e5827acd,14,30,final,,playhq,1786503411847
amnd-winter-2025-sub-junior-1,c783ca0e,4,Round 4,0,1747442400,d0ba1fd7,74f382c2,9,37,final,,playhq,1786503411847
amnd-winter-2025-sub-junior-1,d491954b,4,Round 4,0,1747442400,c96e502d,6aa0f189,25,26,final,,playhq,1786503411847
amnd-winter-2025-sub-junior-1,58d192b1,5,Round 5,0,1748047200,74f382c2,e5827acd,16,26,final,,playhq,1786503411847
amnd-winter-2025-sub-junior-1,c8ffd00b,5,Round 5,0,1748047200,d0ba1fd7,c96e502d,12,29,final,,playhq,1786503411847
amnd-winter-2025-sub-junior-1,d31337f0,5,Round 5,0,1748047200,6aa0f189,434af61c,33,30,final,,playhq,1786503411847
amnd-winter-2025-sub-junior-1,393521ca,6,Round 6,0,1750466400,d0ba1fd7,434af61c,17,22,final,,playhq,1786503411847
amnd-winter-2025-sub-junior-1,54dde83c,6,Round 6,0,1750466400,c96e502d,74f382c2,29,17,final,,playhq,1786503411847
amnd-winter-2025-sub-junior-1,a25e0c2b,6,Round 6,0,1750466400,6aa0f189,e5827acd,12,35,final,,playhq,1786503411847
amnd-winter-2025-sub-junior-1,7ce07925,7,Round 7,0,1751071200,e5827acd,d0ba1fd7,44,13,final,,playhq,1786503411847
amnd-winter-2025-sub-junior-1,cc421abf,7,Round 7,0,1751071200,74f382c2,6aa0f189,22,26,final,,playhq,1786503411847
amnd-winter-2025-sub-junior-1,cfd41341,7,Round 7,0,1751071200,434af61c,c96e502d,16,31,final,,playhq,1786503411847
amnd-winter-2025-sub-junior-1,5fc5dde9,8,Round 8,0,1751676000,434af61c,74f382c2,20,31,final,,playhq,1786503411847
amnd-winter-2025-sub-junior-1,6a7f4aa4,8,Round 8,0,1751676000,c96e502d,e5827acd,12,23,final,,playhq,1786503411847
amnd-winter-2025-sub-junior-1,f46c9845,8,Round 8,0,1751676000,d0ba1fd7,6aa0f189,12,30,final,,playhq,1786503411847
amnd-winter-2025-sub-junior-1,1b7463ca,9,Round 9,0,1752885600,e5827acd,434af61c,36,14,final,,playhq,1786503411847
amnd-winter-2025-sub-junior-1,7e292fc0,9,Round 9,0,1752885600,6aa0f189,c96e502d,28,34,final,,playhq,1786503411847
amnd-winter-2025-sub-junior-1,8a237ff5,9,Round 9,0,1752885600,74f382c2,d0ba1fd7,30,17,final,,playhq,1786503411847
amnd-winter-2025-sub-junior-1,1d41c139,10,Round 10,0,1753490400,e5827acd,74f382c2,24,25,final,,playhq,1786503411847
amnd-winter-2025-sub-junior-1,2a71e3d3,10,Round 10,0,1753490400,c96e502d,d0ba1fd7,24,14,final,,playhq,1786503411847
amnd-winter-2025-sub-junior-1,efb9f459,10,Round 10,0,1753490400,434af61c,6aa0f189,35,34,final,,playhq,1786503411847
amnd-winter-2025-sub-junior-1,22a90457,11,Round 11,0,1754095200,434af61c,d0ba1fd7,24,16,final,,playhq,1786503411847
amnd-winter-2025-sub-junior-1,36e5507f,11,Round 11,0,1754095200,e5827acd,6aa0f189,34,18,final,,playhq,1786503411847
amnd-winter-2025-sub-junior-1,d0631c7e,11,Round 11,0,1754095200,74f382c2,c96e502d,36,29,final,,playhq,1786503411847
amnd-winter-2025-sub-junior-1,2e187782,12,Round 12,0,1754700000,6aa0f189,74f382c2,21,31,final,,playhq,1786503411847
amnd-winter-2025-sub-junior-1,75c29f62,12,Round 12,0,1754700000,d0ba1fd7,e5827acd,13,26,final,,playhq,1786503411847
amnd-winter-2025-sub-junior-1,f8ed895a,12,Round 12,0,1754700000,c96e502d,434af61c,31,17,final,,playhq,1786503411847
amnd-winter-2025-sub-junior-1,64e5eac3,13,Round 13,0,1755909600,e5827acd,c96e502d,26,16,final,,playhq,1786503411847
amnd-winter-2025-sub-junior-1,6821d96b,13,Round 13,0,1755909600,6aa0f189,d0ba1fd7,32,15,final,,playhq,1786503411847
amnd-winter-2025-sub-junior-1,cb560e0d,13,Round 13,0,1755909600,74f382c2,434af61c,30,19,final,,playhq,1786503411847
amnd-winter-2025-sub-junior-1,06acadee,14,Round 14,0,1756514400,c96e502d,6aa0f189,14,28,final,,playhq,1786503411847
amnd-winter-2025-sub-junior-1,4bc777fd,14,Round 14,0,1756514400,434af61c,e5827acd,12,42,final,,playhq,1786503411847
amnd-winter-2025-sub-junior-1,74d41781,14,Round 14,0,1756514400,d0ba1fd7,74f382c2,9,31,final,,playhq,1786503411847
amnd-winter-2025-sub-junior-1,5dab430d,15,Elimination Final,1,1757119200,6aa0f189,c96e502d,29,24,final,,playhq,1786503411847
amnd-winter-2025-sub-junior-1,e02a67f5,15,Qualifying Final,1,1757119200,e5827acd,74f382c2,32,23,final,,playhq,1786503411847
amnd-winter-2025-sub-junior-1,d61c3df3,16,Preliminary Final,1,1757724000,74f382c2,6aa0f189,33,25,final,,playhq,1786503411847
amnd-winter-2025-sub-junior-1,eebfbcf0,17,Grand Final,1,1758328800,e5827acd,74f382c2,24,22,final,,playhq,1786503411847
amnd-winter-2025-sub-junior-2,0b949278,1,Round 1,0,1744418400,85448503,92044f36,29,20,final,,playhq,1786503412174
amnd-winter-2025-sub-junior-2,ac362fcb,1,Round 1,0,1744418400,bcff7c9f,58a5160e,20,26,final,,playhq,1786503412174
amnd-winter-2025-sub-junior-2,b23eef42,1,Round 1,0,1744418400,c2558a63,55db95b9,19,38,final,,playhq,1786503412174
amnd-winter-2025-sub-junior-2,fceb7224,1,Round 1,0,1744418400,3717b5ad,5ea916df,10,26,final,,playhq,1786503412174
amnd-winter-2025-sub-junior-2,00345323,2,Round 2,0,1746232800,58a5160e,3717b5ad,25,14,final,,playhq,1786503412174
amnd-winter-2025-sub-junior-2,3a591b98,2,Round 2,0,1746232800,5ea916df,c2558a63,16,42,final,,playhq,1786503412174
amnd-winter-2025-sub-junior-2,d59a3245,2,Round 2,0,1746232800,55db95b9,85448503,23,31,final,,playhq,1786503412174
amnd-winter-2025-sub-junior-2,f6437ee9,2,Round 2,0,1746232800,92044f36,bcff7c9f,22,15,final,,playhq,1786503412174
amnd-winter-2025-sub-junior-2,0a0e2271,3,Round 3,0,1746837600,c2558a63,85448503,21,32,final,,playhq,1786503412174
amnd-winter-2025-sub-junior-2,74cb2c99,3,Round 3,0,1746837600,3717b5ad,92044f36,10,43,final,,playhq,1786503412174
amnd-winter-2025-sub-junior-2,89582baf,3,Round 3,0,1746837600,bcff7c9f,55db95b9,15,21,final,,playhq,1786503412174
amnd-winter-2025-sub-junior-2,c32531ed,3,Round 3,0,1746837600,5ea916df,58a5160e,23,22,final,,playhq,1786503412174
amnd-winter-2025-sub-junior-2,1e86c578,4,Round 4,0,1747442400,92044f36,5ea916df,37,13,final,,playhq,1786503412174
amnd-winter-2025-sub-junior-2,a3341749,4,Round 4,0,1747442400,58a5160e,c2558a63,6,39,final,,playhq,1786503412174
amnd-winter-2025-sub-junior-2,fc98b032,4,Round 4,0,1747442400,85448503,bcff7c9f,39,11,final,,playhq,1786503412174
amnd-winter-2025-sub-junior-2,ffff6669,4,Round 4,0,1747442400,55db95b9,3717b5ad,32,18,final,,playhq,1786503412174
amnd-winter-2025-sub-junior-2,4f8c5ced,5,Round 5,0,1748047200,58a5160e,92044f36,4,35,final,,playhq,1786503412174
amnd-winter-2025-sub-junior-2,88bc425c,5,Round 5,0,1748047200,c2558a63,7fbcb927,33,38,final,,playhq,1786503412174
amnd-winter-2025-sub-junior-2,b8d9e288,5,Round 5,0,1748047200,5ea916df,55db95b9,16,24,final,,playhq,1786503412174
amnd-winter-2025-sub-junior-2,fbc922ee,5,Round 5,0,1748047200,423f369c,85448503,31,20,final,,playhq,1786503412174
amnd-winter-2025-sub-junior-2,160c90a9,6,Round 6,0,1750466400,85448503,5ea916df,44,19,final,,playhq,1786503412174
amnd-winter-2025-sub-junior-2,58050453,6,Round 6,0,1750466400,7fbcb927,423f369c,37,26,final,,playhq,1786503412174
amnd-winter-2025-sub-junior-2,5a73c9a8,6,Round 6,0,1750466400,55db95b9,58a5160e,29,21,final,,playhq,1786503412174
amnd-winter-2025-sub-junior-2,73a56dc3,6,Round 6,0,1750466400,92044f36,c2558a63,36,20,final,,playhq,1786503412174
amnd-winter-2025-sub-junior-2,188fa344,7,Round 7,0,1751071200,5ea916df,7fbcb927,16,32,final,,playhq,1786503412174
amnd-winter-2025-sub-junior-2,4367d891,7,Round 7,0,1751071200,58a5160e,85448503,16,43,final,,playhq,1786503412174
amnd-winter-2025-sub-junior-2,472b375b,7,Round 7,0,1751071200,92044f36,55db95b9,26,17,final,,playhq,1786503412174
amnd-winter-2025-sub-junior-2,d9490322,7,Round 7,0,1751071200,c2558a63,423f369c,15,40,final,,playhq,1786503412174
amnd-winter-2025-sub-junior-2,1127b0bc,8,Round 8,0,1751676000,5ea916df,423f369c,15,40,final,,playhq,1786503412174
amnd-winter-2025-sub-junior-2,b0fd626c,8,Round 8,0,1751679900,55db95b9,c2558a63,33,24,final,,playhq,1786503412174
amnd-winter-2025-sub-junior-2,bf79f91e,8,Round 8,0,1751679900,58a5160e,7fbcb927,16,38,final,,playhq,1786503412174
amnd-winter-2025-sub-junior-2,e84fe3fd,8,Round 8,0,1751679900,92044f36,85448503,18,28,final,,playhq,1786503412174
amnd-winter-2025-sub-junior-2,30e74e25,9,Round 9,0,1752885600,85448503,55db95b9,38,15,final,,playhq,1786503412174
amnd-winter-2025-sub-junior-2,64d825c2,9,Round 9,0,1752885600,423f369c,58a5160e,30,14,final,,playhq,1786503412174
amnd-winter-2025-sub-junior-2,8d42efb7,9,Round 9,0,1752885600,7fbcb927,92044f36,26,19,final,,playhq,1786503412174
amnd-winter-2025-sub-junior-2,d8795a7d,9,Round 9,0,1752885600,c2558a63,5ea916df,32,21,final,,playhq,1786503412174
amnd-winter-2025-sub-junior-2,18e257a6,10,Round 10,0,1753490400,92044f36,423f369c,33,28,final,,playhq,1786503412174
amnd-winter-2025-sub-junior-2,a6a59b09,10,Round 10,0,1753490400,85448503,c2558a63,39,20,final,,playhq,1786503412174
amnd-winter-2025-sub-junior-2,ce9ba966,10,Round 10,0,1753490400,58a5160e,5ea916df,27,14,final,,playhq,1786503412174
amnd-winter-2025-sub-junior-2,fbf4660f,10,Round 10,0,1753490400,55db95b9,7fbcb927,19,31,final,,playhq,1786503412174
amnd-winter-2025-sub-junior-2,1e9df6fc,11,Round 11,0,1754095200,c2558a63,58a5160e,43,14,final,,playhq,1786503412174
amnd-winter-2025-sub-junior-2,6f296d32,11,Round 11,0,1754095200,5ea916df,92044f36,19,41,final,,playhq,1786503412174
amnd-winter-2025-sub-junior-2,9f607bb3,11,Round 11,0,1754095200,423f369c,55db95b9,34,22,final,,playhq,1786503412174
amnd-winter-2025-sub-junior-2,ee2c4906,11,Round 11,0,1754095200,7fbcb927,85448503,26,38,final,,playhq,1786503412174
amnd-winter-2025-sub-junior-2,3d60cc09,12,Round 12,0,1754700000,85448503,423f369c,39,13,final,,playhq,1786503412174
amnd-winter-2025-sub-junior-2,74a2f7bc,12,Round 12,0,1754700000,7fbcb927,c2558a63,24,26,final,,playhq,1786503412174
amnd-winter-2025-sub-junior-2,80ef65dc,12,Round 12,0,1754700000,55db95b9,5ea916df,25,24,final,,playhq,1786503412174
amnd-winter-2025-sub-junior-2,813e0cd4,12,Round 12,0,1754700000,92044f36,58a5160e,36,19,final,,playhq,1786503412174
amnd-winter-2025-sub-junior-2,13b463bc,13,Round 13,0,1755909600,c2558a63,92044f36,29,23,final,,playhq,1786503412174
amnd-winter-2025-sub-junior-2,75732651,13,Round 13,0,1755909600,58a5160e,55db95b9,20,27,final,,playhq,1786503412174
amnd-winter-2025-sub-junior-2,cb6f9a76,13,Round 13,0,1755909600,5ea916df,85448503,20,45,final,,playhq,1786503412174
amnd-winter-2025-sub-junior-2,fcaea044,13,Round 13,0,1755909600,423f369c,7fbcb927,29,27,final,,playhq,1786503412174
amnd-winter-2025-sub-junior-2,2658f24e,14,Round 14,0,1756514400,7fbcb927,5ea916df,30,23,final,,playhq,1786503412174
amnd-winter-2025-sub-junior-2,30f420aa,14,Round 14,0,1756514400,55db95b9,92044f36,19,31,final,,playhq,1786503412174
amnd-winter-2025-sub-junior-2,922ab7ab,14,Round 14,0,1756514400,423f369c,c2558a63,38,21,final,,playhq,1786503412174
amnd-winter-2025-sub-junior-2,98acb64d,14,Round 14,0,1756514400,85448503,58a5160e,33,17,final,,playhq,1786503412174
amnd-winter-2025-sub-junior-2,494364ef,15,Elimination Final,1,1757119200,92044f36,7fbcb927,26,35,final,,playhq,1786503412174
amnd-winter-2025-sub-junior-2,ce520116,15,Qualifying Final,1,1757119200,85448503,423f369c,19,39,final,,playhq,1786503412174
amnd-winter-2025-sub-junior-2,8ff26cce,16,Preliminary Final,1,1757724000,85448503,7fbcb927,45,26,final,,playhq,1786503412174
amnd-winter-2025-sub-junior-2,31bfb9ef,17,Grand Final,1,1758328800,423f369c,85448503,25,31,final,,playhq,1786503412174
amnd-winter-2025-sub-junior-3,68d59e3e,1,Round 1,0,1744418400,536d360c,d9ae74c5,17,28,final,,playhq,1786503412356
amnd-winter-2025-sub-junior-3,e5d4715d,1,Round 1,0,1744418400,b6796feb,977659ae,26,20,final,,playhq,1786503412356
amnd-winter-2025-sub-junior-3,e65fd16e,1,Round 1,0,1744418400,423f369c,c35c9536,34,24,final,,playhq,1786503412356
amnd-winter-2025-sub-junior-3,edf3ea84,1,Round 1,0,1744418400,7fbcb927,f17b1b51,46,17,final,,playhq,1786503412356
amnd-winter-2025-sub-junior-3,1422fac3,2,Round 2,0,1746232800,d9ae74c5,b6796feb,33,7,final,,playhq,1786503412356
amnd-winter-2025-sub-junior-3,46071159,2,Round 2,0,1746232800,c35c9536,536d360c,24,22,final,,playhq,1786503412356
amnd-winter-2025-sub-junior-3,a962be18,2,Round 2,0,1746232800,977659ae,7fbcb927,11,41,final,,playhq,1786503412356
amnd-winter-2025-sub-junior-3,b130b323,2,Round 2,0,1746232800,f17b1b51,423f369c,16,37,final,,playhq,1786503412356
amnd-winter-2025-sub-junior-3,9fcee606,3,Round 3,0,1746837600,977659ae,d9ae74c5,15,41,final,,playhq,1786503412356
amnd-winter-2025-sub-junior-3,a4ef2e98,3,Round 3,0,1746837600,b6796feb,c35c9536,23,27,final,,playhq,1786503412356
amnd-winter-2025-sub-junior-3,ac1dc28e,3,Round 3,0,1746837600,536d360c,f17b1b51,18,39,final,,playhq,1786503412356
amnd-winter-2025-sub-junior-3,acc60bdd,3,Round 3,0,1746837600,7fbcb927,423f369c,31,36,final,,playhq,1786503412356
amnd-winter-2025-sub-junior-3,16014c70,4,Round 4,0,1747442400,423f369c,536d360c,46,10,final,,playhq,1786503412356
amnd-winter-2025-sub-junior-3,24044c1f,4,Round 4,0,1747442400,f17b1b51,b6796feb,41,16,final,,playhq,1786503412356
amnd-winter-2025-sub-junior-3,8dc9641d,4,Round 4,0,1747442400,d9ae74c5,7fbcb927,14,36,final,,playhq,1786503412356
amnd-winter-2025-sub-junior-3,c68545af,4,Round 4,0,1747442400,c35c9536,977659ae,28,22,final,,playhq,1786503412356
amnd-winter-2025-sub-junior-3,1ab95e38,5,Round 5,0,1748047200,b6796feb,3717b5ad,8,19,final,,playhq,1786503412356
amnd-winter-2025-sub-junior-3,878f1d2d,5,Round 5,0,1748047200,977659ae,f17b1b51,19,48,final,,playhq,1786503412356
amnd-winter-2025-sub-junior-3,8bb47a25,5,Round 5,0,1748047200,d9ae74c5,c35c9536,16,19,final,,playhq,1786503412356
amnd-winter-2025-sub-junior-3,8c0f2b92,5,Round 5,0,1748047200,bcff7c9f,536d360c,25,19,final,,playhq,1786503412356
amnd-winter-2025-sub-junior-3,0b6f3842,6,Round 6,0,1750466400,3717b5ad,977659ae,19,17,final,,playhq,1786503412356
amnd-winter-2025-sub-junior-3,30348ce7,6,Round 6,0,1750466400,c35c9536,bcff7c9f,31,27,final,,playhq,1786503412356
amnd-winter-2025-sub-junior-3,3f081e76,6,Round 6,0,1750466400,f17b1b51,d9ae74c5,26,27,final,,playhq,1786503412356
amnd-winter-2025-sub-junior-3,80ddca36,6,Round 6,0,1750466400,536d360c,b6796feb,18,21,final,,playhq,1786503412356
amnd-winter-2025-sub-junior-3,49e55a89,7,Round 7,0,1751075100,bcff7c9f,b6796feb,28,10,final,,playhq,1786503412356
amnd-winter-2025-sub-junior-3,8a63e5ce,7,Round 7,0,1751071200,c35c9536,f17b1b51,31,25,final,,playhq,1786503412356
amnd-winter-2025-sub-junior-3,9e79f100,7,Round 7,0,1751071200,d9ae74c5,3717b5ad,19,7,final,,playhq,1786503412356
amnd-winter-2025-sub-junior-3,f45ebdc2,7,Round 7,0,1751075100,977659ae,536d360c,15,17,final,,playhq,1786503412356
amnd-winter-2025-sub-junior-3,2eb0c2ad,8,Round 8,0,1751676000,d9ae74c5,536d360c,36,12,final,,playhq,1786503412356
amnd-winter-2025-sub-junior-3,30e8e211,8,Round 8,0,1751676000,977659ae,b6796feb,28,21,final,,playhq,1786503412356
amnd-winter-2025-sub-junior-3,8896b035,8,Round 8,0,1751676000,c35c9536,3717b5ad,29,22,final,,playhq,1786503412356
amnd-winter-2025-sub-junior-3,c231cbed,8,Round 8,0,1751676000,f17b1b51,bcff7c9f,27,30,final,,playhq,1786503412356
amnd-winter-2025-sub-junior-3,010b5098,9,Round 9,0,1752885600,b6796feb,d9ae74c5,11,27,final,,playhq,1786503412356
amnd-winter-2025-sub-junior-3,137dbfe1,9,Round 9,0,1752885600,3717b5ad,f17b1b51,28,19,final,,playhq,1786503412356
amnd-winter-2025-sub-junior-3,190a1d5a,9,Round 9,0,1752885600,bcff7c9f,977659ae,32,12,final,,playhq,1786503412356
amnd-winter-2025-sub-junior-3,b2af71f1,9,Round 9,0,1752885600,536d360c,c35c9536,19,33,final,,playhq,1786503412356
amnd-winter-2025-sub-junior-3,15134875,10,Round 10,0,1753490400,f17b1b51,536d360c,30,24,final,,playhq,1786503412356
amnd-winter-2025-sub-junior-3,600c2530,10,Round 10,0,1753490400,c35c9536,b6796feb,29,18,final,,playhq,1786503412356
amnd-winter-2025-sub-junior-3,9d6a4e7b,10,Round 10,0,1753490400,d9ae74c5,977659ae,39,8,final,,playhq,1786503412356
amnd-winter-2025-sub-junior-3,bfa52273,10,Round 10,0,1753490400,3717b5ad,bcff7c9f,13,21,final,,playhq,1786503412356
amnd-winter-2025-sub-junior-3,4cee3b99,11,Round 11,0,1754095200,536d360c,3717b5ad,31,14,final,,playhq,1786503412356
amnd-winter-2025-sub-junior-3,972fec83,11,Round 11,0,1754095200,bcff7c9f,d9ae74c5,29,33,final,,playhq,1786503412356
amnd-winter-2025-sub-junior-3,d09942c4,11,Round 11,0,1754095200,b6796feb,f17b1b51,24,41,final,,playhq,1786503412356
amnd-winter-2025-sub-junior-3,ed11416b,11,Round 11,0,1754095200,977659ae,c35c9536,19,35,final,,playhq,1786503412356
amnd-winter-2025-sub-junior-3,814bf20b,12,Round 12,0,1754700000,536d360c,bcff7c9f,13,28,final,,playhq,1786503412356
amnd-winter-2025-sub-junior-3,91a680a6,12,Round 12,0,1754700000,c35c9536,d9ae74c5,22,35,final,,playhq,1786503412356
amnd-winter-2025-sub-junior-3,b472c07b,12,Round 12,0,1754700000,3717b5ad,b6796feb,30,12,final,,playhq,1786503412356
amnd-winter-2025-sub-junior-3,db5ad2b6,12,Round 12,0,1754700000,f17b1b51,977659ae,58,12,final,,playhq,1786503412356
amnd-winter-2025-sub-junior-3,4e4abc31,13,Round 13,0,1755909600,d9ae74c5,f17b1b51,29,36,final,,playhq,1786503412356
amnd-winter-2025-sub-junior-3,c08d7c31,13,Round 13,0,1755909600,bcff7c9f,c35c9536,30,30,final,,playhq,1786503412356
amnd-winter-2025-sub-junior-3,dc2f74de,13,Round 13,0,1755909600,b6796feb,536d360c,18,31,final,,playhq,1786503412356
amnd-winter-2025-sub-junior-3,e7c4d951,13,Round 13,0,1755909600,977659ae,3717b5ad,16,20,final,,playhq,1786503412356
amnd-winter-2025-sub-junior-3,3613265f,14,Round 14,0,1756514400,3717b5ad,d9ae74c5,15,29,final,,playhq,1786503412356
amnd-winter-2025-sub-junior-3,71fdad2d,14,Round 14,0,1756514400,536d360c,977659ae,23,22,final,,playhq,1786503412356
amnd-winter-2025-sub-junior-3,a2709394,14,Round 14,0,1756514400,f17b1b51,c35c9536,30,24,final,,playhq,1786503412356
amnd-winter-2025-sub-junior-3,e5711b96,14,Round 14,0,1756514400,b6796feb,bcff7c9f,17,34,final,,playhq,1786503412356
amnd-winter-2025-sub-junior-3,0cac8c0f,15,Qualifying Final,1,1757119200,d9ae74c5,c35c9536,20,19,final,,playhq,1786503412356
amnd-winter-2025-sub-junior-3,c086709d,15,Elimination Final,1,1757119200,f17b1b51,bcff7c9f,43,21,final,,playhq,1786503412356
amnd-winter-2025-sub-junior-3,8d39934d,16,Preliminary Final,1,1757724000,c35c9536,f17b1b51,31,33,final,,playhq,1786503412356
amnd-winter-2025-sub-junior-3,fd71bd4d,17,Grand Final,1,1758328800,d9ae74c5,f17b1b51,42,40,final,,playhq,1786503412356
amnd-winter-2025-sub-junior-4,3d3a12c6,1,Round 1,0,1744418400,bfa81af7,709fce2f,19,17,final,,playhq,1786503411867
amnd-winter-2025-sub-junior-4,cceb2795,1,Round 1,0,1744418400,e7b2827f,014c1ed4,12,31,final,,playhq,1786503411867
amnd-winter-2025-sub-junior-4,d20ea746,1,Round 1,0,1744418400,3cb6c1b2,998bacae,21,27,final,,playhq,1786503411867
amnd-winter-2025-sub-junior-4,e19e1277,1,Round 1,0,1744418400,5d5d307e,f937ccc5,16,26,final,,playhq,1786503411867
amnd-winter-2025-sub-junior-4,2857fcc4,2,Round 2,0,1746232800,014c1ed4,bfa81af7,20,25,final,,playhq,1786503411867
amnd-winter-2025-sub-junior-4,778e3280,2,Round 2,0,1746232800,f937ccc5,e7b2827f,24,11,final,,playhq,1786503411867
amnd-winter-2025-sub-junior-4,a91b4e1d,2,Round 2,0,1746232800,709fce2f,3cb6c1b2,18,20,final,,playhq,1786503411867
amnd-winter-2025-sub-junior-4,d56bd1de,2,Round 2,0,1746232800,998bacae,5d5d307e,18,15,final,,playhq,1786503411867
amnd-winter-2025-sub-junior-4,7dea4e74,3,Round 3,0,1746837600,014c1ed4,f937ccc5,22,25,final,,playhq,1786503411867
amnd-winter-2025-sub-junior-4,9402d272,3,Round 3,0,1746837600,e7b2827f,998bacae,19,23,final,,playhq,1786503411867
amnd-winter-2025-sub-junior-4,cb38d313,3,Round 3,0,1746837600,bfa81af7,3cb6c1b2,35,20,final,,playhq,1786503411867
amnd-winter-2025-sub-junior-4,edfb139c,3,Round 3,0,1746837600,5d5d307e,709fce2f,20,25,final,,playhq,1786503411867
amnd-winter-2025-sub-junior-4,814f2e0d,4,Round 4,0,1747442400,998bacae,014c1ed4,20,31,final,,playhq,1786503411867
amnd-winter-2025-sub-junior-4,d1a2feff,4,Round 4,0,1747442400,f937ccc5,bfa81af7,19,29,final,,playhq,1786503411867
amnd-winter-2025-sub-junior-4,da2a6505,4,Round 4,0,1747442400,3cb6c1b2,5d5d307e,25,22,final,,playhq,1786503411867
amnd-winter-2025-sub-junior-4,fe1f31d1,4,Round 4,0,1747442400,709fce2f,e7b2827f,22,14,final,,playhq,1786503411867
amnd-winter-2025-sub-junior-4,37948c68,5,Round 5,0,1748051100,f937ccc5,3cb6c1b2,18,28,final,,playhq,1786503411867
amnd-winter-2025-sub-junior-4,493056a4,5,Round 5,0,1748051100,bfa81af7,014c1ed4,30,21,final,,playhq,1786503411867
amnd-winter-2025-sub-junior-4,8cca0c4d,5,Round 5,0,1748051100,998bacae,709fce2f,17,12,final,,playhq,1786503411867
amnd-winter-2025-sub-junior-4,0fbee018,6,Round 6,0,1750466400,998bacae,3cb6c1b2,29,21,final,,playhq,1786503411867
amnd-winter-2025-sub-junior-4,2cd75468,6,Round 6,0,1750466400,709fce2f,bfa81af7,16,28,final,,playhq,1786503411867
amnd-winter-2025-sub-junior-4,9f8c9a6c,6,Round 6,0,1750466400,f937ccc5,014c1ed4,24,22,final,,playhq,1786503411867
amnd-winter-2025-sub-junior-4,2b07c63c,7,Round 7,0,1751071200,bfa81af7,f937ccc5,22,17,final,,playhq,1786503411867
amnd-winter-2025-sub-junior-4,3e6067b3,7,Round 7,0,1751071200,3cb6c1b2,709fce2f,20,18,final,,playhq,1786503411867
amnd-winter-2025-sub-junior-4,6a962e49,7,Round 7,0,1751071200,014c1ed4,998bacae,25,28,final,,playhq,1786503411867
amnd-winter-2025-sub-junior-4,29d93cf6,8,Round 8,0,1751676000,709fce2f,014c1ed4,24,29,final,,playhq,1786503411867
amnd-winter-2025-sub-junior-4,c9fde837,8,Round 8,0,1751676000,998bacae,f937ccc5,20,22,final,,playhq,1786503411867
amnd-winter-2025-sub-junior-4,d6d13017,8,Round 8,0,1751676000,3cb6c1b2,bfa81af7,16,33,final,,playhq,1786503411867
amnd-winter-2025-sub-junior-4,9c041b31,9,Round 9,0,1752885600,bfa81af7,998bacae,23,22,final,,playhq,1786503411867
amnd-winter-2025-sub-junior-4,af28f094,9,Round 9,0,1752885600,f937ccc5,709fce2f,11,16,final,,playhq,1786503411867
amnd-winter-2025-sub-junior-4,da680584,9,Round 9,0,1752885600,014c1ed4,3cb6c1b2,31,23,final,,playhq,1786503411867
amnd-winter-2025-sub-junior-4,78bee26a,10,Round 10,0,1753490400,709fce2f,998bacae,25,15,final,,playhq,1786503411867
amnd-winter-2025-sub-junior-4,8b8c491d,10,Round 10,0,1753490400,014c1ed4,bfa81af7,19,22,final,,playhq,1786503411867
amnd-winter-2025-sub-junior-4,c01d2ec8,10,Round 10,0,1753490400,3cb6c1b2,f937ccc5,24,30,final,,playhq,1786503411867
amnd-winter-2025-sub-junior-4,01921ab4,11,Round 11,0,1754095200,3cb6c1b2,998bacae,29,31,final,,playhq,1786503411867
amnd-winter-2025-sub-junior-4,936acc4b,11,Round 11,0,1754095200,014c1ed4,f937ccc5,18,31,final,,playhq,1786503411867
amnd-winter-2025-sub-junior-4,b7d07e2a,11,Round 11,0,1754095200,bfa81af7,709fce2f,24,26,final,,playhq,1786503411867
amnd-winter-2025-sub-junior-4,757c3f92,12,Round 12,0,1754700000,709fce2f,3cb6c1b2,17,23,final,,playhq,1786503411867
amnd-winter-2025-sub-junior-4,ac712cf9,12,Round 12,0,1754700000,998bacae,014c1ed4,23,25,final,,playhq,1786503411867
amnd-winter-2025-sub-junior-4,e1e532df,12,Round 12,0,1754700000,f937ccc5,bfa81af7,22,19,final,,playhq,1786503411867
amnd-winter-2025-sub-junior-4,5f32fffb,13,Round 13,0,1755909600,f937ccc5,998bacae,27,15,final,,playhq,1786503411867
amnd-winter-2025-sub-junior-4,89e99665,13,Round 13,0,1755909600,bfa81af7,3cb6c1b2,28,33,final,,playhq,1786503411867
amnd-winter-2025-sub-junior-4,a55670aa,13,Round 13,0,1755909600,014c1ed4,709fce2f,20,23,final,,playhq,1786503411867
amnd-winter-2025-sub-junior-4,3b68a30d,14,Round 14,0,1756518300,998bacae,bfa81af7,23,21,final,,playhq,1786503411867
amnd-winter-2025-sub-junior-4,43ac33d5,14,Round 14,0,1756518300,709fce2f,f937ccc5,18,18,final,,playhq,1786503411867
amnd-winter-2025-sub-junior-4,c10869b1,14,Round 14,0,1756518300,3cb6c1b2,014c1ed4,21,37,final,,playhq,1786503411867
amnd-winter-2025-sub-junior-4,b11fe452,15,Qualifying Final,1,1757119200,bfa81af7,f937ccc5,23,27,final,,playhq,1786503411867
amnd-winter-2025-sub-junior-4,bdf1f2d3,15,Elimination Final,1,1757119200,998bacae,709fce2f,29,17,final,,playhq,1786503411867
amnd-winter-2025-sub-junior-4,13eb28ec,16,Preliminary Final,1,1757724000,bfa81af7,998bacae,34,26,final,,playhq,1786503411867
amnd-winter-2025-sub-junior-4,4b344e5b,17,Grand Final,1,1758328800,f937ccc5,bfa81af7,26,28,final,,playhq,1786503411867
amnd-winter-2025-sub-junior-5,41109ff0,1,Round 1,0,1744418400,07ea57c4,c1710d14,33,11,final,,playhq,1786503411846
amnd-winter-2025-sub-junior-5,cf9cad74,1,Round 1,0,1744418400,99afad26,8ef3321d,30,16,final,,playhq,1786503411846
amnd-winter-2025-sub-junior-5,d7d53c62,1,Round 1,0,1744418400,ee490c5d,0637c0d0,26,25,final,,playhq,1786503411846
amnd-winter-2025-sub-junior-5,10e00929,2,Round 2,0,1746232800,c1710d14,99afad26,19,13,final,,playhq,1786503411846
amnd-winter-2025-sub-junior-5,96c8318e,2,Round 2,0,1746232800,8ef3321d,ee490c5d,23,11,final,,playhq,1786503411846
amnd-winter-2025-sub-junior-5,ab02f926,2,Round 2,0,1746232800,0637c0d0,07ea57c4,15,25,final,,playhq,1786503411846
amnd-winter-2025-sub-junior-5,49e9b797,3,Round 3,0,1746837600,07ea57c4,99afad26,17,17,final,,playhq,1786503411846
amnd-winter-2025-sub-junior-5,5406276e,3,Round 3,0,1746837600,0637c0d0,8ef3321d,16,17,final,,playhq,1786503411846
amnd-winter-2025-sub-junior-5,bafd293e,3,Round 3,0,1746837600,ee490c5d,c1710d14,21,44,final,,playhq,1786503411846
amnd-winter-2025-sub-junior-5,089dc93b,4,Round 4,0,1747442400,c1710d14,0637c0d0,22,19,final,,playhq,1786503411846
amnd-winter-2025-sub-junior-5,c0f12a5e,4,Round 4,0,1747442400,8ef3321d,07ea57c4,10,37,final,,playhq,1786503411846
amnd-winter-2025-sub-junior-5,c667469a,4,Round 4,0,1747442400,99afad26,ee490c5d,36,5,final,,playhq,1786503411846
amnd-winter-2025-sub-junior-5,c5782fc0,5,Round 5,0,1748047200,07ea57c4,ee490c5d,48,0,final,,playhq,1786503411846
amnd-winter-2025-sub-junior-5,dbab3713,5,Round 5,0,1748047200,8ef3321d,c1710d14,28,26,final,,playhq,1786503411846
amnd-winter-2025-sub-junior-5,e122054b,5,Round 5,0,1748047200,3b9537b4,99afad26,19,26,final,,playhq,1786503411846
amnd-winter-2025-sub-junior-5,e8a2104c,5,Round 5,0,1748047200,5d5d307e,e7b2827f,17,18,final,,playhq,1786503411846
amnd-winter-2025-sub-junior-5,0b1331a8,6,Round 6,0,1750466400,ee490c5d,3b9537b4,7,34,final,,playhq,1786503411846
amnd-winter-2025-sub-junior-5,4bd06274,6,Round 6,0,1750470300,99afad26,8ef3321d,28,15,final,,playhq,1786503411846
amnd-winter-2025-sub-junior-5,d7af13dd,6,Round 6,0,1750470300,c1710d14,5d5d307e,18,19,final,,playhq,1786503411846
amnd-winter-2025-sub-junior-5,e8864693,6,Round 6,0,1750470300,e7b2827f,07ea57c4,17,37,final,,playhq,1786503411846
amnd-winter-2025-sub-junior-5,244f6268,7,Round 7,0,1751071200,07ea57c4,3b9537b4,25,14,final,,playhq,1786503411846
amnd-winter-2025-sub-junior-5,756a81bd,7,Round 7,0,1751071200,5d5d307e,99afad26,9,32,final,,playhq,1786503411846
amnd-winter-2025-sub-junior-5,aba9fc2a,7,Round 7,0,1751071200,8ef3321d,ee490c5d,28,11,final,,playhq,1786503411846
amnd-winter-2025-sub-junior-5,d1c83df0,7,Round 7,0,1751071200,e7b2827f,c1710d14,14,15,final,,playhq,1786503411846
amnd-winter-2025-sub-junior-5,0d85154a,8,Round 8,0,1751676000,5d5d307e,ee490c5d,20,23,final,,playhq,1786503411846
amnd-winter-2025-sub-junior-5,63438b89,8,Round 8,0,1751676000,c1710d14,07ea57c4,11,45,final,,playhq,1786503411846
amnd-winter-2025-sub-junior-5,74bd7adf,8,Round 8,0,1751676000,8ef3321d,3b9537b4,21,10,final,,playhq,1786503411846
amnd-winter-2025-sub-junior-5,a9f3f9ce,8,Round 8,0,1751676000,e7b2827f,99afad26,10,29,final,,playhq,1786503411846
amnd-winter-2025-sub-junior-5,3ad8e025,9,Round 9,0,1752885600,99afad26,c1710d14,15,18,final,,playhq,1786503411846
amnd-winter-2025-sub-junior-5,4e9ba384,9,Round 9,0,1752885600,3b9537b4,5d5d307e,32,10,final,,playhq,1786503411846
amnd-winter-2025-sub-junior-5,8ff61155,9,Round 9,0,1752885600,07ea57c4,8ef3321d,26,13,final,,playhq,1786503411846
amnd-winter-2025-sub-junior-5,95eb8905,9,Round 9,0,1752885600,ee490c5d,e7b2827f,13,25,final,,playhq,1786503411846
amnd-winter-2025-sub-junior-5,3dd52f7b,10,Round 10,0,1753490400,c1710d14,ee490c5d,43,13,final,,playhq,1786503411846
amnd-winter-2025-sub-junior-5,a1a69c29,10,Round 10,0,1753490400,5d5d307e,8ef3321d,26,21,final,,playhq,1786503411846
amnd-winter-2025-sub-junior-5,ea012e30,10,Round 10,0,1753490400,e7b2827f,3b9537b4,9,19,final,,playhq,1786503411846
amnd-winter-2025-sub-junior-5,ed217691,10,Round 10,0,1753490400,99afad26,07ea57c4,11,25,final,,playhq,1786503411846
amnd-winter-2025-sub-junior-5,2afbad9d,11,Round 11,0,1754095200,3b9537b4,c1710d14,23,14,final,,playhq,1786503411846
amnd-winter-2025-sub-junior-5,337ccb3e,11,Round 11,0,1754095200,8ef3321d,e7b2827f,26,18,final,,playhq,1786503411846
amnd-winter-2025-sub-junior-5,9d65ac47,11,Round 11,0,1754095200,07ea57c4,5d5d307e,45,12,final,,playhq,1786503411846
amnd-winter-2025-sub-junior-5,bd14c77d,11,Round 11,0,1754095200,ee490c5d,99afad26,7,50,final,,playhq,1786503411846
amnd-winter-2025-sub-junior-5,57d98b52,12,Round 12,0,1754700000,ee490c5d,07ea57c4,5,40,final,,playhq,1786503411846
amnd-winter-2025-sub-junior-5,6e41ed45,12,Round 12,0,1754700000,99afad26,3b9537b4,21,23,final,,playhq,1786503411846
amnd-winter-2025-sub-junior-5,ae55b864,12,Round 12,0,1754700000,c1710d14,8ef3321d,28,20,final,,playhq,1786503411846
amnd-winter-2025-sub-junior-5,d07b0e56,12,Round 12,0,1754700000,e7b2827f,5d5d307e,12,18,final,,playhq,1786503411846
amnd-winter-2025-sub-junior-5,38623161,13,Round 13,0,1755913500,5d5d307e,c1710d14,14,29,final,,playhq,1786503411846
amnd-winter-2025-sub-junior-5,6dfa0f0b,13,Round 13,0,1755913500,07ea57c4,e7b2827f,45,14,final,,playhq,1786503411846
amnd-winter-2025-sub-junior-5,a711207f,13,Round 13,0,1755909600,3b9537b4,ee490c5d,43,5,final,,playhq,1786503411846
amnd-winter-2025-sub-junior-5,e036208a,13,Round 13,0,1755913500,8ef3321d,99afad26,18,31,final,,playhq,1786503411846
amnd-winter-2025-sub-junior-5,1e7ed77c,14,Round 14,0,1756514400,ee490c5d,8ef3321d,11,13,final,,playhq,1786503411846
amnd-winter-2025-sub-junior-5,33a0d85f,14,Round 14,0,1756514400,c1710d14,e7b2827f,40,14,final,,playhq,1786503411846
amnd-winter-2025-sub-junior-5,8152dcb7,14,Round 14,0,1756514400,99afad26,5d5d307e,27,12,final,,playhq,1786503411846
amnd-winter-2025-sub-junior-5,9d265e2a,14,Round 14,0,1756514400,3b9537b4,07ea57c4,13,26,final,,playhq,1786503411846
amnd-winter-2025-sub-junior-5,4597a5a5,15,Qualifying Final,1,1757119200,07ea57c4,3b9537b4,19,14,final,,playhq,1786503411846
amnd-winter-2025-sub-junior-5,e8b93fc9,15,Elimination Final,1,1757119200,99afad26,c1710d14,22,16,final,,playhq,1786503411846
amnd-winter-2025-sub-junior-5,30c16c59,16,Preliminary Final,1,1757724000,3b9537b4,99afad26,22,14,final,,playhq,1786503411846
amnd-winter-2025-sub-junior-5,bbfa4052,17,Grand Final,1,1758328800,07ea57c4,3b9537b4,23,13,final,,playhq,1786503411846
amnd-winter-2025-sub-junior-6a,05c6e733,1,Round 1,0,1744418400,989d7fd8,8dd80164,19,32,final,,playhq,1786503412199
amnd-winter-2025-sub-junior-6a,14eb099b,1,Round 1,0,1744418400,795aa03a,009e8de0,22,9,final,,playhq,1786503412199
amnd-winter-2025-sub-junior-6a,44dca693,1,Round 1,0,1744418400,f13733e1,4d63509e,22,15,final,,playhq,1786503412199
amnd-winter-2025-sub-junior-6a,a866d9d4,1,Round 1,0,1744418400,3b9537b4,fc44159e,28,12,final,,playhq,1786503412199
amnd-winter-2025-sub-junior-6a,0b83ef28,2,Round 2,0,1746232800,8dd80164,795aa03a,23,11,final,,playhq,1786503412199
amnd-winter-2025-sub-junior-6a,3130114a,2,Round 2,0,1746232800,fc44159e,f13733e1,21,21,final,,playhq,1786503412199
amnd-winter-2025-sub-junior-6a,4d936731,2,Round 2,0,1746232800,009e8de0,3b9537b4,2,30,final,,playhq,1786503412199
amnd-winter-2025-sub-junior-6a,ef83be8a,2,Round 2,0,1746232800,4d63509e,989d7fd8,15,30,final,,playhq,1786503412199
amnd-winter-2025-sub-junior-6a,22358bbd,3,Round 3,0,1746837600,3b9537b4,8dd80164,24,14,final,,playhq,1786503412199
amnd-winter-2025-sub-junior-6a,3b49020b,3,Round 3,0,1746837600,989d7fd8,795aa03a,24,15,final,,playhq,1786503412199
amnd-winter-2025-sub-junior-6a,990acd90,3,Round 3,0,1746837600,4d63509e,fc44159e,34,30,final,,playhq,1786503412199
amnd-winter-2025-sub-junior-6a,f2848012,3,Round 3,0,1746837600,f13733e1,009e8de0,18,12,final,,playhq,1786503412199
amnd-winter-2025-sub-junior-6a,7b346d78,4,Round 4,0,1747446300,009e8de0,4d63509e,12,34,final,,playhq,1786503412199
amnd-winter-2025-sub-junior-6a,87eaf81d,4,Round 4,0,1747442400,795aa03a,3b9537b4,8,31,final,,playhq,1786503412199
amnd-winter-2025-sub-junior-6a,b7e0245f,4,Round 4,0,1747446300,fc44159e,989d7fd8,24,40,final,,playhq,1786503412199
amnd-winter-2025-sub-junior-6a,f982b8d3,4,Round 4,0,1747446300,8dd80164,f13733e1,31,6,final,,playhq,1786503412199
amnd-winter-2025-sub-junior-6a,4e1c1f82,5,Round 5,0,1748047200,fc44159e,8f531450,12,28,final,,playhq,1786503412199
amnd-winter-2025-sub-junior-6a,6780b8f5,5,Round 5,0,1748047200,4d63509e,8dd80164,11,38,final,,playhq,1786503412199
amnd-winter-2025-sub-junior-6a,9bb0f499,5,Round 5,0,1748047200,989d7fd8,0637c0d0,19,8,final,,playhq,1786503412199
amnd-winter-2025-sub-junior-6a,9de29415,5,Round 5,0,1748047200,f13733e1,795aa03a,10,24,final,,playhq,1786503412199
amnd-winter-2025-sub-junior-6a,1cd47783,6,Round 6,0,1750466400,8f531450,989d7fd8,16,18,final,,playhq,1786503412199
amnd-winter-2025-sub-junior-6a,49af8220,6,Round 6,0,1750466400,795aa03a,4d63509e,23,12,final,,playhq,1786503412199
amnd-winter-2025-sub-junior-6a,b2a907da,6,Round 6,0,1750466400,8dd80164,fc44159e,32,32,final,,playhq,1786503412199
amnd-winter-2025-sub-junior-6a,cac931b7,6,Round 6,0,1750466400,0637c0d0,f13733e1,22,13,final,,playhq,1786503412199
amnd-winter-2025-sub-junior-6a,127d819e,7,Round 7,0,1751071200,4d63509e,0637c0d0,9,21,final,,playhq,1786503412199
amnd-winter-2025-sub-junior-6a,1728a1ee,7,Round 7,0,1751071200,8f531450,8dd80164,12,21,final,,playhq,1786503412199
amnd-winter-2025-sub-junior-6a,739d4aa5,7,Round 7,0,1751071200,989d7fd8,f13733e1,28,5,final,,playhq,1786503412199
amnd-winter-2025-sub-junior-6a,f2ea955c,7,Round 7,0,1751071200,fc44159e,795aa03a,11,20,final,,playhq,1786503412199
amnd-winter-2025-sub-junior-6a,697adc4e,8,Round 8,0,1751676000,fc44159e,0637c0d0,28,24,final,,playhq,1786503412199
amnd-winter-2025-sub-junior-6a,8cc8a6f6,8,Round 8,0,1751676000,8dd80164,989d7fd8,18,29,final,,playhq,1786503412199
amnd-winter-2025-sub-junior-6a,a78c36ec,8,Round 8,0,1751676000,4d63509e,f13733e1,28,19,final,,playhq,1786503412199
amnd-winter-2025-sub-junior-6a,d4a878d9,8,Round 8,0,1751676000,8f531450,795aa03a,12,10,final,,playhq,1786503412199
amnd-winter-2025-sub-junior-6a,403225a7,9,Round 9,0,1752885600,f13733e1,fc44159e,18,14,final,,playhq,1786503412199
amnd-winter-2025-sub-junior-6a,9f78af3a,9,Round 9,0,1752885600,795aa03a,8dd80164,17,15,final,,playhq,1786503412199
amnd-winter-2025-sub-junior-6a,cf6bb8a8,9,Round 9,0,1752885600,989d7fd8,4d63509e,40,14,final,,playhq,1786503412199
amnd-winter-2025-sub-junior-6a,eae52001,9,Round 9,0,1752885600,0637c0d0,8f531450,13,22,final,,playhq,1786503412199
amnd-winter-2025-sub-junior-6a,19e74322,10,Round 10,0,1753490400,8f531450,f13733e1,39,1,final,,playhq,1786503412199
amnd-winter-2025-sub-junior-6a,2e5f1a32,10,Round 10,0,1753490400,8dd80164,0637c0d0,31,21,final,,playhq,1786503412199
amnd-winter-2025-sub-junior-6a,6b62c09b,10,Round 10,0,1753490400,795aa03a,989d7fd8,24,20,final,,playhq,1786503412199
amnd-winter-2025-sub-junior-6a,98ceab4a,10,Round 10,0,1753490400,fc44159e,4d63509e,28,33,final,,playhq,1786503412199
amnd-winter-2025-sub-junior-6a,3e485c60,11,Round 11,0,1754095200,0637c0d0,795aa03a,12,17,final,,playhq,1786503412199
amnd-winter-2025-sub-junior-6a,70db0563,11,Round 11,0,1754095200,f13733e1,8dd80164,14,30,final,,playhq,1786503412199
amnd-winter-2025-sub-junior-6a,ddc5d575,11,Round 11,0,1754095200,989d7fd8,fc44159e,39,19,final,,playhq,1786503412199
amnd-winter-2025-sub-junior-6a,fe848e8e,11,Round 11,0,1754095200,4d63509e,8f531450,22,33,final,,playhq,1786503412199
amnd-winter-2025-sub-junior-6a,1034aea7,12,Round 12,0,1754703900,795aa03a,f13733e1,20,8,final,,playhq,1786503412199
amnd-winter-2025-sub-junior-6a,5e612722,12,Round 12,0,1754700000,8dd80164,4d63509e,28,29,final,,playhq,1786503412199
amnd-winter-2025-sub-junior-6a,8d6f93f8,12,Round 12,0,1754703900,0637c0d0,989d7fd8,8,29,final,,playhq,1786503412199
amnd-winter-2025-sub-junior-6a,aecc80d9,12,Round 12,0,1754703900,8f531450,fc44159e,21,12,final,,playhq,1786503412199
amnd-winter-2025-sub-junior-6a,5004cf67,13,Round 13,0,1755909600,989d7fd8,8f531450,18,14,final,,playhq,1786503412199
amnd-winter-2025-sub-junior-6a,6d82e38e,13,Round 13,0,1755909600,4d63509e,795aa03a,15,29,final,,playhq,1786503412199
amnd-winter-2025-sub-junior-6a,bdf8a606,13,Round 13,0,1755909600,fc44159e,8dd80164,21,30,final,,playhq,1786503412199
amnd-winter-2025-sub-junior-6a,faa14238,13,Round 13,0,1755909600,f13733e1,0637c0d0,18,23,final,,playhq,1786503412199
amnd-winter-2025-sub-junior-6a,0e238696,14,Round 14,0,1756514400,795aa03a,fc44159e,22,13,final,,playhq,1786503412199
amnd-winter-2025-sub-junior-6a,aa975a95,14,Round 14,0,1756514400,f13733e1,989d7fd8,5,49,final,,playhq,1786503412199
amnd-winter-2025-sub-junior-6a,b188afa6,14,Round 14,0,1756514400,0637c0d0,4d63509e,22,30,final,,playhq,1786503412199
amnd-winter-2025-sub-junior-6a,f8f81d80,14,Round 14,0,1756514400,8dd80164,8f531450,18,15,final,,playhq,1786503412199
amnd-winter-2025-sub-junior-6a,a6f45f26,15,Elimination Final,1,1757119200,795aa03a,8dd80164,14,21,final,,playhq,1786503412199
amnd-winter-2025-sub-junior-6a,eac1d78b,15,Qualifying Final,1,1757119200,989d7fd8,8f531450,24,9,final,,playhq,1786503412199
amnd-winter-2025-sub-junior-6a,8c85c2df,16,Preliminary Final,1,1757724000,8f531450,8dd80164,22,24,final,,playhq,1786503412199
amnd-winter-2025-sub-junior-6a,4af2b393,17,Grand Final,1,1758328800,989d7fd8,8dd80164,26,25,final,,playhq,1786503412199
amnd-winter-2025-sub-junior-6b,5e635e07,1,Round 1,0,1744418400,eb06aacc,8f531450,11,24,final,,playhq,1786503412187
amnd-winter-2025-sub-junior-6b,677edc80,1,Round 1,0,1744418400,213741f4,0114b404,31,9,final,,playhq,1786503412187
amnd-winter-2025-sub-junior-6b,b7fd2211,1,Round 1,0,1744418400,5761f9dc,32cded8c,28,15,final,,playhq,1786503412187
amnd-winter-2025-sub-junior-6b,ba4e9801,1,Round 1,0,1744418400,fee1d971,d274d5b7,13,32,final,,playhq,1786503412187
amnd-winter-2025-sub-junior-6b,00c69a99,2,Round 2,0,1746232800,8f531450,213741f4,14,11,final,,playhq,1786503412187
amnd-winter-2025-sub-junior-6b,2cea79cd,2,Round 2,0,1746232800,32cded8c,fee1d971,17,29,final,,playhq,1786503412187
amnd-winter-2025-sub-junior-6b,aadc569a,2,Round 2,0,1746232800,d274d5b7,eb06aacc,8,19,final,,playhq,1786503412187
amnd-winter-2025-sub-junior-6b,d317b7b7,2,Round 2,0,1746232800,0114b404,5761f9dc,19,23,final,,playhq,1786503412187
amnd-winter-2025-sub-junior-6b,2f68bf4d,3,Round 3,0,1746837600,213741f4,5761f9dc,31,19,final,,playhq,1786503412187
amnd-winter-2025-sub-junior-6b,a8e984f1,3,Round 3,0,1746841500,eb06aacc,32cded8c,26,7,final,,playhq,1786503412187
amnd-winter-2025-sub-junior-6b,af963499,3,Round 3,0,1746841500,fee1d971,0114b404,7,37,final,,playhq,1786503412187
amnd-winter-2025-sub-junior-6b,dc00754f,3,Round 3,0,1746841500,8f531450,d274d5b7,34,4,final,,playhq,1786503412187
amnd-winter-2025-sub-junior-6b,1cb1f69c,4,Round 4,0,1747442400,d274d5b7,213741f4,6,44,final,,playhq,1786503412187
amnd-winter-2025-sub-junior-6b,4e4c85d9,4,Round 4,0,1747442400,32cded8c,8f531450,2,45,final,,playhq,1786503412187
amnd-winter-2025-sub-junior-6b,805285eb,4,Round 4,0,1747442400,5761f9dc,fee1d971,30,14,final,,playhq,1786503412187
amnd-winter-2025-sub-junior-6b,bf275fb6,4,Round 4,0,1747442400,0114b404,eb06aacc,23,15,final,,playhq,1786503412187
amnd-winter-2025-sub-junior-6b,3433d39f,5,Round 5,0,1748047200,eb06aacc,5761f9dc,4,23,final,,playhq,1786503412187
amnd-winter-2025-sub-junior-6b,70963542,5,Round 5,0,1748047200,009e8de0,0114b404,8,20,final,,playhq,1786503412187
amnd-winter-2025-sub-junior-6b,821ace9b,5,Round 5,0,1748047200,d274d5b7,c45e3d5f,5,31,final,,playhq,1786503412187
amnd-winter-2025-sub-junior-6b,bb778ffd,5,Round 5,0,1748047200,213741f4,fee1d971,35,5,final,,playhq,1786503412187
amnd-winter-2025-sub-junior-6b,70f3b0a1,6,Round 6,0,1750466400,0114b404,d274d5b7,18,11,final,,playhq,1786503412187
amnd-winter-2025-sub-junior-6b,79431901,6,Round 6,0,1750466400,5761f9dc,009e8de0,26,17,final,,playhq,1786503412187
amnd-winter-2025-sub-junior-6b,922ad743,6,Round 6,0,1750466400,fee1d971,eb06aacc,8,26,final,,playhq,1786503412187
amnd-winter-2025-sub-junior-6b,a6b3c9a5,6,Round 6,0,1750466400,c45e3d5f,213741f4,13,28,final,,playhq,1786503412187
amnd-winter-2025-sub-junior-6b,9b3ea66c,7,Round 7,0,1751071200,c45e3d5f,0114b404,35,7,final,,playhq,1786503412187
amnd-winter-2025-sub-junior-6b,a1ea25c1,7,Round 7,0,1751071200,213741f4,eb06aacc,33,7,final,,playhq,1786503412187
amnd-winter-2025-sub-junior-6b,a3c06d8d,7,Round 7,0,1751067300,009e8de0,fee1d971,36,12,final,,playhq,1786503412187
amnd-winter-2025-sub-junior-6b,cd246591,7,Round 7,0,1751071200,d274d5b7,5761f9dc,10,25,final,,playhq,1786503412187
amnd-winter-2025-sub-junior-6b,7fc7f972,8,Round 8,0,1751676000,c45e3d5f,5761f9dc,25,16,final,,playhq,1786503412187
amnd-winter-2025-sub-junior-6b,8cfeb2e4,8,Round 8,0,1751676000,d274d5b7,fee1d971,21,19,final,,playhq,1786503412187
amnd-winter-2025-sub-junior-6b,c133f98d,8,Round 8,0,1751676000,009e8de0,eb06aacc,9,24,final,,playhq,1786503412187
amnd-winter-2025-sub-junior-6b,e57742c8,8,Round 8,0,1751676000,0114b404,213741f4,13,33,final,,playhq,1786503412187
amnd-winter-2025-sub-junior-6b,2cb14ced,9,Round 9,0,1752885600,eb06aacc,d274d5b7,27,5,final,,playhq,1786503412187
amnd-winter-2025-sub-junior-6b,47d477f1,9,Round 9,0,1752885600,5761f9dc,0114b404,28,21,final,,playhq,1786503412187
amnd-winter-2025-sub-junior-6b,aa913d52,9,Round 9,0,1752885600,213741f4,009e8de0,41,3,final,,playhq,1786503412187
amnd-winter-2025-sub-junior-6b,bdab1f43,9,Round 9,0,1752885600,fee1d971,c45e3d5f,4,50,final,,playhq,1786503412187
amnd-winter-2025-sub-junior-6b,418282e7,10,Round 10,0,1753490400,5761f9dc,213741f4,21,24,final,,playhq,1786503412187
amnd-winter-2025-sub-junior-6b,d9ea53e0,10,Round 10,0,1753490400,c45e3d5f,eb06aacc,29,16,final,,playhq,1786503412187
amnd-winter-2025-sub-junior-6b,dacbc7fe,10,Round 10,0,1753490400,d274d5b7,009e8de0,15,21,final,,playhq,1786503412187
amnd-winter-2025-sub-junior-6b,f6780eb1,10,Round 10,0,1753490400,0114b404,fee1d971,34,8,final,,playhq,1786503412187
amnd-winter-2025-sub-junior-6b,5e630507,11,Round 11,0,1754099100,fee1d971,5761f9dc,11,31,final,,playhq,1786503412187
amnd-winter-2025-sub-junior-6b,6536593a,11,Round 11,0,1754099100,eb06aacc,0114b404,13,25,final,,playhq,1786503412187
amnd-winter-2025-sub-junior-6b,ad9f5ff3,11,Round 11,0,1754095200,213741f4,d274d5b7,46,12,final,,playhq,1786503412187
amnd-winter-2025-sub-junior-6b,c8a18208,11,Round 11,0,1754099100,009e8de0,c45e3d5f,0,20,final,,playhq,1786503412187
amnd-winter-2025-sub-junior-6b,78d760c0,12,Round 12,0,1754700000,fee1d971,213741f4,4,39,final,,playhq,1786503412187
amnd-winter-2025-sub-junior-6b,d6184aa1,12,Round 12,0,1754700000,5761f9dc,eb06aacc,21,19,final,,playhq,1786503412187
amnd-winter-2025-sub-junior-6b,ed5942b5,12,Round 12,0,1754700000,0114b404,009e8de0,29,21,final,,playhq,1786503412187
amnd-winter-2025-sub-junior-6b,f406a7f7,12,Round 12,0,1754700000,c45e3d5f,d274d5b7,44,5,final,,playhq,1786503412187
amnd-winter-2025-sub-junior-6b,18387451,13,Round 13,0,1755909600,eb06aacc,fee1d971,19,15,final,,playhq,1786503412187
amnd-winter-2025-sub-junior-6b,77c2fd52,13,Round 13,0,1755909600,213741f4,c45e3d5f,16,23,final,,playhq,1786503412187
amnd-winter-2025-sub-junior-6b,dca5d3d5,13,Round 13,0,1755909600,d274d5b7,0114b404,10,29,final,,playhq,1786503412187
amnd-winter-2025-sub-junior-6b,ec725b28,13,Round 13,0,1755909600,009e8de0,5761f9dc,25,30,final,,playhq,1786503412187
amnd-winter-2025-sub-junior-6b,2dbc2773,14,Round 14,0,1756514400,fee1d971,009e8de0,16,21,final,,playhq,1786503412187
amnd-winter-2025-sub-junior-6b,b6b76088,14,Round 14,0,1756514400,0114b404,c45e3d5f,7,34,final,,playhq,1786503412187
amnd-winter-2025-sub-junior-6b,e04df3e2,14,Round 14,0,1756514400,5761f9dc,d274d5b7,25,21,final,,playhq,1786503412187
amnd-winter-2025-sub-junior-6b,e9c88f53,14,Round 14,0,1756514400,eb06aacc,213741f4,13,35,final,,playhq,1786503412187
amnd-winter-2025-sub-junior-6b,36323f3c,15,Elimination Final,1,1757119200,5761f9dc,0114b404,26,25,final,,playhq,1786503412187
amnd-winter-2025-sub-junior-6b,c8d7ec6c,15,Qualifying Final,1,1757119200,c45e3d5f,213741f4,21,25,final,,playhq,1786503412187
amnd-winter-2025-sub-junior-6b,d10f9ad2,16,Preliminary Final,1,1757724000,c45e3d5f,5761f9dc,27,24,final,,playhq,1786503412187
amnd-winter-2025-sub-junior-6b,f794fa3e,17,Grand Final,1,1758328800,213741f4,c45e3d5f,30,13,final,,playhq,1786503412187
amnd-winter-2025-sub-junior-7,2ebdf974,1,Round 1,0,1744418400,979ed117,7b0d1a61,18,15,final,,playhq,1786503412180
amnd-winter-2025-sub-junior-7,3a81185e,1,Round 1,0,1744418400,3dde4743,a5f83608,18,12,final,,playhq,1786503412180
amnd-winter-2025-sub-junior-7,aa142704,1,Round 1,0,1744418400,01a21730,bec44702,36,7,final,,playhq,1786503412180
amnd-winter-2025-sub-junior-7,ca3d08d1,1,Round 1,0,1744418400,c45e3d5f,8eaef19e,28,13,final,,playhq,1786503412180
amnd-winter-2025-sub-junior-7,9bd3a511,2,Round 2,0,1746236700,8eaef19e,01a21730,22,12,final,,playhq,1786503412180
amnd-winter-2025-sub-junior-7,b007aab5,2,Round 2,0,1746236700,7b0d1a61,c45e3d5f,12,28,final,,playhq,1786503412180
amnd-winter-2025-sub-junior-7,d0253069,2,Round 2,0,1746236700,bec44702,3dde4743,13,12,final,,playhq,1786503412180
amnd-winter-2025-sub-junior-7,ea8cee80,2,Round 2,0,1746236700,a5f83608,979ed117,6,9,final,,playhq,1786503412180
amnd-winter-2025-sub-junior-7,2a2092a5,3,Round 3,0,1746837600,7b0d1a61,a5f83608,25,14,final,,playhq,1786503412180
amnd-winter-2025-sub-junior-7,c56ff979,3,Round 3,0,1746837600,979ed117,bec44702,19,11,final,,playhq,1786503412180
amnd-winter-2025-sub-junior-7,ddb53517,3,Round 3,0,1746837600,c45e3d5f,01a21730,29,16,final,,playhq,1786503412180
amnd-winter-2025-sub-junior-7,e22e56c0,3,Round 3,0,1746837600,3dde4743,8eaef19e,19,28,final,,playhq,1786503412180
amnd-winter-2025-sub-junior-7,69e4fdf5,4,Round 4,0,1747442400,a5f83608,c45e3d5f,3,51,final,,playhq,1786503412180
amnd-winter-2025-sub-junior-7,ca1db30d,4,Round 4,0,1747442400,8eaef19e,979ed117,26,6,final,,playhq,1786503412180
amnd-winter-2025-sub-junior-7,ea5cbcc7,4,Round 4,0,1747442400,01a21730,3dde4743,30,3,final,,playhq,1786503412180
amnd-winter-2025-sub-junior-7,fe430ac4,4,Round 4,0,1747442400,bec44702,7b0d1a61,16,21,final,,playhq,1786503412180
amnd-winter-2025-sub-junior-7,31c14c1c,5,Round 5,0,1748047200,979ed117,01a21730,7,18,final,,playhq,1786503412180
amnd-winter-2025-sub-junior-7,478fea80,5,Round 5,0,1748047200,8cff462e,bec44702,22,11,final,,playhq,1786503412180
amnd-winter-2025-sub-junior-7,b238367a,5,Round 5,0,1748047200,32cded8c,3dde4743,6,33,final,,playhq,1786503412180
amnd-winter-2025-sub-junior-7,d10fc86a,5,Round 5,0,1748047200,7b0d1a61,8eaef19e,6,28,final,,playhq,1786503412180
amnd-winter-2025-sub-junior-7,65f4f4b8,6,Round 6,0,1750466400,3dde4743,979ed117,16,15,final,,playhq,1786503412180
amnd-winter-2025-sub-junior-7,8192a93c,6,Round 6,0,1750466400,bec44702,32cded8c,16,7,final,,playhq,1786503412180
amnd-winter-2025-sub-junior-7,cc777bd4,6,Round 6,0,1750466400,8eaef19e,8cff462e,22,13,final,,playhq,1786503412180
amnd-winter-2025-sub-junior-7,d9a91ed5,6,Round 6,0,1750466400,01a21730,7b0d1a61,22,12,final,,playhq,1786503412180
amnd-winter-2025-sub-junior-7,3fde2519,7,Round 7,0,1751071200,bec44702,8eaef19e,16,20,final,,playhq,1786503412180
amnd-winter-2025-sub-junior-7,552c5ee8,7,Round 7,0,1751071200,8cff462e,01a21730,6,29,final,,playhq,1786503412180
amnd-winter-2025-sub-junior-7,5e27848a,7,Round 7,0,1751071200,7b0d1a61,3dde4743,27,23,final,,playhq,1786503412180
amnd-winter-2025-sub-junior-7,bc7a93a1,7,Round 7,0,1751071200,32cded8c,979ed117,3,19,final,,playhq,1786503412180
amnd-winter-2025-sub-junior-7,1ce8bca8,8,Round 8,0,1751676000,8eaef19e,32cded8c,31,6,final,,playhq,1786503412180
amnd-winter-2025-sub-junior-7,37978b23,8,Round 8,0,1751676000,bec44702,01a21730,14,23,final,,playhq,1786503412180
amnd-winter-2025-sub-junior-7,8e4033bd,8,Round 8,0,1751676000,8cff462e,3dde4743,26,10,final,,playhq,1786503412180
amnd-winter-2025-sub-junior-7,bb99a47e,8,Round 8,0,1751676000,7b0d1a61,979ed117,15,11,final,,playhq,1786503412180
amnd-winter-2025-sub-junior-7,3e32bbae,9,Round 9,0,1752885600,01a21730,8eaef19e,21,18,final,,playhq,1786503412180
amnd-winter-2025-sub-junior-7,610bdd1f,9,Round 9,0,1752885600,979ed117,8cff462e,10,22,final,,playhq,1786503412180
amnd-winter-2025-sub-junior-7,84a8bdc5,9,Round 9,0,1752885600,32cded8c,7b0d1a61,7,18,final,,playhq,1786503412180
amnd-winter-2025-sub-junior-7,b7caa278,9,Round 9,0,1752885600,3dde4743,bec44702,13,9,final,,playhq,1786503412180
amnd-winter-2025-sub-junior-7,1f69688b,10,Round 10,0,1753494300,8eaef19e,3dde4743,25,15,final,,playhq,1786503412180
amnd-winter-2025-sub-junior-7,2e965f32,10,Round 10,0,1753494300,bec44702,979ed117,6,8,final,,playhq,1786503412180
amnd-winter-2025-sub-junior-7,4556ef8b,10,Round 10,0,1753490400,8cff462e,7b0d1a61,21,20,final,,playhq,1786503412180
amnd-winter-2025-sub-junior-7,a9b56135,10,Round 10,0,1753494300,01a21730,32cded8c,27,6,final,,playhq,1786503412180
amnd-winter-2025-sub-junior-7,1705c12a,11,Round 11,0,1754095200,979ed117,8eaef19e,5,30,final,,playhq,1786503412180
amnd-winter-2025-sub-junior-7,30c6eeea,11,Round 11,0,1754095200,7b0d1a61,bec44702,23,16,final,,playhq,1786503412180
amnd-winter-2025-sub-junior-7,a4823de7,11,Round 11,0,1754095200,32cded8c,8cff462e,12,22,final,,playhq,1786503412180
amnd-winter-2025-sub-junior-7,a776908e,11,Round 11,0,1754095200,3dde4743,01a21730,15,19,final,,playhq,1786503412180
amnd-winter-2025-sub-junior-7,52bc2a49,12,Round 12,0,1754700000,3dde4743,32cded8c,28,10,final,,playhq,1786503412180
amnd-winter-2025-sub-junior-7,5c58f09e,12,Round 12,0,1754700000,bec44702,8cff462e,13,26,final,,playhq,1786503412180
amnd-winter-2025-sub-junior-7,b7b023c3,12,Round 12,0,1754700000,01a21730,979ed117,14,13,final,,playhq,1786503412180
amnd-winter-2025-sub-junior-7,f9e0024f,12,Round 12,0,1754700000,8eaef19e,7b0d1a61,31,13,final,,playhq,1786503412180
amnd-winter-2025-sub-junior-7,6736ed0f,13,Round 13,0,1755909600,979ed117,3dde4743,23,23,final,,playhq,1786503412180
amnd-winter-2025-sub-junior-7,908cce66,13,Round 13,0,1755909600,7b0d1a61,01a21730,12,17,final,,playhq,1786503412180
amnd-winter-2025-sub-junior-7,a9cca75c,13,Round 13,0,1755909600,32cded8c,bec44702,12,19,final,,playhq,1786503412180
amnd-winter-2025-sub-junior-7,b663d1f5,13,Round 13,0,1755909600,8cff462e,8eaef19e,15,23,final,,playhq,1786503412180
amnd-winter-2025-sub-junior-7,3f23f197,14,Round 14,0,1756514400,01a21730,8cff462e,23,15,final,,playhq,1786503412180
amnd-winter-2025-sub-junior-7,69621ae8,14,Round 14,0,1756514400,979ed117,32cded8c,25,17,final,,playhq,1786503412180
amnd-winter-2025-sub-junior-7,805f6fc7,14,Round 14,0,1756514400,3dde4743,7b0d1a61,17,16,final,,playhq,1786503412180
amnd-winter-2025-sub-junior-7,bcf0e4c0,14,Round 14,0,1756514400,8eaef19e,bec44702,24,13,final,,playhq,1786503412180
amnd-winter-2025-sub-junior-7,0441cd2f,15,Qualifying Final,1,1757119200,8eaef19e,01a21730,28,11,final,,playhq,1786503412180
amnd-winter-2025-sub-junior-7,1da45c07,15,Elimination Final,1,1757119200,8cff462e,3dde4743,31,23,final,,playhq,1786503412180
amnd-winter-2025-sub-junior-7,630a19df,16,Preliminary Final,1,1757724000,01a21730,8cff462e,11,16,final,,playhq,1786503412180
amnd-winter-2025-sub-junior-7,0e632afd,17,Grand Final,1,1758328800,8eaef19e,8cff462e,24,12,final,,playhq,1786503412180
amnd-winter-2025-sub-junior-8,9630c757,1,Round 1,0,1744422300,2169571f,67381486,4,17,final,,playhq,1786503412155
amnd-winter-2025-sub-junior-8,ac2f4608,1,Round 1,0,1744422300,75b9a91e,8cff462e,3,24,final,,playhq,1786503412155
amnd-winter-2025-sub-junior-8,bye:1bdcc28a:c446424e,1,Round 1,0,,c446424e,,,,bye,,playhq,1786503412155
amnd-winter-2025-sub-junior-8,dc7c23f7,1,Round 1,0,1744422300,10ad6fe6,1d40e893,7,15,final,,playhq,1786503412155
amnd-winter-2025-sub-junior-8,87b623f4,2,Round 2,0,1746232800,c446424e,10ad6fe6,13,16,final,,playhq,1786503412155
amnd-winter-2025-sub-junior-8,bye:9b4a21e5:75b9a91e,2,Round 2,0,,75b9a91e,,,,bye,,playhq,1786503412155
amnd-winter-2025-sub-junior-8,d8ca495c,2,Round 2,0,1746232800,1d40e893,67381486,21,15,final,,playhq,1786503412155
amnd-winter-2025-sub-junior-8,f88739b8,2,Round 2,0,1746232800,8cff462e,2169571f,42,0,final,,playhq,1786503412155
amnd-winter-2025-sub-junior-8,89597b58,3,Round 3,0,1746837600,1d40e893,8cff462e,3,26,final,,playhq,1786503412155
amnd-winter-2025-sub-junior-8,9eee4e1b,3,Round 3,0,1746837600,67381486,c446424e,17,15,final,,playhq,1786503412155
amnd-winter-2025-sub-junior-8,ada6a130,3,Round 3,0,1746837600,2169571f,75b9a91e,0,25,final,,playhq,1786503412155
amnd-winter-2025-sub-junior-8,bye:3562d984:10ad6fe6,3,Round 3,0,,10ad6fe6,,,,bye,,playhq,1786503412155
amnd-winter-2025-sub-junior-8,37765fa5,4,Round 4,0,1747442400,c446424e,8cff462e,2,24,final,,playhq,1786503412155
amnd-winter-2025-sub-junior-8,3a7f0a0f,4,Round 4,0,1747442400,75b9a91e,1d40e893,16,11,final,,playhq,1786503412155
amnd-winter-2025-sub-junior-8,6c901423,4,Round 4,0,1747442400,10ad6fe6,67381486,10,24,final,,playhq,1786503412155
amnd-winter-2025-sub-junior-8,bye:7d35da60:2169571f,4,Round 4,0,,2169571f,,,,bye,,playhq,1786503412155
amnd-winter-2025-sub-junior-8,29051284,5,Round 5,0,1748047200,1d40e893,2169571f,29,1,final,,playhq,1786503412155
amnd-winter-2025-sub-junior-8,387240c1,5,Round 5,0,1748047200,a5f83608,10ad6fe6,34,8,final,,playhq,1786503412155
amnd-winter-2025-sub-junior-8,86e909c2,5,Round 5,0,1748047200,c446424e,75b9a91e,3,25,final,,playhq,1786503412155
amnd-winter-2025-sub-junior-8,bye:de08e117:67381486,5,Round 5,0,,67381486,,,,bye,,playhq,1786503412155
amnd-winter-2025-sub-junior-8,0ad7dfe4,6,Round 6,0,1750466400,2169571f,c446424e,1,21,final,,playhq,1786503412155
amnd-winter-2025-sub-junior-8,647fb399,6,Round 6,0,1750466400,67381486,a5f83608,9,42,final,,playhq,1786503412155
amnd-winter-2025-sub-junior-8,6eb947de,6,Round 6,0,1750466400,10ad6fe6,75b9a91e,9,18,final,,playhq,1786503412155
amnd-winter-2025-sub-junior-8,bye:9e75beb0:1d40e893,6,Round 6,0,,1d40e893,,,,bye,,playhq,1786503412155
amnd-winter-2025-sub-junior-8,03b81bd4,7,Round 7,0,1751071200,10ad6fe6,2169571f,27,1,final,,playhq,1786503412155
amnd-winter-2025-sub-junior-8,0f762891,7,Round 7,0,1751071200,75b9a91e,67381486,20,16,final,,playhq,1786503412155
amnd-winter-2025-sub-junior-8,0fc6edb2,7,Round 7,0,1751071200,c446424e,1d40e893,9,7,final,,playhq,1786503412155
amnd-winter-2025-sub-junior-8,bye:fa4d40e6:a5f83608,7,Round 7,0,,a5f83608,,,,bye,,playhq,1786503412155
amnd-winter-2025-sub-junior-8,5080e3f6,8,Round 8,0,1751676000,1d40e893,10ad6fe6,20,0,final,,playhq,1786503412155
amnd-winter-2025-sub-junior-8,7d6dcb28,8,Round 8,0,1751676000,67381486,2169571f,37,8,final,,playhq,1786503412155
amnd-winter-2025-sub-junior-8,aa065204,8,Round 8,0,1751676000,a5f83608,75b9a91e,20,19,final,,playhq,1786503412155
amnd-winter-2025-sub-junior-8,bye:d6f22b0c:c446424e,8,Round 8,0,,c446424e,,,,bye,,playhq,1786503412155
amnd-winter-2025-sub-junior-8,2c12acb0,9,Round 9,0,1752889500,10ad6fe6,c446424e,22,22,final,,playhq,1786503412155
amnd-winter-2025-sub-junior-8,2fcdb684,9,Round 9,0,1752889500,2169571f,a5f83608,1,26,final,,playhq,1786503412155
amnd-winter-2025-sub-junior-8,aca0a368,9,Round 9,0,1752889500,67381486,1d40e893,16,31,final,,playhq,1786503412155
amnd-winter-2025-sub-junior-8,bye:ac7caf19:75b9a91e,9,Round 9,0,,75b9a91e,,,,bye,,playhq,1786503412155
amnd-winter-2025-sub-junior-8,3c00d088,10,Round 10,0,1753478400,a5f83608,1d40e893,20,20,final,,playhq,1786503412155
amnd-winter-2025-sub-junior-8,7edfe283,10,Round 10,0,1753490400,c446424e,67381486,24,30,final,,playhq,1786503412155
amnd-winter-2025-sub-junior-8,bye:d0330960:10ad6fe6,10,Round 10,0,,10ad6fe6,,,,bye,,playhq,1786503412155
amnd-winter-2025-sub-junior-8,f7dba398,10,Round 10,0,1753490400,75b9a91e,2169571f,36,0,final,,playhq,1786503412155
amnd-winter-2025-sub-junior-8,439da6f1,11,Round 11,0,1754095200,1d40e893,75b9a91e,16,14,final,,playhq,1786503412155
amnd-winter-2025-sub-junior-8,5981eea1,11,Round 11,0,1754095200,67381486,10ad6fe6,26,20,final,,playhq,1786503412155
amnd-winter-2025-sub-junior-8,b15d3d4f,11,Round 11,0,1754095200,a5f83608,c446424e,21,5,final,,playhq,1786503412155
amnd-winter-2025-sub-junior-8,bye:63440b1c:2169571f,11,Round 11,0,,2169571f,,,,bye,,playhq,1786503412155
amnd-winter-2025-sub-junior-8,17d08fb6,12,Round 12,0,1754700000,75b9a91e,c446424e,19,10,final,,playhq,1786503412155
amnd-winter-2025-sub-junior-8,69e4d8b7,12,Round 12,0,1754700000,2169571f,1d40e893,5,31,final,,playhq,1786503412155
amnd-winter-2025-sub-junior-8,bye:90c207c7:67381486,12,Round 12,0,,67381486,,,,bye,,playhq,1786503412155
amnd-winter-2025-sub-junior-8,c53a7dca,12,Round 12,0,1754700000,10ad6fe6,a5f83608,12,31,final,,playhq,1786503412155
amnd-winter-2025-sub-junior-8,32c71af4,13,Round 13,0,1755909600,75b9a91e,10ad6fe6,18,5,final,,playhq,1786503412155
amnd-winter-2025-sub-junior-8,bye:dd3bcaa3:1d40e893,13,Round 13,0,,1d40e893,,,,bye,,playhq,1786503412155
amnd-winter-2025-sub-junior-8,c63e7bb3,13,Round 13,0,1755909600,a5f83608,67381486,38,10,final,,playhq,1786503412155
amnd-winter-2025-sub-junior-8,e3d05385,13,Round 13,0,1755909600,c446424e,2169571f,23,3,final,,playhq,1786503412155
amnd-winter-2025-sub-junior-8,06ad2068,14,Round 14,0,1756514400,2169571f,10ad6fe6,3,27,final,,playhq,1786503412155
amnd-winter-2025-sub-junior-8,7bc912b9,14,Round 14,0,1756514400,1d40e893,c446424e,19,8,final,,playhq,1786503412155
amnd-winter-2025-sub-junior-8,bye:0d778c53:a5f83608,14,Round 14,0,,a5f83608,,,,bye,,playhq,1786503412155
amnd-winter-2025-sub-junior-8,d0368ca9,14,Round 14,0,1756514400,67381486,75b9a91e,14,23,final,,playhq,1786503412155
amnd-winter-2025-sub-junior-8,61778650,15,Qualifying Final,1,1757119200,75b9a91e,1d40e893,23,11,final,,playhq,1786503412155
amnd-winter-2025-sub-junior-8,7bd6bfa7,15,Elimination Final,1,1757119200,a5f83608,67381486,29,8,final,,playhq,1786503412155
amnd-winter-2025-sub-junior-8,c2f82cf3,16,Preliminary Final,1,1757724000,1d40e893,a5f83608,13,23,final,,playhq,1786503412155
amnd-winter-2025-sub-junior-8,36610ab7,17,Grand Final,1,1758328800,75b9a91e,a5f83608,12,20,final,,playhq,1786503412155
premier_league_reserves-annual-2025-reserves-division,0d6ff4db,1,Round 1,0,1743588300,3577a520,beb10a53,35,53,final,,playhq,1786503411834
premier_league_reserves-annual-2025-reserves-division,ce6bc32b,1,Round 1,0,1743588300,53aecd13,325e6efa,46,49,final,,playhq,1786503411834
premier_league_reserves-annual-2025-reserves-division,e86b2f81,1,Round 1,0,1743588300,c214780a,4590e2f1,63,45,final,,playhq,1786503411834
premier_league_reserves-annual-2025-reserves-division,eb735a9b,1,Round 1,0,1743588300,b3602efa,3931b08b,36,51,final,,playhq,1786503411834
premier_league_reserves-annual-2025-reserves-division,2739d635,2,Round 2,0,1744196700,b3602efa,4590e2f1,43,49,final,,playhq,1786503411834
premier_league_reserves-annual-2025-reserves-division,3ad2ef2a,2,Round 2,0,1744801500,c214780a,3931b08b,50,48,final,,playhq,1786503411834
premier_league_reserves-annual-2025-reserves-division,a9443f44,2,Round 2,0,1744196700,53aecd13,3577a520,43,49,final,,playhq,1786503411834
premier_league_reserves-annual-2025-reserves-division,f60eac38,2,Round 2,0,1744801500,325e6efa,beb10a53,53,41,final,,playhq,1786503411834
premier_league_reserves-annual-2025-reserves-division,4fb5852a,3,Round 3,0,1745406300,c214780a,b3602efa,48,52,final,,playhq,1786503411834
premier_league_reserves-annual-2025-reserves-division,e21cc5b1,3,Round 3,0,1745406300,53aecd13,beb10a53,34,52,final,,playhq,1786503411834
premier_league_reserves-annual-2025-reserves-division,f4482af8,3,Round 3,0,1746443100,4590e2f1,3931b08b,56,44,final,,playhq,1786503411834
premier_league_reserves-annual-2025-reserves-division,f4933342,3,Round 3,0,1745406300,3577a520,325e6efa,49,48,final,,playhq,1786503411834
premier_league_reserves-annual-2025-reserves-division,166f7f72,4,Round 4,0,1746184500,3931b08b,beb10a53,47,53,final,,playhq,1786503411834
premier_league_reserves-annual-2025-reserves-division,2bcb1b2d,4,Round 4,0,1746183900,4590e2f1,325e6efa,41,72,final,,playhq,1786503411834
premier_league_reserves-annual-2025-reserves-division,3945dc40,4,Round 4,0,1746183900,3577a520,b3602efa,53,56,final,,playhq,1786503411834
premier_league_reserves-annual-2025-reserves-division,638568da,4,Round 4,0,1746183900,c214780a,53aecd13,39,54,final,,playhq,1786503411834
premier_league_reserves-annual-2025-reserves-division,4bcf5d2c,5,Round 5,0,1746788700,3931b08b,3577a520,48,59,final,,playhq,1786503411834
premier_league_reserves-annual-2025-reserves-division,70b4bc96,5,Round 5,0,1746788700,4590e2f1,53aecd13,46,66,final,,playhq,1786503411834
premier_league_reserves-annual-2025-reserves-division,853257a2,5,Round 5,0,1746788700,b3602efa,beb10a53,43,51,final,,playhq,1786503411834
premier_league_reserves-annual-2025-reserves-division,d50acd9b,5,Round 5,0,1746788700,325e6efa,c214780a,67,45,final,,playhq,1786503411834
premier_league_reserves-annual-2025-reserves-division,255b6f94,6,Round 6,0,1747319400,4590e2f1,3577a520,,,no_result,,playhq,1786503411834
premier_league_reserves-annual-2025-reserves-division,94dfdb13,6,USE THIS GAME,0,1747393500,4590e2f1,3577a520,53,71,final,,playhq,1786503411834
premier_league_reserves-annual-2025-reserves-division,a86f4bed,6,Round 6,0,1747393500,53aecd13,b3602efa,56,39,final,,playhq,1786503411834
premier_league_reserves-annual-2025-reserves-division,b1394a25,6,Round 6,0,1747393500,beb10a53,c214780a,64,31,final,,playhq,1786503411834
premier_league_reserves-annual-2025-reserves-division,d8fca62a,6,Round 6,0,1747393500,325e6efa,3931b08b,56,44,final,,playhq,1786503411834
premier_league_reserves-annual-2025-reserves-division,2d8b23b7,7,Round 7,0,1747998300,beb10a53,4590e2f1,73,35,final,,playhq,1786503411834
premier_league_reserves-annual-2025-reserves-division,31185a91,7,Round 7,0,1747998300,3931b08b,53aecd13,55,45,final,,playhq,1786503411834
premier_league_reserves-annual-2025-reserves-division,3b862029,7,Round 7,0,1747998300,3577a520,c214780a,54,52,final,,playhq,1786503411834
premier_league_reserves-annual-2025-reserves-division,f565fe7e,7,Round 7,0,1747998300,325e6efa,b3602efa,62,32,final,,playhq,1786503411834
premier_league_reserves-annual-2025-reserves-division,218e741e,8,Round 8,0,1749207900,3931b08b,b3602efa,43,44,final,,playhq,1786503411834
premier_league_reserves-annual-2025-reserves-division,579d2956,8,Round 8,0,1749207900,325e6efa,53aecd13,60,46,final,,playhq,1786503411834
premier_league_reserves-annual-2025-reserves-division,6adebb4b,8,Round 8,0,1749207900,4590e2f1,c214780a,44,58,final,,playhq,1786503411834
premier_league_reserves-annual-2025-reserves-division,77711353,8,Round 8,0,1749207900,beb10a53,3577a520,47,48,final,,playhq,1786503411834
premier_league_reserves-annual-2025-reserves-division,173ca492,9,Round 9,0,1749639900,4590e2f1,b3602efa,48,43,final,,playhq,1786503411834
premier_league_reserves-annual-2025-reserves-division,193d88b5,9,Round 9,0,1749639900,3577a520,53aecd13,50,53,final,,playhq,1786503411834
premier_league_reserves-annual-2025-reserves-division,ac8b8b2d,9,Round 9,0,1749639900,3931b08b,c214780a,53,48,final,,playhq,1786503411834
premier_league_reserves-annual-2025-reserves-division,eaa4587e,9,Round 9,0,1749639900,beb10a53,325e6efa,48,54,final,,playhq,1786503411834
premier_league_reserves-annual-2025-reserves-division,51df8d61,10,Round 10,0,1750244700,325e6efa,3577a520,65,47,final,,playhq,1786503411834
premier_league_reserves-annual-2025-reserves-division,885f5db5,10,Round 10,0,1750244700,beb10a53,53aecd13,52,58,final,,playhq,1786503411834
premier_league_reserves-annual-2025-reserves-division,b419dd62,10,Round 10,0,1750244700,3931b08b,4590e2f1,65,32,final,,playhq,1786503411834
premier_league_reserves-annual-2025-reserves-division,faeacc75,10,Round 10,0,1750244700,c214780a,b3602efa,48,41,final,,playhq,1786503411834
premier_league_reserves-annual-2025-reserves-division,202398e7,11,Round 11,0,1751022300,c214780a,325e6efa,50,62,final,,playhq,1786503411834
premier_league_reserves-annual-2025-reserves-division,47a67407,11,Round 11,0,1751022300,53aecd13,4590e2f1,63,55,final,,playhq,1786503411834
premier_league_reserves-annual-2025-reserves-division,9064246f,11,Round 11,0,1751022300,3577a520,3931b08b,43,52,final,,playhq,1786503411834
premier_league_reserves-annual-2025-reserves-division,f212ac43,11,Round 11,0,1751022300,beb10a53,b3602efa,57,28,final,,playhq,1786503411834
premier_league_reserves-annual-2025-reserves-division,1c182969,12,Round 12,0,1751627100,325e6efa,4590e2f1,53,47,final,,playhq,1786503411834
premier_league_reserves-annual-2025-reserves-division,73ba3b07,12,Round 12,0,1751627100,53aecd13,c214780a,52,43,final,,playhq,1786503411834
premier_league_reserves-annual-2025-reserves-division,a9a570f6,12,Round 12,0,1751627100,b3602efa,3577a520,44,46,final,,playhq,1786503411834
premier_league_reserves-annual-2025-reserves-division,b66974e4,12,Round 12,0,1751627100,beb10a53,3931b08b,68,44,final,,playhq,1786503411834
premier_league_reserves-annual-2025-reserves-division,2478fccc,13,Round 13,0,1752231900,b3602efa,53aecd13,42,52,final,,playhq,1786503411834
premier_league_reserves-annual-2025-reserves-division,632f4dc6,13,Round 13,0,1752231900,3931b08b,325e6efa,42,61,final,,playhq,1786503411834
premier_league_reserves-annual-2025-reserves-division,c246603f,13,Round 13,0,1752231900,c214780a,beb10a53,44,69,final,,playhq,1786503411834
premier_league_reserves-annual-2025-reserves-division,ef257d09,13,Round 13,0,1752231900,3577a520,4590e2f1,56,58,final,,playhq,1786503411834
premier_league_reserves-annual-2025-reserves-division,48da5bd6,14,Round 14,0,1752836700,c214780a,3577a520,48,58,final,,playhq,1786503411834
premier_league_reserves-annual-2025-reserves-division,bdc95066,14,Round 14,0,1752836700,b3602efa,325e6efa,38,75,final,,playhq,1786503411834
premier_league_reserves-annual-2025-reserves-division,d13629d0,14,Round 14,0,1752836700,4590e2f1,beb10a53,36,67,final,,playhq,1786503411834
premier_league_reserves-annual-2025-reserves-division,fef33215,14,Round 14,0,1752836700,53aecd13,3931b08b,67,52,final,,playhq,1786503411834
premier_league_reserves-annual-2025-reserves-division,c341f496,15,Minor Semi Final,1,1753435800,53aecd13,3577a520,43,55,final,,playhq,1786503411834
premier_league_reserves-annual-2025-reserves-division,edf291a9,15,Major Semi Final,1,1753435800,325e6efa,beb10a53,60,38,final,,playhq,1786503411834
premier_league_reserves-annual-2025-reserves-division,1ee44351,16,Preliminary Final,1,1754040600,beb10a53,3577a520,55,36,final,,playhq,1786503411834
premier_league_reserves-annual-2025-reserves-division,578dd64c,17,Grand Final,1,1754644500,325e6efa,beb10a53,44,42,final,,playhq,1786503411834
premier_league-annual-2025-premier-division,1e4ecc56,1,Round 1,0,1743582600,c2883584,051dd051,45,55,final,,playhq,1786503412200
premier_league-annual-2025-premier-division,656c9ed2,1,Round 1,0,1743582600,9db3711e,811ac42e,60,44,final,,playhq,1786503412200
premier_league-annual-2025-premier-division,cadc240c,1,Round 1,0,1743582600,498cb629,c0c02bbc,50,46,final,,playhq,1786503412200
premier_league-annual-2025-premier-division,ebec586e,1,Round 1,0,1743582600,f024483b,c0e1afb0,51,53,final,,playhq,1786503412200
premier_league-annual-2025-premier-division,8a30a54b,2,Round 2,0,1744191000,498cb629,811ac42e,51,63,final,,playhq,1786503412200
premier_league-annual-2025-premier-division,91d16779,2,Round 2,0,1744795800,9db3711e,c0c02bbc,52,48,final,,playhq,1786503412200
premier_league-annual-2025-premier-division,9a3faa94,2,Round 2,0,1744191000,c2883584,f024483b,52,58,final,,playhq,1786503412200
premier_league-annual-2025-premier-division,b3512a1e,2,Round 2,0,1744795800,051dd051,c0e1afb0,46,42,final,,playhq,1786503412200
premier_league-annual-2025-premier-division,34347436,3,Round 3,0,1746437400,811ac42e,c0c02bbc,69,37,final,,playhq,1786503412200
premier_league-annual-2025-premier-division,58bbf79e,3,Round 3,0,1745400600,c2883584,c0e1afb0,50,57,final,,playhq,1786503412200
premier_league-annual-2025-premier-division,85b1f944,3,Round 3,0,1745400600,9db3711e,498cb629,59,40,final,,playhq,1786503412200
premier_league-annual-2025-premier-division,c470a535,3,Round 3,0,1745400600,f024483b,051dd051,56,52,final,,playhq,1786503412200
premier_league-annual-2025-premier-division,2570c35d,4,Round 4,0,1746178200,f024483b,498cb629,71,35,final,,playhq,1786503412200
premier_league-annual-2025-premier-division,a5a529ae,4,Round 4,0,1746178200,811ac42e,051dd051,54,66,final,,playhq,1786503412200
premier_league-annual-2025-premier-division,cb176086,4,Round 4,0,1746180000,c0c02bbc,c0e1afb0,34,60,final,,playhq,1786503412200
premier_league-annual-2025-premier-division,e25601ae,4,Round 4,0,1746178200,9db3711e,c2883584,61,46,final,,playhq,1786503412200
premier_league-annual-2025-premier-division,6a7b8df9,5,Round 5,0,1746783000,051dd051,9db3711e,61,48,final,,playhq,1786503412200
premier_league-annual-2025-premier-division,9a188f67,5,Round 5,0,1746783000,811ac42e,c2883584,54,56,final,,playhq,1786503412200
premier_league-annual-2025-premier-division,b2b0cb31,5,Round 5,0,1746783000,c0c02bbc,f024483b,53,63,final,,playhq,1786503412200
premier_league-annual-2025-premier-division,ccdc925c,5,Round 5,0,1746783000,498cb629,c0e1afb0,46,59,final,,playhq,1786503412200
premier_league-annual-2025-premier-division,1b1841e6,6,Round 6,0,1747387800,c2883584,498cb629,67,41,final,,playhq,1786503412200
premier_league-annual-2025-premier-division,2682d947,6,Round 6,0,1747387800,051dd051,c0c02bbc,74,41,final,,playhq,1786503412200
premier_league-annual-2025-premier-division,b68b09fc,6,Round 6,0,1747387800,c0e1afb0,9db3711e,50,55,final,,playhq,1786503412200
premier_league-annual-2025-premier-division,edf8c4fc,6,Round 6,0,1747387800,811ac42e,f024483b,49,51,final,,playhq,1786503412200
premier_league-annual-2025-premier-division,74d9d416,7,Round 7,0,1747992600,c0c02bbc,c2883584,41,74,final,,playhq,1786503412200
premier_league-annual-2025-premier-division,b1e1970c,7,Round 7,0,1747992600,051dd051,498cb629,50,41,final,,playhq,1786503412200
premier_league-annual-2025-premier-division,c97da3c5,7,Round 7,0,1747992600,c0e1afb0,811ac42e,62,46,final,,playhq,1786503412200
premier_league-annual-2025-premier-division,dcc31215,7,Round 7,0,1747992600,f024483b,9db3711e,55,60,final,,playhq,1786503412200
premier_league-annual-2025-premier-division,36f10c9c,8,Round 8,0,1749202200,c0e1afb0,f024483b,38,40,final,,playhq,1786503412200
premier_league-annual-2025-premier-division,3b713e46,8,Round 8,0,1749202200,c0c02bbc,498cb629,45,37,final,,playhq,1786503412200
premier_league-annual-2025-premier-division,3fb3f923,8,Round 8,0,1749202200,051dd051,c2883584,52,56,final,,playhq,1786503412200
premier_league-annual-2025-premier-division,6914e4d1,8,Round 8,0,1749202200,811ac42e,9db3711e,48,74,final,,playhq,1786503412200
premier_league-annual-2025-premier-division,0609c1a3,9,Round 9,0,1749634200,c0e1afb0,051dd051,39,46,final,,playhq,1786503412200
premier_league-annual-2025-premier-division,0f5cacfd,9,Round 9,0,1749634200,811ac42e,498cb629,68,48,final,,playhq,1786503412200
premier_league-annual-2025-premier-division,38174f02,9,Round 9,0,1749634200,f024483b,c2883584,62,56,final,,playhq,1786503412200
premier_league-annual-2025-premier-division,a73f2c64,9,Round 9,0,1749634200,c0c02bbc,9db3711e,33,71,final,,playhq,1786503412200
premier_league-annual-2025-premier-division,208d3052,10,Round 10,0,1750239000,9db3711e,498cb629,68,45,final,,playhq,1786503412200
premier_league-annual-2025-premier-division,49bcfad4,10,Round 10,0,1750239000,051dd051,f024483b,65,60,final,,playhq,1786503412200
premier_league-annual-2025-premier-division,ac6b205d,10,Round 10,0,1750239000,c0e1afb0,c2883584,49,48,final,,playhq,1786503412200
premier_league-annual-2025-premier-division,bfb94736,10,Round 10,0,1750239000,c0c02bbc,811ac42e,53,74,final,,playhq,1786503412200
premier_league-annual-2025-premier-division,0c2136e4,11,Round 11,0,1751016600,c2883584,811ac42e,66,59,final,,playhq,1786503412200
premier_league-annual-2025-premier-division,1da1c533,11,Round 11,0,1751016600,c0e1afb0,498cb629,55,35,final,,playhq,1786503412200
premier_league-annual-2025-premier-division,5cacff10,11,Round 11,0,1751016600,9db3711e,051dd051,46,55,final,,playhq,1786503412200
premier_league-annual-2025-premier-division,7771e182,11,Round 11,0,1751016600,f024483b,c0c02bbc,71,45,final,,playhq,1786503412200
premier_league-annual-2025-premier-division,17f6457c,12,Round 12,0,1751621400,c2883584,9db3711e,63,57,final,,playhq,1786503412200
premier_league-annual-2025-premier-division,3bff8980,12,Round 12,0,1751621400,051dd051,811ac42e,65,58,final,,playhq,1786503412200
premier_league-annual-2025-premier-division,8d0ae31d,12,Round 12,0,1751621400,c0e1afb0,c0c02bbc,68,44,final,,playhq,1786503412200
premier_league-annual-2025-premier-division,c477ffa9,12,Round 12,0,1751621400,498cb629,f024483b,46,70,final,,playhq,1786503412200
premier_league-annual-2025-premier-division,0655f77b,13,Round 13,0,1752226200,9db3711e,c0e1afb0,50,59,final,,playhq,1786503412200
premier_league-annual-2025-premier-division,1217b8a5,13,Round 13,0,1752226200,f024483b,811ac42e,76,55,final,,playhq,1786503412200
premier_league-annual-2025-premier-division,1915d37e,13,Round 13,0,1752226200,c0c02bbc,051dd051,37,70,final,,playhq,1786503412200
premier_league-annual-2025-premier-division,71302d4b,13,Round 13,0,1752226200,498cb629,c2883584,42,53,final,,playhq,1786503412200
premier_league-annual-2025-premier-division,02058979,14,Round 14,0,1752831000,811ac42e,c0e1afb0,38,75,final,,playhq,1786503412200
premier_league-annual-2025-premier-division,3f190912,14,Round 14,0,1752831000,c2883584,c0c02bbc,65,39,final,,playhq,1786503412200
premier_league-annual-2025-premier-division,d4622457,14,Round 14,0,1752831000,498cb629,051dd051,42,77,final,,playhq,1786503412200
premier_league-annual-2025-premier-division,e42b2376,14,Round 14,0,1752831000,9db3711e,f024483b,58,69,final,,playhq,1786503412200
premier_league-annual-2025-premier-division,0e265f8d,15,Qualifying Final,1,1753441500,051dd051,f024483b,56,54,final,,playhq,1786503412200
premier_league-annual-2025-premier-division,f558ba2a,15,Elimination Final,1,1753441500,c0e1afb0,9db3711e,55,50,final,,playhq,1786503412200
premier_league-annual-2025-premier-division,8de2c4ad,16,Preliminary Final,1,1754046300,f024483b,c0e1afb0,62,53,final,,playhq,1786503412200
premier_league-annual-2025-premier-division,f0fb1afd,17,Grand Final,1,1754651400,051dd051,f024483b,58,53,final,,playhq,1786503412200
