club_key,grade_key,display_name,squad_number,playhq_id
adelaide-wildcats,amnd-winter-2022-a-grade,Adelaide Wildcats,,fc0541a1
cheerio-netball-club,amnd-winter-2022-a-grade,Cheerio,,bb5eb4cd
contax,amnd-winter-2022-a-grade,Contax,,985d8f50
matrics,amnd-winter-2022-a-grade,Matrics,,f961d9d8
metro-jets,amnd-winter-2022-a-grade,Metro Jets,,c8752297
norwood-netball-club,amnd-winter-2022-a-grade,Newton Jaguars,,04d28ffa
reynella-netball-club,amnd-winter-2022-a-grade,Reynella,,24e646c0
south-adelaide-netball-club,amnd-winter-2022-a-grade,South Adelaide,,2e5496d3
tango-netball-club-inc,amnd-winter-2022-a-grade,Tango,,cb1a435b
walkerville,amnd-winter-2022-a-grade,Walkerville,,5796242d
central-district-netball-club,amnd-winter-2022-amnd,Central District,,5ccdc1b3
contax,amnd-winter-2022-amnd,Contax,,2399ca93
garville,amnd-winter-2022-amnd,Garville,,28271f3c
matrics,amnd-winter-2022-amnd,Matrics,,c635d1ba
metro-jets,amnd-winter-2022-amnd,Metro Jets,,de894a67
norwood-netball-club,amnd-winter-2022-amnd,Newton Jaguars,,4f163b47
oakdale-netball-club-sa,amnd-winter-2022-amnd,Oakdale,,422649cc
south-adelaide-netball-club,amnd-winter-2022-amnd,South Adelaide,,7a7deb52
tango-netball-club-inc,amnd-winter-2022-amnd,Tango,,279e377b
walkerville,amnd-winter-2022-amnd,Walkerville,,eedda171
central-district-netball-club,amnd-winter-2022-b1,Central District,,6e809613
contax,amnd-winter-2022-b1,Contax,,1325ab1f
garville,amnd-winter-2022-b1,Garville,,f626c5d4
matrics,amnd-winter-2022-b1,Matrics,,0578fbcf
oakdale-netball-club-sa,amnd-winter-2022-b1,Oakdale,,261e0280
old-ignatians,amnd-winter-2022-b1,Old Ignatians,,e02ccab2
pembroke-o-s,amnd-winter-2022-b1,Pembroke OS,,b9d07645
reynella-netball-club,amnd-winter-2022-b1,Reynella,,374d05f7
sacred-heart-o-c,amnd-winter-2022-b1,SHOCS,,2d7b2bf1
walkerville,amnd-winter-2022-b1,Walkerville,,32c78002
adelaide-university,amnd-winter-2022-b2,Adelaide University,,ab61e47b
contax,amnd-winter-2022-b2,Contax 1,1,8b31a596
contax,amnd-winter-2022-b2,Contax 2,2,22f5ce18
matrics,amnd-winter-2022-b2,Matrics,,9635a290
sacred-heart-o-c,amnd-winter-2022-b2,SHOCS,,56e1f0ca
south-adelaide-netball-club,amnd-winter-2022-b2,South Adelaide,,613389b4
walkerville,amnd-winter-2022-b2,Walkerville 1,1,2a58b5f7
walkerville,amnd-winter-2022-b2,Walkerville 2,2,b90546b4
adelaide-university,amnd-winter-2022-b3,Adelaide University 1,1,66855d17
adelaide-university,amnd-winter-2022-b3,Adelaide University 2,2,74fcb6e0
city-coasters,amnd-winter-2022-b3,City Coasters,,dc10622d
matrics,amnd-winter-2022-b3,Matrics,,c30d7826
norwood-netball-club,amnd-winter-2022-b3,Newton Jaguars,,d22fda33
oakdale-netball-club-sa,amnd-winter-2022-b3,Oakdale,,e593cf79
old-ignatians,amnd-winter-2022-b3,Old Ignatians,,e8d18a91
pembroke-o-s,amnd-winter-2022-b3,Pembroke OS,,7e5671d9
walkerville,amnd-winter-2022-b3,Walkerville 1,1,b8c3ab12
walkerville,amnd-winter-2022-b3,Walkerville 2,2,2e2c1ff4
adelaide-wildcats,amnd-winter-2022-b4,Adelaide Wildcats,,e88d60d5
cheerio-netball-club,amnd-winter-2022-b4,Cheerio,,624898b1
city-coasters,amnd-winter-2022-b4,City Coasters,,82cffa66
garville,amnd-winter-2022-b4,Garville,,53243726
metro-jets,amnd-winter-2022-b4,Metro Jets,,81334190
oakdale-netball-club-sa,amnd-winter-2022-b4,Oakdale,,0697cc2d
walkerville,amnd-winter-2022-b4,Walkerville 1,1,2ba15a15
walkerville,amnd-winter-2022-b4,Walkerville 2,2,07d58cee
adelaide-university,amnd-winter-2022-b5,Adelaide University,,49d4c14b
cheerio-netball-club,amnd-winter-2022-b5,Cheerio,,5681b4c3
city-coasters,amnd-winter-2022-b5,City Coasters,,6ab80c71
contax,amnd-winter-2022-b5,Contax,,5e04d235
matrics,amnd-winter-2022-b5,Matrics,,658e7653
old-ignatians,amnd-winter-2022-b5,Old Ignatians 1,1,f22890ce
old-ignatians,amnd-winter-2022-b5,Old Ignatians 2,2,4d511458
walkerville,amnd-winter-2022-b5,Walkerville,,fb8ed280
adelaide-university,amnd-winter-2022-c1,Adelaide University,,0bbd1815
central-district-netball-club,amnd-winter-2022-c1,Central District,,0b041c78
sacred-heart-o-c,amnd-winter-2022-c1,SHOCS,,3f3c51f8
south-adelaide-netball-club,amnd-winter-2022-c1,South Adelaide,,c10b2c56
walkerville,amnd-winter-2022-c1,Walkerville 1,1,dd26accf
walkerville,amnd-winter-2022-c1,Walkerville 2,2,508bff04
adelaide-university,amnd-winter-2022-c2,Adelaide University,,88a935ad
city-coasters,amnd-winter-2022-c2,City Coasters,,51d49cea
sacred-heart-o-c,amnd-winter-2022-c2,SHOCS 1,1,8e4b79b7
sacred-heart-o-c,amnd-winter-2022-c2,SHOCS 2,2,4fb45699
walkerville,amnd-winter-2022-c2,Walkerville 1,1,04be7c52
walkerville,amnd-winter-2022-c2,Walkerville 2,2,c4900adf
adelaide-university,amnd-winter-2022-c3,Adelaide University 1,1,cd52d7e6
adelaide-university,amnd-winter-2022-c3,Adelaide University 2,2,4e578323
old-ignatians,amnd-winter-2022-c3,Old Ignatians,,26403fad
pembroke-o-s,amnd-winter-2022-c3,Pembroke OS,,9c1ea8cc
sacred-heart-o-c,amnd-winter-2022-c3,SHOCS 1,1,3c5a2a0c
sacred-heart-o-c,amnd-winter-2022-c3,SHOCS 2,2,69da5dea
walkerville,amnd-winter-2022-c3,Walkerville 1,1,55564d63
walkerville,amnd-winter-2022-c3,Walkerville 2,2,5277921b
adelaide-university,amnd-winter-2022-c4,Adelaide University 2,2,32fe2724
old-ignatians,amnd-winter-2022-c4,Old Ignatians,,ec0e1cdb
pembroke-o-s,amnd-winter-2022-c4,Pembroke OS,,baab4961
sacred-heart-o-c,amnd-winter-2022-c4,SHOCS,,b9c475ce
walkerville,amnd-winter-2022-c4,Walkerville 1,1,44212cfa
walkerville,amnd-winter-2022-c4,Walkerville 2,2,51d50a16
central-district-netball-club,amnd-winter-2022-c6,Central District,,f229dae4
contax,amnd-winter-2022-c6,Contax,,5fb299f8
matrics,amnd-winter-2022-c6,Matrics,,b0e9fee7
norwood-netball-club,amnd-winter-2022-c6,Newton Jaguars,,f797b593
semaphore,amnd-winter-2022-c6,Semaphore,,5d04f677
south-adelaide-netball-club,amnd-winter-2022-c6,South Adelaide,,5f255b8c
contax,amnd-winter-2022-inter-1,Contax,,d0bc08c4
garville,amnd-winter-2022-inter-1,Garville,,48e38631
matrics,amnd-winter-2022-inter-1,Matrics,,9b3bfdc5
metro-jets,amnd-winter-2022-inter-1,Metro Jets,,ee9f3599
norwood-netball-club,amnd-winter-2022-inter-1,Newton Jaguars,,a833a7cf
oakdale-netball-club-sa,amnd-winter-2022-inter-1,Oakdale,,16d780f0
south-adelaide-netball-club,amnd-winter-2022-inter-1,South Adelaide,,844db427
tango-netball-club-inc,amnd-winter-2022-inter-1,Tango,,9d644855
contax,amnd-winter-2022-inter-2,Contax 1,1,e84fbb09
contax,amnd-winter-2022-inter-2,Contax 2,2,bdbffb5f
garville,amnd-winter-2022-inter-2,Garville,,34adf412
matrics,amnd-winter-2022-inter-2,Matrics,,1e6e0cd4
oakdale-netball-club-sa,amnd-winter-2022-inter-2,Oakdale,,da59e37b
reynella-netball-club,amnd-winter-2022-inter-2,Reynella,,55b39ebc
adelaide-wildcats,amnd-winter-2022-inter-3,Adelaide Wildcats,,81d80557
contax,amnd-winter-2022-inter-3,Contax 1,1,cce69eb2
garville,amnd-winter-2022-inter-3,Garville,,32e42bf8
garville,amnd-winter-2022-inter-3,Garville 2,2,5d7cb93e
matrics,amnd-winter-2022-inter-3,Matrics 1,1,95463a16
matrics,amnd-winter-2022-inter-3,Matrics 2,2,4c4c8e03
metro-jets,amnd-winter-2022-inter-3,Metro Jets,,abe48885
norwood-netball-club,amnd-winter-2022-inter-3,Newton Jaguars,,713c2877
contax,amnd-winter-2022-inter-4,Contax 1,1,f4cf5749
contax,amnd-winter-2022-inter-4,Contax 2,2,97eee188
matrics,amnd-winter-2022-inter-4,Matrics,,15cc90b9
oakdale-netball-club-sa,amnd-winter-2022-inter-4,Oakdale 1,1,9ab5f6da
oakdale-netball-club-sa,amnd-winter-2022-inter-4,Oakdale 2,2,960c0302
reynella-netball-club,amnd-winter-2022-inter-4,Reynella,,d297e410
south-adelaide-netball-club,amnd-winter-2022-inter-4,South Adelaide,,80cadffa
walkerville,amnd-winter-2022-inter-4,Walkerville,,01274144
adelaide-wildcats,amnd-winter-2022-inter-5,Adelaide Wildcats,,fbe17116
cheerio-netball-club,amnd-winter-2022-inter-5,Cheerio,,3a5b99de
garville,amnd-winter-2022-inter-5,Garville,,ef2f5501
matrics,amnd-winter-2022-inter-5,Matrics,,f79e5f65
metro-jets,amnd-winter-2022-inter-5,Metro Jets,,be0749f3
oakdale-netball-club-sa,amnd-winter-2022-inter-5,Oakdale,,0205022e
tango-netball-club-inc,amnd-winter-2022-inter-5,Tango,,42fa1bf9
walkerville,amnd-winter-2022-inter-5,Walkerville,,f9d19093
contax,amnd-winter-2022-junior-1,Contax 1,1,e8704a06
contax,amnd-winter-2022-junior-1,Contax 2,2,39efbfc5
garville,amnd-winter-2022-junior-1,Garville,,8b642a80
matrics,amnd-winter-2022-junior-1,Matrics,,c13c4cad
metro-jets,amnd-winter-2022-junior-1,Metro Jets,,44f0c252
norwood-netball-club,amnd-winter-2022-junior-1,Newton Jaguars,,d6e69f08
oakdale-netball-club-sa,amnd-winter-2022-junior-1,Oakdale,,7b60a268
south-adelaide-netball-club,amnd-winter-2022-junior-1,South Adelaide,,fbc0e6f8
garville,amnd-winter-2022-junior-2,Garville,,c44d5543
matrics,amnd-winter-2022-junior-2,Matrics,,25fb4bbf
metro-jets,amnd-winter-2022-junior-2,Metro Jets,,7d00b959
norwood-netball-club,amnd-winter-2022-junior-2,Newton Jaguars,,db3b0559
oakdale-netball-club-sa,amnd-winter-2022-junior-2,Oakdale,,9e19da99
tango-netball-club-inc,amnd-winter-2022-junior-2,Tango,,d52c2a20
contax,amnd-winter-2022-junior-3,Contax,,d21f63e6
garville,amnd-winter-2022-junior-3,Garville,,08067c65
matrics,amnd-winter-2022-junior-3,Matrics,,4bbe02e0
oakdale-netball-club-sa,amnd-winter-2022-junior-3,Oakdale,,6f943c0e
reynella-netball-club,amnd-winter-2022-junior-3,Reynella,,c435d9c4
tango-netball-club-inc,amnd-winter-2022-junior-3,Tango,,fb38f00a
contax,amnd-winter-2022-junior-4,Contax 1,1,e1de6ce7
contax,amnd-winter-2022-junior-4,Contax 2,2,a5a5ad61
garville,amnd-winter-2022-junior-4,Garville,,02d70746
matrics,amnd-winter-2022-junior-4,Matrics,,292f1228
metro-jets,amnd-winter-2022-junior-4,Metro Jets,,3db502ef
oakdale-netball-club-sa,amnd-winter-2022-junior-4,Oakdale,,d560ec02
south-adelaide-netball-club,amnd-winter-2022-junior-4,South Adelaide,,535a7b93
walkerville,amnd-winter-2022-junior-4,Walkerville,,d8213f7c
central-district-netball-club,amnd-winter-2022-junior-5,Central District,,ded8936c
contax,amnd-winter-2022-junior-5,Contax,,3861f15b
garville,amnd-winter-2022-junior-5,Garville,,e79743c1
matrics,amnd-winter-2022-junior-5,Matrics,,41413e0a
norwood-netball-club,amnd-winter-2022-junior-5,Newton Jaguars,,4838c0d8
oakdale-netball-club-sa,amnd-winter-2022-junior-5,Oakdale,,6c6f1eeb
tango-netball-club-inc,amnd-winter-2022-junior-5,Tango,,bedb0e18
walkerville,amnd-winter-2022-junior-5,Walkerville,,42ce728d
adelaide-wildcats,amnd-winter-2022-junior-6,Adelaide Wildcats,,1e1bfecf
central-district-netball-club,amnd-winter-2022-junior-6,Central District,,0edd4221
contax,amnd-winter-2022-junior-6,Contax,,572a16f4
dragons,amnd-winter-2022-junior-6,Westminster,,0914cd71
garville,amnd-winter-2022-junior-6,Garville,,67dfc3c7
matrics,amnd-winter-2022-junior-6,Matrics 1,1,2f638c0b
matrics,amnd-winter-2022-junior-6,Matrics 2,2,a5b3cfae
walkerville,amnd-winter-2022-junior-6,Walkerville,,702d3399
adelaide-wildcats,amnd-winter-2022-junior-7,Adelaide Wildcats,,34a29169
cheerio-netball-club,amnd-winter-2022-junior-7,Cheerio,,a173acb6
contax,amnd-winter-2022-junior-7,Contax,,a27c0e75
metro-jets,amnd-winter-2022-junior-7,Metro Jets,,486c1bc8
norwood-netball-club,amnd-winter-2022-junior-7,Newton Jaguars,,5469f5fb
oakdale-netball-club-sa,amnd-winter-2022-junior-7,Oakdale,,19e1c7bb
reynella-netball-club,amnd-winter-2022-junior-7,Reynella,,de31ff6a
garville,amnd-winter-2022-junior-8,Garville,,c9a3f72f
matrics,amnd-winter-2022-junior-8,Matrics,,a5683128
metro-jets,amnd-winter-2022-junior-8,Metro Jets,,65b5e1c4
norwood-netball-club,amnd-winter-2022-junior-8,Newton Jaguars,,c84e5957
oakdale-netball-club-sa,amnd-winter-2022-junior-8,Oakdale,,cfd04fe8
walkerville,amnd-winter-2022-junior-8,Walkerville,,8a184dc4
contax,amnd-winter-2022-primary-1,Contax 1,1,58d396af
contax,amnd-winter-2022-primary-1,Contax 2,2,613a0532
garville,amnd-winter-2022-primary-1,Garville,,5a15b636
matrics,amnd-winter-2022-primary-1,Matrics,,22f29023
oakdale-netball-club-sa,amnd-winter-2022-primary-1,Oakdale,,7c008975
tango-netball-club-inc,amnd-winter-2022-primary-1,Tango,,5a9fd634
contax,amnd-winter-2022-primary-2,Contax,,00e3ceed
matrics,amnd-winter-2022-primary-2,Matrics,,ee40a883
metro-jets,amnd-winter-2022-primary-2,Metro Jets,,0821aa97
norwood-netball-club,amnd-winter-2022-primary-2,Newton Jaguars,,c4ff247c
reynella-netball-club,amnd-winter-2022-primary-2,Reynella,,9555cbef
walkerville,amnd-winter-2022-primary-2,Walkerville,,35167eab
contax,amnd-winter-2022-primary-3,Contax 1,1,40d71a3a
contax,amnd-winter-2022-primary-3,Contax 2,2,a0161eb8
garville,amnd-winter-2022-primary-3,Garville,,82e82d1f
matrics,amnd-winter-2022-primary-3,Matrics 1,1,9eaf2d6c
matrics,amnd-winter-2022-primary-3,Matrics 2,2,dbbe5560
oakdale-netball-club-sa,amnd-winter-2022-primary-3,Oakdale,,0f895033
south-adelaide-netball-club,amnd-winter-2022-primary-3,South Adelaide,,92764032
tango-netball-club-inc,amnd-winter-2022-primary-3,Tango,,57f69fbf
adelaide-wildcats,amnd-winter-2022-primary-4,Adelaide Wildcats,,67dc50e2
garville,amnd-winter-2022-primary-4,Garville,,63302790
matrics,amnd-winter-2022-primary-4,Matrics,,8690819e
northeast-zodiac,amnd-winter-2022-primary-4,Northeast Zodiac,,479b759f
norwood-netball-club,amnd-winter-2022-primary-4,Newton Jaguars,,d1843f45
south-adelaide-netball-club,amnd-winter-2022-primary-4,South Adelaide,,095fed07
tango-netball-club-inc,amnd-winter-2022-primary-4,Tango,,79b115ad
walkerville,amnd-winter-2022-primary-4,Walkerville,,321aad42
cheerio-netball-club,amnd-winter-2022-primary-5,Cheerio,,f9efb408
contax,amnd-winter-2022-primary-5,Contax,,d3c60700
garville,amnd-winter-2022-primary-5,Garville,,a1e23eb9
matrics,amnd-winter-2022-primary-5,Matrics,,7636906d
metro-jets,amnd-winter-2022-primary-5,Metro Jets,,ab585773
oakdale-netball-club-sa,amnd-winter-2022-primary-5,Oakdale,,e17a420f
reynella-netball-club,amnd-winter-2022-primary-5,Reynella,,4d72fe92
walkerville,amnd-winter-2022-primary-5,Walkerville,,6efe141c
cheerio-netball-club,amnd-winter-2022-primary-6,Cheerio 1,1,5e4ca786
cheerio-netball-club,amnd-winter-2022-primary-6,Cheerio 2,2,b58e310f
matrics,amnd-winter-2022-primary-6,Matrics 1,1,d12e881e
matrics,amnd-winter-2022-primary-6,Matrics 2,2,2c3a3ca9
norwood-netball-club,amnd-winter-2022-primary-6,Newton Jaguars,,ab4ae45f
oakdale-netball-club-sa,amnd-winter-2022-primary-6,Oakdale,,b963a9e6
reynella-netball-club,amnd-winter-2022-primary-6,Reynella,,4e0ee6fb
walkerville,amnd-winter-2022-primary-6,Walkerville,,28144e60
contax,amnd-winter-2022-sub-junior-1,Contax 1,1,3230e78a
contax,amnd-winter-2022-sub-junior-1,Contax 2,2,12ef993e
garville,amnd-winter-2022-sub-junior-1,Garville,,89dc9806
matrics,amnd-winter-2022-sub-junior-1,Matrics,,1a87f4b7
metro-jets,amnd-winter-2022-sub-junior-1,Metro Jets,,db9509ea
norwood-netball-club,amnd-winter-2022-sub-junior-1,Newton Jaguars,,45f81831
oakdale-netball-club-sa,amnd-winter-2022-sub-junior-1,Oakdale,,1543c543
tango-netball-club-inc,amnd-winter-2022-sub-junior-1,Tango,,6a55c87f
garville,amnd-winter-2022-sub-junior-2,Garville,,fbd797dc
matrics,amnd-winter-2022-sub-junior-2,Matrics,,fb7a925a
norwood-netball-club,amnd-winter-2022-sub-junior-2,Newton Jaguars,,95bcc18d
oakdale-netball-club-sa,amnd-winter-2022-sub-junior-2,Oakdale,,fad07f92
reynella-netball-club,amnd-winter-2022-sub-junior-2,Reynella,,972e5e24
south-adelaide-netball-club,amnd-winter-2022-sub-junior-2,South Adelaide,,2e479d6a
tango-netball-club-inc,amnd-winter-2022-sub-junior-2,Tango,,8273b53e
walkerville,amnd-winter-2022-sub-junior-2,Walkerville,,7d4ff3c8
contax,amnd-winter-2022-sub-junior-3,Contax 1,1,1a8304a6
contax,amnd-winter-2022-sub-junior-3,Contax 2,2,8df2c63c
garville,amnd-winter-2022-sub-junior-3,Garville,,3e757fdf
matrics,amnd-winter-2022-sub-junior-3,Matrics 1,1,14216cf5
matrics,amnd-winter-2022-sub-junior-3,Matrics 2,2,feaf4e86
reynella-netball-club,amnd-winter-2022-sub-junior-3,Reynella,,5f877027
garville,amnd-winter-2022-sub-junior-4,Garville,,2764dede
matrics,amnd-winter-2022-sub-junior-4,Matrics,,6136f1ce
metro-jets,amnd-winter-2022-sub-junior-4,Metro Jets,,e0adb869
northeast-zodiac,amnd-winter-2022-sub-junior-4,Northeast Zodiacs,,c2e263b5
norwood-netball-club,amnd-winter-2022-sub-junior-4,Newton Jaguars,,8c0c0d99
oakdale-netball-club-sa,amnd-winter-2022-sub-junior-4,Oakdale,,e9a8c507
adelaide-wildcats,amnd-winter-2022-sub-junior-5,Adelaide Wildcats,,1bd262e9
contax,amnd-winter-2022-sub-junior-5,Contax 1,1,15ab648f
contax,amnd-winter-2022-sub-junior-5,Contax 2,2,76536c6e
garville,amnd-winter-2022-sub-junior-5,Garville,,0ffb6f62
matrics,amnd-winter-2022-sub-junior-5,Matrics,,19841255
oakdale-netball-club-sa,amnd-winter-2022-sub-junior-5,Oakdale,,fd862b98
reynella-netball-club,amnd-winter-2022-sub-junior-5,Reynella,,b946166b
tango-netball-club-inc,amnd-winter-2022-sub-junior-5,Tango,,5ab91dfc
central-district-netball-club,amnd-winter-2022-sub-junior-6,Central District,,c6e50eee
cheerio-netball-club,amnd-winter-2022-sub-junior-6,Cheerio,,a0c2cceb
garville,amnd-winter-2022-sub-junior-6,Garville 1,1,78922fbb
garville,amnd-winter-2022-sub-junior-6,Garville 2,2,f6408d28
matrics,amnd-winter-2022-sub-junior-6,Matrics 1,1,a146101b
matrics,amnd-winter-2022-sub-junior-6,Matrics 2,2,bf1b9919
oakdale-netball-club-sa,amnd-winter-2022-sub-junior-6,Oakdale,,21681978
adelaide-wildcats,amnd-winter-2022-sub-junior-7,Adelaide Wildcats,,2ca311b7
contax,amnd-winter-2022-sub-junior-7,Contax,,e24597b0
metro-jets,amnd-winter-2022-sub-junior-7,Metro Jets,,6781487e
norwood-netball-club,amnd-winter-2022-sub-junior-7,Newton Jaguars,,9b333ca2
oakdale-netball-club-sa,amnd-winter-2022-sub-junior-7,Oakdale,,a9cac79c
reynella-netball-club,amnd-winter-2022-sub-junior-7,Reynella,,4bad0d0e
south-adelaide-netball-club,amnd-winter-2022-sub-junior-7,South Adelaide,,f7d91063
walkerville,amnd-winter-2022-sub-junior-7,Walkerville,,4321deb5
adelaide-wildcats,amnd-winter-2023-a-grade,Adelaide Wildcats,,d2f45936
cheerio-netball-club,amnd-winter-2023-a-grade,Cheerio,,a57c0488
contax,amnd-winter-2023-a-grade,Contax,,195a101c
matrics,amnd-winter-2023-a-grade,Matrics,,c12f7b97
metro-jets,amnd-winter-2023-a-grade,Metro Jets,,a3c300b5
norwood-netball-club,amnd-winter-2023-a-grade,Newton Jaguars 1,1,1f41fffa
oakdale-netball-club-sa,amnd-winter-2023-a-grade,Oakdale,,b9615627
reynella-netball-club,amnd-winter-2023-a-grade,Reynella,,c3f80506
south-adelaide-netball-club,amnd-winter-2023-a-grade,South Adelaide,,44add213
walkerville,amnd-winter-2023-a-grade,Walkerville,,a3eb1a67
contax,amnd-winter-2023-amnd,Contax,,7464e67f
garville,amnd-winter-2023-amnd,Garville,,b9780b90
matrics,amnd-winter-2023-amnd,Matrics,,12f652d2
metro-jets,amnd-winter-2023-amnd,Metro Jets,,4d4daafc
norwood-netball-club,amnd-winter-2023-amnd,Newton Jaguars,,dfeaddc8
oakdale-netball-club-sa,amnd-winter-2023-amnd,Oakdale,,01471302
reynella-netball-club,amnd-winter-2023-amnd,Reynella,,0cd11187
south-adelaide-netball-club,amnd-winter-2023-amnd,South Adelaide,,819a03f7
tango-netball-club-inc,amnd-winter-2023-amnd,Tango,,d1fa25ac
walkerville,amnd-winter-2023-amnd,Walkerville,,ab9b034e
contax,amnd-winter-2023-b1,Contax,,28b211cc
garville,amnd-winter-2023-b1,Garville,,6a07bdc8
matrics,amnd-winter-2023-b1,Matrics,,f90bcd28
oakdale-netball-club-sa,amnd-winter-2023-b1,Oakdale,,43c9467e
old-ignatians,amnd-winter-2023-b1,Old Ignatians',,b997e65c
pembroke-o-s,amnd-winter-2023-b1,Pembroke OS A,,7eeda629
sacred-heart-o-c,amnd-winter-2023-b1,SHOCS,,227900f7
walkerville,amnd-winter-2023-b1,Walkerville,,6cf3b80c
adelaide-university,amnd-winter-2023-b2,Adelaide University 1,1,f09f0d74
contax,amnd-winter-2023-b2,Contax,,6c7edc30
matrics,amnd-winter-2023-b2,Matrics,,a6b7926f
south-adelaide-netball-club,amnd-winter-2023-b2,South Adelaide,,a68b7b84
walkerville,amnd-winter-2023-b2,Walkerville 1,1,087b22a5
walkerville,amnd-winter-2023-b2,Walkerville 2,2,04b685c3
adelaide-university,amnd-winter-2023-b3,Adelaide University 2,2,ba8101a9
adelaide-wildcats,amnd-winter-2023-b3,Adelaide Wildcats,,e00717a7
central-district-netball-club,amnd-winter-2023-b3,Central District,,6fc91f47
city-coasters,amnd-winter-2023-b3,City Coasters,,ecb76c46
contax,amnd-winter-2023-b3,Contax,,7faa4e61
metro-jets,amnd-winter-2023-b3,Metro Jets,,75bcee4e
walkerville,amnd-winter-2023-b3,Walkerville 1,1,ee029bca
walkerville,amnd-winter-2023-b3,Walkerville 2,2,f5c2dba4
adelaide-university,amnd-winter-2023-b4,Adelaide University,,be73a965
cheerio-netball-club,amnd-winter-2023-b4,Cheerio,,34c4cd4c
matrics,amnd-winter-2023-b4,Matrics,,3516ca99
oakdale-netball-club-sa,amnd-winter-2023-b4,Oakdale,,3cdf14af
old-ignatians,amnd-winter-2023-b4,Old Ignatians',,0a19c302
reynella-netball-club,amnd-winter-2023-b4,Reynella,,2ee6d499
walkerville,amnd-winter-2023-b4,Walkerville 1,1,58409f71
walkerville,amnd-winter-2023-b4,Walkerville 2,2,45ea1f6c
adelaide-university,amnd-winter-2023-b5,Adelaide University,,2df42b0e
city-coasters,amnd-winter-2023-b5,City Coasters,,e4c3587b
contax,amnd-winter-2023-b5,Contax,,24e96eed
old-ignatians,amnd-winter-2023-b5,Old Ignatians',,04976de8
reynella-netball-club,amnd-winter-2023-b5,Reynella,,a7338540
sacred-heart-o-c,amnd-winter-2023-b5,SHOCS,,3cdca037
walkerville,amnd-winter-2023-b5,Walkerville,,046279f9
adelaide-university,amnd-winter-2023-c1,Adelaide University,,efb9e4d8
adelaide-wildcats,amnd-winter-2023-c1,Adelaide Wildcats,,2183129a
central-district-netball-club,amnd-winter-2023-c1,Central District,,b3b84fa5
oakdale-netball-club-sa,amnd-winter-2023-c1,Oakdale,,5384e6f3
walkerville,amnd-winter-2023-c1,Walkerville 1,1,5b1213de
walkerville,amnd-winter-2023-c1,Walkerville 2,2,a57c5ab8
adelaide-university,amnd-winter-2023-c2,Adelaide University,,9183e2fe
city-coasters,amnd-winter-2023-c2,City Coasters,,e6892af4
old-ignatians,amnd-winter-2023-c2,Old Ignatians',,3c089465
pembroke-o-s,amnd-winter-2023-c2,Pembroke OS B,,bb76b4c3
walkerville,amnd-winter-2023-c2,Walkerville 1,1,ad99cc70
walkerville,amnd-winter-2023-c2,Walkerville 2,2,619bd546
adelaide-university,amnd-winter-2023-c3,Adelaide University,,fdb94153
city-coasters,amnd-winter-2023-c3,City Coasters,,e2aeebb0
old-ignatians,amnd-winter-2023-c3,Old Ignatians',,68b9fdba
sacred-heart-o-c,amnd-winter-2023-c3,SHOCS,,49aa23c6
walkerville,amnd-winter-2023-c3,Walkerville 1,1,c1d9d94a
walkerville,amnd-winter-2023-c3,Walkerville 2,2,7a45c737
adelaide-university,amnd-winter-2023-c4,Adelaide University 1,1,4ced270a
adelaide-university,amnd-winter-2023-c4,Adelaide University 2,2,fdf9f413
city-coasters,amnd-winter-2023-c4,City Coastes,,54fae6fd
sacred-heart-o-c,amnd-winter-2023-c4,SHOCS,,08ac569b
walkerville,amnd-winter-2023-c4,Walkerville 1,1,1d3833bc
walkerville,amnd-winter-2023-c4,Walkerville 2,2,1b31de91
central-district-netball-club,amnd-winter-2023-c6,Central District,,3fe55ed2
contax,amnd-winter-2023-c6,Contax,,4845c5a4
matrics,amnd-winter-2023-c6,Matrics,,96392618
norwood-netball-club,amnd-winter-2023-c6,Newton Jaguars C6,,cc65b96b
semaphore,amnd-winter-2023-c6,Semaphore,,8a06f063
south-adelaide-netball-club,amnd-winter-2023-c6,South Adelaide,,8eeb7209
tango-netball-club-inc,amnd-winter-2023-c6,Tango,,2869217b
contax,amnd-winter-2023-inter-1,Contax,,8611f5b3
garville,amnd-winter-2023-inter-1,Garville,,c0560f81
matrics,amnd-winter-2023-inter-1,Matrics,,9c68570f
metro-jets,amnd-winter-2023-inter-1,Metro Jets,,437dddd5
norwood-netball-club,amnd-winter-2023-inter-1,Newton Jaguars,,464c84ea
oakdale-netball-club-sa,amnd-winter-2023-inter-1,Oakdale,,06f651b5
contax,amnd-winter-2023-inter-2,Contax,,36577e5d
garville,amnd-winter-2023-inter-2,Garville,,643827e0
matrics,amnd-winter-2023-inter-2,Matrics,,55ec6f93
metro-jets,amnd-winter-2023-inter-2,Metro Jets,,71b6c085
oakdale-netball-club-sa,amnd-winter-2023-inter-2,Oakdale,,8d62ce1d
tango-netball-club-inc,amnd-winter-2023-inter-2,Tango,,cb8035ad
contax,amnd-winter-2023-inter-3,Contax 1,1,d8f95a23
garville,amnd-winter-2023-inter-3,Garville,,7f82960f
matrics,amnd-winter-2023-inter-3,Matrics,,02fbb0a9
metro-jets,amnd-winter-2023-inter-3,Metro Jets,,e6baa810
norwood-netball-club,amnd-winter-2023-inter-3,Newton Jaguars 2,2,5c42d388
oakdale-netball-club-sa,amnd-winter-2023-inter-3,Oakdale,,fcf407d2
south-adelaide-netball-club,amnd-winter-2023-inter-3,South Adelaide,,d76ee3f7
walkerville,amnd-winter-2023-inter-3,Walkerville,,e0d0f444
adelaide-wildcats,amnd-winter-2023-inter-4,Adelaide Wildcats,,b4980600
cheerio-netball-club,amnd-winter-2023-inter-4,Cheerio,,f6f0e732
contax,amnd-winter-2023-inter-4,Contax 1,1,f90a7370
contax,amnd-winter-2023-inter-4,Contax 2,2,fd152fee
garville,amnd-winter-2023-inter-4,Garville,,d1f5d648
matrics,amnd-winter-2023-inter-4,Matrics,,3fbc4c28
metro-jets,amnd-winter-2023-inter-4,Metro Jets,,c334c690
oakdale-netball-club-sa,amnd-winter-2023-inter-4,Oakdale,,31f465df
contax,amnd-winter-2023-inter-5,Contax,,ed19f5be
matrics,amnd-winter-2023-inter-5,Matrics,,65c9f1d3
metro-jets,amnd-winter-2023-inter-5,Metro Jets,,51e411b1
oakdale-netball-club-sa,amnd-winter-2023-inter-5,Oakdale,,ff73a498
reynella-netball-club,amnd-winter-2023-inter-5,Reynella,,ff254381
tango-netball-club-inc,amnd-winter-2023-inter-5,Tango,,e21ebc0c
walkerville,amnd-winter-2023-inter-5,Walkerville 1,1,4716e005
walkerville,amnd-winter-2023-inter-5,Walkerville 2,2,0dbeaa20
adelaide-wildcats,amnd-winter-2023-inter-6,Adelaide Wildcats,,1c88ec1f
central-district-netball-club,amnd-winter-2023-inter-6,Central District,,3dba8653
cheerio-netball-club,amnd-winter-2023-inter-6,Withdrawn Team,,eb87c7e1
matrics,amnd-winter-2023-inter-6,Matrics,,d843075d
norwood-netball-club,amnd-winter-2023-inter-6,Newton Jaguars,,e68c1899
oakdale-netball-club-sa,amnd-winter-2023-inter-6,Oakdale,,7e70713f
south-adelaide-netball-club,amnd-winter-2023-inter-6,South Adelaide,,a3513a60
contax,amnd-winter-2023-junior-1,Contax,,485e71d2
garville,amnd-winter-2023-junior-1,Garville,,3bd97611
matrics,amnd-winter-2023-junior-1,Matrics,,01186cd4
metro-jets,amnd-winter-2023-junior-1,Metro Jets,,3ca47447
norwood-netball-club,amnd-winter-2023-junior-1,Newton Jaguars 1,1,c87314bb
oakdale-netball-club-sa,amnd-winter-2023-junior-1,Oakdale,,3b71feba
reynella-netball-club,amnd-winter-2023-junior-1,Reynella,,01d9b29f
tango-netball-club-inc,amnd-winter-2023-junior-1,Tango,,800e4e02
contax,amnd-winter-2023-junior-2,Contax 1,1,bc33eb49
contax,amnd-winter-2023-junior-2,Contax 2,2,41629158
garville,amnd-winter-2023-junior-2,Garville,,fdcf5c70
matrics,amnd-winter-2023-junior-2,Matrics,,c6580558
norwood-netball-club,amnd-winter-2023-junior-2,Newton Jaguars 2,2,aca6af49
oakdale-netball-club-sa,amnd-winter-2023-junior-2,Oakdale,,429ea2ac
contax,amnd-winter-2023-junior-3,Contax,,9a2c285a
garville,amnd-winter-2023-junior-3,Garville,,d9fff0f8
matrics,amnd-winter-2023-junior-3,Matrics,,232da9dc
metro-jets,amnd-winter-2023-junior-3,Metro Jets,,3a431a9b
norwood-netball-club,amnd-winter-2023-junior-3,Newton Jaguars 3,3,ba8f0805
oakdale-netball-club-sa,amnd-winter-2023-junior-3,Oakdale,,0614d102
tango-netball-club-inc,amnd-winter-2023-junior-3,Tango 1,1,9317bb1c
tango-netball-club-inc,amnd-winter-2023-junior-3,Tango 2,2,397ceb08
contax,amnd-winter-2023-junior-4,Contax 1,1,3aab5f61
contax,amnd-winter-2023-junior-4,Contax 2,2,8de3d18e
garville,amnd-winter-2023-junior-4,Garville,,de0fa5d5
matrics,amnd-winter-2023-junior-4,Matrics,,dbd6f4e7
norwood-netball-club,amnd-winter-2023-junior-4,Newton Jaguars,,e305cd00
reynella-netball-club,amnd-winter-2023-junior-4,Reynella,,1f1378fb
south-adelaide-netball-club,amnd-winter-2023-junior-4,South Adelaide,,5af35089
walkerville,amnd-winter-2023-junior-4,Walkerville,,cb8d97f9
adelaide-wildcats,amnd-winter-2023-junior-5,Adelaide Wildcats,,a4c96766
garville,amnd-winter-2023-junior-5,Garville,,614211a8
matrics,amnd-winter-2023-junior-5,Matrics,,2e51b0c4
metro-jets,amnd-winter-2023-junior-5,Metro Jets,,54e19af9
norwood-netball-club,amnd-winter-2023-junior-5,Newton Jaguars,,3eddc69f
oakdale-netball-club-sa,amnd-winter-2023-junior-5,Oakdale,,5dcec4b7
reynella-netball-club,amnd-winter-2023-junior-5,Reynella,,e9c9daea
tango-netball-club-inc,amnd-winter-2023-junior-5,Tango,,44f11efb
contax,amnd-winter-2023-junior-6,Contax,,dd72ff07
garville,amnd-winter-2023-junior-6,Garville,,219d577e
matrics,amnd-winter-2023-junior-6,Matrics 1,1,025df7c7
matrics,amnd-winter-2023-junior-6,Matrics 2,2,8b1f93a4
norwood-netball-club,amnd-winter-2023-junior-6,Newton Jaguars 6,6,fae19eba
oakdale-netball-club-sa,amnd-winter-2023-junior-6,Oakdale,,74b1a4be
tango-netball-club-inc,amnd-winter-2023-junior-6,Tango,,20e2d2e9
cheerio-netball-club,amnd-winter-2023-junior-7,Cheerio,,8f5d9795
contax,amnd-winter-2023-junior-7,Contax,,8d4bf7b3
garville,amnd-winter-2023-junior-7,Garville,,b1f460af
matrics,amnd-winter-2023-junior-7,Matrics,,80a1b88c
metro-jets,amnd-winter-2023-junior-7,Metro Jets,,d3a2d83d
walkerville,amnd-winter-2023-junior-7,Walkerville,,12748c90
adelaide-wildcats,amnd-winter-2023-junior-8,Adelaide Wildcats,,9a71a4c3
garville,amnd-winter-2023-junior-8,Garville,,da504b80
norwood-netball-club,amnd-winter-2023-junior-8,Newton Jaguars,,b57b480e
oakdale-netball-club-sa,amnd-winter-2023-junior-8,Oakdale,,af6a978c
reynella-netball-club,amnd-winter-2023-junior-8,Reynella,,483bf280
walkerville,amnd-winter-2023-junior-8,Walkerville,,8af1a69a
contax,amnd-winter-2023-primary-1,Contax,,2ce3643b
garville,amnd-winter-2023-primary-1,Garville,,5d1b1ce4
matrics,amnd-winter-2023-primary-1,Matrics,,e85e07b1
oakdale-netball-club-sa,amnd-winter-2023-primary-1,Oakdale,,25b5f0c6
reynella-netball-club,amnd-winter-2023-primary-1,Reynella,,17d76630
walkerville,amnd-winter-2023-primary-1,Walkerville,,f8c53a1a
contax,amnd-winter-2023-primary-2,Contax 1,1,cc47fe8c
contax,amnd-winter-2023-primary-2,Contax 2,2,e793bf77
garville,amnd-winter-2023-primary-2,Garville,,4a9364d0
matrics,amnd-winter-2023-primary-2,Matrics 1,1,b213c378
matrics,amnd-winter-2023-primary-2,Matrics 2,2,5f90214b
oakdale-netball-club-sa,amnd-winter-2023-primary-2,Oakdale,,6ef2d343
south-adelaide-netball-club,amnd-winter-2023-primary-2,South Adelaide,,746dc538
tango-netball-club-inc,amnd-winter-2023-primary-2,Tango,,8bbdd747
cheerio-netball-club,amnd-winter-2023-primary-3,Cheerio,,4dfb19b3
contax,amnd-winter-2023-primary-3,Contax,,eaf26238
garville,amnd-winter-2023-primary-3,Garville,,6a6d2588
matrics,amnd-winter-2023-primary-3,Matrics,,382e9987
metro-jets,amnd-winter-2023-primary-3,Metro Jets,,449eeadd
norwood-netball-club,amnd-winter-2023-primary-3,Newton Jaguars,,1c6b02a7
tango-netball-club-inc,amnd-winter-2023-primary-3,Tango,,e72d07ce
walkerville,amnd-winter-2023-primary-3,Walkerville,,9a123ae2
cheerio-netball-club,amnd-winter-2023-primary-4,Cheerio 1,1,8cfd2360
cheerio-netball-club,amnd-winter-2023-primary-4,Cheerio 2,2,89f2f6b1
garville,amnd-winter-2023-primary-4,Garville,,a302ccd1
matrics,amnd-winter-2023-primary-4,Matrics 1,1,93d3002d
matrics,amnd-winter-2023-primary-4,Matrics 2,2,6fc217f0
oakdale-netball-club-sa,amnd-winter-2023-primary-4,Oakdale,,450b3119
reynella-netball-club,amnd-winter-2023-primary-4,Reynella,,8300ecab
adelaide-wildcats,amnd-winter-2023-primary-5,Adelaide Wildcats,,a099ed93
contax,amnd-winter-2023-primary-5,Contax,,2c02a7e5
matrics,amnd-winter-2023-primary-5,Matrics,,64d5d39e
metro-jets,amnd-winter-2023-primary-5,Metro Jets,,8317f2e9
norwood-netball-club,amnd-winter-2023-primary-5,Newton Jaguars,,39e478f5
oakdale-netball-club-sa,amnd-winter-2023-primary-5,Oakdale,,ba3a1b79
reynella-netball-club,amnd-winter-2023-primary-5,Reynella,,d19320f9
walkerville,amnd-winter-2023-primary-5,Walkerville,,109f7897
cheerio-netball-club,amnd-winter-2023-primary-6,Cheerio,,16b61269
contax,amnd-winter-2023-primary-6,Contax,,cabd7cd7
garville,amnd-winter-2023-primary-6,Garville,,e9fcf8cc
metro-jets,amnd-winter-2023-primary-6,Metro Jets,,e2be380f
oakdale-netball-club-sa,amnd-winter-2023-primary-6,Oakdale,,0b7df128
south-adelaide-netball-club,amnd-winter-2023-primary-6,South Adelaide,,6bbf7d15
matrics,amnd-winter-2023-primary-7,Matrics,,452284d4
norwood-netball-club,amnd-winter-2023-primary-7,Newton Jaguars,,e35f6456
reynella-netball-club,amnd-winter-2023-primary-7,Reynella,,e4681351
south-adelaide-netball-club,amnd-winter-2023-primary-7,South Adelaide,,809fb178
tango-netball-club-inc,amnd-winter-2023-primary-7,Tango,,d733d289
walkerville,amnd-winter-2023-primary-7,Walkerville,,1cbae01f
contax,amnd-winter-2023-sub-junior-1,Contax,,dbc55330
garville,amnd-winter-2023-sub-junior-1,Garville,,db405b98
matrics,amnd-winter-2023-sub-junior-1,Matrics,,fcbeb31d
norwood-netball-club,amnd-winter-2023-sub-junior-1,Newton Jaguars,,4a876cf3
oakdale-netball-club-sa,amnd-winter-2023-sub-junior-1,Oakdale,,6c1eb441
reynella-netball-club,amnd-winter-2023-sub-junior-1,Reynella,,fcf4009e
south-adelaide-netball-club,amnd-winter-2023-sub-junior-1,South Adelaide,,41f32493
tango-netball-club-inc,amnd-winter-2023-sub-junior-1,Tango,,4f46b35a
contax,amnd-winter-2023-sub-junior-2,Contax,,6507eef3
garville,amnd-winter-2023-sub-junior-2,Garville,,56f09410
matrics,amnd-winter-2023-sub-junior-2,Matrics,,e8a9e1ba
metro-jets,amnd-winter-2023-sub-junior-2,Metro Jets,,234a67cc
norwood-netball-club,amnd-winter-2023-sub-junior-2,Newton Jaguars,,72c9ca5f
oakdale-netball-club-sa,amnd-winter-2023-sub-junior-2,Oakdale,,25646cb6
reynella-netball-club,amnd-winter-2023-sub-junior-2,Reynella,,6fcd2cfb
tango-netball-club-inc,amnd-winter-2023-sub-junior-2,Tango,,2a6672e3
adelaide-wildcats,amnd-winter-2023-sub-junior-3,Adelaide Wildcats,,52368f41
contax,amnd-winter-2023-sub-junior-3,Contax,,e4de6c44
garville,amnd-winter-2023-sub-junior-3,Garville,,aabd132f
matrics,amnd-winter-2023-sub-junior-3,Matrics,,344c1847
northeast-zodiac,amnd-winter-2023-sub-junior-3,NE Zodiacs,,95b019d8
oakdale-netball-club-sa,amnd-winter-2023-sub-junior-3,Oakdale,,7ff53e0e
reynella-netball-club,amnd-winter-2023-sub-junior-3,Reynella,,410cc959
south-adelaide-netball-club,amnd-winter-2023-sub-junior-3,South Adelaide,,4a7143ac
contax,amnd-winter-2023-sub-junior-4,Contax,,bb470439
garville,amnd-winter-2023-sub-junior-4,Garville,,af2ef0be
matrics,amnd-winter-2023-sub-junior-4,Matrics 1,1,24c66f06
matrics,amnd-winter-2023-sub-junior-4,Matrics 2,2,da873ab5
metro-jets,amnd-winter-2023-sub-junior-4,Metro Jets,,c416f3e6
oakdale-netball-club-sa,amnd-winter-2023-sub-junior-4,Oakdale,,e6af471d
tango-netball-club-inc,amnd-winter-2023-sub-junior-4,Tango,,aeb86fbd
walkerville,amnd-winter-2023-sub-junior-4,Walkerville,,7dbc613d
cheerio-netball-club,amnd-winter-2023-sub-junior-5,Cheerio,,4d201fff
contax,amnd-winter-2023-sub-junior-5,Contax,,b95427a1
garville,amnd-winter-2023-sub-junior-5,Garville,,93ce3b9a
matrics,amnd-winter-2023-sub-junior-5,Matrics,,58eb6ce5
metro-jets,amnd-winter-2023-sub-junior-5,Metro Jets,,ca21c75f
norwood-netball-club,amnd-winter-2023-sub-junior-5,Newton Jaguars,,0fea6341
oakdale-netball-club-sa,amnd-winter-2023-sub-junior-5,Oakdale,,87a41542
reynella-netball-club,amnd-winter-2023-sub-junior-5,Reynella,,09935c7d
contax,amnd-winter-2023-sub-junior-6,Contax,,063ec090
garville,amnd-winter-2023-sub-junior-6,Garville,,69653482
matrics,amnd-winter-2023-sub-junior-6,Matrics 1,1,d88a3570
matrics,amnd-winter-2023-sub-junior-6,Matrics 2,2,46bddce0
metro-jets,amnd-winter-2023-sub-junior-6,Metro Jets,,d3a23934
norwood-netball-club,amnd-winter-2023-sub-junior-6,Newton Jaguars,,d4ac9b5e
oakdale-netball-club-sa,amnd-winter-2023-sub-junior-6,Oakdale,,07320c4a
walkerville,amnd-winter-2023-sub-junior-6,Walkerville,,5d5d1fcd
contax,amnd-winter-2023-sub-junior-7,Contax,,d132b5af
matrics,amnd-winter-2023-sub-junior-7,Matrics,,b3ee93ad
oakdale-netball-club-sa,amnd-winter-2023-sub-junior-7,Oakdale 1,1,1ef8b520
oakdale-netball-club-sa,amnd-winter-2023-sub-junior-7,Oakdale 2,2,aac4b393
reynella-netball-club,amnd-winter-2023-sub-junior-7,Reynella,,e44e2c6c
south-adelaide-netball-club,amnd-winter-2023-sub-junior-7,South Adelaide,,8dfcf62c
tango-netball-club-inc,amnd-winter-2023-sub-junior-7,Tango,,49c5bffa
walkerville,amnd-winter-2023-sub-junior-7,Walkerville,,cb41e18b
adelaide-wildcats,amnd-winter-2023-sub-junior-8,Adelaide Wildcats,,36e7d9cb
cheerio-netball-club,amnd-winter-2023-sub-junior-8,Cheerio,,f80f09a0
garville,amnd-winter-2023-sub-junior-8,Garville,,6bf4469e
metro-jets,amnd-winter-2023-sub-junior-8,Metro Jets,,0d7be7e5
norwood-netball-club,amnd-winter-2023-sub-junior-8,Newton Jaguars,,30c32ede
reynella-netball-club,amnd-winter-2023-sub-junior-8,Reynella,,ff852717
south-adelaide-netball-club,amnd-winter-2023-sub-junior-8,South Adelaide,,b6e45d79
walkerville,amnd-winter-2023-sub-junior-8,Walkerville,,52ea6c8d
adelaide-wildcats,amnd-winter-2024-a-grade,Adelaide Wildcats,,85e98e28
contax,amnd-winter-2024-a-grade,Contax,,3765b551
garville,amnd-winter-2024-a-grade,Garville,,42d177b2
matrics,amnd-winter-2024-a-grade,Matrics,,47443f7b
metro-jets,amnd-winter-2024-a-grade,Metro Jets,,98285251
norwood-netball-club,amnd-winter-2024-a-grade,Newton Jaguars,,c3fbd888
oakdale-netball-club-sa,amnd-winter-2024-a-grade,Oakdale,,2011de8e
reynella-netball-club,amnd-winter-2024-a-grade,Reynella,,fcbd660f
south-adelaide-netball-club,amnd-winter-2024-a-grade,South Adelaide,,f743e778
walkerville,amnd-winter-2024-a-grade,Walkerville,,d700535d
contax,amnd-winter-2024-amnd,Contax,,ee1229b5
garville,amnd-winter-2024-amnd,Garville,,f56a1f2f
matrics,amnd-winter-2024-amnd,Matrics,,083282fc
metro-jets,amnd-winter-2024-amnd,Metro Jets,,14e55f51
norwood-netball-club,amnd-winter-2024-amnd,Newton Jaguars,,c6e72ad3
oakdale-netball-club-sa,amnd-winter-2024-amnd,Oakdale,,11c70f90
reynella-netball-club,amnd-winter-2024-amnd,Reynella,,80f757fc
south-adelaide-netball-club,amnd-winter-2024-amnd,South Adelaide,,c1d5dd38
tango-netball-club-inc,amnd-winter-2024-amnd,Tango,,cf69024a
walkerville,amnd-winter-2024-amnd,Walkerville,,0e20d2fa
contax,amnd-winter-2024-b1,Contax,,4ca3ac93
matrics,amnd-winter-2024-b1,Matrics,,59eed371
oakdale-netball-club-sa,amnd-winter-2024-b1,Oakdale,,c7604de2
old-ignatians,amnd-winter-2024-b1,Old Ignatians',,054c8aa3
pembroke-o-s,amnd-winter-2024-b1,Pembroke OS,,c06da7ed
sacred-heart-o-c,amnd-winter-2024-b1,SHOCS,,a4918691
walkerville,amnd-winter-2024-b1,Walkerville 1,1,28cc3f1e
walkerville,amnd-winter-2024-b1,Walkerville 2,2,981f7644
cheerio-netball-club,amnd-winter-2024-b2,Cheerio,,e4cd8a7d
city-coasters,amnd-winter-2024-b2,City Coasters,,7f50aa34
contax,amnd-winter-2024-b2,Contax,,2c9506ef
matrics,amnd-winter-2024-b2,Matrics,,c189b08b
oakdale-netball-club-sa,amnd-winter-2024-b2,Oakdale,,b3b25224
south-adelaide-netball-club,amnd-winter-2024-b2,South Adelaide,,b03874ae
walkerville,amnd-winter-2024-b2,Walkerville 1,1,8b6e1a09
walkerville,amnd-winter-2024-b2,Walkerville 2,2,528c7731
adelaide-wildcats,amnd-winter-2024-b3,Adelaide Wildcats,,734c75d6
city-coasters,amnd-winter-2024-b3,City Coasters,,54eabad0
contax,amnd-winter-2024-b3,Contax,,0135461a
metro-jets,amnd-winter-2024-b3,Metro Jets,,a990329d
sacred-heart-o-c,amnd-winter-2024-b3,SHOCS,,a6bf48cb
tango-netball-club-inc,amnd-winter-2024-b3,Tango,,dba855f7
walkerville,amnd-winter-2024-b3,Walkerville 1,1,6eb67e69
walkerville,amnd-winter-2024-b3,Walkerville 2,2,13509fe0
central-district-netball-club,amnd-winter-2024-b4,Central District,,092e77af
city-coasters,amnd-winter-2024-b4,City Coasters,,f3817795
matrics,amnd-winter-2024-b4,Matrics,,8342b49a
pembroke-o-s,amnd-winter-2024-b4,Pembroke OS,,d3a7ec53
south-adelaide-netball-club,amnd-winter-2024-b4,South Adelaide,,93f4cd9a
walkerville,amnd-winter-2024-b4,Walkerville 1,1,6d25bc17
city-coasters,amnd-winter-2024-b5,City Coasters,,b07d35de
oakdale-netball-club-sa,amnd-winter-2024-b5,Oakdale,,f81bb0a2
reynella-netball-club,amnd-winter-2024-b5,Reynella,,af3c51d3
sacred-heart-o-c,amnd-winter-2024-b5,SHOCS,,e7f50371
walkerville,amnd-winter-2024-b5,Walkerville 1,1,943ff452
walkerville,amnd-winter-2024-b5,Walkerville 2,2,c07dc6df
adelaide-wildcats,amnd-winter-2024-c1,Adelaide Wildcats,,13bc93ad
central-district-netball-club,amnd-winter-2024-c1,Central District,,8053d5d3
city-coasters,amnd-winter-2024-c1,City Coasters 1,1,ac717d5c
city-coasters,amnd-winter-2024-c1,City Coasters 2,2,d759c467
metro-jets,amnd-winter-2024-c1,Metro Jets,,3def7bc6
oakdale-netball-club-sa,amnd-winter-2024-c1,Oakdale,,e9f769c2
pembroke-o-s,amnd-winter-2024-c1,Pembroke OS C,,7ccf7bbb
sacred-heart-o-c,amnd-winter-2024-c1,SHOCS,,1cfbebb4
walkerville,amnd-winter-2024-c1,Walkerville 1,1,a85ec58d
walkerville,amnd-winter-2024-c1,Walkerville 2,2,915936a1
city-coasters,amnd-winter-2024-c2,City Coasters 1,1,5b1352b7
reynella-netball-club,amnd-winter-2024-c2,Reynella,,ecb181f2
sacred-heart-o-c,amnd-winter-2024-c2,SHOCS 1,1,2cb685f0
sacred-heart-o-c,amnd-winter-2024-c2,SHOCS 2,2,76179737
walkerville,amnd-winter-2024-c2,Walkerville 1,1,6fe426ad
west-croydon-netball-club,amnd-winter-2024-c2,West Croydon,,bb85f9fc
central-district-netball-club,amnd-winter-2024-c6,Central District,,72972018
contax,amnd-winter-2024-c6,Contax,,dc9430a4
matrics,amnd-winter-2024-c6,Matrics,,4852c12f
metro-jets,amnd-winter-2024-c6,Metro Jets,,30d75888
norwood-netball-club,amnd-winter-2024-c6,Newton Jaguars,,1b03b452
semaphore,amnd-winter-2024-c6,Semaphore,,39f6a909
south-adelaide-netball-club,amnd-winter-2024-c6,South Adelaide,,422ae1db
tango-netball-club-inc,amnd-winter-2024-c6,Tango,,e5023b76
contax,amnd-winter-2024-inter-1,Contax,,70716ede
garville,amnd-winter-2024-inter-1,Garville,,de8ac756
matrics,amnd-winter-2024-inter-1,Matrics,,bf38bdc1
metro-jets,amnd-winter-2024-inter-1,Metro Jets,,9ba12f2f
norwood-netball-club,amnd-winter-2024-inter-1,Newton Jaguars,,338016b5
oakdale-netball-club-sa,amnd-winter-2024-inter-1,Oakdale,,e6130cbd
contax,amnd-winter-2024-inter-2,Contax,,ea536757
garville,amnd-winter-2024-inter-2,Garville,,87abfbb8
matrics,amnd-winter-2024-inter-2,Matrics,,12da0e4d
norwood-netball-club,amnd-winter-2024-inter-2,Newton Jaguars,,2ee3f6bf
oakdale-netball-club-sa,amnd-winter-2024-inter-2,Oakdale 1,1,9ca1a48d
oakdale-netball-club-sa,amnd-winter-2024-inter-2,Oakdale 2,2,f257f8b3
south-adelaide-netball-club,amnd-winter-2024-inter-2,South Adelaide,,7791f35d
tango-netball-club-inc,amnd-winter-2024-inter-2,Tango,,4b0df1a6
contax,amnd-winter-2024-inter-3,Contax 1,1,e96339fb
contax,amnd-winter-2024-inter-3,Contax 2,2,346996b3
garville,amnd-winter-2024-inter-3,Garville,,cacbb2a6
matrics,amnd-winter-2024-inter-3,Matrics 1,1,6d4081a7
matrics,amnd-winter-2024-inter-3,Matrics 2,2,8076a930
metro-jets,amnd-winter-2024-inter-3,Metro Jets,,45fd3441
tango-netball-club-inc,amnd-winter-2024-inter-3,Tango,,3203f269
central-district-netball-club,amnd-winter-2024-inter-4,Central District,,b4851d61
contax,amnd-winter-2024-inter-4,Contax,,b6e70096
garville,amnd-winter-2024-inter-4,Garville,,0576b78a
matrics,amnd-winter-2024-inter-4,Matrics,,12a0d62c
metro-jets,amnd-winter-2024-inter-4,Metro Jets,,a16ab7a6
norwood-netball-club,amnd-winter-2024-inter-4,Newton Jaguars,,fe86a74c
oakdale-netball-club-sa,amnd-winter-2024-inter-4,Oakdale,,1f733bdf
walkerville,amnd-winter-2024-inter-4,Walkerville,,60dc2bff
cheerio-netball-club,amnd-winter-2024-inter-5,Cheerio,,8d575a8f
garville,amnd-winter-2024-inter-5,Garville,,34c7cbc8
matrics,amnd-winter-2024-inter-5,Matrics,,2b701299
oakdale-netball-club-sa,amnd-winter-2024-inter-5,Oakdale,,8a64d73c
reynella-netball-club,amnd-winter-2024-inter-5,Reynella,,409a2b8d
tango-netball-club-inc,amnd-winter-2024-inter-5,Tango,,da37922b
walkerville,amnd-winter-2024-inter-5,Walkerville,,3c0645ee
adelaide-wildcats,amnd-winter-2024-inter-6,Adelaide Wildcats,,a8513649
central-district-netball-club,amnd-winter-2024-inter-6,Central District,,a242e134
contax,amnd-winter-2024-inter-6,Contax,,8611ff54
garville,amnd-winter-2024-inter-6,Garville,,78b246b8
metro-jets,amnd-winter-2024-inter-6,Metro Jets,,d25dc4fb
norwood-netball-club,amnd-winter-2024-inter-6,Newton Jaguars,,38f258ec
oakdale-netball-club-sa,amnd-winter-2024-inter-6,Oakdale,,333623d8
reynella-netball-club,amnd-winter-2024-inter-6,Reynella,,c60a7d3d
contax,amnd-winter-2024-junior-1,Contax,,d300ad85
garville,amnd-winter-2024-junior-1,Garville,,9ce5d3a1
matrics,amnd-winter-2024-junior-1,Matrics,,303fc929
metro-jets,amnd-winter-2024-junior-1,Metro Jets,,4cae9829
norwood-netball-club,amnd-winter-2024-junior-1,Newton Jaguars,,bec0ebc7
oakdale-netball-club-sa,amnd-winter-2024-junior-1,Oakdale,,1ede5eb7
south-adelaide-netball-club,amnd-winter-2024-junior-1,South Adelaide,,d8716931
tango-netball-club-inc,amnd-winter-2024-junior-1,Tango,,033afbda
contax,amnd-winter-2024-junior-2,Contax 1,1,93d1886f
contax,amnd-winter-2024-junior-2,Contax 2,2,11977789
garville,amnd-winter-2024-junior-2,Garville,,f975ec0e
matrics,amnd-winter-2024-junior-2,Matrics,,090985a5
oakdale-netball-club-sa,amnd-winter-2024-junior-2,Oakdale,,952bfa77
reynella-netball-club,amnd-winter-2024-junior-2,Reynella,,7c0c3e02
contax,amnd-winter-2024-junior-3,Contax 1,1,c502a724
contax,amnd-winter-2024-junior-3,Contax 2,2,b25454d8
garville,amnd-winter-2024-junior-3,Garville,,d9934166
matrics,amnd-winter-2024-junior-3,Matrics 1,1,001f307e
matrics,amnd-winter-2024-junior-3,Matrics 2,2,6aee762d
metro-jets,amnd-winter-2024-junior-3,Metro Jets,,418361f2
oakdale-netball-club-sa,amnd-winter-2024-junior-3,Oakdale,,8cff0547
reynella-netball-club,amnd-winter-2024-junior-3,Reynella,,016df472
garville,amnd-winter-2024-junior-4,Garville,,ccb124da
matrics,amnd-winter-2024-junior-4,Matrics,,1208641a
norwood-netball-club,amnd-winter-2024-junior-4,Newton Jaguars,,99c8e9e9
oakdale-netball-club-sa,amnd-winter-2024-junior-4,Oakdale,,360c215c
tango-netball-club-inc,amnd-winter-2024-junior-4,Tango 1,1,2cbf7084
tango-netball-club-inc,amnd-winter-2024-junior-4,Tango 2,2,af5cb534
walkerville,amnd-winter-2024-junior-4,Walkerville,,7f039cd6
contax,amnd-winter-2024-junior-5,Contax,,d04e90de
garville,amnd-winter-2024-junior-5,Garville,,2fe317e9
matrics,amnd-winter-2024-junior-5,Matrics,,b43204a8
metro-jets,amnd-winter-2024-junior-5,Metro Jets,,ea2d38c4
oakdale-netball-club-sa,amnd-winter-2024-junior-5,Oakdale,,71ea8d60
reynella-netball-club,amnd-winter-2024-junior-5,Reynella,,5cb72d96
tango-netball-club-inc,amnd-winter-2024-junior-5,Tango,,10f1cbdf
walkerville,amnd-winter-2024-junior-5,Walkerville,,809e325a
contax,amnd-winter-2024-junior-6,Contax 1,1,0fe300e3
contax,amnd-winter-2024-junior-6,Contax 2,2,807d3c39
garville,amnd-winter-2024-junior-6,Garville,,d470659a
matrics,amnd-winter-2024-junior-6,Matrics 1,1,36bc223c
matrics,amnd-winter-2024-junior-6,Matrics 2,2,357e2f13
oakdale-netball-club-sa,amnd-winter-2024-junior-6,Oakdale 1,1,325cda29
oakdale-netball-club-sa,amnd-winter-2024-junior-6,Oakdale 2,2,076475e1
reynella-netball-club,amnd-winter-2024-junior-6,Reynella,,2d4af176
adelaide-wildcats,amnd-winter-2024-junior-7,Adelaide Wildcats,,394581cf
cheerio-netball-club,amnd-winter-2024-junior-7,Cheerio,,8bb91749
garville,amnd-winter-2024-junior-7,Garville,,8249605d
matrics,amnd-winter-2024-junior-7,Matrics,,e5ce24db
metro-jets,amnd-winter-2024-junior-7,Metro Jets,,7f9c88ec
norwood-netball-club,amnd-winter-2024-junior-7,Newton Jaguars,,18365c82
reynella-netball-club,amnd-winter-2024-junior-7,Reynella,,142f320b
south-adelaide-netball-club,amnd-winter-2024-junior-7,South Adelaide,,b52b761c
central-district-netball-club,amnd-winter-2024-junior-8,Central District,,cb9b3821
metro-jets,amnd-winter-2024-junior-8,Metro Jets,,f733354d
norwood-netball-club,amnd-winter-2024-junior-8,Newton Jaguars,,b477ddc8
oakdale-netball-club-sa,amnd-winter-2024-junior-8,Oakdale,,fc8af09d
reynella-netball-club,amnd-winter-2024-junior-8,Reynella 1,1,2531aaf3
reynella-netball-club,amnd-winter-2024-junior-8,Reynella 2,2,3fbf6e40
south-adelaide-netball-club,amnd-winter-2024-junior-8,South Adelaide,,fcf124ac
walkerville,amnd-winter-2024-junior-8,Walkerville,,a5eb20ba
contax,amnd-winter-2024-primary-1,Contax,,56b08e97
garville,amnd-winter-2024-primary-1,Garville,,8a4206e8
matrics,amnd-winter-2024-primary-1,Matrics,,fdb5ecdd
metro-jets,amnd-winter-2024-primary-1,Metro Jets,,9f8fa04b
oakdale-netball-club-sa,amnd-winter-2024-primary-1,Oakdale,,9c97b399
reynella-netball-club,amnd-winter-2024-primary-1,Reynella,,162c352e
contax,amnd-winter-2024-primary-2,Contax,,4c54cf57
matrics,amnd-winter-2024-primary-2,Matrics 1,1,a95f1cdd
matrics,amnd-winter-2024-primary-2,Matrics 2,2,a2a0d5c2
oakdale-netball-club-sa,amnd-winter-2024-primary-2,Oakdale,,8745d69f
reynella-netball-club,amnd-winter-2024-primary-2,Reynella,,8492a659
south-adelaide-netball-club,amnd-winter-2024-primary-2,South Adelaide,,f65200ed
tango-netball-club-inc,amnd-winter-2024-primary-2,Tango,,336a3850
walkerville,amnd-winter-2024-primary-2,Walkerville,,f2a8a2b3
contax,amnd-winter-2024-primary-3,Contax,,0a32c558
matrics,amnd-winter-2024-primary-3,Matrics,,87f24949
metro-jets,amnd-winter-2024-primary-3,Metro Jets,,4012d99e
norwood-netball-club,amnd-winter-2024-primary-3,Newton Jaguars,,7bf1d605
oakdale-netball-club-sa,amnd-winter-2024-primary-3,Oakdale 1,1,4e45f11e
oakdale-netball-club-sa,amnd-winter-2024-primary-3,Oakdale 2,2,c22f7652
reynella-netball-club,amnd-winter-2024-primary-3,Reynella,,9761a6c9
tango-netball-club-inc,amnd-winter-2024-primary-3,Tango,,a083573e
contax,amnd-winter-2024-primary-4,Contax,,53f1ac91
garville,amnd-winter-2024-primary-4,Garville,,3fe6d4ec
matrics,amnd-winter-2024-primary-4,Matrics,,75a4f186
norwood-netball-club,amnd-winter-2024-primary-4,Newton Jaguars,,2aba961f
walkerville,amnd-winter-2024-primary-4,Walkerville 1,1,e4c87e45
walkerville,amnd-winter-2024-primary-4,Walkerville 2,2,bb06b415
contax,amnd-winter-2024-primary-5a,Contax,,09ac138e
matrics,amnd-winter-2024-primary-5a,Matrics 1,1,dd1621dc
matrics,amnd-winter-2024-primary-5a,Matrics 2,2,9d103132
metro-jets,amnd-winter-2024-primary-5a,Metro Jets,,41dc58a8
oakdale-netball-club-sa,amnd-winter-2024-primary-5a,Oakdale,,7afd0e34
reynella-netball-club,amnd-winter-2024-primary-5a,Reynella,,1901342c
cheerio-netball-club,amnd-winter-2024-primary-5b,Cheerio,,140844e6
garville,amnd-winter-2024-primary-5b,Garville,,b4f12731
matrics,amnd-winter-2024-primary-5b,Matrics,,81cc099b
oakdale-netball-club-sa,amnd-winter-2024-primary-5b,Oakdale,,93f8921c
tango-netball-club-inc,amnd-winter-2024-primary-5b,Tango,,cbba1aab
walkerville,amnd-winter-2024-primary-5b,Walkerville,,2084012f
adelaide-wildcats,amnd-winter-2024-primary-6,Adelaide Wildcats,,35f49862
contax,amnd-winter-2024-primary-6,Contax,,a4a26179
garville,amnd-winter-2024-primary-6,Garville,,b2a89afb
oakdale-netball-club-sa,amnd-winter-2024-primary-6,Oakdale 1,1,18f3e425
oakdale-netball-club-sa,amnd-winter-2024-primary-6,Oakdale 2,2,9aa8ce61
south-adelaide-netball-club,amnd-winter-2024-primary-6,South Adelaide 1,1,59f18bb6
south-adelaide-netball-club,amnd-winter-2024-primary-6,South Adelaide 2,2,73e46e3e
walkerville,amnd-winter-2024-primary-6,Walkerville,,e32fd478
cheerio-netball-club,amnd-winter-2024-primary-7,Cheerio,,e8eb2dc8
matrics,amnd-winter-2024-primary-7,Matrics 1,1,c2a354c5
matrics,amnd-winter-2024-primary-7,Matrics 2,2,3061cea4
metro-jets,amnd-winter-2024-primary-7,Metro Jets,,56aab79d
norwood-netball-club,amnd-winter-2024-primary-7,Newton Jaguars,,17053f3f
reynella-netball-club,amnd-winter-2024-primary-7,Reynella,,047a650c
tango-netball-club-inc,amnd-winter-2024-primary-7,Tango,,8074e7a4
walkerville,amnd-winter-2024-primary-7,Walkerville,,dcbe4f0c
contax,amnd-winter-2024-sub-junior-1,Contax 1,1,1ee11e34
contax,amnd-winter-2024-sub-junior-1,Contax 2,2,e055166a
garville,amnd-winter-2024-sub-junior-1,Garville,,51a12bf7
matrics,amnd-winter-2024-sub-junior-1,Matrics,,5212ef01
metro-jets,amnd-winter-2024-sub-junior-1,Metro Jets,,501965aa
oakdale-netball-club-sa,amnd-winter-2024-sub-junior-1,Oakdale,,c69c051f
strikers-club,amnd-winter-2024-sub-junior-1,Strikers,,e82d0774
tango-netball-club-inc,amnd-winter-2024-sub-junior-1,Tango,,2d6c1169
contax,amnd-winter-2024-sub-junior-2,Contax,,696752d6
matrics,amnd-winter-2024-sub-junior-2,Matrics 1,1,a627b669
matrics,amnd-winter-2024-sub-junior-2,Matrics 2,2,c5f9c6f7
norwood-netball-club,amnd-winter-2024-sub-junior-2,Newton Jaguars,,4f785a13
oakdale-netball-club-sa,amnd-winter-2024-sub-junior-2,Oakdale,,b4a9de88
reynella-netball-club,amnd-winter-2024-sub-junior-2,Reynella,,64da5fc4
south-adelaide-netball-club,amnd-winter-2024-sub-junior-2,South Adelaide,,d00aaff1
walkerville,amnd-winter-2024-sub-junior-2,Walkerville,,c1c2dedb
garville,amnd-winter-2024-sub-junior-3,Garville 1,1,1336ebd4
garville,amnd-winter-2024-sub-junior-3,Garville 2,2,2b698cfa
matrics,amnd-winter-2024-sub-junior-3,Matrics,,71813578
metro-jets,amnd-winter-2024-sub-junior-3,Metro Jets,,0b786152
oakdale-netball-club-sa,amnd-winter-2024-sub-junior-3,Oakdale,,eb91d1a0
tango-netball-club-inc,amnd-winter-2024-sub-junior-3,Tango,,671808fc
contax,amnd-winter-2024-sub-junior-4,Contax,,62666f3b
garville,amnd-winter-2024-sub-junior-4,Garville,,2186c49f
matrics,amnd-winter-2024-sub-junior-4,Matrics 1,1,9a8b6a46
matrics,amnd-winter-2024-sub-junior-4,Matrics 2,2,b59f796b
oakdale-netball-club-sa,amnd-winter-2024-sub-junior-4,Oakdale,,a1590a6c
reynella-netball-club,amnd-winter-2024-sub-junior-4,Reynella,,7ddc3fcb
tango-netball-club-inc,amnd-winter-2024-sub-junior-4,Tango,,d6471386
walkerville,amnd-winter-2024-sub-junior-4,Walkerville,,66c4b8d8
contax,amnd-winter-2024-sub-junior-5,Contax 1,1,042adbb7
contax,amnd-winter-2024-sub-junior-5,Contax 2,2,96589ec3
garville,amnd-winter-2024-sub-junior-5,Garville,,33e3ed1b
metro-jets,amnd-winter-2024-sub-junior-5,Metro Jets,,bd2f7486
norwood-netball-club,amnd-winter-2024-sub-junior-5,Newton Jaguars,,385da738
oakdale-netball-club-sa,amnd-winter-2024-sub-junior-5,Oakdale,,ec44ca39
south-adelaide-netball-club,amnd-winter-2024-sub-junior-5,South Adelaide,,a1cb3acc
walkerville,amnd-winter-2024-sub-junior-5,Walkerville,,d0772132
adelaide-wildcats,amnd-winter-2024-sub-junior-6a,Adelaide Wildcats,,fb45f5f0
contax,amnd-winter-2024-sub-junior-6a,Contax,,45dcb4cc
garville,amnd-winter-2024-sub-junior-6a,Garville,,47d4ca3a
matrics,amnd-winter-2024-sub-junior-6a,Matrics,,84482ee9
metro-jets,amnd-winter-2024-sub-junior-6a,Metro Jets,,064121b8
oakdale-netball-club-sa,amnd-winter-2024-sub-junior-6a,Oakdale,,c5d70141
reynella-netball-club,amnd-winter-2024-sub-junior-6a,Reynella,,89edbca5
tango-netball-club-inc,amnd-winter-2024-sub-junior-6a,Tango,,d38a36d9
cheerio-netball-club,amnd-winter-2024-sub-junior-6b,Cheerio,,c453b12a
contax,amnd-winter-2024-sub-junior-6b,Contax,,1ae2320d
matrics,amnd-winter-2024-sub-junior-6b,Matrics,,897bf3db
metro-jets,amnd-winter-2024-sub-junior-6b,Metro Jets,,b2698ab3
oakdale-netball-club-sa,amnd-winter-2024-sub-junior-6b,Oakdale,,fe6e6b72
walkerville,amnd-winter-2024-sub-junior-6b,Walkerville,,473c5436
central-district-netball-club,amnd-winter-2024-sub-junior-7,Central District,,9837607d
garville,amnd-winter-2024-sub-junior-7,Garville,,7b5a480f
matrics,amnd-winter-2024-sub-junior-7,Matrics,,206c942a
norwood-netball-club,amnd-winter-2024-sub-junior-7,Newton  Jaguars,,9f24f2d0
oakdale-netball-club-sa,amnd-winter-2024-sub-junior-7,Oakdale,,bf13f254
south-adelaide-netball-club,amnd-winter-2024-sub-junior-7,South Adelaide,,35001801
adelaide-wildcats,amnd-winter-2024-sub-junior-8,Adelaide Wildcats,,c40980c9
cheerio-netball-club,amnd-winter-2024-sub-junior-8,Cheerio 1,1,3fcca564
cheerio-netball-club,amnd-winter-2024-sub-junior-8,Cheerio 2,2,99307620
metro-jets,amnd-winter-2024-sub-junior-8,Metro Jets,,91b2d141
norwood-netball-club,amnd-winter-2024-sub-junior-8,Newton Jaguars,,7fcd24bb
reynella-netball-club,amnd-winter-2024-sub-junior-8,Reynella,,1bd14805
tango-netball-club-inc,amnd-winter-2024-sub-junior-8,Tango,,c36d91a4
walkerville,amnd-winter-2024-sub-junior-8,Walkerville,,42372308
adelaide-wildcats,amnd-winter-2025-a-grade,Adelaide Wildcats,,e98541fc
contax,amnd-winter-2025-a-grade,Contax,,f91be97f
garville,amnd-winter-2025-a-grade,Garville,,d4ee0104
matrics,amnd-winter-2025-a-grade,Matrics,,cd61d066
metro-jets,amnd-winter-2025-a-grade,Metro Jets,,d294f9dc
oakdale-netball-club-sa,amnd-winter-2025-a-grade,Oakdale,,765a8b89
phoenix-netball-club-sa,amnd-winter-2025-a-grade,Phoenix,,7e9737ff
reynella-netball-club,amnd-winter-2025-a-grade,Reynella,,fdb4f7ef
south-adelaide-netball-club,amnd-winter-2025-a-grade,South Adelaide,,43afff51
walkerville,amnd-winter-2025-a-grade,Walkerville,,ae7cc566
contax,amnd-winter-2025-amnd,Contax,,1ba666bc
garville,amnd-winter-2025-amnd,Garville,,61c22108
matrics,amnd-winter-2025-amnd,Matrics,,33218a43
metro-jets,amnd-winter-2025-amnd,Metro Jets,,90816ec1
norwood-netball-club,amnd-winter-2025-amnd,Newton Jaguars,,f806680c
oakdale-netball-club-sa,amnd-winter-2025-amnd,Oakdale,,93d371d0
reynella-netball-club,amnd-winter-2025-amnd,Reynella,,99d90758
south-adelaide-netball-club,amnd-winter-2025-amnd,South Adelaide,,fb89e7b7
tango-netball-club-inc,amnd-winter-2025-amnd,Tango,,d9725ab5
walkerville,amnd-winter-2025-amnd,Walkerville,,7f3bf1b5
city-coasters,amnd-winter-2025-b1,City Coasters,,38632ec6
matrics,amnd-winter-2025-b1,Matrics,,3a588df6
norwood-netball-club,amnd-winter-2025-b1,Newton Jaguars,,037c24ec
oakdale-netball-club-sa,amnd-winter-2025-b1,Oakdale,,68a343d9
reynella-netball-club,amnd-winter-2025-b1,Reynella,,3813190e
sacred-heart-o-c,amnd-winter-2025-b1,SHOCS,,b3bd1d37
walkerville,amnd-winter-2025-b1,Walkerville 1,1,2d0212d4
walkerville,amnd-winter-2025-b1,Walkerville 2,2,d1b693c1
adelaide-wildcats,amnd-winter-2025-b2,Adelaide Wildcats,,8b17de7d
contax,amnd-winter-2025-b2,Contax,,39a2b264
matrics,amnd-winter-2025-b2,Matrics,,cbdaf001
metro-jets,amnd-winter-2025-b2,Metro Jets,,9fd38c43
south-adelaide-netball-club,amnd-winter-2025-b2,South Adelaide,,c5c01151
tango-netball-club-inc,amnd-winter-2025-b2,Tango,,875ca669
walkerville,amnd-winter-2025-b2,Walkerville 1,1,39371b35
walkerville,amnd-winter-2025-b2,Walkerville 2,2,512abc34
adelaide-wildcats,amnd-winter-2025-b3,Adelaide Wildcats,,59059d4b
cheerio-netball-club,amnd-winter-2025-b3,Cheerio,,e3c61fb2
city-coasters,amnd-winter-2025-b3,City Coasters,,3e69f9a8
contax,amnd-winter-2025-b3,Contax,,e651c3ca
matrics,amnd-winter-2025-b3,Matrics,,311587a6
oakdale-netball-club-sa,amnd-winter-2025-b3,Oakdale,,b9e0fd40
walkerville,amnd-winter-2025-b3,Walkerville 1,1,981e4f20
walkerville,amnd-winter-2025-b3,Walkerville 2,2,50559444
cheerio-netball-club,amnd-winter-2025-b4,Cheerio,,854b92b1
city-coasters,amnd-winter-2025-b4,City Coasters,,b2bbd0c1
matrics,amnd-winter-2025-b4,Matrics,,9682012e
pembroke-o-s,amnd-winter-2025-b4,Pembroke OS,,5265d59c
reynella-netball-club,amnd-winter-2025-b4,Reynella,,e62c14e2
sacred-heart-o-c,amnd-winter-2025-b4,SHOCS,,363bb07a
walkerville,amnd-winter-2025-b4,Walkerville 1,1,1b3f99f6
walkerville,amnd-winter-2025-b4,Walkerville 2,2,02acf3c5
central-district-netball-club,amnd-winter-2025-b5,Central District,,3ab63e2a
city-coasters,amnd-winter-2025-b5,City Coasters 1,1,f85693e0
city-coasters,amnd-winter-2025-b5,City Coasters 2,2,1439348f
metro-jets,amnd-winter-2025-b5,Metro Jets 1,1,da0c8fd0
metro-jets,amnd-winter-2025-b5,Metro Jets 2,2,3076069f
oakdale-netball-club-sa,amnd-winter-2025-b5,Oakdale,,d82a8159
tango-netball-club-inc,amnd-winter-2025-b5,Tango,,ed94afed
walkerville,amnd-winter-2025-b5,Walkerville,,4340ede9
adelaide-wildcats,amnd-winter-2025-c1,Adelaide Wildcats,,8688e852
city-coasters,amnd-winter-2025-c1,City Coasters 1,1,bd27e668
city-coasters,amnd-winter-2025-c1,City Coasters 2,2,ca4ae786
oakdale-netball-club-sa,amnd-winter-2025-c1,Oakdale,,977c16c5
sacred-heart-o-c,amnd-winter-2025-c1,SHOCS 1,1,66b17d74
sacred-heart-o-c,amnd-winter-2025-c1,SHOCS 2,2,ba2fd13c
sacred-heart-o-c,amnd-winter-2025-c1,SHOCS 3,3,378a76b6
walkerville,amnd-winter-2025-c1,Walkerville 1,1,288ee7d3
walkerville,amnd-winter-2025-c1,Walkerville 2,2,fef14cde
west-croydon-netball-club,amnd-winter-2025-c1,West Croydon,,b0265058
adelaide-wildcats,amnd-winter-2025-c2,Adelaide Wildcats,,d570e296
central-district-netball-club,amnd-winter-2025-c2,Central District,,4c2449e0
city-coasters,amnd-winter-2025-c2,City Coasters 1,1,5a3f4bc4
city-coasters,amnd-winter-2025-c2,City Coasters 2,2,0e27f165
pembroke-o-s,amnd-winter-2025-c2,Pembroke OS,,15eff783
reynella-netball-club,amnd-winter-2025-c2,Reynella,,b76c42e9
sacred-heart-o-c,amnd-winter-2025-c2,SHOCS 1,1,8ece3856
sacred-heart-o-c,amnd-winter-2025-c2,SHOCS 3,3,03159000
walkerville,amnd-winter-2025-c2,Walkerville 1,1,4802edf4
walkerville,amnd-winter-2025-c2,Walkerville 2,2,2d540db5
central-district-netball-club,amnd-winter-2025-c6,Central District,,66061a9f
contax,amnd-winter-2025-c6,Contax,,51afcab8
matrics,amnd-winter-2025-c6,Matrics,,6c59bd79
metro-jets,amnd-winter-2025-c6,Metro Jets,,83ec8971
norwood-netball-club,amnd-winter-2025-c6,Newton Jaguars,,4b8df0c9
semaphore,amnd-winter-2025-c6,Semaphore,,b0547829
south-adelaide-netball-club,amnd-winter-2025-c6,South Adelaide,,a896ac6e
tango-netball-club-inc,amnd-winter-2025-c6,Tango,,a009acd6
contax,amnd-winter-2025-inter-1,Contax,,82939b3b
garville,amnd-winter-2025-inter-1,Garville,,95631e6a
matrics,amnd-winter-2025-inter-1,Matrics,,351ee3cb
metro-jets,amnd-winter-2025-inter-1,Metro Jets,,acf33ccc
norwood-netball-club,amnd-winter-2025-inter-1,Newton Jaguars,,c3962807
oakdale-netball-club-sa,amnd-winter-2025-inter-1,Oakdale,,c1cf9d66
south-adelaide-netball-club,amnd-winter-2025-inter-1,South Adelaide,,9726d349
tango-netball-club-inc,amnd-winter-2025-inter-1,Tango,,ca9cb256
contax,amnd-winter-2025-inter-2,Contax 1,1,ac3c7a77
contax,amnd-winter-2025-inter-2,Contax 2,2,344761f3
garville,amnd-winter-2025-inter-2,Garville,,79397542
matrics,amnd-winter-2025-inter-2,Matrics,,af2eb8a2
metro-jets,amnd-winter-2025-inter-2,Metro Jets,,33a63e44
oakdale-netball-club-sa,amnd-winter-2025-inter-2,Oakdale,,22b4c846
contax,amnd-winter-2025-inter-3,Contax,,2fa25966
garville,amnd-winter-2025-inter-3,Garville,,c19a760e
matrics,amnd-winter-2025-inter-3,Matrics 1,1,bc716376
matrics,amnd-winter-2025-inter-3,Matrics 2,2,283b8852
oakdale-netball-club-sa,amnd-winter-2025-inter-3,Oakdale,,7b2dfbdd
tango-netball-club-inc,amnd-winter-2025-inter-3,Tango,,8e620378
contax,amnd-winter-2025-inter-4,Contax,,d8225acb
garville,amnd-winter-2025-inter-4,Garville,,b859ff8a
norwood-netball-club,amnd-winter-2025-inter-4,Newton Jaguars,,a0d98868
oakdale-netball-club-sa,amnd-winter-2025-inter-4,Oakdale,,9a8415a6
reynella-netball-club,amnd-winter-2025-inter-4,Reynella,,5199525d
walkerville,amnd-winter-2025-inter-4,Walkerville,,cb424203
contax,amnd-winter-2025-inter-5,Contax,,b395bd30
garville,amnd-winter-2025-inter-5,Garville,,869f173f
matrics,amnd-winter-2025-inter-5,Matrics,,35029d00
metro-jets,amnd-winter-2025-inter-5,Metro Jets,,28422dd3
oakdale-netball-club-sa,amnd-winter-2025-inter-5,Oakdale,,a5482c67
reynella-netball-club,amnd-winter-2025-inter-5,Reynella,,68ee5a92
tango-netball-club-inc,amnd-winter-2025-inter-5,Tango,,b9273567
walkerville,amnd-winter-2025-inter-5,Walkerville,,3e66028a
adelaide-wildcats,amnd-winter-2025-inter-6,Adelaide Wildcats,,8a56b672
cheerio-netball-club,amnd-winter-2025-inter-6,Cheerio,,a508025b
garville,amnd-winter-2025-inter-6,Garville,,b5a1af50
matrics,amnd-winter-2025-inter-6,Matrics,,56d0d2a9
norwood-netball-club,amnd-winter-2025-inter-6,Newton Jaguars,,bb68fe90
oakdale-netball-club-sa,amnd-winter-2025-inter-6,Oakdale,,2128ccdb
south-adelaide-netball-club,amnd-winter-2025-inter-6,South Adelaide,,2b06671c
walkerville,amnd-winter-2025-inter-6,Walkerville,,66b5f1f0
contax,amnd-winter-2025-junior-1,Contax,,d7a94904
garville,amnd-winter-2025-junior-1,Garville,,2980d336
matrics,amnd-winter-2025-junior-1,Matrics,,b09be263
metro-jets,amnd-winter-2025-junior-1,Metro Jets,,e2dea6f8
oakdale-netball-club-sa,amnd-winter-2025-junior-1,Oakdale,,787a158f
tango-netball-club-inc,amnd-winter-2025-junior-1,Tango,,1d89cce5
contax,amnd-winter-2025-junior-2,Contax,1,5919bd7f
contax,amnd-winter-2025-junior-2,Contax Blue,2,f2b9e188
garville,amnd-winter-2025-junior-2,Garville,,cca6c360
matrics,amnd-winter-2025-junior-2,Matrics,,04c0e895
norwood-netball-club,amnd-winter-2025-junior-2,Newton Jaguars,,45e29069
oakdale-netball-club-sa,amnd-winter-2025-junior-2,Oakdale,,4e7515ae
reynella-netball-club,amnd-winter-2025-junior-2,Reynella,,59da2e35
tango-netball-club-inc,amnd-winter-2025-junior-2,Tango,,938d939e
contax,amnd-winter-2025-junior-3,Contax,1,0defc5b6
contax,amnd-winter-2025-junior-3,Contax Pink,2,6ac01172
garville,amnd-winter-2025-junior-3,Garville,,245deb3d
matrics,amnd-winter-2025-junior-3,Matrics,,7ab1a391
metro-jets,amnd-winter-2025-junior-3,Metro Jets,,10e4c339
oakdale-netball-club-sa,amnd-winter-2025-junior-3,Oakdale,,fc121700
garville,amnd-winter-2025-junior-4a,Garville,,008d1c59
matrics,amnd-winter-2025-junior-4a,Matrics,,9b34a209
metro-jets,amnd-winter-2025-junior-4a,Metro Jets,,95df011f
oakdale-netball-club-sa,amnd-winter-2025-junior-4a,Oakdale,,a957aad4
reynella-netball-club,amnd-winter-2025-junior-4a,Reynella,,b5ffa102
strikers-club,amnd-winter-2025-junior-4a,Strikers,,8c32488f
contax,amnd-winter-2025-junior-4b,Contax,,b9a818ba
garville,amnd-winter-2025-junior-4b,Garville,,8892f53c
metro-jets,amnd-winter-2025-junior-4b,Metro Jets,,d14125fe
norwood-netball-club,amnd-winter-2025-junior-4b,Newton Jaguars,,a5ab522e
tango-netball-club-inc,amnd-winter-2025-junior-4b,Tango,,cbb7c207
walkerville,amnd-winter-2025-junior-4b,Walkerville,,d8198dde
contax,amnd-winter-2025-junior-5,Contax,,b5d79c66
garville,amnd-winter-2025-junior-5,Garville Grey,,988b9f80
matrics,amnd-winter-2025-junior-5,Matrics 1,1,9a5f655e
matrics,amnd-winter-2025-junior-5,Matrics 2,2,39527f0a
metro-jets,amnd-winter-2025-junior-5,Metro Jets,,98b399c7
oakdale-netball-club-sa,amnd-winter-2025-junior-5,Oakdale,,d3afa997
south-adelaide-netball-club,amnd-winter-2025-junior-5,South Adelaide,,2d13d649
walkerville,amnd-winter-2025-junior-5,Walkerville,,afd82d74
cheerio-netball-club,amnd-winter-2025-junior-6,Cheerio,,2d1ae997
garville,amnd-winter-2025-junior-6,Garville Red,,5401cad4
metro-jets,amnd-winter-2025-junior-6,Metro Jets,,db6f8f52
oakdale-netball-club-sa,amnd-winter-2025-junior-6,Oakdale 1,1,1cfd4ba1
oakdale-netball-club-sa,amnd-winter-2025-junior-6,Oakdale 2,2,edf338d5
reynella-netball-club,amnd-winter-2025-junior-6,Reynella 1,1,72fef4d7
reynella-netball-club,amnd-winter-2025-junior-6,Reynella 2,2,aedbd28e
tango-netball-club-inc,amnd-winter-2025-junior-6,Tango,,cf08c4e6
contax,amnd-winter-2025-junior-7,Contax,,ab772f38
matrics,amnd-winter-2025-junior-7,Matrics,,cccf2969
metro-jets,amnd-winter-2025-junior-7,Metro Jets,,2489d4f5
norwood-netball-club,amnd-winter-2025-junior-7,Newton Jaguars,,017ffb50
oakdale-netball-club-sa,amnd-winter-2025-junior-7,Oakdale,,e2791648
south-adelaide-netball-club,amnd-winter-2025-junior-7,South Adelaide,,0aa978ed
tango-netball-club-inc,amnd-winter-2025-junior-7,Tango,,7df5d970
walkerville,amnd-winter-2025-junior-7,Walkerville,,f29bf2c5
adelaide-wildcats,amnd-winter-2025-junior-8,Adelaide Wildcats,,fe04b296
central-district-netball-club,amnd-winter-2025-junior-8,Central District,,2d1c30c7
cheerio-netball-club,amnd-winter-2025-junior-8,Cheerio,,9d344864
matrics,amnd-winter-2025-junior-8,Matrics,,cf3c6200
metro-jets,amnd-winter-2025-junior-8,Metro Jets,,782ae73e
norwood-netball-club,amnd-winter-2025-junior-8,Newton Jaguars,,7d554a03
reynella-netball-club,amnd-winter-2025-junior-8,Reynella,,cf560c78
walkerville,amnd-winter-2025-junior-8,Walkerville,,df68146e
contax,amnd-winter-2025-primary-1,Contax,,7efa10a7
garville,amnd-winter-2025-primary-1,Garville,,1b34b4e8
matrics,amnd-winter-2025-primary-1,Matrics,,9e8d4ae7
oakdale-netball-club-sa,amnd-winter-2025-primary-1,Oakdale 1,1,fb9c111e
oakdale-netball-club-sa,amnd-winter-2025-primary-1,Oakdale 2,2,cf3c9703
reynella-netball-club,amnd-winter-2025-primary-1,Reynella,,53579ce0
contax,amnd-winter-2025-primary-2,Contax 1,1,0cc5e5af
contax,amnd-winter-2025-primary-2,Contax 2,2,d3fef1a3
matrics,amnd-winter-2025-primary-2,Matrics 1,1,393959f2
matrics,amnd-winter-2025-primary-2,Matrics 2,2,b98f71a5
metro-jets,amnd-winter-2025-primary-2,Metro Jets,,0597449f
walkerville,amnd-winter-2025-primary-2,Walkerville,,70499ec9
matrics,amnd-winter-2025-primary-3,Matrics,,316f521b
norwood-netball-club,amnd-winter-2025-primary-3,Newton Jaguars,,34fd8ff2
oakdale-netball-club-sa,amnd-winter-2025-primary-3,Oakdale,,507aa7f6
south-adelaide-netball-club,amnd-winter-2025-primary-3,South Adelaide 1,1,d2584b5c
south-adelaide-netball-club,amnd-winter-2025-primary-3,South Adelaide 2,2,50eca155
tango-netball-club-inc,amnd-winter-2025-primary-3,Tango,,508dcbf3
cheerio-netball-club,amnd-winter-2025-primary-4,Cheerio,,4f8a0239
contax,amnd-winter-2025-primary-4,Contax,,f08f64a2
garville,amnd-winter-2025-primary-4,Garville,,d2c2c998
matrics,amnd-winter-2025-primary-4,Matrics,,bdcaf769
metro-jets,amnd-winter-2025-primary-4,Metro Jets,,e7bc528f
oakdale-netball-club-sa,amnd-winter-2025-primary-4,Oakdale,,b171bbf9
reynella-netball-club,amnd-winter-2025-primary-4,Reynella,,0623186e
walkerville,amnd-winter-2025-primary-4,Walkerville,,708a42aa
contax,amnd-winter-2025-primary-5a,Contax,,52e7b128
matrics,amnd-winter-2025-primary-5a,Matrics,,0630752c
norwood-netball-club,amnd-winter-2025-primary-5a,Newton Jaguars 1,1,5388e3d8
norwood-netball-club,amnd-winter-2025-primary-5a,Newton Jaguars 2,2,3d2c3097
oakdale-netball-club-sa,amnd-winter-2025-primary-5a,Oakdale,,3382cfdd
walkerville,amnd-winter-2025-primary-5a,Walkerville,,91ca018d
cheerio-netball-club,amnd-winter-2025-primary-5b,Cheerio,,4a119859
contax,amnd-winter-2025-primary-5b,Contax,,f8e21d0a
garville,amnd-winter-2025-primary-5b,Garville,1,6753fd4d
garville,amnd-winter-2025-primary-5b,Garville Grey,2,997d637e
metro-jets,amnd-winter-2025-primary-5b,Metro Jets,,daadd1ce
norwood-netball-club,amnd-winter-2025-primary-5b,Newton Jaguars,,46d1d468
south-adelaide-netball-club,amnd-winter-2025-primary-5b,South Adelaide,,edf3ea8e
walkerville,amnd-winter-2025-primary-5b,Walkerville,,edebc3f8
matrics,amnd-winter-2025-primary-6,Matrics 1,1,0852636d
matrics,amnd-winter-2025-primary-6,Matrics 2,2,ee65e354
oakdale-netball-club-sa,amnd-winter-2025-primary-6,Oakdale,,8014e8b4
reynella-netball-club,amnd-winter-2025-primary-6,Reynella,,ecf75f79
tango-netball-club-inc,amnd-winter-2025-primary-6,Tango 1,1,10d58bcc
tango-netball-club-inc,amnd-winter-2025-primary-6,Tango 2,2,7cd64d8a
walkerville,amnd-winter-2025-primary-6,Walkerville,1,f0d633ec
walkerville,amnd-winter-2025-primary-6,Walkerville Blue,2,32a7f7eb
contax,amnd-winter-2025-primary-7,Contax,,0628ea5e
garville,amnd-winter-2025-primary-7,Garville,,9daeeb21
metro-jets,amnd-winter-2025-primary-7,Metro Jets,,8acd23d5
norwood-netball-club,amnd-winter-2025-primary-7,Newton Jaguars,,a0aa1650
oakdale-netball-club-sa,amnd-winter-2025-primary-7,Oakdale,,2d8f38d5
reynella-netball-club,amnd-winter-2025-primary-7,Reynella,,4f135539
south-adelaide-netball-club,amnd-winter-2025-primary-7,South Adelaide,,95fa3f56
walkerville,amnd-winter-2025-primary-7,Walkerville,,6cc5a8b0
contax,amnd-winter-2025-sub-junior-1,Contax,,e5827acd
garville,amnd-winter-2025-sub-junior-1,Garville,,6aa0f189
matrics,amnd-winter-2025-sub-junior-1,Matrics,,74f382c2
norwood-netball-club,amnd-winter-2025-sub-junior-1,Newton Jaguars,,d0ba1fd7
oakdale-netball-club-sa,amnd-winter-2025-sub-junior-1,Oakdale,,c96e502d
reynella-netball-club,amnd-winter-2025-sub-junior-1,Reynella,,434af61c
contax,amnd-winter-2025-sub-junior-2,Contax 1,1,85448503
contax,amnd-winter-2025-sub-junior-2,Contax 2,2,423f369c
matrics,amnd-winter-2025-sub-junior-2,Matrics 1,1,c2558a63
matrics,amnd-winter-2025-sub-junior-2,Matrics 2,2,7fbcb927
metro-jets,amnd-winter-2025-sub-junior-2,Metro Jets,,58a5160e
oakdale-netball-club-sa,amnd-winter-2025-sub-junior-2,Oakdale,,55db95b9
tango-netball-club-inc,amnd-winter-2025-sub-junior-2,Tango,,5ea916df
walkerville,amnd-winter-2025-sub-junior-2,Walkerville,,92044f36
contax,amnd-winter-2025-sub-junior-3,Contax,,d9ae74c5
garville,amnd-winter-2025-sub-junior-3,Garville 1,1,536d360c
garville,amnd-winter-2025-sub-junior-3,Garville 2,2,bcff7c9f
matrics,amnd-winter-2025-sub-junior-3,Matrics,,c35c9536
metro-jets,amnd-winter-2025-sub-junior-3,Metro Jets,,b6796feb
oakdale-netball-club-sa,amnd-winter-2025-sub-junior-3,Oakdale,,f17b1b51
south-adelaide-netball-club,amnd-winter-2025-sub-junior-3,South Adelaide,,3717b5ad
walkerville,amnd-winter-2025-sub-junior-3,Walkerville,,977659ae
garville,amnd-winter-2025-sub-junior-4,Garville,,3cb6c1b2
metro-jets,amnd-winter-2025-sub-junior-4,Metro Jets,,014c1ed4
norwood-netball-club,amnd-winter-2025-sub-junior-4,Newton Jaguars,,998bacae
oakdale-netball-club-sa,amnd-winter-2025-sub-junior-4,Oakdale,,bfa81af7
reynella-netball-club,amnd-winter-2025-sub-junior-4,Reynella,,709fce2f
walkerville,amnd-winter-2025-sub-junior-4,Walkerville,,f937ccc5
contax,amnd-winter-2025-sub-junior-5,Contax 1,1,99afad26
contax,amnd-winter-2025-sub-junior-5,Contax 2,2,3b9537b4
garville,amnd-winter-2025-sub-junior-5,Garville,,ee490c5d
matrics,amnd-winter-2025-sub-junior-5,Matrics,,07ea57c4
oakdale-netball-club-sa,amnd-winter-2025-sub-junior-5,Oakdale,,c1710d14
south-adelaide-netball-club,amnd-winter-2025-sub-junior-5,South Adelaide,,5d5d307e
tango-netball-club-inc,amnd-winter-2025-sub-junior-5,Tango,,e7b2827f
walkerville,amnd-winter-2025-sub-junior-5,Walkerville,,8ef3321d
cheerio-netball-club,amnd-winter-2025-sub-junior-6a,Cheerio,,8f531450
matrics,amnd-winter-2025-sub-junior-6a,Matrics,,989d7fd8
metro-jets,amnd-winter-2025-sub-junior-6a,Metro Jets,,f13733e1
norwood-netball-club,amnd-winter-2025-sub-junior-6a,Newton Jaguars,,fc44159e
oakdale-netball-club-sa,amnd-winter-2025-sub-junior-6a,Oakdale Purple,,8dd80164
reynella-netball-club,amnd-winter-2025-sub-junior-6a,Reynella,,795aa03a
tango-netball-club-inc,amnd-winter-2025-sub-junior-6a,Tango,,0637c0d0
walkerville,amnd-winter-2025-sub-junior-6a,Walkerville,,4d63509e
contax,amnd-winter-2025-sub-junior-6b,Contax,,5761f9dc
garville,amnd-winter-2025-sub-junior-6b,Garville,,d274d5b7
matrics,amnd-winter-2025-sub-junior-6b,Matrics,,c45e3d5f
metro-jets,amnd-winter-2025-sub-junior-6b,Metro Jets,,fee1d971
oakdale-netball-club-sa,amnd-winter-2025-sub-junior-6b,Oakdale Gold,,213741f4
reynella-netball-club,amnd-winter-2025-sub-junior-6b,Reynella,,0114b404
south-adelaide-netball-club,amnd-winter-2025-sub-junior-6b,South Adelaide,,009e8de0
walkerville,amnd-winter-2025-sub-junior-6b,Walkerville,,eb06aacc
adelaide-wildcats,amnd-winter-2025-sub-junior-7,Adelaide Wildcats,,bec44702
cheerio-netball-club,amnd-winter-2025-sub-junior-7,Cheerio,,01a21730
matrics,amnd-winter-2025-sub-junior-7,Matrics,,8cff462e
norwood-netball-club,amnd-winter-2025-sub-junior-7,Newton Jaguars,,7b0d1a61
oakdale-netball-club-sa,amnd-winter-2025-sub-junior-7,Oakdale,,8eaef19e
south-adelaide-netball-club,amnd-winter-2025-sub-junior-7,South Adelaide,,3dde4743
tango-netball-club-inc,amnd-winter-2025-sub-junior-7,Tango,,32cded8c
walkerville,amnd-winter-2025-sub-junior-7,Walkerville,,979ed117
adelaide-wildcats,amnd-winter-2025-sub-junior-8,Adelaide Wildcats,,2169571f
cheerio-netball-club,amnd-winter-2025-sub-junior-8,Cheerio,,67381486
metro-jets,amnd-winter-2025-sub-junior-8,Metro Jets,,a5f83608
norwood-netball-club,amnd-winter-2025-sub-junior-8,Newton Jaguars,,c446424e
reynella-netball-club,amnd-winter-2025-sub-junior-8,Reynella,,1d40e893
south-adelaide-netball-club,amnd-winter-2025-sub-junior-8,South Adelaide,,10ad6fe6
walkerville,amnd-winter-2025-sub-junior-8,Walkerville,,75b9a91e
adelaide-wildcats,amnd-winter-2026-a-grade,Adelaide Wildcats,,7892bef6
contax,amnd-winter-2026-a-grade,Contax,,7ccd4171
garville,amnd-winter-2026-a-grade,Garville,,285c7d60
matrics,amnd-winter-2026-a-grade,Matrics,,4fa9855a
norwood-netball-club,amnd-winter-2026-a-grade,Norwood,,13800674
oakdale-netball-club-sa,amnd-winter-2026-a-grade,Oakdale,,3a9f5628
phoenix-netball-club-sa,amnd-winter-2026-a-grade,Phoenix,,a3d0b39a
reynella-netball-club,amnd-winter-2026-a-grade,Reynella,,2fd71257
south-adelaide-netball-club,amnd-winter-2026-a-grade,South Adelaide,,760fcf92
walkerville,amnd-winter-2026-a-grade,Walkerville,,0252b3c5
contax,amnd-winter-2026-amnd,Contax,,b76aa433
garville,amnd-winter-2026-amnd,Garville,,7ad67abf
matrics,amnd-winter-2026-amnd,Matrics,,3fe3f49d
metro-jets,amnd-winter-2026-amnd,Metro Jets,,0b9a040e
norwood-netball-club,amnd-winter-2026-amnd,Norwood,,98912ff0
oakdale-netball-club-sa,amnd-winter-2026-amnd,Oakdale,,ba1160eb
reynella-netball-club,amnd-winter-2026-amnd,Reynella,,c60b2dab
south-adelaide-netball-club,amnd-winter-2026-amnd,South Adelaide,,a11e841a
tango-netball-club-inc,amnd-winter-2026-amnd,Tango,,2562c88d
walkerville,amnd-winter-2026-amnd,Walkerville,,5f9d1209
contax,amnd-winter-2026-b1,Contax,,2a04cfcc
matrics,amnd-winter-2026-b1,Matrics,,cda7fcba
metro-jets,amnd-winter-2026-b1,Metro Jets,,9f07e18f
oakdale-netball-club-sa,amnd-winter-2026-b1,Oakdale,,e83a6e88
reynella-netball-club,amnd-winter-2026-b1,Reynella,,ca1bba40
sacred-heart-o-c,amnd-winter-2026-b1,SHOCS,,3b8b35e0
walkerville,amnd-winter-2026-b1,Walkerville 1,1,e3735b89
walkerville,amnd-winter-2026-b1,Walkerville 2,2,0319951c
city-coasters,amnd-winter-2026-b2,City Coasters Green,,59b6fdfc
matrics,amnd-winter-2026-b2,Matrics,,ac86481f
oakdale-netball-club-sa,amnd-winter-2026-b2,Oakdale,,8bffd05e
pembroke-o-s,amnd-winter-2026-b2,Pembroke OS,,5d4bd417
tango-netball-club-inc,amnd-winter-2026-b2,Tango,,9c0338b5
walkerville,amnd-winter-2026-b2,Walkerville,,8bbf4687
adelaide-wildcats,amnd-winter-2026-b3,Adelaide Wildcats,,9ab86bf3
cheerio-netball-club,amnd-winter-2026-b3,Cheerio,,85e7b2d4
contax,amnd-winter-2026-b3,Contax 1,1,8fc46162
contax,amnd-winter-2026-b3,Contax 2,2,dc070beb
garville,amnd-winter-2026-b3,Garville,,2b93059d
reynella-netball-club,amnd-winter-2026-b3,Reynella,,694ec41e
scotch-old-scholars,amnd-winter-2026-b3,Scotch,,1974de3f
walkerville,amnd-winter-2026-b3,Walkerville 1,1,4b2f1210
walkerville,amnd-winter-2026-b3,Walkerville 2,2,d3445dff
adelaide-wildcats,amnd-winter-2026-b4-a,Adelaide Wildcats,,ba225e77
city-coasters,amnd-winter-2026-b4-a,City Coasters Black,,ff1caeeb
norwood-netball-club,amnd-winter-2026-b4-a,Norwood,,6a4d84c1
sacred-heart-o-c,amnd-winter-2026-b4-a,SHOCS,,78abc1d8
south-adelaide-netball-club,amnd-winter-2026-b4-a,South Adelaide,,77cfea62
walkerville,amnd-winter-2026-b4-a,Walkerville,,368358f9
cheerio-netball-club,amnd-winter-2026-b4-b,Cheerio,,b985795a
city-coasters,amnd-winter-2026-b4-b,City Coasters White,,0001d58d
oakdale-netball-club-sa,amnd-winter-2026-b4-b,Oakdale,,dd2579dd
reynella-netball-club,amnd-winter-2026-b4-b,Reynella,,eafde4a9
sacred-heart-o-c,amnd-winter-2026-b4-b,SHOCS,,e6a95fed
walkerville,amnd-winter-2026-b4-b,Walkerville,,680bc3cd
central-district-netball-club,amnd-winter-2026-b5,Central District,,c1d5a366
city-coasters,amnd-winter-2026-b5,City Coasters Orange,1,0f2e074c
city-coasters,amnd-winter-2026-b5,City Coasters Purple,2,2c5205b8
contax,amnd-winter-2026-b5,Contax,,6984ade3
norwood-netball-club,amnd-winter-2026-b5,Norwood,,e0cde962
oakdale-netball-club-sa,amnd-winter-2026-b5,Oakdale,,571239a6
sacred-heart-o-c,amnd-winter-2026-b5,SHOCS,,543d72d4
tango-netball-club-inc,amnd-winter-2026-b5,Tango,,97468172
walkerville,amnd-winter-2026-b5,Walkerville,,b06bb975
west-croydon-netball-club,amnd-winter-2026-b5,West Croydon Hawks,,58a5bc45
adelaide-wildcats,amnd-winter-2026-c1,Adelaide Wildcats,,3bb07201
central-district-netball-club,amnd-winter-2026-c1,Central District,,63daa6a4
cheerio-netball-club,amnd-winter-2026-c1,Cheerio,,781721ea
city-coasters,amnd-winter-2026-c1,City Coasters Grey,1,4524946c
city-coasters,amnd-winter-2026-c1,City Coasters Pink,2,04549730
metro-jets,amnd-winter-2026-c1,Metro Jets,,f9aaebff
pembroke-o-s,amnd-winter-2026-c1,Pembroke OS,,08509cd9
sacred-heart-o-c,amnd-winter-2026-c1,SHOCS 1,1,9b3be31f
sacred-heart-o-c,amnd-winter-2026-c1,SHOCS 2,2,955fcdc0
walkerville,amnd-winter-2026-c1,Walkerville,,c5593a37
adelaide-wildcats,amnd-winter-2026-c2,Adelaide Wildcats,,8ced3a08
city-coasters,amnd-winter-2026-c2,City Coasters Blue,1,0a80c5a0
city-coasters,amnd-winter-2026-c2,City Coasters Yellow,2,007939e0
pembroke-o-s,amnd-winter-2026-c2,Pembroke OS C,,df45ad64
sacred-heart-o-c,amnd-winter-2026-c2,SHOCS 1,1,5d4870b8
sacred-heart-o-c,amnd-winter-2026-c2,SHOCS 2,2,93d9dc61
walkerville,amnd-winter-2026-c2,Walkerville,,6c74b87f
west-croydon-netball-club,amnd-winter-2026-c2,West Croydon Hawks,,1cc2dec0
central-district-netball-club,amnd-winter-2026-c6,Central District,,8dbf3dee
contax,amnd-winter-2026-c6,Contax,,317daaeb
matrics,amnd-winter-2026-c6,Matrics,,f6ae86ba
metro-jets,amnd-winter-2026-c6,Metro Jets,,1e52488d
norwood-netball-club,amnd-winter-2026-c6,Norwood,,1defe335
semaphore,amnd-winter-2026-c6,Semaphore,,d620cd68
south-adelaide-netball-club,amnd-winter-2026-c6,South Adelaide,,43a3e4fe
tango-netball-club-inc,amnd-winter-2026-c6,Tango,,1d1ff553
contax,amnd-winter-2026-inter-1,Contax 1,1,0463456b
contax,amnd-winter-2026-inter-1,Contax 2,2,29a5cd6a
garville,amnd-winter-2026-inter-1,Garville,,392fdf47
matrics,amnd-winter-2026-inter-1,Matrics,,3312180e
norwood-netball-club,amnd-winter-2026-inter-1,Norwood,,707d48bf
oakdale-netball-club-sa,amnd-winter-2026-inter-1,Oakdale,,05f14635
tango-netball-club-inc,amnd-winter-2026-inter-1,Tango,,b59d1aca
walkerville,amnd-winter-2026-inter-1,Walkerville,,d6b68732
garville,amnd-winter-2026-inter-2,Garville,,19b97701
matrics,amnd-winter-2026-inter-2,Matrics Gold,1,9d01b0f2
matrics,amnd-winter-2026-inter-2,Matrics Maroon,2,d3ccae91
oakdale-netball-club-sa,amnd-winter-2026-inter-2,Oakdale,,44422542
south-adelaide-netball-club,amnd-winter-2026-inter-2,South Adelaide,,ab6e6284
walkerville,amnd-winter-2026-inter-2,Walkerville,,b9a1c5dc
contax,amnd-winter-2026-inter-3,Contax,1,e20e6b0c
contax,amnd-winter-2026-inter-3,Contax Blue,2,c637d696
garville,amnd-winter-2026-inter-3,Garville 1,1,0c8db0f4
garville,amnd-winter-2026-inter-3,Garville 2,2,2dfa8335
matrics,amnd-winter-2026-inter-3,Matrics,,fc8fe093
norwood-netball-club,amnd-winter-2026-inter-3,Norwood,,5442006c
oakdale-netball-club-sa,amnd-winter-2026-inter-3,Oakdale,,148c0a1c
reynella-netball-club,amnd-winter-2026-inter-3,Reynella,,92f86bec
contax,amnd-winter-2026-inter-4,Contax Pink,,ceaf2759
matrics,amnd-winter-2026-inter-4,Matrics,,6cc39a9a
metro-jets,amnd-winter-2026-inter-4,Metro Jets 1,1,0ae3ae89
metro-jets,amnd-winter-2026-inter-4,Metro Jets 2,2,21bcbb41
norwood-netball-club,amnd-winter-2026-inter-4,Norwood,,a04d6fc3
oakdale-netball-club-sa,amnd-winter-2026-inter-4,Oakdale,,ebc43df2
tango-netball-club-inc,amnd-winter-2026-inter-4,Tango Black,,2e2a9f38
walkerville,amnd-winter-2026-inter-4,Walkerville,,db33ffda
contax,amnd-winter-2026-inter-5,Contax 1,1,fbd1ab72
contax,amnd-winter-2026-inter-5,Contax 2,2,e8619c32
garville,amnd-winter-2026-inter-5,Garville,,031b5eb8
matrics,amnd-winter-2026-inter-5,Matrics,,4504130d
oakdale-netball-club-sa,amnd-winter-2026-inter-5,Oakdale,,79e5ba1a
reynella-netball-club,amnd-winter-2026-inter-5,Reynella,,857fb6e1
walkerville,amnd-winter-2026-inter-5,Walkerville,,28a849e6
central-district-netball-club,amnd-winter-2026-inter-6,Central District,,4d1a6e6d
garville,amnd-winter-2026-inter-6,Garville 1,1,cf730096
garville,amnd-winter-2026-inter-6,Garville 2,2,eb21826e
metro-jets,amnd-winter-2026-inter-6,Metro Jets,,03265dbb
norwood-netball-club,amnd-winter-2026-inter-6,Norwood,,11727647
reynella-netball-club,amnd-winter-2026-inter-6,Reynella,,028058da
south-adelaide-netball-club,amnd-winter-2026-inter-6,South Adelaide,,015c11cd
walkerville,amnd-winter-2026-inter-6,Walkerville,,84dce2b1
contax,amnd-winter-2026-junior-1,Contax,,22c5b0dc
garville,amnd-winter-2026-junior-1,Garville,,b916e470
matrics,amnd-winter-2026-junior-1,Matrics,,e715b5e6
norwood-netball-club,amnd-winter-2026-junior-1,Norwood,,57a0a697
oakdale-netball-club-sa,amnd-winter-2026-junior-1,Oakdale,,3e4a9d2b
tango-netball-club-inc,amnd-winter-2026-junior-1,Tango,,549407e4
contax,amnd-winter-2026-junior-2,Contax 1,1,0d1c1a60
contax,amnd-winter-2026-junior-2,Contax 2,2,7bc8f897
garville,amnd-winter-2026-junior-2,Garville,,be4e1462
matrics,amnd-winter-2026-junior-2,Matrics Gold,1,f61589b5
matrics,amnd-winter-2026-junior-2,Matrics Maroon,2,be42d812
oakdale-netball-club-sa,amnd-winter-2026-junior-2,Oakdale,,8443968e
reynella-netball-club,amnd-winter-2026-junior-2,Reynella,,0d781234
walkerville,amnd-winter-2026-junior-2,Walkerville,,4ed5b3f0
contax,amnd-winter-2026-junior-3,Contax Blue,,0e257cac
garville,amnd-winter-2026-junior-3,Garville,,af3d833d
matrics,amnd-winter-2026-junior-3,Matrics,,062da9a6
metro-jets,amnd-winter-2026-junior-3,Metro Jets,,29cb8024
oakdale-netball-club-sa,amnd-winter-2026-junior-3,Oakdale,,b0cdb32c
walkerville,amnd-winter-2026-junior-3,Walkerville,,b27382d3
contax,amnd-winter-2026-junior-4a,Contax Pink,,aff95ba9
garville,amnd-winter-2026-junior-4a,Garville Red,,7597e448
matrics,amnd-winter-2026-junior-4a,Matrics,,e09e8f1c
metro-jets,amnd-winter-2026-junior-4a,Metro Jets,,61d079ad
oakdale-netball-club-sa,amnd-winter-2026-junior-4a,Oakdale,,113d0c6e
reynella-netball-club,amnd-winter-2026-junior-4a,Reynella,,5ba34a3b
tango-netball-club-inc,amnd-winter-2026-junior-4a,Tango Black,,8af1a61b
contax,amnd-winter-2026-junior-4b,Contax,,1f7bef1e
garville,amnd-winter-2026-junior-4b,Garville Grey,,afbbd5eb
metro-jets,amnd-winter-2026-junior-4b,Metro Jets,,b6871e32
norwood-netball-club,amnd-winter-2026-junior-4b,Norwood,,b901ade9
south-adelaide-netball-club,amnd-winter-2026-junior-4b,South Adelaide,,6584625b
walkerville,amnd-winter-2026-junior-4b,Walkerville,,7ec898c3
contax,amnd-winter-2026-junior-5,Contax,,859b3d94
garville,amnd-winter-2026-junior-5,Garville Grey,,351d21ae
matrics,amnd-winter-2026-junior-5,Matrics Gold,1,fbb57230
matrics,amnd-winter-2026-junior-5,Matrics Maroon,2,92458534
metro-jets,amnd-winter-2026-junior-5,Metro Jets,,afb8eff0
norwood-netball-club,amnd-winter-2026-junior-5,Norwood,,14cf1bb6
oakdale-netball-club-sa,amnd-winter-2026-junior-5,Oakdale,,7289fd2a
walkerville,amnd-winter-2026-junior-5,Walkerville,,6c61becd
adelaide-wildcats,amnd-winter-2026-junior-6,Adelaide Wildcats,,72d561ee
garville,amnd-winter-2026-junior-6,Garville Red,,753733a2
matrics,amnd-winter-2026-junior-6,Matrics Gold,1,1a7565b2
matrics,amnd-winter-2026-junior-6,Matrics Maroon,2,a6c8edda
metro-jets,amnd-winter-2026-junior-6,Metro Jets,,cdc58360
norwood-netball-club,amnd-winter-2026-junior-6,Norwood,,5855a239
oakdale-netball-club-sa,amnd-winter-2026-junior-6,Oakdale,,72246409
south-adelaide-netball-club,amnd-winter-2026-junior-6,South Adelaide,,6eab3a5e
tango-netball-club-inc,amnd-winter-2026-junior-6,Tango Pink,,86d1d767
walkerville,amnd-winter-2026-junior-6,Walkerville,,72dae25a
cheerio-netball-club,amnd-winter-2026-junior-7,Cheerio,,b49b6a0c
contax,amnd-winter-2026-junior-7,Contax,,64c89aab
metro-jets,amnd-winter-2026-junior-7,Metro Jets,,7daae427
oakdale-netball-club-sa,amnd-winter-2026-junior-7,Oakdale,,68c74ef6
reynella-netball-club,amnd-winter-2026-junior-7,Reynella,,29c9ec88
tango-netball-club-inc,amnd-winter-2026-junior-7,Tango White,,63f4b44b
walkerville,amnd-winter-2026-junior-7,Walkerville,,58d66f86
adelaide-wildcats,amnd-winter-2026-junior-8,Adelaide Wildcats,,f8d08fc7
cheerio-netball-club,amnd-winter-2026-junior-8,Cheerio 1,1,7b0f0c51
cheerio-netball-club,amnd-winter-2026-junior-8,Cheerio 2,2,960a8af2
norwood-netball-club,amnd-winter-2026-junior-8,Norwood Blue,1,c83526b4
norwood-netball-club,amnd-winter-2026-junior-8,Norwood Red,2,ac63d32e
oakdale-netball-club-sa,amnd-winter-2026-junior-8,Oakdale,,c8d6f358
reynella-netball-club,amnd-winter-2026-junior-8,Reynella,,2c67e51f
south-adelaide-netball-club,amnd-winter-2026-junior-8,South Adelaide,,676d33fc
contax,amnd-winter-2026-primary-1,Contax 1,1,b7699651
contax,amnd-winter-2026-primary-1,Contax 2,2,91399c80
garville,amnd-winter-2026-primary-1,Garville,,de53991c
matrics,amnd-winter-2026-primary-1,Matrics,,48d071b7
contax,amnd-winter-2026-primary-2,Contax,,88bbc40f
matrics,amnd-winter-2026-primary-2,Matrics Gold,1,79ddc727
matrics,amnd-winter-2026-primary-2,Matrics Maroon,2,70edf280
norwood-netball-club,amnd-winter-2026-primary-2,Norwood,,8e134f2f
oakdale-netball-club-sa,amnd-winter-2026-primary-2,Oakdale,,4f12a72d
walkerville,amnd-winter-2026-primary-2,Walkerville,,832b9284
contax,amnd-winter-2026-primary-3,Contax,,f4e49225
matrics,amnd-winter-2026-primary-3,Matrics,,1bfa75bd
metro-jets,amnd-winter-2026-primary-3,Metro Jets,,404db752
norwood-netball-club,amnd-winter-2026-primary-3,Norwood Red,,a4300f75
oakdale-netball-club-sa,amnd-winter-2026-primary-3,Oakdale 1,1,f802330e
oakdale-netball-club-sa,amnd-winter-2026-primary-3,Oakdale 2,2,40e9e56c
south-adelaide-netball-club,amnd-winter-2026-primary-3,South Adelaide,,5dddc288
contax,amnd-winter-2026-primary-4-a,Contax Pink,,0979528f
garville,amnd-winter-2026-primary-4-a,Garville,,2ce938ff
matrics,amnd-winter-2026-primary-4-a,Matrics,,9d222095
oakdale-netball-club-sa,amnd-winter-2026-primary-4-a,Oakdale,,a33a311f
reynella-netball-club,amnd-winter-2026-primary-4-a,Reynella,,885ab67b
walkerville,amnd-winter-2026-primary-4-a,Walkerville,,8f2c7fce
matrics,amnd-winter-2026-primary-4-b,Matrics,,18a140fd
metro-jets,amnd-winter-2026-primary-4-b,Metro Jets,,bc5a647d
norwood-netball-club,amnd-winter-2026-primary-4-b,Norwood Blue,,6889ec4e
oakdale-netball-club-sa,amnd-winter-2026-primary-4-b,Oakdale,,2b0c251c
tango-netball-club-inc,amnd-winter-2026-primary-4-b,Tango,,f77ceaba
walkerville,amnd-winter-2026-primary-4-b,Walkerville,,1327e993
cheerio-netball-club,amnd-winter-2026-primary-5,Cheerio,,48b00ba9
contax,amnd-winter-2026-primary-5,Contax,,356679ff
garville,amnd-winter-2026-primary-5,Garville,,3655dc96
matrics,amnd-winter-2026-primary-5,Matrics,,21bb38cb
oakdale-netball-club-sa,amnd-winter-2026-primary-5,Oakdale,,167cef53
walkerville,amnd-winter-2026-primary-5,Walkerville Blue,,6f7ac0b0
adelaide-wildcats,amnd-winter-2026-primary-6,Adelaide Wildcats,,46959fef
cheerio-netball-club,amnd-winter-2026-primary-6,Cheerio,,09ce1168
contax,amnd-winter-2026-primary-6,Contax,,6204e24a
norwood-netball-club,amnd-winter-2026-primary-6,Norwood,,a08225e7
oakdale-netball-club-sa,amnd-winter-2026-primary-6,Oakdale,,f0ceea7e
south-adelaide-netball-club,amnd-winter-2026-primary-6,South Adelaide,,9e6c6b2b
walkerville,amnd-winter-2026-primary-6,Walkerville,1,e1517ddf
walkerville,amnd-winter-2026-primary-6,Walkerville White,2,a3fbf40e
cheerio-netball-club,amnd-winter-2026-primary-7a,Cheerio Green,1,ce15fb0f
cheerio-netball-club,amnd-winter-2026-primary-7a,Cheerio Yellow,2,b2f9346c
garville,amnd-winter-2026-primary-7a,Garville,,0d34284c
norwood-netball-club,amnd-winter-2026-primary-7a,Norwood Blue,1,2c8d2f01
norwood-netball-club,amnd-winter-2026-primary-7a,Norwood Red,2,303d0e39
reynella-netball-club,amnd-winter-2026-primary-7a,Reynella,,30f809c8
south-adelaide-netball-club,amnd-winter-2026-primary-7a,South Adelaide,,6d3a54c8
walkerville,amnd-winter-2026-primary-7a,Walkerville,,84078f3b
adelaide-wildcats,amnd-winter-2026-primary-7b,Adelaide Wildcats,,9b4e8ed6
garville,amnd-winter-2026-primary-7b,Garville,,f54e65f3
matrics,amnd-winter-2026-primary-7b,Matrics,,5e6ba809
metro-jets,amnd-winter-2026-primary-7b,Metro Jets,,ab836e5a
norwood-netball-club,amnd-winter-2026-primary-7b,Norwood,1,5217b65d
norwood-netball-club,amnd-winter-2026-primary-7b,Norwood Red,2,49dc8d2c
contax,amnd-winter-2026-sub-junior-1,Contax 1,1,7029fe4c
contax,amnd-winter-2026-sub-junior-1,Contax 2,2,91cb7bf5
garville,amnd-winter-2026-sub-junior-1,Garville,,90b8eedc
matrics,amnd-winter-2026-sub-junior-1,Matrics,,4f94d790
oakdale-netball-club-sa,amnd-winter-2026-sub-junior-1,Oakdale,,92b13833
walkerville,amnd-winter-2026-sub-junior-1,Walkerville,,0818e521
contax,amnd-winter-2026-sub-junior-2,Contax,,022c48a3
garville,amnd-winter-2026-sub-junior-2,Garville,,ae7f33d6
matrics,amnd-winter-2026-sub-junior-2,Matrics Gold,1,a14fbc4d
matrics,amnd-winter-2026-sub-junior-2,Matrics Maroon,2,da9bd17d
metro-jets,amnd-winter-2026-sub-junior-2,Metro Jets,,9fe14e99
norwood-netball-club,amnd-winter-2026-sub-junior-2,Norwood,,67014049
oakdale-netball-club-sa,amnd-winter-2026-sub-junior-2,Oakdale,,6a61a444
reynella-netball-club,amnd-winter-2026-sub-junior-2,Reynella,,137a945a
matrics,amnd-winter-2026-sub-junior-3,Matrics,,747eb84e
metro-jets,amnd-winter-2026-sub-junior-3,Metro Jets,,5d3a2538
norwood-netball-club,amnd-winter-2026-sub-junior-3,Norwood,,7c6fe85b
oakdale-netball-club-sa,amnd-winter-2026-sub-junior-3,Oakdale 1,1,c4e77542
oakdale-netball-club-sa,amnd-winter-2026-sub-junior-3,Oakdale 2,2,ab284e98
reynella-netball-club,amnd-winter-2026-sub-junior-3,Reynella,,ac4c7002
tango-netball-club-inc,amnd-winter-2026-sub-junior-3,Tango,,4874c295
walkerville,amnd-winter-2026-sub-junior-3,Walkerville,,05bb8512
contax,amnd-winter-2026-sub-junior-4,Contax,,6ec43e82
garville,amnd-winter-2026-sub-junior-4,Garville,,34ae17b7
matrics,amnd-winter-2026-sub-junior-4,Matrics Gold,1,1fac94a3
matrics,amnd-winter-2026-sub-junior-4,Matrics Maroon,2,8ae79184
south-adelaide-netball-club,amnd-winter-2026-sub-junior-4,South Adelaide,,b8d45bc2
tango-netball-club-inc,amnd-winter-2026-sub-junior-4,Tango Black,,7fb96175
walkerville,amnd-winter-2026-sub-junior-4,Walkerville,,49f85206
cheerio-netball-club,amnd-winter-2026-sub-junior-5a,Cheerio,,8ac4222a
contax,amnd-winter-2026-sub-junior-5a,Contax,,128ebac0
garville,amnd-winter-2026-sub-junior-5a,Garville,,e4ae49fd
norwood-netball-club,amnd-winter-2026-sub-junior-5a,Norwood Red,,c38d8ac0
oakdale-netball-club-sa,amnd-winter-2026-sub-junior-5a,Oakdale Gold,1,221e9d7a
oakdale-netball-club-sa,amnd-winter-2026-sub-junior-5a,Oakdale Purple,2,56caa8ab
reynella-netball-club,amnd-winter-2026-sub-junior-5a,Reynella,,ddc7e442
walkerville,amnd-winter-2026-sub-junior-5a,Walkerville,,33aadc21
matrics,amnd-winter-2026-sub-junior-5b,Matrics,,6677bda4
metro-jets,amnd-winter-2026-sub-junior-5b,Metro Jets,,66c5bccd
norwood-netball-club,amnd-winter-2026-sub-junior-5b,Norwood Blue,,4c217410
oakdale-netball-club-sa,amnd-winter-2026-sub-junior-5b,Oakdale,,b5de0bbb
south-adelaide-netball-club,amnd-winter-2026-sub-junior-5b,South Adelaide,,32b09e1b
tango-netball-club-inc,amnd-winter-2026-sub-junior-5b,Tango Pink,,f18bf05c
contax,amnd-winter-2026-sub-junior-6,Contax,,7090f5e1
garville,amnd-winter-2026-sub-junior-6,Garville,,2d1d0097
matrics,amnd-winter-2026-sub-junior-6,Matrics,,f95f3183
metro-jets,amnd-winter-2026-sub-junior-6,Metro Jets,,4a51bb63
norwood-netball-club,amnd-winter-2026-sub-junior-6,Norwood,,39614777
oakdale-netball-club-sa,amnd-winter-2026-sub-junior-6,Oakdale,,7b68a3cc
south-adelaide-netball-club,amnd-winter-2026-sub-junior-6,South Adelaide,,ca973843
walkerville,amnd-winter-2026-sub-junior-6,Walkerville 1,1,0ec99cbf
walkerville,amnd-winter-2026-sub-junior-6,Walkerville 2,2,a997a212
metro-jets,amnd-winter-2026-sub-junior-7,Metro Jets,1,4a9a4647
metro-jets,amnd-winter-2026-sub-junior-7,Metro Jets Blue,2,ed32e1d3
norwood-netball-club,amnd-winter-2026-sub-junior-7,Norwood,,e4369506
reynella-netball-club,amnd-winter-2026-sub-junior-7,Reynella,,1be700cf
south-adelaide-netball-club,amnd-winter-2026-sub-junior-7,South Adelaide,,5a07fd30
walkerville,amnd-winter-2026-sub-junior-7,Walkerville,1,dc39b5c0
walkerville,amnd-winter-2026-sub-junior-7,Walkerville Blue,2,d1c34186
adelaide-wildcats,amnd-winter-2026-sub-junior-8,Adelaide Wildcats,,1fa769c2
cheerio-netball-club,amnd-winter-2026-sub-junior-8,Cheerio,,3390770c
metro-jets,amnd-winter-2026-sub-junior-8,Metro Jets,,f94a4f65
norwood-netball-club,amnd-winter-2026-sub-junior-8,Norwood Red,,d45a347d
south-adelaide-netball-club,amnd-winter-2026-sub-junior-8,South Adelaide,,cd77639e
walkerville,amnd-winter-2026-sub-junior-8,Walkerville,,d4b220f2
contax,premier_league_reserves-annual-2023-reserves-division,Contax,,21ca1fee
garville,premier_league_reserves-annual-2023-reserves-division,Garville,,aa04dcfa
matrics,premier_league_reserves-annual-2023-reserves-division,Matrics,,51203b9f
metro-jets,premier_league_reserves-annual-2023-reserves-division,Metro Jets,,a3e65ab9
norwood-netball-club,premier_league_reserves-annual-2023-reserves-division,Newton Jaguars,,318cf1c0
oakdale-netball-club-sa,premier_league_reserves-annual-2023-reserves-division,Oakdale,,7e806e72
south-adelaide-netball-club,premier_league_reserves-annual-2023-reserves-division,South Adelaide,,0b96ed23
tango-netball-club-inc,premier_league_reserves-annual-2023-reserves-division,Tango,,6c981911
contax,premier_league_reserves-annual-2024-reserves-division,Contax,,76374065
garville,premier_league_reserves-annual-2024-reserves-division,Garville,,bba899c8
matrics,premier_league_reserves-annual-2024-reserves-division,Matrics,,b2e3a81f
metro-jets,premier_league_reserves-annual-2024-reserves-division,Metro Jets,,27532759
norwood-netball-club,premier_league_reserves-annual-2024-reserves-division,Newton Jaguars,,7a9e0051
oakdale-netball-club-sa,premier_league_reserves-annual-2024-reserves-division,Oakdale,,5eea0c82
south-adelaide-netball-club,premier_league_reserves-annual-2024-reserves-division,South Adelaide,,bcf55704
tango-netball-club-inc,premier_league_reserves-annual-2024-reserves-division,Tango,,0150afa5
contax,premier_league_reserves-annual-2025-reserves-division,Contax,,325e6efa
garville,premier_league_reserves-annual-2025-reserves-division,Garville,,3577a520
matrics,premier_league_reserves-annual-2025-reserves-division,Matrics,,beb10a53
metro-jets,premier_league_reserves-annual-2025-reserves-division,Metro Jets,,3931b08b
norwood-netball-club,premier_league_reserves-annual-2025-reserves-division,Newton Jaguars,,b3602efa
oakdale-netball-club-sa,premier_league_reserves-annual-2025-reserves-division,Oakdale,,c214780a
south-adelaide-netball-club,premier_league_reserves-annual-2025-reserves-division,South Adelaide,,53aecd13
tango-netball-club-inc,premier_league_reserves-annual-2025-reserves-division,Tango,,4590e2f1
contax,premier_league_reserves-annual-2026-reserves-division,Contax,,ce5ca4ea
garville,premier_league_reserves-annual-2026-reserves-division,Garville,,4464f099
matrics,premier_league_reserves-annual-2026-reserves-division,Matrics,,cf4be336
metro-jets,premier_league_reserves-annual-2026-reserves-division,Metro Jets,,f30eb4c3
norwood-netball-club,premier_league_reserves-annual-2026-reserves-division,Norwood,,c9f8249d
oakdale-netball-club-sa,premier_league_reserves-annual-2026-reserves-division,Oakdale,,2b74ab9f
south-adelaide-netball-club,premier_league_reserves-annual-2026-reserves-division,South Adelaide,,36fcec9b
tango-netball-club-inc,premier_league_reserves-annual-2026-reserves-division,Tango,,ac900c5c
walkerville,premier_league_reserves-annual-2026-reserves-division,Walkerville,,02fa4ed5
contax,premier_league-annual-2023-premier-division,Contax,,a40b6349
garville,premier_league-annual-2023-premier-division,Garville,,6212070f
matrics,premier_league-annual-2023-premier-division,Matrics,,1dc437b3
metro-jets,premier_league-annual-2023-premier-division,Metro Jets,,154ba0b8
norwood-netball-club,premier_league-annual-2023-premier-division,Newton Jaguars,,37efe4d5
oakdale-netball-club-sa,premier_league-annual-2023-premier-division,Oakdale,,8cbd95dd
south-adelaide-netball-club,premier_league-annual-2023-premier-division,South Adelaide,,110dbb88
tango-netball-club-inc,premier_league-annual-2023-premier-division,Tango,,d0274d10
contax,premier_league-annual-2024-premier-division,Contax,,08da42aa
garville,premier_league-annual-2024-premier-division,Garville,,c8b0029f
matrics,premier_league-annual-2024-premier-division,Matrics,,a85a1440
metro-jets,premier_league-annual-2024-premier-division,Metro Jets,,26db093b
norwood-netball-club,premier_league-annual-2024-premier-division,Newton Jaguars,,dd9afcbb
oakdale-netball-club-sa,premier_league-annual-2024-premier-division,Oakdale,,0dbcfcc8
south-adelaide-netball-club,premier_league-annual-2024-premier-division,South Adelaide,,43207e56
tango-netball-club-inc,premier_league-annual-2024-premier-division,Tango,,697fcc6c
contax,premier_league-annual-2025-premier-division,Contax,,051dd051
garville,premier_league-annual-2025-premier-division,Garville,,f024483b
matrics,premier_league-annual-2025-premier-division,Matrics,,c0e1afb0
metro-jets,premier_league-annual-2025-premier-division,Metro Jets,,c0c02bbc
norwood-netball-club,premier_league-annual-2025-premier-division,Newton Jaguars,,498cb629
oakdale-netball-club-sa,premier_league-annual-2025-premier-division,Oakdale,,9db3711e
south-adelaide-netball-club,premier_league-annual-2025-premier-division,South Adelaide,,c2883584
tango-netball-club-inc,premier_league-annual-2025-premier-division,Tango,,811ac42e
contax,premier_league-annual-2026-premier-division,Contax,,9965376c
garville,premier_league-annual-2026-premier-division,Garville,,3ac22eae
matrics,premier_league-annual-2026-premier-division,Matrics,,de3e7a2c
norwood-netball-club,premier_league-annual-2026-premier-division,Norwood,,145018b5
oakdale-netball-club-sa,premier_league-annual-2026-premier-division,Oakdale,,e7e6387c
south-adelaide-netball-club,premier_league-annual-2026-premier-division,South Adelaide,,91ec8080
tango-netball-club-inc,premier_league-annual-2026-premier-division,Tango,,b9936ea5
walkerville,premier_league-annual-2026-premier-division,Walkerville,,1b1eca94
