grade_key,club_key,squad_number,display_name,ladder_position,position_uncertain,played,won,drawn,lost,byes,goals_for,goals_against,goal_difference,points,percentage,shots_attempted,shots_scored,source,placement_basis,notes,scraped_at
amnd-winter-2022-a-grade,reynella-netball-club,,Reynella,1,0,18,18,0,0,0,1168,677,491,36,172.53,,,playhq,regular_season_ladder,,1786190459497
amnd-winter-2022-a-grade,matrics,,Matrics,2,0,18,15,0,3,0,1041,616,425,30,168.99,,,playhq,regular_season_ladder,,1786190459497
amnd-winter-2022-a-grade,contax,,Contax,3,0,18,13,0,5,0,1101,655,446,26,168.09,,,playhq,regular_season_ladder,,1786190459497
amnd-winter-2022-a-grade,south-adelaide-netball-club,,South Adelaide,4,0,18,12,0,6,0,943,794,149,24,118.77,,,playhq,regular_season_ladder,,1786190459497
amnd-winter-2022-a-grade,walkerville,,Walkerville,5,0,18,12,0,6,0,935,818,117,24,114.3,,,playhq,regular_season_ladder,,1786190459497
amnd-winter-2022-a-grade,adelaide-wildcats,,Adelaide Wildcats,6,0,18,8,0,10,0,851,917,-66,16,92.8,,,playhq,regular_season_ladder,,1786190459497
amnd-winter-2022-a-grade,metro-jets,,Metro Jets,7,0,18,5,0,13,0,695,953,-258,10,72.93,,,playhq,regular_season_ladder,,1786190459497
amnd-winter-2022-a-grade,norwood-netball-club,,Newton Jaguars,8,0,18,4,0,14,0,672,990,-318,8,67.88,,,playhq,regular_season_ladder,,1786190459497
amnd-winter-2022-a-grade,cheerio-netball-club,,Cheerio,9,0,18,3,0,15,0,743,910,-167,6,81.65,,,playhq,regular_season_ladder,,1786190459497
amnd-winter-2022-a-grade,tango-netball-club-inc,,Tango,10,0,18,0,0,18,0,376,1195,-819,0,31.46,,,playhq,regular_season_ladder,,1786190459497
amnd-winter-2022-amnd,contax,,Contax,1,0,18,16,0,2,0,1056,683,373,32,154.61,,,playhq,regular_season_ladder,,1786190460229
amnd-winter-2022-amnd,walkerville,,Walkerville,2,0,18,15,0,3,0,995,775,220,30,128.39,,,playhq,regular_season_ladder,,1786190460229
amnd-winter-2022-amnd,matrics,,Matrics,3,0,18,14,0,4,0,1111,696,415,28,159.63,,,playhq,regular_season_ladder,,1786190460229
amnd-winter-2022-amnd,south-adelaide-netball-club,,South Adelaide,4,0,18,13,1,4,0,1033,761,272,27,135.74,,,playhq,regular_season_ladder,,1786190460229
amnd-winter-2022-amnd,oakdale-netball-club-sa,,Oakdale,5,0,18,8,1,9,0,917,903,14,17,101.55,,,playhq,regular_season_ladder,,1786190460229
amnd-winter-2022-amnd,garville,,Garville,6,0,18,7,0,11,0,908,931,-23,14,97.53,,,playhq,regular_season_ladder,,1786190460229
amnd-winter-2022-amnd,norwood-netball-club,,Newton Jaguars,7,0,18,7,0,11,0,846,933,-87,14,90.68,,,playhq,regular_season_ladder,,1786190460229
amnd-winter-2022-amnd,metro-jets,,Metro Jets,8,0,18,6,0,12,0,820,954,-134,8,85.95,,,playhq,regular_season_ladder,,1786190460229
amnd-winter-2022-amnd,tango-netball-club-inc,,Tango,9,0,18,2,0,16,0,632,1036,-404,4,61,,,playhq,regular_season_ladder,,1786190460229
amnd-winter-2022-amnd,central-district-netball-club,,Central District,10,0,18,1,0,17,0,607,1253,-646,2,48.44,,,playhq,regular_season_ladder,,1786190460229
amnd-winter-2022-b1,old-ignatians,,Old Ignatians,1,0,18,17,0,1,0,1041,661,380,34,157.49,,,playhq,regular_season_ladder,,1786190461164
amnd-winter-2022-b1,sacred-heart-o-c,,SHOCS,2,0,18,13,1,4,0,896,593,303,27,151.1,,,playhq,regular_season_ladder,,1786190461164
amnd-winter-2022-b1,walkerville,,Walkerville,3,0,18,12,1,5,0,854,678,176,25,125.96,,,playhq,regular_season_ladder,,1786190461164
amnd-winter-2022-b1,matrics,,Matrics,4,0,18,11,1,6,0,925,777,148,23,119.05,,,playhq,regular_season_ladder,,1786190461164
amnd-winter-2022-b1,contax,,Contax,5,0,18,11,0,7,0,924,747,177,22,123.69,,,playhq,regular_season_ladder,,1786190461164
amnd-winter-2022-b1,garville,,Garville,6,0,18,8,0,10,0,840,825,15,16,101.82,,,playhq,regular_season_ladder,,1786190461164
amnd-winter-2022-b1,oakdale-netball-club-sa,,Oakdale,7,0,18,7,0,11,0,792,822,-30,14,96.35,,,playhq,regular_season_ladder,,1786190461164
amnd-winter-2022-b1,pembroke-o-s,,Pembroke OS,8,0,18,5,0,13,0,742,935,-193,10,79.36,,,playhq,regular_season_ladder,,1786190461164
amnd-winter-2022-b1,reynella-netball-club,,Reynella,9,0,18,4,1,13,0,854,928,-74,9,92.03,,,playhq,regular_season_ladder,,1786190461164
amnd-winter-2022-b1,central-district-netball-club,,Central District,10,0,18,0,0,18,0,432,1334,-902,0,32.38,,,playhq,regular_season_ladder,,1786190461164
amnd-winter-2022-b2,matrics,,Matrics,1,0,18,15,1,2,0,897,683,214,31,131.33,,,playhq,regular_season_ladder,,1786190462187
amnd-winter-2022-b2,contax,,Contax 2,2,0,18,14,1,3,0,933,809,124,29,115.33,,,playhq,regular_season_ladder,,1786190462187
amnd-winter-2022-b2,walkerville,,Walkerville 1,3,0,18,13,2,3,0,999,834,165,28,119.78,,,playhq,regular_season_ladder,,1786190462187
amnd-winter-2022-b2,walkerville,,Walkerville 2,4,0,18,8,3,7,0,942,875,67,19,107.66,,,playhq,regular_season_ladder,,1786190462187
amnd-winter-2022-b2,contax,,Contax 1,5,0,18,6,2,10,0,762,768,-6,14,99.22,,,playhq,regular_season_ladder,,1786190462187
amnd-winter-2022-b2,sacred-heart-o-c,,SHOCS,6,0,18,7,0,11,0,803,861,-58,14,93.26,,,playhq,regular_season_ladder,,1786190462187
amnd-winter-2022-b2,adelaide-university,,Adelaide University,7,0,18,6,1,11,0,702,861,-159,13,81.53,,,playhq,regular_season_ladder,,1786190462187
amnd-winter-2022-b2,south-adelaide-netball-club,,South Adelaide,8,0,18,2,0,16,0,783,956,-173,4,81.9,,,playhq,regular_season_ladder,,1786190462187
amnd-winter-2022-b3,walkerville,,Walkerville 2,1,0,18,18,0,0,0,1066,615,451,36,173.33,,,playhq,regular_season_ladder,,1786190463183
amnd-winter-2022-b3,adelaide-university,,Adelaide University 2,2,0,18,13,1,4,0,952,730,222,27,130.41,,,playhq,regular_season_ladder,,1786190463183
amnd-winter-2022-b3,city-coasters,,City Coasters,3,0,18,12,0,6,0,841,755,86,24,111.39,,,playhq,regular_season_ladder,,1786190463183
amnd-winter-2022-b3,adelaide-university,,Adelaide University 1,4,0,18,10,2,6,0,831,699,132,22,118.88,,,playhq,regular_season_ladder,,1786190463183
amnd-winter-2022-b3,walkerville,,Walkerville 1,5,0,18,10,2,6,0,853,743,110,22,114.8,,,playhq,regular_season_ladder,,1786190463183
amnd-winter-2022-b3,pembroke-o-s,,Pembroke OS,6,0,18,7,0,11,0,714,855,-141,14,83.51,,,playhq,regular_season_ladder,,1786190463183
amnd-winter-2022-b3,matrics,,Matrics,7,0,18,6,1,11,0,787,923,-136,13,85.27,,,playhq,regular_season_ladder,,1786190463183
amnd-winter-2022-b3,oakdale-netball-club-sa,,Oakdale,8,0,18,5,1,12,0,731,928,-197,11,78.77,,,playhq,regular_season_ladder,,1786190463183
amnd-winter-2022-b3,old-ignatians,,Old Ignatians,9,0,18,4,1,13,0,782,884,-102,9,88.46,,,playhq,regular_season_ladder,,1786190463183
amnd-winter-2022-b3,norwood-netball-club,,Newton Jaguars,10,0,18,1,0,17,0,693,1141,-448,2,60.74,,,playhq,regular_season_ladder,,1786190463183
amnd-winter-2022-b4,walkerville,,Walkerville 2,1,0,18,13,1,4,0,755,612,143,27,123.37,,,playhq,regular_season_ladder,,1786190464250
amnd-winter-2022-b4,metro-jets,,Metro Jets,2,0,18,13,1,4,0,682,592,90,27,115.2,,,playhq,regular_season_ladder,,1786190464250
amnd-winter-2022-b4,walkerville,,Walkerville 1,3,0,18,11,0,7,0,703,598,105,22,117.56,,,playhq,regular_season_ladder,,1786190464250
amnd-winter-2022-b4,garville,,Garville,4,0,18,10,0,8,0,640,623,17,20,102.73,,,playhq,regular_season_ladder,,1786190464250
amnd-winter-2022-b4,city-coasters,,City Coasters,5,0,18,9,0,9,0,714,704,10,18,101.42,,,playhq,regular_season_ladder,,1786190464250
amnd-winter-2022-b4,adelaide-wildcats,,Adelaide Wildcats,6,0,18,7,2,9,0,782,754,28,16,103.71,,,playhq,regular_season_ladder,,1786190464250
amnd-winter-2022-b4,cheerio-netball-club,,Cheerio,7,0,18,2,1,15,0,623,826,-203,5,75.42,,,playhq,regular_season_ladder,,1786190464250
amnd-winter-2022-b4,oakdale-netball-club-sa,,Oakdale,8,0,18,0,1,17,0,585,926,-341,1,63.17,,,playhq,regular_season_ladder,,1786190464250
amnd-winter-2022-b5,contax,,Contax,1,0,18,18,0,0,0,1020,571,449,36,178.63,,,playhq,regular_season_ladder,,1786190465292
amnd-winter-2022-b5,old-ignatians,,Old Ignatians 2,2,0,18,14,0,4,0,942,602,340,28,156.48,,,playhq,regular_season_ladder,,1786190465292
amnd-winter-2022-b5,walkerville,,Walkerville,3,0,18,14,0,4,0,798,650,148,28,122.77,,,playhq,regular_season_ladder,,1786190465292
amnd-winter-2022-b5,adelaide-university,,Adelaide University,4,0,18,11,0,7,0,776,666,110,22,116.52,,,playhq,regular_season_ladder,,1786190465292
amnd-winter-2022-b5,old-ignatians,,Old Ignatians 1,5,0,18,7,0,11,0,757,767,-10,14,98.7,,,playhq,regular_season_ladder,,1786190465292
amnd-winter-2022-b5,city-coasters,,City Coasters,6,0,18,6,1,11,0,599,825,-226,13,72.61,,,playhq,regular_season_ladder,,1786190465292
amnd-winter-2022-b5,cheerio-netball-club,,Cheerio,7,0,18,3,1,14,0,472,889,-417,7,53.09,,,playhq,regular_season_ladder,,1786190465292
amnd-winter-2022-b5,matrics,,Matrics,8,0,18,2,0,16,0,574,828,-254,4,69.32,,,playhq,regular_season_ladder,,1786190465292
amnd-winter-2022-c1,walkerville,,Walkerville 1,1,0,18,14,0,4,0,705,559,146,28,126.12,,,playhq,regular_season_ladder,,1786190466320
amnd-winter-2022-c1,adelaide-university,,Adelaide University,2,0,18,12,1,5,0,753,584,169,25,128.94,,,playhq,regular_season_ladder,,1786190466320
amnd-winter-2022-c1,central-district-netball-club,,Central District,3,0,18,9,0,9,0,815,774,41,18,105.3,,,playhq,regular_season_ladder,,1786190466320
amnd-winter-2022-c1,sacred-heart-o-c,,SHOCS,4,0,18,9,0,9,0,599,641,-42,18,93.45,,,playhq,regular_season_ladder,,1786190466320
amnd-winter-2022-c1,walkerville,,Walkerville 2,5,0,18,6,0,12,0,747,799,-52,12,93.49,,,playhq,regular_season_ladder,,1786190466320
amnd-winter-2022-c1,south-adelaide-netball-club,,South Adelaide,6,0,18,3,1,14,0,456,734,-278,7,62.13,,,playhq,regular_season_ladder,,1786190466320
amnd-winter-2022-c2,walkerville,,Walkerville 1,1,0,18,11,0,7,0,655,581,74,22,112.74,,,playhq,regular_season_ladder,,1786190467187
amnd-winter-2022-c2,adelaide-university,,Adelaide University,2,0,18,10,0,8,0,640,565,75,20,113.27,,,playhq,regular_season_ladder,,1786190467187
amnd-winter-2022-c2,walkerville,,Walkerville 2,3,0,18,9,1,8,0,686,686,0,19,100,,,playhq,regular_season_ladder,,1786190467187
amnd-winter-2022-c2,city-coasters,,City Coasters,4,0,18,8,0,10,0,716,736,-20,16,97.28,,,playhq,regular_season_ladder,,1786190467187
amnd-winter-2022-c2,sacred-heart-o-c,,SHOCS 1,5,0,18,7,1,10,0,613,624,-11,15,98.24,,,playhq,regular_season_ladder,,1786190467187
amnd-winter-2022-c2,sacred-heart-o-c,,SHOCS 2,6,0,18,4,0,14,0,521,763,-242,8,68.28,,,playhq,regular_season_ladder,,1786190467187
amnd-winter-2022-c3,adelaide-university,,Adelaide University 1,1,0,18,15,0,3,0,682,454,228,30,150.22,,,playhq,regular_season_ladder,,1786190468297
amnd-winter-2022-c3,sacred-heart-o-c,,SHOCS 2,2,0,18,12,0,6,0,726,525,201,24,138.29,,,playhq,regular_season_ladder,,1786190468297
amnd-winter-2022-c3,sacred-heart-o-c,,SHOCS 1,3,0,18,12,0,6,0,837,611,226,24,136.99,,,playhq,regular_season_ladder,,1786190468297
amnd-winter-2022-c3,walkerville,,Walkerville 1,4,0,18,12,0,6,0,673,505,168,24,133.27,,,playhq,regular_season_ladder,,1786190468297
amnd-winter-2022-c3,old-ignatians,,Old Ignatians,5,0,18,10,0,8,0,550,504,46,20,109.13,,,playhq,regular_season_ladder,,1786190468297
amnd-winter-2022-c3,pembroke-o-s,,Pembroke OS,6,0,18,6,0,12,0,307,569,-262,12,53.95,,,playhq,regular_season_ladder,,1786190468297
amnd-winter-2022-c3,walkerville,,Walkerville 2,7,0,18,4,0,14,0,545,690,-145,8,78.99,,,playhq,regular_season_ladder,,1786190468297
amnd-winter-2022-c3,adelaide-university,,Adelaide University 2,8,0,18,4,0,14,0,464,732,-268,8,63.39,,,playhq,regular_season_ladder,,1786190468297
amnd-winter-2022-c4,old-ignatians,,Old Ignatians,1,0,18,13,0,5,0,616,500,116,26,123.2,,,playhq,regular_season_ladder,,1786190469173
amnd-winter-2022-c4,sacred-heart-o-c,,SHOCS,2,0,18,10,0,8,0,742,739,3,20,100.41,,,playhq,regular_season_ladder,,1786190469173
amnd-winter-2022-c4,walkerville,,Walkerville 1,3,0,18,9,0,9,0,619,618,1,18,100.16,,,playhq,regular_season_ladder,,1786190469173
amnd-winter-2022-c4,pembroke-o-s,,Pembroke OS,4,0,18,9,0,9,0,569,578,-9,18,98.44,,,playhq,regular_season_ladder,,1786190469173
amnd-winter-2022-c4,walkerville,,Walkerville 2,5,0,18,6,0,12,0,496,583,-87,12,85.08,,,playhq,regular_season_ladder,,1786190469173
amnd-winter-2022-c4,adelaide-university,,Adelaide University 2,6,0,18,4,0,14,0,378,596,-218,8,63.42,,,playhq,regular_season_ladder,,1786190469173
amnd-winter-2022-c6,semaphore,,Semaphore,1,0,15,14,0,1,0,587,174,413,28,337.36,,,playhq,regular_season_ladder,,1786190470331
amnd-winter-2022-c6,contax,,Contax,2,0,15,11,0,4,0,388,263,125,22,147.53,,,playhq,regular_season_ladder,,1786190470331
amnd-winter-2022-c6,matrics,,Matrics,3,0,15,10,0,5,0,431,261,170,20,165.13,,,playhq,regular_season_ladder,,1786190470331
amnd-winter-2022-c6,norwood-netball-club,,Newton Jaguars,4,0,15,5,0,10,0,320,486,-166,10,65.84,,,playhq,regular_season_ladder,,1786190470331
amnd-winter-2022-c6,central-district-netball-club,,Central District,5,0,15,5,0,10,0,229,355,-126,10,64.51,,,playhq,regular_season_ladder,,1786190470331
amnd-winter-2022-c6,south-adelaide-netball-club,,South Adelaide,6,0,15,0,0,15,0,135,551,-416,0,24.5,,,playhq,regular_season_ladder,,1786190470331
amnd-winter-2022-inter-1,contax,,Contax,1,0,14,14,0,0,0,798,498,300,28,160.24,,,playhq,regular_season_ladder,,1786190454181
amnd-winter-2022-inter-1,garville,,Garville,2,0,14,10,1,3,0,788,557,231,21,141.47,,,playhq,regular_season_ladder,,1786190454181
amnd-winter-2022-inter-1,matrics,,Matrics,3,0,14,9,2,3,0,690,535,155,20,128.97,,,playhq,regular_season_ladder,,1786190454181
amnd-winter-2022-inter-1,oakdale-netball-club-sa,,Oakdale,4,0,14,9,1,4,0,565,471,94,19,119.96,,,playhq,regular_season_ladder,,1786190454181
amnd-winter-2022-inter-1,norwood-netball-club,,Newton Jaguars,5,0,14,6,0,8,0,589,640,-51,12,92.03,,,playhq,regular_season_ladder,,1786190454181
amnd-winter-2022-inter-1,metro-jets,,Metro Jets,6,0,14,3,0,11,0,546,680,-134,6,80.29,,,playhq,regular_season_ladder,,1786190454181
amnd-winter-2022-inter-1,south-adelaide-netball-club,,South Adelaide,7,0,14,2,0,12,0,498,797,-299,4,62.48,,,playhq,regular_season_ladder,,1786190454181
amnd-winter-2022-inter-1,tango-netball-club-inc,,Tango,8,0,14,1,0,13,0,502,798,-296,2,62.91,,,playhq,regular_season_ladder,,1786190454181
amnd-winter-2022-inter-2,contax,,Contax 1,1,0,14,14,0,0,0,825,512,313,28,161.13,,,playhq,regular_season_ladder,,1786190455282
amnd-winter-2022-inter-2,garville,,Garville,2,0,14,11,0,3,0,842,576,266,22,146.18,,,playhq,regular_season_ladder,,1786190455282
amnd-winter-2022-inter-2,oakdale-netball-club-sa,,Oakdale,3,0,14,7,1,6,0,714,599,115,15,119.2,,,playhq,regular_season_ladder,,1786190455282
amnd-winter-2022-inter-2,contax,,Contax 2,4,0,14,7,1,6,0,665,590,75,15,112.71,,,playhq,regular_season_ladder,,1786190455282
amnd-winter-2022-inter-2,matrics,,Matrics,5,0,14,5,0,9,0,620,573,47,10,108.2,,,playhq,regular_season_ladder,,1786190455282
amnd-winter-2022-inter-2,reynella-netball-club,,Reynella,6,0,14,0,1,13,0,352,864,-512,1,40.74,,,playhq,regular_season_ladder,,1786190455282
amnd-winter-2022-inter-3,matrics,,Matrics 2,1,0,14,10,2,2,0,680,502,178,22,135.46,,,playhq,regular_season_ladder,,1786190456184
amnd-winter-2022-inter-3,contax,,Contax 1,2,0,14,11,0,3,0,572,473,99,22,120.93,,,playhq,regular_season_ladder,,1786190456184
amnd-winter-2022-inter-3,metro-jets,,Metro Jets,3,0,14,8,2,4,0,551,496,55,18,111.09,,,playhq,regular_season_ladder,,1786190456184
amnd-winter-2022-inter-3,garville,,Garville,4,0,14,9,0,5,0,598,549,49,18,108.93,,,playhq,regular_season_ladder,,1786190456184
amnd-winter-2022-inter-3,matrics,,Matrics 1,5,0,14,7,0,7,0,595,571,24,14,104.2,,,playhq,regular_season_ladder,,1786190456184
amnd-winter-2022-inter-3,norwood-netball-club,,Newton Jaguars,6,0,14,5,1,8,0,438,632,-194,11,69.3,,,playhq,regular_season_ladder,,1786190456184
amnd-winter-2022-inter-3,adelaide-wildcats,,Adelaide Wildcats,7,0,14,5,0,9,0,514,496,18,10,103.63,,,playhq,regular_season_ladder,,1786190456184
amnd-winter-2022-inter-3,garville,,Garville 2,8,0,14,4,0,10,0,528,571,-43,8,92.47,,,playhq,regular_season_ladder,,1786190456184
amnd-winter-2022-inter-4,oakdale-netball-club-sa,,Oakdale 1,1,0,14,11,0,3,0,684,512,172,22,133.59,,,playhq,regular_season_ladder,,1786190457199
amnd-winter-2022-inter-4,matrics,,Matrics,2,0,14,10,0,4,0,635,489,146,20,129.86,,,playhq,regular_season_ladder,,1786190457199
amnd-winter-2022-inter-4,walkerville,,Walkerville,3,0,14,8,1,5,0,665,587,78,17,113.29,,,playhq,regular_season_ladder,,1786190457199
amnd-winter-2022-inter-4,contax,,Contax 1,4,0,14,7,0,7,0,537,507,30,14,105.92,,,playhq,regular_season_ladder,,1786190457199
amnd-winter-2022-inter-4,contax,,Contax 2,5,0,14,7,0,7,0,548,537,11,14,102.05,,,playhq,regular_season_ladder,,1786190457199
amnd-winter-2022-inter-4,oakdale-netball-club-sa,,Oakdale 2,6,0,14,7,0,7,0,603,617,-14,14,97.73,,,playhq,regular_season_ladder,,1786190457199
amnd-winter-2022-inter-4,south-adelaide-netball-club,,South Adelaide,7,0,14,4,1,9,0,423,609,-186,9,69.46,,,playhq,regular_season_ladder,,1786190457199
amnd-winter-2022-inter-4,reynella-netball-club,,Reynella,8,0,14,0,0,14,0,422,805,-383,0,52.42,,,playhq,regular_season_ladder,,1786190457199
amnd-winter-2022-inter-5,matrics,,Matrics,1,0,14,12,0,2,0,523,299,224,24,174.92,,,playhq,regular_season_ladder,,1786190458172
amnd-winter-2022-inter-5,metro-jets,,Metro Jets,2,0,14,8,1,5,0,511,430,81,17,118.84,,,playhq,regular_season_ladder,,1786190458172
amnd-winter-2022-inter-5,adelaide-wildcats,,Adelaide Wildcats,3,0,14,8,1,5,0,473,435,38,17,108.74,,,playhq,regular_season_ladder,,1786190458172
amnd-winter-2022-inter-5,cheerio-netball-club,,Cheerio,4,0,14,7,0,7,0,435,440,-5,14,98.86,,,playhq,regular_season_ladder,,1786190458172
amnd-winter-2022-inter-5,tango-netball-club-inc,,Tango,5,0,14,6,0,8,0,535,549,-14,12,97.45,,,playhq,regular_season_ladder,,1786190458172
amnd-winter-2022-inter-5,garville,,Garville,6,0,14,3,0,11,0,311,443,-132,6,70.2,,,playhq,regular_season_ladder,,1786190458172
amnd-winter-2022-inter-5,oakdale-netball-club-sa,,Oakdale,7,0,14,3,0,11,0,393,615,-222,6,63.9,,,playhq,regular_season_ladder,,1786190458172
amnd-winter-2022-inter-5,walkerville,,Walkerville,8,0,14,0,0,14,0,311,625,-314,0,49.76,,,playhq,regular_season_ladder,,1786190458172
amnd-winter-2022-junior-1,contax,,Contax 1,1,0,14,14,0,0,0,893,361,532,28,247.37,,,playhq,regular_season_ladder,,1786190368199
amnd-winter-2022-junior-1,oakdale-netball-club-sa,,Oakdale,2,0,14,10,0,4,0,759,638,121,20,118.97,,,playhq,regular_season_ladder,,1786190368199
amnd-winter-2022-junior-1,garville,,Garville,3,0,14,10,0,4,0,621,523,98,20,118.74,,,playhq,regular_season_ladder,,1786190368199
amnd-winter-2022-junior-1,matrics,,Matrics,4,0,14,8,0,6,0,644,656,-12,16,98.17,,,playhq,regular_season_ladder,,1786190368199
amnd-winter-2022-junior-1,contax,,Contax 2,5,0,14,7,0,7,0,646,599,47,14,107.85,,,playhq,regular_season_ladder,,1786190368199
amnd-winter-2022-junior-1,metro-jets,,Metro Jets,6,0,14,6,0,8,0,554,580,-26,12,95.52,,,playhq,regular_season_ladder,,1786190368199
amnd-winter-2022-junior-1,norwood-netball-club,,Newton Jaguars,7,0,14,4,0,10,0,459,628,-169,8,73.09,,,playhq,regular_season_ladder,,1786190368199
amnd-winter-2022-junior-1,south-adelaide-netball-club,,South Adelaide,8,0,14,1,0,13,0,447,757,-310,2,59.05,,,playhq,regular_season_ladder,,1786190368199
amnd-winter-2022-junior-2,garville,,Garville,1,0,14,11,1,2,0,660,431,229,23,153.13,,,playhq,regular_season_ladder,,1786190369262
amnd-winter-2022-junior-2,oakdale-netball-club-sa,,Oakdale,2,0,14,9,0,5,0,637,561,76,18,113.55,,,playhq,regular_season_ladder,,1786190369262
amnd-winter-2022-junior-2,matrics,,Matrics,3,0,14,9,0,5,0,603,541,62,18,111.46,,,playhq,regular_season_ladder,,1786190369262
amnd-winter-2022-junior-2,metro-jets,,Metro Jets,4,0,14,6,0,8,0,514,591,-77,12,86.97,,,playhq,regular_season_ladder,,1786190369262
amnd-winter-2022-junior-2,norwood-netball-club,,Newton Jaguars,5,0,14,1,1,12,0,470,684,-214,3,68.71,,,playhq,regular_season_ladder,,1786190369262
amnd-winter-2022-junior-2,tango-netball-club-inc,,Tango,6,0,14,1,0,13,0,357,714,-357,2,50,,,playhq,regular_season_ladder,,1786190369262
amnd-winter-2022-junior-3,matrics,,Matrics,1,0,14,12,1,1,0,751,485,266,25,154.85,,,playhq,regular_season_ladder,,1786190370316
amnd-winter-2022-junior-3,contax,,Contax,2,0,14,12,1,1,0,687,464,223,25,148.06,,,playhq,regular_season_ladder,,1786190370316
amnd-winter-2022-junior-3,garville,,Garville,3,0,14,7,2,5,0,595,497,98,16,119.72,,,playhq,regular_season_ladder,,1786190370316
amnd-winter-2022-junior-3,reynella-netball-club,,Reynella,4,0,14,5,0,9,0,534,629,-95,10,84.9,,,playhq,regular_season_ladder,,1786190370316
amnd-winter-2022-junior-3,oakdale-netball-club-sa,,Oakdale,5,0,14,3,0,11,0,454,655,-201,6,69.31,,,playhq,regular_season_ladder,,1786190370316
amnd-winter-2022-junior-3,tango-netball-club-inc,,Tango,6,0,14,1,0,13,0,458,749,-291,2,61.15,,,playhq,regular_season_ladder,,1786190370316
amnd-winter-2022-junior-4,contax,,Contax 1,1,0,14,13,0,1,0,811,409,402,26,198.29,,,playhq,regular_season_ladder,,1786190371230
amnd-winter-2022-junior-4,matrics,,Matrics,2,0,14,11,0,3,0,747,417,330,22,179.14,,,playhq,regular_season_ladder,,1786190371230
amnd-winter-2022-junior-4,walkerville,,Walkerville,3,0,14,10,0,4,0,614,451,163,20,136.14,,,playhq,regular_season_ladder,,1786190371230
amnd-winter-2022-junior-4,contax,,Contax 2,4,0,14,9,1,4,0,621,473,148,19,131.29,,,playhq,regular_season_ladder,,1786190371230
amnd-winter-2022-junior-4,metro-jets,,Metro Jets,5,0,14,5,1,8,0,528,628,-100,11,84.08,,,playhq,regular_season_ladder,,1786190371230
amnd-winter-2022-junior-4,garville,,Garville,6,0,14,4,0,10,0,528,583,-55,8,90.57,,,playhq,regular_season_ladder,,1786190371230
amnd-winter-2022-junior-4,oakdale-netball-club-sa,,Oakdale,7,0,14,3,0,11,0,541,618,-77,6,87.54,,,playhq,regular_season_ladder,,1786190371230
amnd-winter-2022-junior-4,south-adelaide-netball-club,,South Adelaide,8,0,14,0,0,14,0,234,1045,-811,0,22.39,,,playhq,regular_season_ladder,,1786190371230
amnd-winter-2022-junior-5,matrics,,Matrics,1,0,14,14,0,0,0,804,333,471,28,241.44,,,playhq,regular_season_ladder,,1786190434389
amnd-winter-2022-junior-5,contax,,Contax,2,0,14,11,0,3,0,645,476,169,22,135.5,,,playhq,regular_season_ladder,,1786190434389
amnd-winter-2022-junior-5,norwood-netball-club,,Newton Jaguars,3,0,14,11,0,3,0,614,460,154,22,133.48,,,playhq,regular_season_ladder,,1786190434389
amnd-winter-2022-junior-5,garville,,Garville,4,0,14,8,0,6,0,568,563,5,16,100.89,,,playhq,regular_season_ladder,,1786190434389
amnd-winter-2022-junior-5,walkerville,,Walkerville,5,0,14,4,1,9,0,558,646,-88,9,86.38,,,playhq,regular_season_ladder,,1786190434389
amnd-winter-2022-junior-5,tango-netball-club-inc,,Tango,6,0,14,4,1,9,0,505,658,-153,9,76.75,,,playhq,regular_season_ladder,,1786190434389
amnd-winter-2022-junior-5,central-district-netball-club,,Central District,7,0,14,2,0,12,0,398,612,-214,4,65.03,,,playhq,regular_season_ladder,,1786190434389
amnd-winter-2022-junior-5,oakdale-netball-club-sa,,Oakdale,8,0,14,1,0,13,0,300,644,-344,2,46.58,,,playhq,regular_season_ladder,,1786190434389
amnd-winter-2022-junior-6,dragons,,Westminster,1,0,14,13,0,1,0,701,451,250,26,155.43,,,playhq,regular_season_ladder,,1786190435158
amnd-winter-2022-junior-6,adelaide-wildcats,,Adelaide Wildcats,2,0,14,10,0,4,0,647,565,82,20,114.51,,,playhq,regular_season_ladder,,1786190435158
amnd-winter-2022-junior-6,contax,,Contax,3,0,14,8,1,5,0,609,591,18,17,103.05,,,playhq,regular_season_ladder,,1786190435158
amnd-winter-2022-junior-6,matrics,,Matrics 2,4,0,13,7,2,4,1,607,488,119,16,124.39,,,playhq,regular_season_ladder,,1786190435158
amnd-winter-2022-junior-6,central-district-netball-club,,Central District,5,0,13,8,0,5,1,578,517,61,16,111.8,,,playhq,regular_season_ladder,,1786190435158
amnd-winter-2022-junior-6,matrics,,Matrics 1,6,0,14,7,1,6,0,595,522,73,15,113.98,,,playhq,regular_season_ladder,,1786190435158
amnd-winter-2022-junior-6,garville,,Garville,7,0,14,4,0,10,0,456,577,-121,8,79.03,,,playhq,regular_season_ladder,,1786190435158
amnd-winter-2022-junior-6,walkerville,,Walkerville,8,0,14,3,0,11,0,477,618,-141,6,77.18,,,playhq,regular_season_ladder,,1786190435158
amnd-winter-2022-junior-7,reynella-netball-club,,Reynella,1,0,12,8,0,4,2,457,477,-20,16,95.81,,,playhq,regular_season_ladder,,1786190436115
amnd-winter-2022-junior-7,contax,,Contax,2,0,12,7,0,5,2,423,380,43,14,111.32,,,playhq,regular_season_ladder,,1786190436115
amnd-winter-2022-junior-7,oakdale-netball-club-sa,,Oakdale,3,0,13,6,0,7,1,391,387,4,12,101.03,,,playhq,regular_season_ladder,,1786190436115
amnd-winter-2022-junior-7,metro-jets,,Metro Jets,4,0,12,4,1,7,2,436,437,-1,9,99.77,,,playhq,regular_season_ladder,,1786190436115
amnd-winter-2022-junior-7,norwood-netball-club,,Newton Jaguars,5,0,13,4,1,8,1,442,521,-79,9,84.84,,,playhq,regular_season_ladder,,1786190436115
amnd-winter-2022-junior-7,adelaide-wildcats,,Adelaide Wildcats,6,0,12,4,0,8,2,397,490,-93,8,81.02,,,playhq,regular_season_ladder,,1786190436115
amnd-winter-2022-junior-7,cheerio-netball-club,,Cheerio,7,0,12,2,0,10,2,238,433,-195,4,54.97,,,playhq,regular_season_ladder,,1786190436115
amnd-winter-2022-junior-8,matrics,,Matrics,1,0,14,13,0,1,0,628,298,330,26,210.74,,,playhq,regular_season_ladder,,1786190437169
amnd-winter-2022-junior-8,oakdale-netball-club-sa,,Oakdale,2,0,14,12,0,2,0,549,355,194,24,154.65,,,playhq,regular_season_ladder,,1786190437169
amnd-winter-2022-junior-8,garville,,Garville,3,0,14,8,0,6,0,470,379,91,16,124.01,,,playhq,regular_season_ladder,,1786190437169
amnd-winter-2022-junior-8,metro-jets,,Metro Jets,4,0,14,6,0,8,0,416,469,-53,12,88.7,,,playhq,regular_season_ladder,,1786190437169
amnd-winter-2022-junior-8,norwood-netball-club,,Newton Jaguars,5,0,14,2,0,12,0,352,589,-237,4,59.76,,,playhq,regular_season_ladder,,1786190437169
amnd-winter-2022-junior-8,walkerville,,Walkerville,6,0,14,1,0,13,0,324,649,-325,2,49.92,,,playhq,regular_season_ladder,,1786190437169
amnd-winter-2022-primary-1,contax,,Contax 1,1,0,14,14,0,0,0,529,219,310,28,241.55,,,playhq,regular_season_ladder,,1786190438213
amnd-winter-2022-primary-1,matrics,,Matrics,2,0,14,10,1,3,0,330,264,66,21,125,,,playhq,regular_season_ladder,,1786190438213
amnd-winter-2022-primary-1,oakdale-netball-club-sa,,Oakdale,3,0,14,8,0,6,0,328,271,57,16,121.03,,,playhq,regular_season_ladder,,1786190438213
amnd-winter-2022-primary-1,garville,,Garville,4,0,14,7,0,7,0,302,283,19,14,106.71,,,playhq,regular_season_ladder,,1786190438213
amnd-winter-2022-primary-1,contax,,Contax 2,5,0,14,5,0,9,0,295,297,-2,10,99.33,,,playhq,regular_season_ladder,,1786190438213
amnd-winter-2022-primary-1,tango-netball-club-inc,,Tango,6,0,14,1,1,12,0,181,375,-194,3,48.27,,,playhq,regular_season_ladder,,1786190438213
amnd-winter-2022-primary-2,matrics,,Matrics,1,0,14,13,0,1,0,390,243,147,26,160.49,,,playhq,regular_season_ladder,,1786190439169
amnd-winter-2022-primary-2,metro-jets,,Metro Jets,2,0,14,9,1,4,0,276,192,84,19,143.75,,,playhq,regular_season_ladder,,1786190439169
amnd-winter-2022-primary-2,walkerville,,Walkerville,3,0,14,7,2,5,0,275,277,-2,16,99.28,,,playhq,regular_season_ladder,,1786190439169
amnd-winter-2022-primary-2,contax,,Contax,4,0,14,6,1,7,0,293,262,31,13,111.83,,,playhq,regular_season_ladder,,1786190439169
amnd-winter-2022-primary-2,reynella-netball-club,,Reynella,5,0,14,5,1,8,0,208,269,-61,11,77.32,,,playhq,regular_season_ladder,,1786190439169
amnd-winter-2022-primary-2,norwood-netball-club,,Newton Jaguars,6,0,14,3,1,10,0,241,326,-85,7,73.93,,,playhq,regular_season_ladder,,1786190439169
amnd-winter-2022-primary-3,garville,,Garville,1,0,14,9,2,3,0,260,189,71,20,137.57,,,playhq,regular_season_ladder,,1786190440131
amnd-winter-2022-primary-3,contax,,Contax 1,2,0,14,9,1,4,0,261,186,75,19,140.32,,,playhq,regular_season_ladder,,1786190440131
amnd-winter-2022-primary-3,matrics,,Matrics 2,3,0,14,8,0,6,0,256,229,27,16,111.79,,,playhq,regular_season_ladder,,1786190440131
amnd-winter-2022-primary-3,contax,,Contax 2,4,0,14,7,0,7,0,240,206,34,14,116.5,,,playhq,regular_season_ladder,,1786190440131
amnd-winter-2022-primary-3,oakdale-netball-club-sa,,Oakdale,5,0,14,7,0,7,0,226,213,13,14,106.1,,,playhq,regular_season_ladder,,1786190440131
amnd-winter-2022-primary-3,matrics,,Matrics 1,6,0,14,6,1,7,0,236,222,14,13,106.31,,,playhq,regular_season_ladder,,1786190440131
amnd-winter-2022-primary-3,tango-netball-club-inc,,Tango,7,0,14,3,0,11,0,163,288,-125,6,56.6,,,playhq,regular_season_ladder,,1786190440131
amnd-winter-2022-primary-3,south-adelaide-netball-club,,South Adelaide,8,0,14,1,0,13,0,92,349,-257,2,26.36,,,playhq,regular_season_ladder,,1786190440131
amnd-winter-2022-primary-4,northeast-zodiac,,Northeast Zodiac,1,0,14,13,0,1,0,391,121,270,26,323.14,,,playhq,regular_season_ladder,,1786190441249
amnd-winter-2022-primary-4,adelaide-wildcats,,Adelaide Wildcats,2,0,15,12,1,2,0,326,126,200,25,258.73,,,playhq,regular_season_ladder,,1786190441249
amnd-winter-2022-primary-4,matrics,,Matrics,3,0,14,10,0,4,0,293,155,138,20,189.03,,,playhq,regular_season_ladder,,1786190441249
amnd-winter-2022-primary-4,garville,,Garville,4,0,14,8,0,6,0,211,209,2,16,100.96,,,playhq,regular_season_ladder,,1786190441249
amnd-winter-2022-primary-4,walkerville,,Walkerville,5,0,14,7,1,6,0,200,190,10,15,105.26,,,playhq,regular_season_ladder,,1786190441249
amnd-winter-2022-primary-4,norwood-netball-club,,Newton Jaguars,6,0,14,5,0,9,0,156,265,-109,10,58.87,,,playhq,regular_season_ladder,,1786190441249
amnd-winter-2022-primary-4,tango-netball-club-inc,,Tango,7,0,14,2,0,12,0,119,283,-164,4,42.05,,,playhq,regular_season_ladder,,1786190441249
amnd-winter-2022-primary-4,south-adelaide-netball-club,,South Adelaide,8,0,14,2,0,12,0,90,357,-267,4,25.21,,,playhq,regular_season_ladder,,1786190441249
amnd-winter-2022-primary-5,matrics,,Matrics,1,0,14,10,1,3,0,271,174,97,21,155.75,,,playhq,regular_season_ladder,,1786190442161
amnd-winter-2022-primary-5,oakdale-netball-club-sa,,Oakdale,2,0,14,9,0,5,0,271,145,126,18,186.9,,,playhq,regular_season_ladder,,1786190442161
amnd-winter-2022-primary-5,metro-jets,,Metro Jets,3,0,14,9,0,5,0,260,195,65,18,133.33,,,playhq,regular_season_ladder,,1786190442161
amnd-winter-2022-primary-5,contax,,Contax,4,0,14,8,0,6,0,240,271,-31,16,88.56,,,playhq,regular_season_ladder,,1786190442161
amnd-winter-2022-primary-5,walkerville,,Walkerville,5,0,14,5,2,7,0,168,181,-13,12,92.82,,,playhq,regular_season_ladder,,1786190442161
amnd-winter-2022-primary-5,garville,,Garville,6,0,14,5,0,9,0,103,292,-189,10,35.27,,,playhq,regular_season_ladder,,1786190442161
amnd-winter-2022-primary-5,cheerio-netball-club,,Cheerio,7,0,14,4,0,10,0,129,211,-82,8,61.14,,,playhq,regular_season_ladder,,1786190442161
amnd-winter-2022-primary-5,reynella-netball-club,,Reynella,8,0,14,1,1,12,0,107,245,-138,3,43.67,,,playhq,regular_season_ladder,,1786190442161
amnd-winter-2022-primary-6,matrics,,Matrics 2,1,0,10,10,0,0,0,232,81,151,20,286.42,,,playhq,regular_season_ladder,,1786190443240
amnd-winter-2022-primary-6,cheerio-netball-club,,Cheerio 1,2,0,10,8,0,2,0,194,96,98,16,202.08,,,playhq,regular_season_ladder,,1786190443240
amnd-winter-2022-primary-6,walkerville,,Walkerville,3,0,10,7,0,3,0,134,82,52,14,163.41,,,playhq,regular_season_ladder,,1786190443240
amnd-winter-2022-primary-6,matrics,,Matrics 1,4,0,10,6,0,4,0,134,102,32,12,131.37,,,playhq,regular_season_ladder,,1786190443240
amnd-winter-2022-primary-6,oakdale-netball-club-sa,,Oakdale,5,0,10,5,0,5,0,103,114,-11,10,90.35,,,playhq,regular_season_ladder,,1786190443240
amnd-winter-2022-primary-6,cheerio-netball-club,,Cheerio 2,6,0,10,2,0,8,0,72,141,-69,4,51.06,,,playhq,regular_season_ladder,,1786190443240
amnd-winter-2022-primary-6,reynella-netball-club,,Reynella,7,0,10,1,0,9,0,56,145,-89,2,38.62,,,playhq,regular_season_ladder,,1786190443240
amnd-winter-2022-primary-6,norwood-netball-club,,Newton Jaguars,8,0,10,1,0,9,0,33,197,-164,2,16.75,,,playhq,regular_season_ladder,,1786190443240
amnd-winter-2022-sub-junior-1,contax,,Contax 1,1,0,14,11,0,3,0,542,282,260,22,192.2,,,playhq,regular_season_ladder,,1786190444170
amnd-winter-2022-sub-junior-1,garville,,Garville,2,0,14,11,0,3,0,444,284,160,22,156.34,,,playhq,regular_season_ladder,,1786190444170
amnd-winter-2022-sub-junior-1,contax,,Contax 2,3,0,14,10,0,4,0,455,268,187,20,169.78,,,playhq,regular_season_ladder,,1786190444170
amnd-winter-2022-sub-junior-1,tango-netball-club-inc,,Tango,4,0,14,10,0,4,0,430,296,134,20,145.27,,,playhq,regular_season_ladder,,1786190444170
amnd-winter-2022-sub-junior-1,matrics,,Matrics,5,0,14,10,0,4,0,436,326,110,20,133.74,,,playhq,regular_season_ladder,,1786190444170
amnd-winter-2022-sub-junior-1,norwood-netball-club,,Newton Jaguars,6,0,14,5,0,9,0,364,421,-57,10,86.46,,,playhq,regular_season_ladder,,1786190444170
amnd-winter-2022-sub-junior-1,metro-jets,,Metro Jets,7,0,14,2,0,12,0,268,475,-207,4,56.42,,,playhq,regular_season_ladder,,1786190444170
amnd-winter-2022-sub-junior-1,oakdale-netball-club-sa,,Oakdale,8,0,14,1,0,13,0,265,524,-259,2,50.57,,,playhq,regular_season_ladder,,1786190444170
amnd-winter-2022-sub-junior-2,matrics,,Matrics,1,0,14,13,0,1,0,495,169,326,26,292.9,,,playhq,regular_season_ladder,,1786190445155
amnd-winter-2022-sub-junior-2,garville,,Garville,2,0,14,11,0,3,0,526,233,293,22,225.75,,,playhq,regular_season_ladder,,1786190445155
amnd-winter-2022-sub-junior-2,reynella-netball-club,,Reynella,3,0,14,9,0,5,0,369,265,104,18,139.25,,,playhq,regular_season_ladder,,1786190445155
amnd-winter-2022-sub-junior-2,oakdale-netball-club-sa,,Oakdale,4,0,14,6,0,8,0,291,405,-114,12,71.85,,,playhq,regular_season_ladder,,1786190445155
amnd-winter-2022-sub-junior-2,tango-netball-club-inc,,Tango,5,0,14,5,0,9,0,207,430,-223,10,48.14,,,playhq,regular_season_ladder,,1786190445155
amnd-winter-2022-sub-junior-2,norwood-netball-club,,Newton Jaguars,6,0,14,3,0,11,0,246,376,-130,6,65.43,,,playhq,regular_season_ladder,,1786190445155
amnd-winter-2022-sub-junior-2,walkerville,,Walkerville,7,0,14,3,0,11,0,222,465,-243,6,47.74,,,playhq,regular_season_ladder,,1786190445155
amnd-winter-2022-sub-junior-2,south-adelaide-netball-club,,South Adelaide,8,0,14,2,0,12,0,195,536,-341,4,36.38,,,playhq,regular_season_ladder,,1786190445155
amnd-winter-2022-sub-junior-3,contax,,Contax 1,1,0,14,13,0,1,0,504,193,311,26,261.14,,,playhq,regular_season_ladder,,1786190446199
amnd-winter-2022-sub-junior-3,matrics,,Matrics 1,2,0,14,10,0,4,0,431,294,137,20,146.6,,,playhq,regular_season_ladder,,1786190446199
amnd-winter-2022-sub-junior-3,contax,,Contax 2,3,0,14,10,0,4,0,384,266,118,20,144.36,,,playhq,regular_season_ladder,,1786190446199
amnd-winter-2022-sub-junior-3,matrics,,Matrics 2,4,0,14,8,0,6,0,387,308,79,16,125.65,,,playhq,regular_season_ladder,,1786190446199
amnd-winter-2022-sub-junior-3,garville,,Garville,5,0,14,5,0,9,0,373,349,24,10,106.88,,,playhq,regular_season_ladder,,1786190446199
amnd-winter-2022-sub-junior-3,reynella-netball-club,,Reynella,6,0,14,2,0,12,0,203,464,-261,4,43.75,,,playhq,regular_season_ladder,,1786190446199
amnd-winter-2022-sub-junior-4,matrics,,Matrics,1,0,14,14,0,0,0,467,143,324,28,326.57,,,playhq,regular_season_ladder,,1786190447210
amnd-winter-2022-sub-junior-4,garville,,Garville,2,0,14,10,0,4,0,341,261,80,20,130.65,,,playhq,regular_season_ladder,,1786190447210
amnd-winter-2022-sub-junior-4,northeast-zodiac,,Northeast Zodiacs,3,0,14,8,0,6,0,245,320,-75,16,76.56,,,playhq,regular_season_ladder,,1786190447210
amnd-winter-2022-sub-junior-4,metro-jets,,Metro Jets,4,0,14,4,0,10,0,229,448,-219,8,51.12,,,playhq,regular_season_ladder,,1786190447210
amnd-winter-2022-sub-junior-4,oakdale-netball-club-sa,,Oakdale,5,0,14,2,0,12,0,222,397,-175,4,55.92,,,playhq,regular_season_ladder,,1786190447210
amnd-winter-2022-sub-junior-4,norwood-netball-club,,Newton Jaguars,6,0,14,2,0,12,0,186,363,-177,4,51.24,,,playhq,regular_season_ladder,,1786190447210
amnd-winter-2022-sub-junior-5,contax,,Contax 1,1,0,14,12,0,2,0,462,172,290,24,268.6,,,playhq,regular_season_ladder,,1786190448224
amnd-winter-2022-sub-junior-5,contax,,Contax 2,2,0,14,12,0,2,0,417,199,218,24,209.55,,,playhq,regular_season_ladder,,1786190448224
amnd-winter-2022-sub-junior-5,matrics,,Matrics,3,0,14,11,1,2,0,449,259,190,23,173.36,,,playhq,regular_season_ladder,,1786190448224
amnd-winter-2022-sub-junior-5,adelaide-wildcats,,Adelaide Wildcats,4,0,14,8,0,6,0,328,274,54,16,119.71,,,playhq,regular_season_ladder,,1786190448224
amnd-winter-2022-sub-junior-5,reynella-netball-club,,Reynella,5,0,14,7,0,7,0,303,309,-6,14,98.06,,,playhq,regular_season_ladder,,1786190448224
amnd-winter-2022-sub-junior-5,garville,,Garville,6,0,14,4,1,9,0,271,349,-78,9,77.65,,,playhq,regular_season_ladder,,1786190448224
amnd-winter-2022-sub-junior-5,tango-netball-club-inc,,Tango,7,0,14,1,0,13,0,211,416,-205,2,50.72,,,playhq,regular_season_ladder,,1786190448224
amnd-winter-2022-sub-junior-5,oakdale-netball-club-sa,,Oakdale,8,0,14,0,0,14,0,166,519,-353,0,31.98,,,playhq,regular_season_ladder,,1786190448224
amnd-winter-2022-sub-junior-6,matrics,,Matrics 2,1,0,13,11,0,2,1,271,154,117,22,175.97,,,playhq,regular_season_ladder,,1786190449474
amnd-winter-2022-sub-junior-6,matrics,,Matrics 1,2,0,12,10,0,2,2,334,153,181,20,218.3,,,playhq,regular_season_ladder,,1786190449474
amnd-winter-2022-sub-junior-6,garville,,Garville 2,3,0,13,9,0,4,1,287,152,135,18,188.82,,,playhq,regular_season_ladder,,1786190449474
amnd-winter-2022-sub-junior-6,garville,,Garville 1,4,0,12,6,0,6,2,196,251,-55,12,78.09,,,playhq,regular_season_ladder,,1786190449474
amnd-winter-2022-sub-junior-6,cheerio-netball-club,,Cheerio,5,0,12,4,1,7,2,233,238,-5,9,97.9,,,playhq,regular_season_ladder,,1786190449474
amnd-winter-2022-sub-junior-6,oakdale-netball-club-sa,,Oakdale,6,0,12,4,1,7,2,178,226,-48,9,78.76,,,playhq,regular_season_ladder,,1786190449474
amnd-winter-2022-sub-junior-6,central-district-netball-club,,Central District,7,0,12,0,0,12,2,58,451,-393,0,12.86,,,playhq,regular_season_ladder,,1786190449474
amnd-winter-2022-sub-junior-7,contax,,Contax,1,0,14,12,0,2,0,336,136,200,24,247.06,,,playhq,regular_season_ladder,,1786190450204
amnd-winter-2022-sub-junior-7,reynella-netball-club,,Reynella,2,0,14,9,1,4,0,268,168,100,19,159.52,,,playhq,regular_season_ladder,,1786190450204
amnd-winter-2022-sub-junior-7,south-adelaide-netball-club,,South Adelaide,3,0,13,8,0,5,1,270,182,88,16,148.35,,,playhq,regular_season_ladder,,1786190450204
amnd-winter-2022-sub-junior-7,metro-jets,,Metro Jets,4,0,14,7,1,6,0,310,214,96,15,144.86,,,playhq,regular_season_ladder,,1786190450204
amnd-winter-2022-sub-junior-7,oakdale-netball-club-sa,,Oakdale,5,0,14,5,2,7,0,194,247,-53,12,78.54,,,playhq,regular_season_ladder,,1786190450204
amnd-winter-2022-sub-junior-7,walkerville,,Walkerville,6,0,13,3,1,9,1,181,269,-88,7,67.29,,,playhq,regular_season_ladder,,1786190450204
amnd-winter-2022-sub-junior-7,adelaide-wildcats,,Adelaide Wildcats,7,0,14,1,1,12,0,62,364,-302,3,17.03,,,playhq,regular_season_ladder,,1786190450204
amnd-winter-2022-sub-junior-7,norwood-netball-club,,Newton Jaguars,8,0,14,0,2,12,0,85,334,-249,2,25.45,,,playhq,regular_season_ladder,,1786190450204
amnd-winter-2023-a-grade,walkerville,,Walkerville,1,0,18,16,0,2,0,1049,714,335,32,146.92,,,playhq,regular_season_ladder,,1786190974962
amnd-winter-2023-a-grade,contax,,Contax,2,0,18,15,0,3,0,1037,654,383,30,158.56,,,playhq,regular_season_ladder,,1786190974962
amnd-winter-2023-a-grade,matrics,,Matrics,3,0,18,15,0,3,0,964,682,282,30,141.35,,,playhq,regular_season_ladder,,1786190974962
amnd-winter-2023-a-grade,south-adelaide-netball-club,,South Adelaide,4,0,18,14,0,4,0,1003,779,224,28,128.75,,,playhq,regular_season_ladder,,1786190974962
amnd-winter-2023-a-grade,adelaide-wildcats,,Adelaide Wildcats,5,0,18,8,1,9,0,877,900,-23,17,97.44,,,playhq,regular_season_ladder,,1786190974962
amnd-winter-2023-a-grade,reynella-netball-club,,Reynella,6,0,18,8,1,9,0,926,968,-42,17,95.66,,,playhq,regular_season_ladder,,1786190974962
amnd-winter-2023-a-grade,oakdale-netball-club-sa,,Oakdale,7,0,18,5,1,12,0,790,851,-61,11,92.83,,,playhq,regular_season_ladder,,1786190974962
amnd-winter-2023-a-grade,norwood-netball-club,,Newton Jaguars 1,8,0,18,3,2,13,0,712,929,-217,8,76.64,,,playhq,regular_season_ladder,,1786190974962
amnd-winter-2023-a-grade,metro-jets,,Metro Jets,9,0,18,3,1,14,0,712,943,-231,7,75.5,,,playhq,regular_season_ladder,,1786190974962
amnd-winter-2023-a-grade,cheerio-netball-club,,Cheerio,10,0,18,0,0,18,0,468,1118,-650,0,41.86,,,playhq,regular_season_ladder,,1786190974962
amnd-winter-2023-amnd,walkerville,,Walkerville,1,0,18,17,1,0,0,1183,726,457,35,162.95,,,playhq,regular_season_ladder,,1786190975757
amnd-winter-2023-amnd,contax,,Contax,2,0,18,14,1,3,0,1009,722,287,29,139.75,,,playhq,regular_season_ladder,,1786190975757
amnd-winter-2023-amnd,matrics,,Matrics,3,0,18,13,1,4,0,1092,749,343,27,145.79,,,playhq,regular_season_ladder,,1786190975757
amnd-winter-2023-amnd,norwood-netball-club,,Newton Jaguars,4,0,18,11,0,7,0,895,880,15,22,101.7,,,playhq,regular_season_ladder,,1786190975757
amnd-winter-2023-amnd,south-adelaide-netball-club,,South Adelaide,5,0,18,10,0,8,0,941,938,3,20,100.32,,,playhq,regular_season_ladder,,1786190975757
amnd-winter-2023-amnd,reynella-netball-club,,Reynella,6,0,18,9,1,8,0,995,950,45,19,104.74,,,playhq,regular_season_ladder,,1786190975757
amnd-winter-2023-amnd,garville,,Garville,7,0,18,6,0,12,0,851,900,-49,12,94.56,,,playhq,regular_season_ladder,,1786190975757
amnd-winter-2023-amnd,oakdale-netball-club-sa,,Oakdale,8,0,18,4,0,14,0,761,985,-224,8,77.26,,,playhq,regular_season_ladder,,1786190975757
amnd-winter-2023-amnd,metro-jets,,Metro Jets,9,0,18,3,0,15,0,711,1083,-372,6,65.65,,,playhq,regular_season_ladder,,1786190975757
amnd-winter-2023-amnd,tango-netball-club-inc,,Tango,10,0,18,1,0,17,0,649,1154,-505,0,56.24,,,playhq,regular_season_ladder,,1786190975757
amnd-winter-2023-b1,walkerville,,Walkerville,1,0,14,14,0,0,0,838,534,304,28,156.93,,,playhq,regular_season_ladder,,1786190976888
amnd-winter-2023-b1,old-ignatians,,Old Ignatians',2,0,14,10,0,4,0,810,661,149,20,122.54,,,playhq,regular_season_ladder,,1786190976888
amnd-winter-2023-b1,contax,,Contax,3,0,14,10,0,4,0,694,593,101,20,117.03,,,playhq,regular_season_ladder,,1786190976888
amnd-winter-2023-b1,matrics,,Matrics,4,0,14,10,0,4,0,658,598,60,20,110.03,,,playhq,regular_season_ladder,,1786190976888
amnd-winter-2023-b1,garville,,Garville,5,0,14,4,1,9,0,626,635,-9,9,98.58,,,playhq,regular_season_ladder,,1786190976888
amnd-winter-2023-b1,sacred-heart-o-c,,SHOCS,6,0,14,4,1,9,0,607,638,-31,9,95.14,,,playhq,regular_season_ladder,,1786190976888
amnd-winter-2023-b1,oakdale-netball-club-sa,,Oakdale,7,0,14,2,0,12,0,487,809,-322,4,60.2,,,playhq,regular_season_ladder,,1786190976888
amnd-winter-2023-b1,pembroke-o-s,,Pembroke OS A,8,0,14,1,0,13,0,578,830,-252,2,69.64,,,playhq,regular_season_ladder,,1786190976888
amnd-winter-2023-b2,matrics,,Matrics,1,0,15,14,0,1,0,757,532,225,28,142.29,,,playhq,regular_season_ladder,,1786190978099
amnd-winter-2023-b2,walkerville,,Walkerville 1,2,0,15,11,0,4,0,814,567,247,22,143.56,,,playhq,regular_season_ladder,,1786190978099
amnd-winter-2023-b2,walkerville,,Walkerville 2,3,0,15,10,0,5,0,717,603,114,20,118.91,,,playhq,regular_season_ladder,,1786190978099
amnd-winter-2023-b2,contax,,Contax,4,0,15,7,0,8,0,592,668,-76,14,88.62,,,playhq,regular_season_ladder,,1786190978099
amnd-winter-2023-b2,adelaide-university,,Adelaide University 1,5,0,15,3,0,12,0,570,717,-147,6,79.5,,,playhq,regular_season_ladder,,1786190978099
amnd-winter-2023-b2,south-adelaide-netball-club,,South Adelaide,6,0,15,0,0,15,0,490,853,-363,0,57.44,,,playhq,regular_season_ladder,,1786190978099
amnd-winter-2023-b3,walkerville,,Walkerville 1,1,0,14,11,1,2,0,583,480,103,23,121.46,,,playhq,regular_season_ladder,,1786190979400
amnd-winter-2023-b3,city-coasters,,City Coasters,2,0,14,11,0,3,0,744,490,254,22,151.84,,,playhq,regular_season_ladder,,1786190979400
amnd-winter-2023-b3,adelaide-university,,Adelaide University 2,3,0,14,11,0,3,0,725,482,243,22,150.41,,,playhq,regular_season_ladder,,1786190979400
amnd-winter-2023-b3,walkerville,,Walkerville 2,4,0,14,10,0,4,0,583,452,131,20,128.98,,,playhq,regular_season_ladder,,1786190979400
amnd-winter-2023-b3,adelaide-wildcats,,Adelaide Wildcats,5,0,14,6,1,7,0,639,579,60,13,110.36,,,playhq,regular_season_ladder,,1786190979400
amnd-winter-2023-b3,metro-jets,,Metro Jets,6,0,14,4,0,10,0,474,660,-186,8,71.82,,,playhq,regular_season_ladder,,1786190979400
amnd-winter-2023-b3,central-district-netball-club,,Central District,7,0,14,2,0,12,0,422,698,-276,4,60.46,,,playhq,regular_season_ladder,,1786190979400
amnd-winter-2023-b3,contax,,Contax,8,0,14,0,0,14,0,423,752,-329,0,56.25,,,playhq,regular_season_ladder,,1786190979400
amnd-winter-2023-b4,walkerville,,Walkerville 2,1,0,14,13,0,1,0,672,457,215,26,147.05,,,playhq,regular_season_ladder,,1786190980544
amnd-winter-2023-b4,walkerville,,Walkerville 1,2,0,14,13,0,1,0,666,515,151,26,129.32,,,playhq,regular_season_ladder,,1786190980544
amnd-winter-2023-b4,adelaide-university,,Adelaide University,3,0,14,9,1,4,0,553,531,22,19,104.14,,,playhq,regular_season_ladder,,1786190980544
amnd-winter-2023-b4,oakdale-netball-club-sa,,Oakdale,4,0,14,6,0,8,0,592,611,-19,12,96.89,,,playhq,regular_season_ladder,,1786190980544
amnd-winter-2023-b4,matrics,,Matrics,5,0,14,6,0,8,0,552,596,-44,12,92.62,,,playhq,regular_season_ladder,,1786190980544
amnd-winter-2023-b4,reynella-netball-club,,Reynella,6,0,14,4,1,9,0,612,610,2,9,100.33,,,playhq,regular_season_ladder,,1786190980544
amnd-winter-2023-b4,old-ignatians,,Old Ignatians',7,0,14,3,0,11,0,499,577,-78,6,86.48,,,playhq,regular_season_ladder,,1786190980544
amnd-winter-2023-b4,cheerio-netball-club,,Cheerio,8,0,14,1,0,13,0,477,726,-249,2,65.7,,,playhq,regular_season_ladder,,1786190980544
amnd-winter-2023-b5,walkerville,,Walkerville,1,0,12,11,0,1,2,610,416,194,22,146.63,,,playhq,regular_season_ladder,,1786190981702
amnd-winter-2023-b5,reynella-netball-club,,Reynella,2,0,12,9,0,3,2,545,388,157,18,140.46,,,playhq,regular_season_ladder,,1786190981702
amnd-winter-2023-b5,contax,,Contax,3,0,12,9,0,3,2,565,432,133,18,130.79,,,playhq,regular_season_ladder,,1786190981702
amnd-winter-2023-b5,city-coasters,,City Coasters,4,0,12,5,0,7,2,422,509,-87,10,82.91,,,playhq,regular_season_ladder,,1786190981702
amnd-winter-2023-b5,sacred-heart-o-c,,SHOCS,5,0,12,4,0,8,2,380,471,-91,8,80.68,,,playhq,regular_season_ladder,,1786190981702
amnd-winter-2023-b5,adelaide-university,,Adelaide University,6,0,12,2,0,10,2,390,500,-110,4,78,,,playhq,regular_season_ladder,,1786190981702
amnd-winter-2023-b5,old-ignatians,,Old Ignatians',7,0,12,2,0,10,2,394,590,-196,4,66.78,,,playhq,regular_season_ladder,,1786190981702
amnd-winter-2023-c1,walkerville,,Walkerville 1,1,0,15,13,0,2,0,738,461,277,26,160.09,,,playhq,regular_season_ladder,,1786190982930
amnd-winter-2023-c1,central-district-netball-club,,Central District,2,0,15,13,0,2,0,731,524,207,26,139.5,,,playhq,regular_season_ladder,,1786190982930
amnd-winter-2023-c1,adelaide-university,,Adelaide University,3,0,15,8,0,7,0,548,530,18,16,103.4,,,playhq,regular_season_ladder,,1786190982930
amnd-winter-2023-c1,adelaide-wildcats,,Adelaide Wildcats,4,0,15,4,0,11,0,542,654,-112,8,82.87,,,playhq,regular_season_ladder,,1786190982930
amnd-winter-2023-c1,walkerville,,Walkerville 2,5,0,15,4,0,11,0,475,642,-167,8,73.99,,,playhq,regular_season_ladder,,1786190982930
amnd-winter-2023-c1,oakdale-netball-club-sa,,Oakdale,6,0,15,3,0,12,0,510,733,-223,6,69.58,,,playhq,regular_season_ladder,,1786190982930
amnd-winter-2023-c2,adelaide-university,,Adelaide University,1,0,15,11,0,4,0,596,463,133,22,128.73,,,playhq,regular_season_ladder,,1786190984124
amnd-winter-2023-c2,city-coasters,,City Coasters,2,0,15,10,0,5,0,604,496,108,20,121.77,,,playhq,regular_season_ladder,,1786190984124
amnd-winter-2023-c2,walkerville,,Walkerville 1,3,0,15,9,0,6,0,650,575,75,18,113.04,,,playhq,regular_season_ladder,,1786190984124
amnd-winter-2023-c2,walkerville,,Walkerville 2,4,0,15,6,0,9,0,503,573,-70,12,87.78,,,playhq,regular_season_ladder,,1786190984124
amnd-winter-2023-c2,pembroke-o-s,,Pembroke OS B,5,0,15,5,1,9,0,502,582,-80,11,86.25,,,playhq,regular_season_ladder,,1786190984124
amnd-winter-2023-c2,old-ignatians,,Old Ignatians',6,0,15,3,1,11,0,496,662,-166,7,74.92,,,playhq,regular_season_ladder,,1786190984124
amnd-winter-2023-c3,old-ignatians,,Old Ignatians',1,0,15,12,0,3,0,662,478,184,24,138.49,,,playhq,regular_season_ladder,,1786190985311
amnd-winter-2023-c3,sacred-heart-o-c,,SHOCS,2,0,15,11,0,4,0,588,466,122,22,126.18,,,playhq,regular_season_ladder,,1786190985311
amnd-winter-2023-c3,city-coasters,,City Coasters,3,0,15,10,0,5,0,623,513,110,20,121.44,,,playhq,regular_season_ladder,,1786190985311
amnd-winter-2023-c3,walkerville,,Walkerville 2,4,0,15,5,0,10,0,492,585,-93,10,84.1,,,playhq,regular_season_ladder,,1786190985311
amnd-winter-2023-c3,walkerville,,Walkerville 1,5,0,15,4,1,10,0,478,585,-107,9,81.71,,,playhq,regular_season_ladder,,1786190985311
amnd-winter-2023-c3,adelaide-university,,Adelaide University,6,0,15,2,1,12,0,395,611,-216,5,64.65,,,playhq,regular_season_ladder,,1786190985311
amnd-winter-2023-c4,adelaide-university,,Adelaide University 2,1,0,15,13,0,2,0,543,426,117,26,127.46,,,playhq,regular_season_ladder,,1786190986722
amnd-winter-2023-c4,sacred-heart-o-c,,SHOCS,2,0,15,10,0,5,0,672,440,232,20,152.73,,,playhq,regular_season_ladder,,1786190986722
amnd-winter-2023-c4,city-coasters,,City Coastes,3,0,15,8,0,7,0,551,510,41,16,108.04,,,playhq,regular_season_ladder,,1786190986722
amnd-winter-2023-c4,walkerville,,Walkerville 1,4,0,15,7,0,8,0,450,567,-117,14,79.37,,,playhq,regular_season_ladder,,1786190986722
amnd-winter-2023-c4,walkerville,,Walkerville 2,5,0,15,5,0,10,0,352,390,-38,10,90.26,,,playhq,regular_season_ladder,,1786190986722
amnd-winter-2023-c4,adelaide-university,,Adelaide University 1,6,0,15,2,0,13,0,271,506,-235,4,53.56,,,playhq,regular_season_ladder,,1786190986722
amnd-winter-2023-c6,semaphore,,Semaphore,1,0,12,10,0,2,2,485,187,298,20,259.36,,,playhq,regular_season_ladder,,1786190987826
amnd-winter-2023-c6,norwood-netball-club,,Newton Jaguars C6,2,0,12,10,0,2,2,461,208,253,20,221.63,,,playhq,regular_season_ladder,,1786190987826
amnd-winter-2023-c6,contax,,Contax,3,0,12,7,0,5,2,340,336,4,14,101.19,,,playhq,regular_season_ladder,,1786190987826
amnd-winter-2023-c6,matrics,,Matrics,4,0,12,5,1,6,2,341,381,-40,11,89.5,,,playhq,regular_season_ladder,,1786190987826
amnd-winter-2023-c6,tango-netball-club-inc,,Tango,5,0,12,5,1,6,2,366,457,-91,11,80.09,,,playhq,regular_season_ladder,,1786190987826
amnd-winter-2023-c6,central-district-netball-club,,Central District,6,0,12,2,0,10,2,248,394,-146,4,62.94,,,playhq,regular_season_ladder,,1786190987826
amnd-winter-2023-c6,south-adelaide-netball-club,,South Adelaide,7,0,12,2,0,10,2,191,469,-278,4,40.72,,,playhq,regular_season_ladder,,1786190987826
amnd-winter-2023-inter-1,contax,,Contax,1,0,15,14,1,0,0,950,542,408,29,175.28,,,playhq,regular_season_ladder,,1786190907075
amnd-winter-2023-inter-1,matrics,,Matrics,2,0,15,10,1,4,0,822,613,209,21,134.09,,,playhq,regular_season_ladder,,1786190907075
amnd-winter-2023-inter-1,garville,,Garville,3,0,15,8,1,6,0,706,639,67,17,110.49,,,playhq,regular_season_ladder,,1786190907075
amnd-winter-2023-inter-1,oakdale-netball-club-sa,,Oakdale,4,0,15,8,1,6,0,745,708,37,17,105.23,,,playhq,regular_season_ladder,,1786190907075
amnd-winter-2023-inter-1,metro-jets,,Metro Jets,5,0,15,3,0,12,0,555,866,-311,6,64.09,,,playhq,regular_season_ladder,,1786190907075
amnd-winter-2023-inter-1,norwood-netball-club,,Newton Jaguars,6,0,15,0,0,15,0,446,856,-410,0,52.1,,,playhq,regular_season_ladder,,1786190907075
amnd-winter-2023-inter-2,contax,,Contax,1,0,15,14,0,1,0,966,502,464,28,192.43,,,playhq,regular_season_ladder,,1786190908212
amnd-winter-2023-inter-2,garville,,Garville,2,0,15,13,0,2,0,760,627,133,26,121.21,,,playhq,regular_season_ladder,,1786190908212
amnd-winter-2023-inter-2,oakdale-netball-club-sa,,Oakdale,3,0,15,9,0,6,0,819,720,99,18,113.75,,,playhq,regular_season_ladder,,1786190908212
amnd-winter-2023-inter-2,matrics,,Matrics,4,0,15,4,1,10,0,617,750,-133,9,82.27,,,playhq,regular_season_ladder,,1786190908212
amnd-winter-2023-inter-2,metro-jets,,Metro Jets,5,0,15,4,0,11,0,709,748,-39,8,94.79,,,playhq,regular_season_ladder,,1786190908212
amnd-winter-2023-inter-2,tango-netball-club-inc,,Tango,6,0,15,0,1,14,0,452,976,-524,1,46.31,,,playhq,regular_season_ladder,,1786190908212
amnd-winter-2023-inter-3,oakdale-netball-club-sa,,Oakdale,1,0,14,13,0,1,0,823,548,275,26,150.18,,,playhq,regular_season_ladder,,1786190909578
amnd-winter-2023-inter-3,matrics,,Matrics,2,0,14,11,0,3,0,640,488,152,22,131.15,,,playhq,regular_season_ladder,,1786190909578
amnd-winter-2023-inter-3,contax,,Contax 1,3,0,14,9,0,5,0,640,533,107,18,120.08,,,playhq,regular_season_ladder,,1786190909578
amnd-winter-2023-inter-3,norwood-netball-club,,Newton Jaguars 2,4,0,14,8,0,6,0,621,579,42,16,107.25,,,playhq,regular_season_ladder,,1786190909578
amnd-winter-2023-inter-3,garville,,Garville,5,0,14,5,1,8,0,528,617,-89,11,85.58,,,playhq,regular_season_ladder,,1786190909578
amnd-winter-2023-inter-3,walkerville,,Walkerville,6,0,14,5,0,9,0,544,620,-76,10,87.74,,,playhq,regular_season_ladder,,1786190909578
amnd-winter-2023-inter-3,metro-jets,,Metro Jets,7,0,14,2,1,11,0,488,633,-145,5,77.09,,,playhq,regular_season_ladder,,1786190909578
amnd-winter-2023-inter-3,south-adelaide-netball-club,,South Adelaide,8,0,14,2,0,12,0,421,687,-266,4,61.28,,,playhq,regular_season_ladder,,1786190909578
amnd-winter-2023-inter-4,matrics,,Matrics,1,0,14,13,0,1,0,648,412,236,26,157.28,,,playhq,regular_season_ladder,,1786190910619
amnd-winter-2023-inter-4,contax,,Contax 1,2,0,14,11,0,3,0,706,432,274,22,163.43,,,playhq,regular_season_ladder,,1786190910619
amnd-winter-2023-inter-4,contax,,Contax 2,3,0,14,11,0,3,0,715,444,271,22,161.04,,,playhq,regular_season_ladder,,1786190910619
amnd-winter-2023-inter-4,garville,,Garville,4,0,14,7,0,7,0,474,550,-76,14,86.18,,,playhq,regular_season_ladder,,1786190910619
amnd-winter-2023-inter-4,adelaide-wildcats,,Adelaide Wildcats,5,0,14,5,1,8,0,511,531,-20,11,96.23,,,playhq,regular_season_ladder,,1786190910619
amnd-winter-2023-inter-4,oakdale-netball-club-sa,,Oakdale,6,0,14,5,1,8,0,516,587,-71,11,87.9,,,playhq,regular_season_ladder,,1786190910619
amnd-winter-2023-inter-4,cheerio-netball-club,,Cheerio,7,0,14,3,1,10,0,461,574,-113,7,80.31,,,playhq,regular_season_ladder,,1786190910619
amnd-winter-2023-inter-4,metro-jets,,Metro Jets,8,0,14,3,1,10,0,485,681,-196,7,71.22,,,playhq,regular_season_ladder,,1786190910619
amnd-winter-2023-inter-5,matrics,,Matrics,1,0,14,13,0,1,0,834,374,460,26,222.99,,,playhq,regular_season_ladder,,1786190911942
amnd-winter-2023-inter-5,contax,,Contax,2,0,14,11,0,3,0,677,418,259,22,161.96,,,playhq,regular_season_ladder,,1786190911942
amnd-winter-2023-inter-5,oakdale-netball-club-sa,,Oakdale,3,0,14,11,0,3,0,692,467,225,22,148.18,,,playhq,regular_season_ladder,,1786190911942
amnd-winter-2023-inter-5,metro-jets,,Metro Jets,4,0,14,8,0,6,0,590,596,-6,16,98.99,,,playhq,regular_season_ladder,,1786190911942
amnd-winter-2023-inter-5,tango-netball-club-inc,,Tango,5,0,14,5,1,8,0,502,655,-153,11,76.64,,,playhq,regular_season_ladder,,1786190911942
amnd-winter-2023-inter-5,walkerville,,Walkerville 2,6,0,14,3,1,10,0,462,703,-241,7,65.72,,,playhq,regular_season_ladder,,1786190911942
amnd-winter-2023-inter-5,reynella-netball-club,,Reynella,7,0,14,3,0,11,0,463,696,-233,6,66.52,,,playhq,regular_season_ladder,,1786190911942
amnd-winter-2023-inter-5,walkerville,,Walkerville 1,8,0,14,1,0,13,0,461,793,-332,2,58.13,,,playhq,regular_season_ladder,,1786190911942
amnd-winter-2023-inter-6,central-district-netball-club,,Central District,1,0,13,12,0,1,1,541,298,243,24,181.54,,,playhq,regular_season_ladder,,1786190913018
amnd-winter-2023-inter-6,oakdale-netball-club-sa,,Oakdale,2,0,13,9,0,4,1,493,379,114,18,130.08,,,playhq,regular_season_ladder,,1786190913018
amnd-winter-2023-inter-6,norwood-netball-club,,Newton Jaguars,3,0,13,8,0,5,1,517,464,53,16,111.42,,,playhq,regular_season_ladder,,1786190913018
amnd-winter-2023-inter-6,adelaide-wildcats,,Adelaide Wildcats,4,0,13,5,0,8,1,420,505,-85,10,83.17,,,playhq,regular_season_ladder,,1786190913018
amnd-winter-2023-inter-6,matrics,,Matrics,5,0,14,3,0,11,0,317,488,-171,6,64.96,,,playhq,regular_season_ladder,,1786190913018
amnd-winter-2023-inter-6,south-adelaide-netball-club,,South Adelaide,6,0,14,1,0,13,0,279,624,-345,2,44.71,,,playhq,regular_season_ladder,,1786190913018
amnd-winter-2023-inter-6,cheerio-netball-club,,Withdrawn Team,7,0,4,0,0,4,10,40,133,-93,0,30.08,,,playhq,regular_season_ladder,,1786190913018
amnd-winter-2023-junior-1,contax,,Contax,1,0,14,14,0,0,0,876,438,438,28,200,,,playhq,regular_season_ladder,,1786190877511
amnd-winter-2023-junior-1,matrics,,Matrics,2,0,14,11,0,3,0,766,611,155,22,125.37,,,playhq,regular_season_ladder,,1786190877511
amnd-winter-2023-junior-1,oakdale-netball-club-sa,,Oakdale,3,0,14,9,0,5,0,743,618,125,18,120.23,,,playhq,regular_season_ladder,,1786190877511
amnd-winter-2023-junior-1,norwood-netball-club,,Newton Jaguars 1,4,0,14,8,0,6,0,708,628,80,16,112.74,,,playhq,regular_season_ladder,,1786190877511
amnd-winter-2023-junior-1,garville,,Garville,5,0,14,7,0,7,0,696,633,63,14,109.95,,,playhq,regular_season_ladder,,1786190877511
amnd-winter-2023-junior-1,metro-jets,,Metro Jets,6,0,14,5,0,9,0,698,744,-46,10,93.82,,,playhq,regular_season_ladder,,1786190877511
amnd-winter-2023-junior-1,tango-netball-club-inc,,Tango,7,0,14,2,0,12,0,509,859,-350,4,59.25,,,playhq,regular_season_ladder,,1786190877511
amnd-winter-2023-junior-1,reynella-netball-club,,Reynella,8,0,14,0,0,14,0,443,908,-465,0,48.79,,,playhq,regular_season_ladder,,1786190877511
amnd-winter-2023-junior-2,contax,,Contax 1,1,0,15,14,0,1,0,732,504,228,28,145.24,,,playhq,regular_season_ladder,,1786190878326
amnd-winter-2023-junior-2,contax,,Contax 2,2,0,15,10,0,5,0,679,541,138,20,125.51,,,playhq,regular_season_ladder,,1786190878326
amnd-winter-2023-junior-2,matrics,,Matrics,3,0,15,10,0,5,0,661,552,109,20,119.75,,,playhq,regular_season_ladder,,1786190878326
amnd-winter-2023-junior-2,garville,,Garville,4,0,15,10,0,5,0,708,599,109,20,118.2,,,playhq,regular_season_ladder,,1786190878326
amnd-winter-2023-junior-2,oakdale-netball-club-sa,,Oakdale,5,0,15,4,0,11,0,535,695,-160,8,76.98,,,playhq,regular_season_ladder,,1786190878326
amnd-winter-2023-junior-2,norwood-netball-club,,Newton Jaguars 2,6,0,15,1,0,14,0,494,766,-272,2,64.49,,,playhq,regular_season_ladder,,1786190878326
amnd-winter-2023-junior-3,matrics,,Matrics,1,0,14,13,0,1,0,716,393,323,26,182.19,,,playhq,regular_season_ladder,,1786190879387
amnd-winter-2023-junior-3,contax,,Contax,2,0,14,12,0,2,0,641,444,197,24,144.37,,,playhq,regular_season_ladder,,1786190879387
amnd-winter-2023-junior-3,metro-jets,,Metro Jets,3,0,14,9,0,5,0,592,460,132,18,128.7,,,playhq,regular_season_ladder,,1786190879387
amnd-winter-2023-junior-3,garville,,Garville,4,0,14,8,0,6,0,561,522,39,16,107.47,,,playhq,regular_season_ladder,,1786190879387
amnd-winter-2023-junior-3,norwood-netball-club,,Newton Jaguars 3,5,0,14,4,1,9,0,416,562,-146,9,74.02,,,playhq,regular_season_ladder,,1786190879387
amnd-winter-2023-junior-3,oakdale-netball-club-sa,,Oakdale,6,0,14,4,0,10,0,537,505,32,8,106.34,,,playhq,regular_season_ladder,,1786190879387
amnd-winter-2023-junior-3,tango-netball-club-inc,,Tango 1,7,0,14,3,1,10,0,529,594,-65,7,89.06,,,playhq,regular_season_ladder,,1786190879387
amnd-winter-2023-junior-3,tango-netball-club-inc,,Tango 2,8,0,14,1,0,13,0,286,683,-397,2,41.87,,,playhq,regular_season_ladder,,1786190879387
amnd-winter-2023-junior-4,matrics,,Matrics,1,0,14,13,0,1,0,606,320,286,26,189.38,,,playhq,regular_season_ladder,,1786190880623
amnd-winter-2023-junior-4,contax,,Contax 1,2,0,14,12,0,2,0,620,341,279,24,181.82,,,playhq,regular_season_ladder,,1786190880623
amnd-winter-2023-junior-4,contax,,Contax 2,3,0,14,11,0,3,0,692,404,288,22,171.29,,,playhq,regular_season_ladder,,1786190880623
amnd-winter-2023-junior-4,walkerville,,Walkerville,4,0,14,11,0,3,0,616,387,229,22,159.17,,,playhq,regular_season_ladder,,1786190880623
amnd-winter-2023-junior-4,norwood-netball-club,,Newton Jaguars,5,0,14,6,0,8,0,488,501,-13,12,97.41,,,playhq,regular_season_ladder,,1786190880623
amnd-winter-2023-junior-4,reynella-netball-club,,Reynella,6,0,14,5,0,9,0,533,561,-28,10,95.01,,,playhq,regular_season_ladder,,1786190880623
amnd-winter-2023-junior-4,garville,,Garville,7,0,14,3,0,11,0,533,665,-132,6,80.15,,,playhq,regular_season_ladder,,1786190880623
amnd-winter-2023-junior-4,south-adelaide-netball-club,,South Adelaide,8,0,14,0,0,14,0,165,875,-710,0,18.86,,,playhq,regular_season_ladder,,1786190880623
amnd-winter-2023-junior-5,matrics,,Matrics,1,0,14,12,0,2,0,684,391,293,24,174.94,,,playhq,regular_season_ladder,,1786190882443
amnd-winter-2023-junior-5,oakdale-netball-club-sa,,Oakdale,2,0,14,9,0,5,0,637,431,206,18,147.8,,,playhq,regular_season_ladder,,1786190882443
amnd-winter-2023-junior-5,garville,,Garville,3,0,14,9,0,5,0,640,500,140,18,128,,,playhq,regular_season_ladder,,1786190882443
amnd-winter-2023-junior-5,reynella-netball-club,,Reynella,4,0,14,7,0,7,0,507,569,-62,14,89.1,,,playhq,regular_season_ladder,,1786190882443
amnd-winter-2023-junior-5,tango-netball-club-inc,,Tango,5,0,14,4,1,9,0,356,544,-188,9,65.44,,,playhq,regular_season_ladder,,1786190882443
amnd-winter-2023-junior-5,metro-jets,,Metro Jets,6,0,14,3,0,11,0,406,606,-200,6,67,,,playhq,regular_season_ladder,,1786190882443
amnd-winter-2023-junior-5,adelaide-wildcats,,Adelaide Wildcats,7,0,14,2,0,12,0,403,683,-280,4,59,,,playhq,regular_season_ladder,,1786190882443
amnd-winter-2023-junior-5,norwood-netball-club,,Newton Jaguars,8,0,14,1,1,12,0,319,694,-375,3,45.97,,,playhq,regular_season_ladder,,1786190882443
amnd-winter-2023-junior-6,matrics,,Matrics 1,1,0,12,12,0,0,2,671,302,369,28,222.19,,,playhq,regular_season_ladder,,1786190883056
amnd-winter-2023-junior-6,matrics,,Matrics 2,2,0,13,12,0,1,1,784,347,437,26,225.94,,,playhq,regular_season_ladder,,1786190883056
amnd-winter-2023-junior-6,garville,,Garville,3,0,12,8,0,4,2,580,408,172,20,142.16,,,playhq,regular_season_ladder,,1786190883056
amnd-winter-2023-junior-6,contax,,Contax,4,0,12,7,0,5,2,480,410,70,18,117.07,,,playhq,regular_season_ladder,,1786190883056
amnd-winter-2023-junior-6,oakdale-netball-club-sa,,Oakdale,5,0,12,5,0,7,2,471,444,27,14,106.08,,,playhq,regular_season_ladder,,1786190883056
amnd-winter-2023-junior-6,norwood-netball-club,,Newton Jaguars 6,6,0,12,1,1,10,2,285,660,-375,7,43.18,,,playhq,regular_season_ladder,,1786190883056
amnd-winter-2023-junior-6,tango-netball-club-inc,,Tango,7,0,12,0,1,11,2,186,661,-475,5,28.14,,,playhq,regular_season_ladder,,1786190883056
amnd-winter-2023-junior-7,matrics,,Matrics,1,0,15,12,0,3,0,728,453,275,24,160.71,,,playhq,regular_season_ladder,,1786190884316
amnd-winter-2023-junior-7,garville,,Garville,2,0,15,10,0,5,0,715,548,167,20,130.47,,,playhq,regular_season_ladder,,1786190884316
amnd-winter-2023-junior-7,contax,,Contax,3,0,15,9,1,5,0,634,457,177,19,138.73,,,playhq,regular_season_ladder,,1786190884316
amnd-winter-2023-junior-7,walkerville,,Walkerville,4,0,14,8,1,5,1,550,515,35,19,106.8,,,playhq,regular_season_ladder,,1786190884316
amnd-winter-2023-junior-7,cheerio-netball-club,,Cheerio,5,0,15,4,0,11,0,425,609,-184,8,69.79,,,playhq,regular_season_ladder,,1786190884316
amnd-winter-2023-junior-7,metro-jets,,Metro Jets,6,0,15,1,0,14,0,356,819,-463,2,43.47,,,playhq,regular_season_ladder,,1786190884316
amnd-winter-2023-junior-8,garville,,Garville,1,0,15,12,1,2,0,583,324,259,25,179.94,,,playhq,regular_season_ladder,,1786190885368
amnd-winter-2023-junior-8,oakdale-netball-club-sa,,Oakdale,2,0,15,10,0,5,0,605,355,250,20,170.42,,,playhq,regular_season_ladder,,1786190885368
amnd-winter-2023-junior-8,reynella-netball-club,,Reynella,3,0,15,8,1,6,0,452,446,6,17,101.35,,,playhq,regular_season_ladder,,1786190885368
amnd-winter-2023-junior-8,walkerville,,Walkerville,4,0,15,6,1,8,0,406,425,-19,13,95.53,,,playhq,regular_season_ladder,,1786190885368
amnd-winter-2023-junior-8,adelaide-wildcats,,Adelaide Wildcats,5,0,15,3,1,11,0,268,552,-284,7,48.55,,,playhq,regular_season_ladder,,1786190885368
amnd-winter-2023-junior-8,norwood-netball-club,,Newton Jaguars,6,0,15,0,0,15,0,153,597,-444,0,25.63,,,playhq,regular_season_ladder,,1786190885368
amnd-winter-2023-primary-1,contax,,Contax,1,0,15,15,0,0,0,564,128,436,30,440.63,,,playhq,regular_season_ladder,,1786190886595
amnd-winter-2023-primary-1,matrics,,Matrics,2,0,15,10,0,5,0,337,301,36,20,111.96,,,playhq,regular_season_ladder,,1786190886595
amnd-winter-2023-primary-1,oakdale-netball-club-sa,,Oakdale,3,0,15,7,1,7,0,324,367,-43,15,88.28,,,playhq,regular_season_ladder,,1786190886595
amnd-winter-2023-primary-1,walkerville,,Walkerville,4,0,15,4,1,10,0,229,359,-130,9,63.79,,,playhq,regular_season_ladder,,1786190886595
amnd-winter-2023-primary-1,reynella-netball-club,,Reynella,5,0,15,4,1,10,0,231,368,-137,9,62.77,,,playhq,regular_season_ladder,,1786190886595
amnd-winter-2023-primary-1,garville,,Garville,6,0,15,3,1,11,0,206,368,-162,7,55.98,,,playhq,regular_season_ladder,,1786190886595
amnd-winter-2023-primary-2,contax,,Contax 1,1,0,14,13,0,1,0,342,114,228,26,300,,,playhq,regular_season_ladder,,1786190887842
amnd-winter-2023-primary-2,matrics,,Matrics 1,2,0,14,13,0,1,0,439,158,281,26,277.85,,,playhq,regular_season_ladder,,1786190887842
amnd-winter-2023-primary-2,contax,,Contax 2,3,0,14,11,0,3,0,331,161,170,22,205.59,,,playhq,regular_season_ladder,,1786190887842
amnd-winter-2023-primary-2,matrics,,Matrics 2,4,0,14,8,0,6,0,324,217,107,16,149.31,,,playhq,regular_season_ladder,,1786190887842
amnd-winter-2023-primary-2,garville,,Garville,5,0,14,8,0,6,0,206,256,-50,16,80.47,,,playhq,regular_season_ladder,,1786190887842
amnd-winter-2023-primary-2,tango-netball-club-inc,,Tango,6,0,14,5,0,9,0,211,260,-49,10,81.15,,,playhq,regular_season_ladder,,1786190887842
amnd-winter-2023-primary-2,oakdale-netball-club-sa,,Oakdale,7,0,14,5,0,9,0,207,276,-69,10,75,,,playhq,regular_season_ladder,,1786190887842
amnd-winter-2023-primary-2,south-adelaide-netball-club,,South Adelaide,8,0,14,1,0,13,0,163,310,-147,2,52.58,,,playhq,regular_season_ladder,,1786190887842
amnd-winter-2023-primary-3,metro-jets,,Metro Jets,1,0,14,12,0,2,0,458,176,282,24,260.23,,,playhq,regular_season_ladder,,1786190889048
amnd-winter-2023-primary-3,contax,,Contax,2,0,14,12,0,2,0,384,150,234,24,256,,,playhq,regular_season_ladder,,1786190889048
amnd-winter-2023-primary-3,matrics,,Matrics,3,0,14,12,0,2,0,435,175,260,24,248.57,,,playhq,regular_season_ladder,,1786190889048
amnd-winter-2023-primary-3,walkerville,,Walkerville,4,0,14,6,1,7,0,211,258,-47,13,81.78,,,playhq,regular_season_ladder,,1786190889048
amnd-winter-2023-primary-3,tango-netball-club-inc,,Tango,5,0,14,6,0,8,0,182,266,-84,12,68.42,,,playhq,regular_season_ladder,,1786190889048
amnd-winter-2023-primary-3,norwood-netball-club,,Newton Jaguars,6,0,14,4,0,10,0,184,310,-126,8,59.35,,,playhq,regular_season_ladder,,1786190889048
amnd-winter-2023-primary-3,garville,,Garville,7,0,14,3,1,10,0,152,334,-182,7,45.51,,,playhq,regular_season_ladder,,1786190889048
amnd-winter-2023-primary-3,cheerio-netball-club,,Cheerio,8,0,14,2,0,12,0,134,348,-214,4,38.51,,,playhq,regular_season_ladder,,1786190889048
amnd-winter-2023-primary-4,matrics,,Matrics 1,1,0,13,11,0,2,1,275,131,144,24,209.92,,,playhq,regular_season_ladder,,1786190890882
amnd-winter-2023-primary-4,matrics,,Matrics 2,2,0,13,10,0,3,1,200,162,38,22,123.46,,,playhq,regular_season_ladder,,1786190890882
amnd-winter-2023-primary-4,oakdale-netball-club-sa,,Oakdale,3,0,12,6,0,6,2,173,186,-13,16,93.01,,,playhq,regular_season_ladder,,1786190890882
amnd-winter-2023-primary-4,cheerio-netball-club,,Cheerio 2,4,0,13,7,0,6,1,151,205,-54,16,73.66,,,playhq,regular_season_ladder,,1786190890882
amnd-winter-2023-primary-4,reynella-netball-club,,Reynella,5,0,12,4,0,8,2,138,246,-108,12,56.1,,,playhq,regular_season_ladder,,1786190890882
amnd-winter-2023-primary-4,garville,,Garville,6,0,12,1,0,11,2,94,242,-148,6,38.84,,,playhq,regular_season_ladder,,1786190890882
amnd-winter-2023-primary-4,cheerio-netball-club,,Cheerio 1,7,0,13,1,0,12,1,70,295,-225,4,23.73,,,playhq,regular_season_ladder,,1786190890882
amnd-winter-2023-primary-5,matrics,,Matrics,1,0,14,13,0,1,0,301,106,195,26,283.96,,,playhq,regular_season_ladder,,1786190891476
amnd-winter-2023-primary-5,metro-jets,,Metro Jets,2,0,14,11,0,3,0,269,142,127,22,189.44,,,playhq,regular_season_ladder,,1786190891476
amnd-winter-2023-primary-5,contax,,Contax,3,0,13,8,0,5,1,229,166,63,18,137.95,,,playhq,regular_season_ladder,,1786190891476
amnd-winter-2023-primary-5,walkerville,,Walkerville,4,0,13,6,0,7,1,174,153,21,14,113.73,,,playhq,regular_season_ladder,,1786190891476
amnd-winter-2023-primary-5,oakdale-netball-club-sa,,Oakdale,5,0,14,7,0,7,0,136,206,-70,14,66.02,,,playhq,regular_season_ladder,,1786190891476
amnd-winter-2023-primary-5,adelaide-wildcats,,Adelaide Wildcats,6,0,14,4,0,10,0,162,224,-62,8,72.32,,,playhq,regular_season_ladder,,1786190891476
amnd-winter-2023-primary-5,reynella-netball-club,,Reynella,7,0,14,3,0,11,0,120,259,-139,6,46.33,,,playhq,regular_season_ladder,,1786190891476
amnd-winter-2023-primary-5,norwood-netball-club,,Newton Jaguars,8,0,13,0,0,13,1,57,266,-209,2,21.43,,,playhq,regular_season_ladder,,1786190891476
amnd-winter-2023-primary-6,oakdale-netball-club-sa,,Oakdale,1,0,15,12,0,3,0,351,168,183,24,208.93,,,playhq,regular_season_ladder,,1786190892607
amnd-winter-2023-primary-6,metro-jets,,Metro Jets,2,0,15,11,0,4,0,294,139,155,22,211.51,,,playhq,regular_season_ladder,,1786190892607
amnd-winter-2023-primary-6,contax,,Contax,3,0,15,10,0,5,0,261,175,86,20,149.14,,,playhq,regular_season_ladder,,1786190892607
amnd-winter-2023-primary-6,cheerio-netball-club,,Cheerio,4,0,15,7,0,8,0,130,195,-65,14,66.67,,,playhq,regular_season_ladder,,1786190892607
amnd-winter-2023-primary-6,south-adelaide-netball-club,,South Adelaide,5,0,14,3,0,11,1,111,243,-132,6,45.68,,,playhq,regular_season_ladder,,1786190892607
amnd-winter-2023-primary-6,garville,,Garville,6,0,15,2,0,13,0,78,344,-266,4,22.67,,,playhq,regular_season_ladder,,1786190892607
amnd-winter-2023-primary-7,matrics,,Matrics,1,0,15,13,1,1,0,315,102,213,27,308.82,,,playhq,regular_season_ladder,,1786190893789
amnd-winter-2023-primary-7,reynella-netball-club,,Reynella,2,0,15,9,0,6,0,144,118,26,18,122.03,,,playhq,regular_season_ladder,,1786190893789
amnd-winter-2023-primary-7,norwood-netball-club,,Newton Jaguars,3,0,15,8,0,7,0,143,167,-24,16,85.63,,,playhq,regular_season_ladder,,1786190893789
amnd-winter-2023-primary-7,walkerville,,Walkerville,4,0,15,6,0,9,0,124,152,-28,12,81.58,,,playhq,regular_season_ladder,,1786190893789
amnd-winter-2023-primary-7,tango-netball-club-inc,,Tango,5,0,15,4,1,10,0,155,165,-10,9,93.94,,,playhq,regular_season_ladder,,1786190893789
amnd-winter-2023-primary-7,south-adelaide-netball-club,,South Adelaide,6,0,15,0,0,15,0,44,336,-292,0,13.1,,,playhq,regular_season_ladder,,1786190893789
amnd-winter-2023-sub-junior-1,contax,,Contax,1,0,14,13,0,1,0,683,277,406,26,246.57,,,playhq,regular_season_ladder,,1786190895031
amnd-winter-2023-sub-junior-1,matrics,,Matrics,2,0,14,12,1,1,0,526,266,260,25,197.74,,,playhq,regular_season_ladder,,1786190895031
amnd-winter-2023-sub-junior-1,tango-netball-club-inc,,Tango,3,0,14,10,1,3,0,475,313,162,21,151.76,,,playhq,regular_season_ladder,,1786190895031
amnd-winter-2023-sub-junior-1,garville,,Garville,4,0,14,8,0,6,0,428,390,38,16,109.74,,,playhq,regular_season_ladder,,1786190895031
amnd-winter-2023-sub-junior-1,reynella-netball-club,,Reynella,5,0,14,5,0,9,0,361,474,-113,10,76.16,,,playhq,regular_season_ladder,,1786190895031
amnd-winter-2023-sub-junior-1,norwood-netball-club,,Newton Jaguars,6,0,14,4,0,10,0,330,502,-172,8,65.74,,,playhq,regular_season_ladder,,1786190895031
amnd-winter-2023-sub-junior-1,oakdale-netball-club-sa,,Oakdale,7,0,14,3,0,11,0,268,482,-214,6,55.6,,,playhq,regular_season_ladder,,1786190895031
amnd-winter-2023-sub-junior-1,south-adelaide-netball-club,,South Adelaide,8,0,14,0,0,14,0,224,591,-367,0,37.9,,,playhq,regular_season_ladder,,1786190895031
amnd-winter-2023-sub-junior-2,contax,,Contax,1,0,14,13,0,1,0,505,181,324,26,279.01,,,playhq,regular_season_ladder,,1786190896674
amnd-winter-2023-sub-junior-2,matrics,,Matrics,2,0,14,12,0,2,0,489,224,265,24,218.3,,,playhq,regular_season_ladder,,1786190896674
amnd-winter-2023-sub-junior-2,oakdale-netball-club-sa,,Oakdale,3,0,14,11,0,3,0,330,255,75,22,129.41,,,playhq,regular_season_ladder,,1786190896674
amnd-winter-2023-sub-junior-2,garville,,Garville,4,0,14,7,0,7,0,300,319,-19,14,94.04,,,playhq,regular_season_ladder,,1786190896674
amnd-winter-2023-sub-junior-2,reynella-netball-club,,Reynella,5,0,14,6,0,8,0,285,376,-91,12,75.8,,,playhq,regular_season_ladder,,1786190896674
amnd-winter-2023-sub-junior-2,norwood-netball-club,,Newton Jaguars,6,0,14,3,0,11,0,225,402,-177,6,55.97,,,playhq,regular_season_ladder,,1786190896674
amnd-winter-2023-sub-junior-2,metro-jets,,Metro Jets,7,0,14,2,1,11,0,216,418,-202,5,51.67,,,playhq,regular_season_ladder,,1786190896674
amnd-winter-2023-sub-junior-2,tango-netball-club-inc,,Tango,8,0,14,1,1,12,0,204,379,-175,3,53.83,,,playhq,regular_season_ladder,,1786190896674
amnd-winter-2023-sub-junior-3,contax,,Contax,1,0,14,14,0,0,0,540,167,373,28,323.35,,,playhq,regular_season_ladder,,1786190897430
amnd-winter-2023-sub-junior-3,matrics,,Matrics,2,0,14,12,0,2,0,554,175,379,24,316.57,,,playhq,regular_season_ladder,,1786190897430
amnd-winter-2023-sub-junior-3,garville,,Garville,3,0,14,8,0,6,0,364,298,66,16,122.15,,,playhq,regular_season_ladder,,1786190897430
amnd-winter-2023-sub-junior-3,oakdale-netball-club-sa,,Oakdale,4,0,14,8,0,6,0,364,319,45,16,114.11,,,playhq,regular_season_ladder,,1786190897430
amnd-winter-2023-sub-junior-3,reynella-netball-club,,Reynella,5,0,14,6,0,8,0,304,391,-87,12,77.75,,,playhq,regular_season_ladder,,1786190897430
amnd-winter-2023-sub-junior-3,northeast-zodiac,,NE Zodiacs,6,0,14,6,0,8,0,273,393,-120,12,69.47,,,playhq,regular_season_ladder,,1786190897430
amnd-winter-2023-sub-junior-3,adelaide-wildcats,,Adelaide Wildcats,7,0,14,1,0,13,0,152,428,-276,2,35.51,,,playhq,regular_season_ladder,,1786190897430
amnd-winter-2023-sub-junior-3,south-adelaide-netball-club,,South Adelaide,8,0,14,1,0,13,0,131,511,-380,2,25.64,,,playhq,regular_season_ladder,,1786190897430
amnd-winter-2023-sub-junior-4,matrics,,Matrics 1,1,0,14,14,0,0,0,511,147,364,28,347.62,,,playhq,regular_season_ladder,,1786190898607
amnd-winter-2023-sub-junior-4,matrics,,Matrics 2,2,0,14,11,0,3,0,449,279,170,22,160.93,,,playhq,regular_season_ladder,,1786190898607
amnd-winter-2023-sub-junior-4,contax,,Contax,3,0,14,11,0,3,0,423,276,147,22,153.26,,,playhq,regular_season_ladder,,1786190898607
amnd-winter-2023-sub-junior-4,walkerville,,Walkerville,4,0,14,7,0,7,0,327,343,-16,14,95.34,,,playhq,regular_season_ladder,,1786190898607
amnd-winter-2023-sub-junior-4,garville,,Garville,5,0,14,7,0,7,0,325,360,-35,14,90.28,,,playhq,regular_season_ladder,,1786190898607
amnd-winter-2023-sub-junior-4,oakdale-netball-club-sa,,Oakdale,6,0,14,4,0,10,0,288,380,-92,8,75.79,,,playhq,regular_season_ladder,,1786190898607
amnd-winter-2023-sub-junior-4,metro-jets,,Metro Jets,7,0,14,2,0,12,0,225,516,-291,4,43.6,,,playhq,regular_season_ladder,,1786190898607
amnd-winter-2023-sub-junior-4,tango-netball-club-inc,,Tango,8,0,14,0,0,14,0,168,415,-247,0,40.48,,,playhq,regular_season_ladder,,1786190898607
amnd-winter-2023-sub-junior-5,contax,,Contax,1,0,14,13,0,1,0,472,176,296,26,268.18,,,playhq,regular_season_ladder,,1786190899825
amnd-winter-2023-sub-junior-5,garville,,Garville,2,0,14,12,0,2,0,454,242,212,24,187.6,,,playhq,regular_season_ladder,,1786190899825
amnd-winter-2023-sub-junior-5,matrics,,Matrics,3,0,14,11,0,3,0,471,234,237,22,201.28,,,playhq,regular_season_ladder,,1786190899825
amnd-winter-2023-sub-junior-5,oakdale-netball-club-sa,,Oakdale,4,0,14,7,0,7,0,267,264,3,14,101.14,,,playhq,regular_season_ladder,,1786190899825
amnd-winter-2023-sub-junior-5,reynella-netball-club,,Reynella,5,0,14,4,0,10,0,194,369,-175,8,52.57,,,playhq,regular_season_ladder,,1786190899825
amnd-winter-2023-sub-junior-5,cheerio-netball-club,,Cheerio,6,0,14,3,0,11,0,228,412,-184,6,55.34,,,playhq,regular_season_ladder,,1786190899825
amnd-winter-2023-sub-junior-5,norwood-netball-club,,Newton Jaguars,7,0,14,3,0,11,0,212,399,-187,6,53.13,,,playhq,regular_season_ladder,,1786190899825
amnd-winter-2023-sub-junior-5,metro-jets,,Metro Jets,8,0,14,3,0,11,0,190,392,-202,6,48.47,,,playhq,regular_season_ladder,,1786190899825
amnd-winter-2023-sub-junior-6,matrics,,Matrics 1,1,0,14,14,0,0,0,485,188,297,28,257.98,,,playhq,regular_season_ladder,,1786190900990
amnd-winter-2023-sub-junior-6,contax,,Contax,2,0,14,12,0,2,0,372,195,177,24,190.77,,,playhq,regular_season_ladder,,1786190900990
amnd-winter-2023-sub-junior-6,matrics,,Matrics 2,3,0,14,11,0,3,0,378,219,159,22,172.6,,,playhq,regular_season_ladder,,1786190900990
amnd-winter-2023-sub-junior-6,garville,,Garville,4,0,14,7,0,7,0,313,318,-5,14,98.43,,,playhq,regular_season_ladder,,1786190900990
amnd-winter-2023-sub-junior-6,walkerville,,Walkerville,5,0,14,7,0,7,0,271,330,-59,14,82.12,,,playhq,regular_season_ladder,,1786190900990
amnd-winter-2023-sub-junior-6,oakdale-netball-club-sa,,Oakdale,6,0,14,6,0,8,0,306,288,18,12,106.25,,,playhq,regular_season_ladder,,1786190900990
amnd-winter-2023-sub-junior-6,metro-jets,,Metro Jets,7,0,14,2,0,12,0,153,289,-136,4,52.94,,,playhq,regular_season_ladder,,1786190900990
amnd-winter-2023-sub-junior-6,norwood-netball-club,,Newton Jaguars,8,0,14,1,0,13,0,165,436,-271,2,37.84,,,playhq,regular_season_ladder,,1786190900990
amnd-winter-2023-sub-junior-7,matrics,,Matrics,1,0,14,13,0,1,0,450,161,289,26,279.5,,,playhq,regular_season_ladder,,1786190902389
amnd-winter-2023-sub-junior-7,contax,,Contax,2,0,14,11,0,3,0,397,198,199,22,200.51,,,playhq,regular_season_ladder,,1786190902389
amnd-winter-2023-sub-junior-7,oakdale-netball-club-sa,,Oakdale 2,3,0,14,11,0,3,0,344,202,142,22,170.3,,,playhq,regular_season_ladder,,1786190902389
amnd-winter-2023-sub-junior-7,tango-netball-club-inc,,Tango,4,0,14,9,0,5,0,278,202,76,18,137.62,,,playhq,regular_season_ladder,,1786190902389
amnd-winter-2023-sub-junior-7,walkerville,,Walkerville,5,0,14,7,0,7,0,284,266,18,14,106.77,,,playhq,regular_season_ladder,,1786190902389
amnd-winter-2023-sub-junior-7,oakdale-netball-club-sa,,Oakdale 1,6,0,14,6,0,8,0,267,254,13,12,105.12,,,playhq,regular_season_ladder,,1786190902389
amnd-winter-2023-sub-junior-7,reynella-netball-club,,Reynella,7,0,14,3,0,11,0,224,311,-87,6,72.03,,,playhq,regular_season_ladder,,1786190902389
amnd-winter-2023-sub-junior-7,south-adelaide-netball-club,,South Adelaide,8,0,14,0,0,14,0,93,423,-330,0,21.99,,,playhq,regular_season_ladder,,1786190902389
amnd-winter-2023-sub-junior-8,garville,,Garville,1,0,14,11,1,2,0,309,217,92,23,142.4,,,playhq,regular_season_ladder,,1786190903405
amnd-winter-2023-sub-junior-8,adelaide-wildcats,,Adelaide Wildcats,2,0,14,8,1,5,0,233,221,12,17,105.43,,,playhq,regular_season_ladder,,1786190903405
amnd-winter-2023-sub-junior-8,metro-jets,,Metro Jets,3,0,14,8,1,5,0,264,251,13,17,105.18,,,playhq,regular_season_ladder,,1786190903405
amnd-winter-2023-sub-junior-8,cheerio-netball-club,,Cheerio,4,0,14,8,0,6,0,197,231,-34,16,85.28,,,playhq,regular_season_ladder,,1786190903405
amnd-winter-2023-sub-junior-8,reynella-netball-club,,Reynella,5,0,14,5,1,8,0,204,249,-45,11,81.93,,,playhq,regular_season_ladder,,1786190903405
amnd-winter-2023-sub-junior-8,walkerville,,Walkerville,6,0,14,3,0,11,0,176,284,-108,6,61.97,,,playhq,regular_season_ladder,,1786190903405
amnd-winter-2023-sub-junior-8,south-adelaide-netball-club,,South Adelaide,7,0,14,3,0,11,0,145,370,-225,6,39.19,,,playhq,regular_season_ladder,,1786190903405
amnd-winter-2023-sub-junior-8,norwood-netball-club,,Newton Jaguars,8,0,14,0,0,14,0,102,307,-205,0,33.22,,,playhq,regular_season_ladder,,1786190903405
amnd-winter-2024-a-grade,walkerville,,Walkerville,1,0,18,17,0,1,0,1084,752,332,34,144.15,,,playhq,regular_season_ladder,,1786190863815
amnd-winter-2024-a-grade,matrics,,Matrics,2,0,18,16,0,2,0,1066,734,332,32,145.23,,,playhq,regular_season_ladder,,1786190863815
amnd-winter-2024-a-grade,contax,,Contax,3,0,18,14,0,4,0,1084,762,322,28,142.26,,,playhq,regular_season_ladder,,1786190863815
amnd-winter-2024-a-grade,south-adelaide-netball-club,,South Adelaide,4,0,18,10,0,8,0,987,861,126,20,114.63,,,playhq,regular_season_ladder,,1786190863815
amnd-winter-2024-a-grade,oakdale-netball-club-sa,,Oakdale,5,0,18,9,0,9,0,807,858,-51,18,94.06,,,playhq,regular_season_ladder,,1786190863815
amnd-winter-2024-a-grade,adelaide-wildcats,,Adelaide Wildcats,6,0,18,8,0,10,0,942,984,-42,16,95.73,,,playhq,regular_season_ladder,,1786190863815
amnd-winter-2024-a-grade,reynella-netball-club,,Reynella,7,0,18,7,0,11,0,875,1032,-157,14,84.79,,,playhq,regular_season_ladder,,1786190863815
amnd-winter-2024-a-grade,garville,,Garville,8,0,18,4,0,14,0,863,1104,-241,8,78.17,,,playhq,regular_season_ladder,,1786190863815
amnd-winter-2024-a-grade,metro-jets,,Metro Jets,9,0,18,3,0,15,0,715,996,-281,6,71.79,,,playhq,regular_season_ladder,,1786190863815
amnd-winter-2024-a-grade,norwood-netball-club,,Newton Jaguars,10,0,18,2,0,16,0,726,1066,-340,4,68.11,,,playhq,regular_season_ladder,,1786190863815
amnd-winter-2024-amnd,walkerville,,Walkerville,1,0,18,18,0,0,0,1200,682,518,36,175.95,,,playhq,regular_season_ladder,,1786190865046
amnd-winter-2024-amnd,contax,,Contax,2,0,18,15,0,3,0,933,780,153,30,119.62,,,playhq,regular_season_ladder,,1786190865046
amnd-winter-2024-amnd,reynella-netball-club,,Reynella,3,0,18,12,0,6,0,955,891,64,24,107.18,,,playhq,regular_season_ladder,,1786190865046
amnd-winter-2024-amnd,oakdale-netball-club-sa,,Oakdale,4,0,18,10,0,8,0,859,889,-30,20,96.63,,,playhq,regular_season_ladder,,1786190865046
amnd-winter-2024-amnd,garville,,Garville,5,0,18,8,1,9,0,856,800,56,17,107,,,playhq,regular_season_ladder,,1786190865046
amnd-winter-2024-amnd,south-adelaide-netball-club,,South Adelaide,6,0,18,8,0,10,0,934,875,59,16,106.74,,,playhq,regular_season_ladder,,1786190865046
amnd-winter-2024-amnd,norwood-netball-club,,Newton Jaguars,7,0,18,7,0,11,0,856,898,-42,14,95.32,,,playhq,regular_season_ladder,,1786190865046
amnd-winter-2024-amnd,matrics,,Matrics,8,0,18,6,0,12,0,786,859,-73,12,91.5,,,playhq,regular_season_ladder,,1786190865046
amnd-winter-2024-amnd,metro-jets,,Metro Jets,9,0,18,5,1,12,0,841,947,-106,11,88.81,,,playhq,regular_season_ladder,,1786190865046
amnd-winter-2024-amnd,tango-netball-club-inc,,Tango,10,0,18,0,0,18,0,577,1176,-599,0,49.06,,,playhq,regular_season_ladder,,1786190865046
amnd-winter-2024-b1,old-ignatians,,Old Ignatians',1,0,18,17,0,1,0,1185,815,370,34,145.4,,,playhq,regular_season_ladder,,1786190866215
amnd-winter-2024-b1,walkerville,,Walkerville 1,2,0,18,15,0,3,0,1115,800,315,30,139.38,,,playhq,regular_season_ladder,,1786190866215
amnd-winter-2024-b1,matrics,,Matrics,3,0,18,14,1,3,0,950,772,178,29,123.06,,,playhq,regular_season_ladder,,1786190866215
amnd-winter-2024-b1,sacred-heart-o-c,,SHOCS,4,0,18,11,1,6,0,1104,902,202,23,122.39,,,playhq,regular_season_ladder,,1786190866215
amnd-winter-2024-b1,walkerville,,Walkerville 2,5,0,18,8,1,9,0,910,872,38,17,104.36,,,playhq,regular_season_ladder,,1786190866215
amnd-winter-2024-b1,pembroke-o-s,,Pembroke OS,6,0,18,5,0,13,0,874,975,-101,10,89.64,,,playhq,regular_season_ladder,,1786190866215
amnd-winter-2024-b1,oakdale-netball-club-sa,,Oakdale,7,0,18,3,1,14,0,850,1066,-216,7,79.74,,,playhq,regular_season_ladder,,1786190866215
amnd-winter-2024-b1,contax,,Contax,8,0,18,1,0,17,0,647,1139,-492,2,56.8,,,playhq,regular_season_ladder,,1786190866215
amnd-winter-2024-b2,city-coasters,,City Coasters,1,0,17,13,0,3,1,857,616,241,28,139.12,,,playhq,regular_season_ladder,,1786190867507
amnd-winter-2024-b2,walkerville,,Walkerville 1,2,0,18,14,0,3,0,847,674,173,28,125.67,,,playhq,regular_season_ladder,,1786190867507
amnd-winter-2024-b2,walkerville,,Walkerville 2,3,0,18,13,0,4,0,885,688,197,26,128.63,,,playhq,regular_season_ladder,,1786190867507
amnd-winter-2024-b2,matrics,,Matrics,4,0,17,9,0,7,1,685,628,57,20,109.08,,,playhq,regular_season_ladder,,1786190867507
amnd-winter-2024-b2,cheerio-netball-club,,Cheerio,5,0,17,5,0,11,1,597,752,-155,12,79.39,,,playhq,regular_season_ladder,,1786190867507
amnd-winter-2024-b2,contax,,Contax,6,0,17,5,0,11,1,604,813,-209,12,74.29,,,playhq,regular_season_ladder,,1786190867507
amnd-winter-2024-b2,oakdale-netball-club-sa,,Oakdale,7,0,18,5,0,12,0,765,878,-113,10,87.13,,,playhq,regular_season_ladder,,1786190867507
amnd-winter-2024-b2,south-adelaide-netball-club,,South Adelaide,8,0,18,0,0,17,0,616,1065,-449,0,57.84,,,playhq,regular_season_ladder,,1786190867507
amnd-winter-2024-b3,contax,,Contax,1,0,18,18,0,0,0,1065,643,422,36,165.63,,,playhq,regular_season_ladder,,1786190868607
amnd-winter-2024-b3,metro-jets,,Metro Jets,2,0,18,15,0,3,0,818,595,223,30,137.48,,,playhq,regular_season_ladder,,1786190868607
amnd-winter-2024-b3,walkerville,,Walkerville 2,3,0,18,12,0,6,0,910,742,168,24,122.64,,,playhq,regular_season_ladder,,1786190868607
amnd-winter-2024-b3,city-coasters,,City Coasters,4,0,18,10,1,7,0,733,635,98,21,115.43,,,playhq,regular_season_ladder,,1786190868607
amnd-winter-2024-b3,adelaide-wildcats,,Adelaide Wildcats,5,0,18,8,0,10,0,756,886,-130,16,85.33,,,playhq,regular_season_ladder,,1786190868607
amnd-winter-2024-b3,walkerville,,Walkerville 1,6,0,18,7,0,11,0,758,849,-91,14,89.28,,,playhq,regular_season_ladder,,1786190868607
amnd-winter-2024-b3,tango-netball-club-inc,,Tango,7,0,18,5,1,12,0,783,785,-2,11,99.75,,,playhq,regular_season_ladder,,1786190868607
amnd-winter-2024-b3,sacred-heart-o-c,,SHOCS,8,0,18,4,0,14,0,664,850,-186,8,78.12,,,playhq,regular_season_ladder,,1786190868607
amnd-winter-2024-b4,walkerville,,Walkerville 1,1,0,18,14,0,3,0,896,684,212,28,130.99,,,playhq,regular_season_ladder,,1786190869806
amnd-winter-2024-b4,pembroke-o-s,,Pembroke OS,2,0,18,10,0,7,0,799,696,103,20,114.8,,,playhq,regular_season_ladder,,1786190869806
amnd-winter-2024-b4,matrics,,Matrics,3,0,18,9,1,7,0,730,741,-11,19,98.52,,,playhq,regular_season_ladder,,1786190869806
amnd-winter-2024-b4,central-district-netball-club,,Central District,4,0,18,6,1,10,0,787,750,37,13,104.93,,,playhq,regular_season_ladder,,1786190869806
amnd-winter-2024-b4,city-coasters,,City Coasters,5,0,18,3,0,14,0,607,740,-133,6,82.03,,,playhq,regular_season_ladder,,1786190869806
amnd-winter-2024-b4,south-adelaide-netball-club,,South Adelaide,6,0,18,0,0,17,0,307,892,-585,0,34.42,,,playhq,regular_season_ladder,,1786190869806
amnd-winter-2024-b5,reynella-netball-club,,Reynella,1,0,18,16,0,2,0,847,589,258,32,143.8,,,playhq,regular_season_ladder,,1786190871017
amnd-winter-2024-b5,sacred-heart-o-c,,SHOCS,2,0,18,13,0,5,0,784,741,43,26,105.8,,,playhq,regular_season_ladder,,1786190871017
amnd-winter-2024-b5,walkerville,,Walkerville 2,3,0,18,10,0,8,0,765,696,69,20,109.91,,,playhq,regular_season_ladder,,1786190871017
amnd-winter-2024-b5,walkerville,,Walkerville 1,4,0,18,8,0,10,0,638,707,-69,16,90.24,,,playhq,regular_season_ladder,,1786190871017
amnd-winter-2024-b5,city-coasters,,City Coasters,5,0,18,6,0,12,0,592,750,-158,12,78.93,,,playhq,regular_season_ladder,,1786190871017
amnd-winter-2024-b5,oakdale-netball-club-sa,,Oakdale,6,0,18,1,0,17,0,649,890,-241,2,72.92,,,playhq,regular_season_ladder,,1786190871017
amnd-winter-2024-c1,central-district-netball-club,,Central District,1,0,18,14,0,3,0,782,636,146,28,122.96,,,playhq,regular_season_ladder,,1786190872268
amnd-winter-2024-c1,walkerville,,Walkerville 1,2,0,18,12,2,3,0,668,531,137,26,125.8,,,playhq,regular_season_ladder,,1786190872268
amnd-winter-2024-c1,city-coasters,,City Coasters 2,3,0,18,11,0,6,0,814,716,98,22,113.69,,,playhq,regular_season_ladder,,1786190872268
amnd-winter-2024-c1,sacred-heart-o-c,,SHOCS,4,0,18,10,1,6,0,780,697,83,21,111.91,,,playhq,regular_season_ladder,,1786190872268
amnd-winter-2024-c1,pembroke-o-s,,Pembroke OS C,5,0,18,9,2,6,0,788,641,147,20,122.93,,,playhq,regular_season_ladder,,1786190872268
amnd-winter-2024-c1,adelaide-wildcats,,Adelaide Wildcats,6,0,18,9,0,8,0,706,655,51,18,107.79,,,playhq,regular_season_ladder,,1786190872268
amnd-winter-2024-c1,oakdale-netball-club-sa,,Oakdale,7,0,18,8,1,8,0,660,695,-35,17,94.96,,,playhq,regular_season_ladder,,1786190872268
amnd-winter-2024-c1,walkerville,,Walkerville 2,8,0,18,7,0,10,0,638,615,23,14,103.74,,,playhq,regular_season_ladder,,1786190872268
amnd-winter-2024-c1,city-coasters,,City Coasters 1,9,0,18,3,1,13,0,602,762,-160,7,79,,,playhq,regular_season_ladder,,1786190872268
amnd-winter-2024-c1,metro-jets,,Metro Jets,10,0,18,2,1,14,0,551,791,-240,5,69.66,,,playhq,regular_season_ladder,,1786190872268
amnd-winter-2024-c2,west-croydon-netball-club,,West Croydon,1,0,18,12,0,6,0,820,638,182,24,128.53,,,playhq,regular_season_ladder,,1786190873403
amnd-winter-2024-c2,walkerville,,Walkerville 1,2,0,18,11,0,7,0,779,611,168,22,127.5,,,playhq,regular_season_ladder,,1786190873403
amnd-winter-2024-c2,city-coasters,,City Coasters 1,3,0,18,9,0,9,0,708,748,-40,18,94.65,,,playhq,regular_season_ladder,,1786190873403
amnd-winter-2024-c2,reynella-netball-club,,Reynella,4,0,18,8,0,10,0,885,819,66,16,108.06,,,playhq,regular_season_ladder,,1786190873403
amnd-winter-2024-c2,sacred-heart-o-c,,SHOCS 1,5,0,18,7,0,11,0,786,872,-86,14,90.14,,,playhq,regular_season_ladder,,1786190873403
amnd-winter-2024-c2,sacred-heart-o-c,,SHOCS 2,6,0,18,3,0,15,0,657,1094,-437,6,60.05,,,playhq,regular_season_ladder,,1786190873403
amnd-winter-2024-c6,tango-netball-club-inc,,Tango,1,0,14,13,0,1,0,652,269,383,26,242.38,,,playhq,regular_season_ladder,,1786190874560
amnd-winter-2024-c6,semaphore,,Semaphore,2,0,14,13,0,1,0,623,315,308,26,197.78,,,playhq,regular_season_ladder,,1786190874560
amnd-winter-2024-c6,matrics,,Matrics,3,0,14,10,0,4,0,579,349,230,20,165.9,,,playhq,regular_season_ladder,,1786190874560
amnd-winter-2024-c6,norwood-netball-club,,Newton Jaguars,4,0,14,8,0,6,0,406,330,76,16,123.03,,,playhq,regular_season_ladder,,1786190874560
amnd-winter-2024-c6,central-district-netball-club,,Central District,5,0,14,5,0,9,0,294,434,-140,10,67.74,,,playhq,regular_season_ladder,,1786190874560
amnd-winter-2024-c6,contax,,Contax,6,0,14,3,0,11,0,260,426,-166,6,61.03,,,playhq,regular_season_ladder,,1786190874560
amnd-winter-2024-c6,metro-jets,,Metro Jets,7,0,14,3,0,11,0,236,507,-271,6,46.55,,,playhq,regular_season_ladder,,1786190874560
amnd-winter-2024-c6,south-adelaide-netball-club,,South Adelaide,8,0,14,1,0,13,0,204,624,-420,2,32.69,,,playhq,regular_season_ladder,,1786190874560
amnd-winter-2024-inter-1,contax,,Contax,1,0,14,11,1,2,0,880,629,251,23,139.9,,,playhq,regular_season_ladder,,1786190856596
amnd-winter-2024-inter-1,garville,,Garville,2,0,14,11,0,3,0,833,608,225,22,137.01,,,playhq,regular_season_ladder,,1786190856596
amnd-winter-2024-inter-1,matrics,,Matrics,3,0,14,11,0,3,0,816,665,151,22,122.71,,,playhq,regular_season_ladder,,1786190856596
amnd-winter-2024-inter-1,oakdale-netball-club-sa,,Oakdale,4,0,14,6,1,7,0,765,729,36,13,104.94,,,playhq,regular_season_ladder,,1786190856596
amnd-winter-2024-inter-1,norwood-netball-club,,Newton Jaguars,5,0,14,4,0,10,0,638,700,-62,8,91.14,,,playhq,regular_season_ladder,,1786190856596
amnd-winter-2024-inter-1,metro-jets,,Metro Jets,6,0,14,2,0,12,0,618,817,-199,4,75.64,,,playhq,regular_season_ladder,,1786190856596
amnd-winter-2024-inter-2,garville,,Garville,1,0,14,12,0,2,0,801,510,291,24,157.06,,,playhq,regular_season_ladder,,1786190857795
amnd-winter-2024-inter-2,contax,,Contax,2,0,14,11,1,2,0,736,547,189,23,134.55,,,playhq,regular_season_ladder,,1786190857795
amnd-winter-2024-inter-2,oakdale-netball-club-sa,,Oakdale 1,3,0,14,9,1,4,0,674,573,101,19,117.63,,,playhq,regular_season_ladder,,1786190857795
amnd-winter-2024-inter-2,matrics,,Matrics,4,0,14,9,0,5,0,700,651,49,18,107.53,,,playhq,regular_season_ladder,,1786190857795
amnd-winter-2024-inter-2,oakdale-netball-club-sa,,Oakdale 2,5,0,14,4,1,9,0,556,748,-192,9,74.33,,,playhq,regular_season_ladder,,1786190857795
amnd-winter-2024-inter-2,tango-netball-club-inc,,Tango,6,0,14,3,0,11,0,560,828,-268,6,67.63,,,playhq,regular_season_ladder,,1786190857795
amnd-winter-2024-inter-2,norwood-netball-club,,Newton Jaguars,7,0,14,2,0,12,0,577,709,-132,4,81.38,,,playhq,regular_season_ladder,,1786190857795
amnd-winter-2024-inter-2,south-adelaide-netball-club,,South Adelaide,8,0,14,0,1,13,0,402,842,-440,1,47.74,,,playhq,regular_season_ladder,,1786190857795
amnd-winter-2024-inter-3,garville,,Garville,1,0,12,10,0,2,2,601,455,146,24,132.09,,,playhq,regular_season_ladder,,1786190858993
amnd-winter-2024-inter-3,matrics,,Matrics 1,2,0,12,8,1,3,2,615,470,145,21,130.85,,,playhq,regular_season_ladder,,1786190858993
amnd-winter-2024-inter-3,contax,,Contax 2,3,0,12,7,1,4,2,571,435,136,19,131.26,,,playhq,regular_season_ladder,,1786190858993
amnd-winter-2024-inter-3,matrics,,Matrics 2,4,0,12,7,0,5,2,538,568,-30,18,94.72,,,playhq,regular_season_ladder,,1786190858993
amnd-winter-2024-inter-3,contax,,Contax 1,5,0,12,6,0,6,2,636,529,107,16,120.23,,,playhq,regular_season_ladder,,1786190858993
amnd-winter-2024-inter-3,metro-jets,,Metro Jets,6,0,12,3,0,9,2,533,591,-58,10,90.19,,,playhq,regular_season_ladder,,1786190858993
amnd-winter-2024-inter-3,tango-netball-club-inc,,Tango,7,0,12,0,0,12,2,336,782,-446,4,42.97,,,playhq,regular_season_ladder,,1786190858993
amnd-winter-2024-inter-4,contax,,Contax,1,0,14,12,0,2,0,635,494,141,24,128.54,,,playhq,regular_season_ladder,,1786190860304
amnd-winter-2024-inter-4,walkerville,,Walkerville,2,0,14,11,0,3,0,641,467,174,22,137.26,,,playhq,regular_season_ladder,,1786190860304
amnd-winter-2024-inter-4,garville,,Garville,3,0,14,10,0,4,0,733,522,211,20,140.42,,,playhq,regular_season_ladder,,1786190860304
amnd-winter-2024-inter-4,matrics,,Matrics,4,0,14,8,0,6,0,683,556,127,16,122.84,,,playhq,regular_season_ladder,,1786190860304
amnd-winter-2024-inter-4,oakdale-netball-club-sa,,Oakdale,5,0,14,7,1,6,0,587,600,-13,15,97.83,,,playhq,regular_season_ladder,,1786190860304
amnd-winter-2024-inter-4,central-district-netball-club,,Central District,6,0,14,3,1,10,0,520,614,-94,7,84.69,,,playhq,regular_season_ladder,,1786190860304
amnd-winter-2024-inter-4,norwood-netball-club,,Newton Jaguars,7,0,14,3,0,11,0,407,636,-229,6,63.99,,,playhq,regular_season_ladder,,1786190860304
amnd-winter-2024-inter-4,metro-jets,,Metro Jets,8,0,14,1,0,13,0,434,751,-317,2,57.79,,,playhq,regular_season_ladder,,1786190860304
amnd-winter-2024-inter-5,reynella-netball-club,,Reynella,1,0,14,14,0,0,0,738,397,341,28,185.89,,,playhq,regular_season_ladder,,1786190861486
amnd-winter-2024-inter-5,garville,,Garville,2,0,14,12,0,2,0,680,381,299,24,178.48,,,playhq,regular_season_ladder,,1786190861486
amnd-winter-2024-inter-5,walkerville,,Walkerville,3,0,14,6,1,7,0,499,597,-98,13,83.58,,,playhq,regular_season_ladder,,1786190861486
amnd-winter-2024-inter-5,oakdale-netball-club-sa,,Oakdale,4,0,14,6,0,8,0,582,610,-28,12,95.41,,,playhq,regular_season_ladder,,1786190861486
amnd-winter-2024-inter-5,matrics,,Matrics,5,0,14,5,0,9,0,557,630,-73,10,88.41,,,playhq,regular_season_ladder,,1786190861486
amnd-winter-2024-inter-5,cheerio-netball-club,,Cheerio,6,0,14,4,1,9,0,502,660,-158,9,76.06,,,playhq,regular_season_ladder,,1786190861486
amnd-winter-2024-inter-5,tango-netball-club-inc,,Tango,7,0,8,0,0,8,6,98,327,-229,0,29.97,,,playhq,regular_season_ladder,,1786190861486
amnd-winter-2024-inter-6,oakdale-netball-club-sa,,Oakdale,1,0,13,13,0,0,1,689,317,372,28,217.35,,,playhq,regular_season_ladder,,1786190862741
amnd-winter-2024-inter-6,garville,,Garville,2,0,13,9,0,4,1,494,432,62,20,114.35,,,playhq,regular_season_ladder,,1786190862741
amnd-winter-2024-inter-6,metro-jets,,Metro Jets,3,0,13,8,0,5,1,504,488,16,18,103.28,,,playhq,regular_season_ladder,,1786190862741
amnd-winter-2024-inter-6,reynella-netball-club,,Reynella,4,0,13,7,0,6,1,554,511,43,16,108.41,,,playhq,regular_season_ladder,,1786190862741
amnd-winter-2024-inter-6,contax,,Contax,5,0,14,7,0,7,0,577,573,4,14,100.7,,,playhq,regular_season_ladder,,1786190862741
amnd-winter-2024-inter-6,norwood-netball-club,,Newton Jaguars,6,0,12,4,0,8,2,476,501,-25,12,95.01,,,playhq,regular_season_ladder,,1786190862741
amnd-winter-2024-inter-6,adelaide-wildcats,,Adelaide Wildcats,7,0,13,2,0,11,1,352,602,-250,6,58.47,,,playhq,regular_season_ladder,,1786190862741
amnd-winter-2024-inter-6,central-district-netball-club,,Central District,8,0,13,0,0,13,1,232,508,-276,2,45.67,,,playhq,regular_season_ladder,,1786190862741
amnd-winter-2024-junior-1,contax,,Contax,1,0,14,14,0,0,0,860,504,356,28,170.63,,,playhq,regular_season_ladder,,1786190774411
amnd-winter-2024-junior-1,matrics,,Matrics,2,0,14,12,0,2,0,894,495,399,24,180.61,,,playhq,regular_season_ladder,,1786190774411
amnd-winter-2024-junior-1,garville,,Garville,3,0,14,10,0,4,0,809,567,242,20,142.68,,,playhq,regular_season_ladder,,1786190774411
amnd-winter-2024-junior-1,tango-netball-club-inc,,Tango,4,0,14,7,0,7,0,658,642,16,14,102.49,,,playhq,regular_season_ladder,,1786190774411
amnd-winter-2024-junior-1,metro-jets,,Metro Jets,5,0,14,6,0,8,0,654,607,47,12,107.74,,,playhq,regular_season_ladder,,1786190774411
amnd-winter-2024-junior-1,oakdale-netball-club-sa,,Oakdale,6,0,14,5,0,9,0,580,709,-129,10,81.81,,,playhq,regular_season_ladder,,1786190774411
amnd-winter-2024-junior-1,norwood-netball-club,,Newton Jaguars,7,0,14,2,0,12,0,608,767,-159,4,79.27,,,playhq,regular_season_ladder,,1786190774411
amnd-winter-2024-junior-1,south-adelaide-netball-club,,South Adelaide,8,0,14,0,0,14,0,137,909,-772,0,15.07,,,playhq,regular_season_ladder,,1786190774411
amnd-winter-2024-junior-2,contax,,Contax 1,1,0,14,13,0,1,0,798,546,252,26,146.15,,,playhq,regular_season_ladder,,1786190775538
amnd-winter-2024-junior-2,contax,,Contax 2,2,0,14,11,1,2,0,740,509,231,23,145.38,,,playhq,regular_season_ladder,,1786190775538
amnd-winter-2024-junior-2,matrics,,Matrics,3,0,14,9,1,4,0,670,572,98,19,117.13,,,playhq,regular_season_ladder,,1786190775538
amnd-winter-2024-junior-2,garville,,Garville,4,0,14,4,0,10,0,518,637,-119,8,81.32,,,playhq,regular_season_ladder,,1786190775538
amnd-winter-2024-junior-2,oakdale-netball-club-sa,,Oakdale,5,0,14,2,0,12,0,509,723,-214,4,70.4,,,playhq,regular_season_ladder,,1786190775538
amnd-winter-2024-junior-2,reynella-netball-club,,Reynella,6,0,14,2,0,12,0,515,763,-248,4,67.5,,,playhq,regular_season_ladder,,1786190775538
amnd-winter-2024-junior-3,contax,,Contax 1,1,0,14,12,0,2,0,848,566,282,24,149.82,,,playhq,regular_season_ladder,,1786190776440
amnd-winter-2024-junior-3,matrics,,Matrics 1,2,0,14,12,0,2,0,769,531,238,24,144.82,,,playhq,regular_season_ladder,,1786190776440
amnd-winter-2024-junior-3,matrics,,Matrics 2,3,0,14,10,0,4,0,700,510,190,20,137.25,,,playhq,regular_season_ladder,,1786190776440
amnd-winter-2024-junior-3,contax,,Contax 2,4,0,14,9,1,4,0,707,485,222,19,145.77,,,playhq,regular_season_ladder,,1786190776440
amnd-winter-2024-junior-3,garville,,Garville,5,0,14,8,0,6,0,672,596,76,16,112.75,,,playhq,regular_season_ladder,,1786190776440
amnd-winter-2024-junior-3,oakdale-netball-club-sa,,Oakdale,6,0,14,5,1,8,0,597,674,-77,11,88.58,,,playhq,regular_season_ladder,,1786190776440
amnd-winter-2024-junior-3,reynella-netball-club,,Reynella,7,0,14,2,0,12,0,474,749,-275,4,63.28,,,playhq,regular_season_ladder,,1786190776440
amnd-winter-2024-junior-3,metro-jets,,Metro Jets,8,0,14,1,0,13,0,522,893,-371,2,58.45,,,playhq,regular_season_ladder,,1786190776440
amnd-winter-2024-junior-4,garville,,Garville,1,0,12,11,0,1,2,593,356,237,26,166.57,,,playhq,regular_season_ladder,,1786190777559
amnd-winter-2024-junior-4,matrics,,Matrics,2,0,13,10,0,3,1,658,348,310,22,189.08,,,playhq,regular_season_ladder,,1786190777559
amnd-winter-2024-junior-4,norwood-netball-club,,Newton Jaguars,3,0,13,9,0,4,1,617,452,165,20,136.5,,,playhq,regular_season_ladder,,1786190777559
amnd-winter-2024-junior-4,oakdale-netball-club-sa,,Oakdale,4,0,12,6,0,6,2,488,419,69,16,116.47,,,playhq,regular_season_ladder,,1786190777559
amnd-winter-2024-junior-4,walkerville,,Walkerville,5,0,13,5,0,8,1,436,514,-78,12,84.82,,,playhq,regular_season_ladder,,1786190777559
amnd-winter-2024-junior-4,tango-netball-club-inc,,Tango 1,6,0,12,1,0,11,2,302,589,-287,6,51.27,,,playhq,regular_season_ladder,,1786190777559
amnd-winter-2024-junior-4,tango-netball-club-inc,,Tango 2,7,0,13,0,0,13,1,305,758,-453,2,40.24,,,playhq,regular_season_ladder,,1786190777559
amnd-winter-2024-junior-5,contax,,Contax,1,0,14,13,0,1,0,707,323,384,26,218.89,,,playhq,regular_season_ladder,,1786190778471
amnd-winter-2024-junior-5,oakdale-netball-club-sa,,Oakdale,2,0,14,11,0,3,0,603,384,219,22,157.03,,,playhq,regular_season_ladder,,1786190778471
amnd-winter-2024-junior-5,matrics,,Matrics,3,0,14,10,0,4,0,581,405,176,20,143.46,,,playhq,regular_season_ladder,,1786190778471
amnd-winter-2024-junior-5,garville,,Garville,4,0,14,8,0,6,0,593,428,165,16,138.55,,,playhq,regular_season_ladder,,1786190778471
amnd-winter-2024-junior-5,reynella-netball-club,,Reynella,5,0,14,8,0,6,0,493,417,76,16,118.23,,,playhq,regular_season_ladder,,1786190778471
amnd-winter-2024-junior-5,metro-jets,,Metro Jets,6,0,14,2,1,11,0,313,566,-253,5,55.3,,,playhq,regular_season_ladder,,1786190778471
amnd-winter-2024-junior-5,walkerville,,Walkerville,7,0,14,2,1,11,0,324,711,-387,5,45.57,,,playhq,regular_season_ladder,,1786190778471
amnd-winter-2024-junior-5,tango-netball-club-inc,,Tango,8,0,14,1,0,13,0,203,583,-380,2,34.82,,,playhq,regular_season_ladder,,1786190778471
amnd-winter-2024-junior-6,matrics,,Matrics 1,1,0,14,11,1,2,0,672,439,233,23,153.08,,,playhq,regular_season_ladder,,1786190779537
amnd-winter-2024-junior-6,reynella-netball-club,,Reynella,2,0,14,11,1,2,0,584,397,187,23,147.1,,,playhq,regular_season_ladder,,1786190779537
amnd-winter-2024-junior-6,contax,,Contax 1,3,0,14,11,0,3,0,716,487,229,22,147.02,,,playhq,regular_season_ladder,,1786190779537
amnd-winter-2024-junior-6,garville,,Garville,4,0,14,9,0,5,0,643,556,87,18,115.65,,,playhq,regular_season_ladder,,1786190779537
amnd-winter-2024-junior-6,oakdale-netball-club-sa,,Oakdale 1,5,0,14,7,0,7,0,567,568,-1,14,99.82,,,playhq,regular_season_ladder,,1786190779537
amnd-winter-2024-junior-6,oakdale-netball-club-sa,,Oakdale 2,6,0,14,6,0,8,0,535,468,67,12,114.32,,,playhq,regular_season_ladder,,1786190779537
amnd-winter-2024-junior-6,matrics,,Matrics 2,7,0,14,6,0,8,0,620,580,40,12,106.9,,,playhq,regular_season_ladder,,1786190779537
amnd-winter-2024-junior-6,contax,,Contax 2,8,0,14,2,0,12,0,412,718,-306,4,57.38,,,playhq,regular_season_ladder,,1786190779537
amnd-winter-2024-junior-7,norwood-netball-club,,Newton Jaguars,1,0,14,10,1,3,0,518,370,148,21,140,,,playhq,regular_season_ladder,,1786190780457
amnd-winter-2024-junior-7,matrics,,Matrics,2,0,13,8,1,4,1,625,380,245,19,164.47,,,playhq,regular_season_ladder,,1786190780457
amnd-winter-2024-junior-7,reynella-netball-club,,Reynella,3,0,14,9,0,5,0,563,494,69,18,113.97,,,playhq,regular_season_ladder,,1786190780457
amnd-winter-2024-junior-7,metro-jets,,Metro Jets,4,0,14,5,2,7,0,485,522,-37,12,92.91,,,playhq,regular_season_ladder,,1786190780457
amnd-winter-2024-junior-7,adelaide-wildcats,,Adelaide Wildcats,5,0,14,5,1,8,0,397,532,-135,11,74.62,,,playhq,regular_season_ladder,,1786190780457
amnd-winter-2024-junior-7,south-adelaide-netball-club,,South Adelaide,6,0,14,4,1,9,0,331,607,-276,9,54.53,,,playhq,regular_season_ladder,,1786190780457
amnd-winter-2024-junior-7,garville,,Garville,7,0,14,4,0,10,0,448,514,-66,8,87.16,,,playhq,regular_season_ladder,,1786190780457
amnd-winter-2024-junior-7,cheerio-netball-club,,Cheerio,8,0,14,3,0,11,0,382,551,-169,6,69.33,,,playhq,regular_season_ladder,,1786190780457
amnd-winter-2024-junior-8,oakdale-netball-club-sa,,Oakdale,1,0,14,12,1,1,0,638,431,207,25,148.03,,,playhq,regular_season_ladder,,1786190781529
amnd-winter-2024-junior-8,central-district-netball-club,,Central District,2,0,13,9,0,4,1,429,357,72,18,120.17,,,playhq,regular_season_ladder,,1786190781529
amnd-winter-2024-junior-8,metro-jets,,Metro Jets,3,0,13,7,0,6,1,388,469,-81,14,82.73,,,playhq,regular_season_ladder,,1786190781529
amnd-winter-2024-junior-8,reynella-netball-club,,Reynella 1,4,0,14,7,0,7,0,405,386,19,14,104.92,,,playhq,regular_season_ladder,,1786190781529
amnd-winter-2024-junior-8,walkerville,,Walkerville,5,0,14,6,1,7,0,546,579,-33,13,94.3,,,playhq,regular_season_ladder,,1786190781529
amnd-winter-2024-junior-8,norwood-netball-club,,Newton Jaguars,6,0,13,4,2,7,1,390,367,23,10,106.27,,,playhq,regular_season_ladder,,1786190781529
amnd-winter-2024-junior-8,reynella-netball-club,,Reynella 2,7,0,14,1,0,13,0,204,497,-293,2,41.05,,,playhq,regular_season_ladder,,1786190781529
amnd-winter-2024-junior-8,south-adelaide-netball-club,,South Adelaide,8,0,14,1,0,12,0,166,643,-477,2,25.82,,,playhq,regular_season_ladder,,1786190781529
amnd-winter-2024-primary-1,matrics,,Matrics,1,0,14,12,0,2,0,451,221,230,24,204.07,,,playhq,regular_season_ladder,,1786190782503
amnd-winter-2024-primary-1,contax,,Contax,2,0,14,12,0,2,0,475,237,238,24,200.42,,,playhq,regular_season_ladder,,1786190782503
amnd-winter-2024-primary-1,reynella-netball-club,,Reynella,3,0,14,9,1,4,0,363,365,-2,19,99.45,,,playhq,regular_season_ladder,,1786190782503
amnd-winter-2024-primary-1,garville,,Garville,4,0,14,5,1,8,0,278,373,-95,11,74.53,,,playhq,regular_season_ladder,,1786190782503
amnd-winter-2024-primary-1,oakdale-netball-club-sa,,Oakdale,5,0,14,3,1,10,0,288,336,-48,7,85.71,,,playhq,regular_season_ladder,,1786190782503
amnd-winter-2024-primary-1,metro-jets,,Metro Jets,6,0,14,2,1,11,0,289,445,-156,5,64.94,,,playhq,regular_season_ladder,,1786190782503
amnd-winter-2024-primary-2,walkerville,,Walkerville,1,0,14,13,0,1,0,400,200,200,26,200,,,playhq,regular_season_ladder,,1786190784394
amnd-winter-2024-primary-2,oakdale-netball-club-sa,,Oakdale,2,0,14,10,1,3,0,332,265,67,21,125.28,,,playhq,regular_season_ladder,,1786190784394
amnd-winter-2024-primary-2,contax,,Contax,3,0,14,10,1,3,0,255,213,42,21,119.72,,,playhq,regular_season_ladder,,1786190784394
amnd-winter-2024-primary-2,tango-netball-club-inc,,Tango,4,0,14,9,0,5,0,287,213,74,18,134.74,,,playhq,regular_season_ladder,,1786190784394
amnd-winter-2024-primary-2,matrics,,Matrics 2,5,0,14,6,0,8,0,278,303,-25,12,91.75,,,playhq,regular_season_ladder,,1786190784394
amnd-winter-2024-primary-2,reynella-netball-club,,Reynella,6,0,14,5,0,9,0,210,288,-78,10,72.92,,,playhq,regular_season_ladder,,1786190784394
amnd-winter-2024-primary-2,south-adelaide-netball-club,,South Adelaide,7,0,14,2,0,12,0,164,308,-144,4,53.25,,,playhq,regular_season_ladder,,1786190784394
amnd-winter-2024-primary-2,matrics,,Matrics 1,8,0,14,1,0,13,0,180,373,-193,2,48.26,,,playhq,regular_season_ladder,,1786190784394
amnd-winter-2024-primary-3,oakdale-netball-club-sa,,Oakdale 2,1,0,14,13,0,1,0,350,144,206,26,243.06,,,playhq,regular_season_ladder,,1786190784779
amnd-winter-2024-primary-3,oakdale-netball-club-sa,,Oakdale 1,2,0,14,11,0,3,0,249,183,66,22,136.07,,,playhq,regular_season_ladder,,1786190784779
amnd-winter-2024-primary-3,norwood-netball-club,,Newton Jaguars,3,0,14,9,0,5,0,315,233,82,18,135.19,,,playhq,regular_season_ladder,,1786190784779
amnd-winter-2024-primary-3,contax,,Contax,4,0,14,8,1,5,0,287,206,81,17,139.32,,,playhq,regular_season_ladder,,1786190784779
amnd-winter-2024-primary-3,reynella-netball-club,,Reynella,5,0,14,5,0,9,0,205,283,-78,10,72.44,,,playhq,regular_season_ladder,,1786190784779
amnd-winter-2024-primary-3,metro-jets,,Metro Jets,6,0,14,3,3,8,0,192,283,-91,9,67.84,,,playhq,regular_season_ladder,,1786190784779
amnd-winter-2024-primary-3,tango-netball-club-inc,,Tango,7,0,14,2,1,11,0,152,224,-72,5,67.86,,,playhq,regular_season_ladder,,1786190784779
amnd-winter-2024-primary-3,matrics,,Matrics,8,0,14,2,1,11,0,148,276,-128,5,53.62,,,playhq,regular_season_ladder,,1786190784779
amnd-winter-2024-primary-4,matrics,,Matrics,1,0,14,13,0,1,0,344,155,189,26,221.94,,,playhq,regular_season_ladder,,1786190785662
amnd-winter-2024-primary-4,walkerville,,Walkerville 1,2,0,14,11,0,3,0,314,163,151,22,192.64,,,playhq,regular_season_ladder,,1786190785662
amnd-winter-2024-primary-4,contax,,Contax,3,0,14,6,1,7,0,228,257,-29,13,88.72,,,playhq,regular_season_ladder,,1786190785662
amnd-winter-2024-primary-4,norwood-netball-club,,Newton Jaguars,4,0,14,6,0,8,0,225,244,-19,12,92.21,,,playhq,regular_season_ladder,,1786190785662
amnd-winter-2024-primary-4,garville,,Garville,5,0,14,3,1,10,0,114,285,-171,7,40,,,playhq,regular_season_ladder,,1786190785662
amnd-winter-2024-primary-4,walkerville,,Walkerville 2,6,0,14,3,0,11,0,178,248,-70,6,71.77,,,playhq,regular_season_ladder,,1786190785662
amnd-winter-2024-primary-5a,metro-jets,,Metro Jets,1,0,14,13,0,1,0,362,148,214,26,244.59,,,playhq,regular_season_ladder,,1786190786786
amnd-winter-2024-primary-5a,matrics,,Matrics 2,2,0,14,11,0,3,0,276,174,102,22,158.62,,,playhq,regular_season_ladder,,1786190786786
amnd-winter-2024-primary-5a,matrics,,Matrics 1,3,0,14,8,0,6,0,227,190,37,16,119.47,,,playhq,regular_season_ladder,,1786190786786
amnd-winter-2024-primary-5a,oakdale-netball-club-sa,,Oakdale,4,0,14,8,0,6,0,184,182,2,16,101.1,,,playhq,regular_season_ladder,,1786190786786
amnd-winter-2024-primary-5a,contax,,Contax,5,0,14,3,0,11,0,144,285,-141,6,50.53,,,playhq,regular_season_ladder,,1786190786786
amnd-winter-2024-primary-5a,reynella-netball-club,,Reynella,6,0,14,2,0,12,0,173,251,-78,4,68.92,,,playhq,regular_season_ladder,,1786190786786
amnd-winter-2024-primary-5b,cheerio-netball-club,,Cheerio,1,0,14,10,1,3,0,281,194,87,21,144.85,,,playhq,regular_season_ladder,,1786190787662
amnd-winter-2024-primary-5b,tango-netball-club-inc,,Tango,2,0,14,9,0,5,0,255,191,64,18,133.51,,,playhq,regular_season_ladder,,1786190787662
amnd-winter-2024-primary-5b,matrics,,Matrics,3,0,14,6,1,7,0,207,239,-32,13,86.61,,,playhq,regular_season_ladder,,1786190787662
amnd-winter-2024-primary-5b,walkerville,,Walkerville,4,0,14,5,2,7,0,221,223,-2,12,99.1,,,playhq,regular_season_ladder,,1786190787662
amnd-winter-2024-primary-5b,oakdale-netball-club-sa,,Oakdale,5,0,14,5,2,7,0,206,212,-6,12,97.17,,,playhq,regular_season_ladder,,1786190787662
amnd-winter-2024-primary-5b,garville,,Garville,6,0,14,0,0,14,0,88,394,-306,0,22.34,,,playhq,regular_season_ladder,,1786190787662
amnd-winter-2024-primary-6,oakdale-netball-club-sa,,Oakdale 1,1,0,14,12,0,2,0,235,126,109,24,186.51,,,playhq,regular_season_ladder,,1786190788631
amnd-winter-2024-primary-6,oakdale-netball-club-sa,,Oakdale 2,2,0,14,10,0,4,0,175,120,55,20,145.83,,,playhq,regular_season_ladder,,1786190788631
amnd-winter-2024-primary-6,adelaide-wildcats,,Adelaide Wildcats,3,0,14,9,0,5,0,154,118,36,18,130.51,,,playhq,regular_season_ladder,,1786190788631
amnd-winter-2024-primary-6,contax,,Contax,4,0,14,8,0,6,0,164,145,19,16,113.1,,,playhq,regular_season_ladder,,1786190788631
amnd-winter-2024-primary-6,south-adelaide-netball-club,,South Adelaide 1,5,0,14,6,1,7,0,183,230,-47,13,79.57,,,playhq,regular_season_ladder,,1786190788631
amnd-winter-2024-primary-6,walkerville,,Walkerville,6,0,14,5,2,7,0,154,152,2,12,101.32,,,playhq,regular_season_ladder,,1786190788631
amnd-winter-2024-primary-6,south-adelaide-netball-club,,South Adelaide 2,7,0,14,3,1,10,0,105,185,-80,7,56.76,,,playhq,regular_season_ladder,,1786190788631
amnd-winter-2024-primary-6,garville,,Garville,8,0,14,1,0,13,0,90,260,-170,2,34.62,,,playhq,regular_season_ladder,,1786190788631
amnd-winter-2024-primary-7,matrics,,Matrics 1,1,0,14,12,0,2,0,196,98,98,24,200,,,playhq,regular_season_ladder,,1786190789612
amnd-winter-2024-primary-7,norwood-netball-club,,Newton Jaguars,2,0,14,10,0,4,0,143,91,52,20,157.14,,,playhq,regular_season_ladder,,1786190789612
amnd-winter-2024-primary-7,matrics,,Matrics 2,3,0,14,9,0,5,0,128,97,31,18,131.96,,,playhq,regular_season_ladder,,1786190789612
amnd-winter-2024-primary-7,metro-jets,,Metro Jets,4,0,14,8,0,6,0,179,115,64,16,155.65,,,playhq,regular_season_ladder,,1786190789612
amnd-winter-2024-primary-7,tango-netball-club-inc,,Tango,5,0,14,4,0,10,0,96,148,-52,8,64.86,,,playhq,regular_season_ladder,,1786190789612
amnd-winter-2024-primary-7,cheerio-netball-club,,Cheerio,6,0,14,4,0,10,0,98,179,-81,8,54.75,,,playhq,regular_season_ladder,,1786190789612
amnd-winter-2024-primary-7,reynella-netball-club,,Reynella,7,0,14,3,0,11,0,129,208,-79,6,62.02,,,playhq,regular_season_ladder,,1786190789612
amnd-winter-2024-primary-7,walkerville,,Walkerville,8,0,14,2,0,12,0,59,184,-125,4,32.07,,,playhq,regular_season_ladder,,1786190789612
amnd-winter-2024-sub-junior-1,contax,,Contax 1,1,0,14,14,0,0,0,536,259,277,28,206.95,,,playhq,regular_season_ladder,,1786190790594
amnd-winter-2024-sub-junior-1,garville,,Garville,2,0,14,11,0,3,0,484,294,190,22,164.63,,,playhq,regular_season_ladder,,1786190790594
amnd-winter-2024-sub-junior-1,matrics,,Matrics,3,0,14,11,0,3,0,483,339,144,22,142.48,,,playhq,regular_season_ladder,,1786190790594
amnd-winter-2024-sub-junior-1,contax,,Contax 2,4,0,14,9,0,5,0,452,351,101,18,128.77,,,playhq,regular_season_ladder,,1786190790594
amnd-winter-2024-sub-junior-1,oakdale-netball-club-sa,,Oakdale,5,0,14,7,0,7,0,417,350,67,14,119.14,,,playhq,regular_season_ladder,,1786190790594
amnd-winter-2024-sub-junior-1,strikers-club,,Strikers,6,0,14,4,0,10,0,298,414,-116,8,71.98,,,playhq,regular_season_ladder,,1786190790594
amnd-winter-2024-sub-junior-1,tango-netball-club-inc,,Tango,7,0,14,3,0,11,0,295,410,-115,6,71.95,,,playhq,regular_season_ladder,,1786190790594
amnd-winter-2024-sub-junior-1,metro-jets,,Metro Jets,8,0,14,1,0,13,0,229,556,-327,2,41.19,,,playhq,regular_season_ladder,,1786190790594
amnd-winter-2024-sub-junior-2,contax,,Contax,1,0,14,12,0,2,0,490,266,224,24,184.21,,,playhq,regular_season_ladder,,1786190791668
amnd-winter-2024-sub-junior-2,reynella-netball-club,,Reynella,2,0,14,11,0,3,0,429,332,97,22,129.22,,,playhq,regular_season_ladder,,1786190791668
amnd-winter-2024-sub-junior-2,oakdale-netball-club-sa,,Oakdale,3,0,14,10,0,4,0,376,320,56,20,117.5,,,playhq,regular_season_ladder,,1786190791668
amnd-winter-2024-sub-junior-2,norwood-netball-club,,Newton Jaguars,4,0,14,9,1,4,0,340,298,42,19,114.09,,,playhq,regular_season_ladder,,1786190791668
amnd-winter-2024-sub-junior-2,walkerville,,Walkerville,5,0,14,6,1,7,0,381,337,44,13,113.06,,,playhq,regular_season_ladder,,1786190791668
amnd-winter-2024-sub-junior-2,matrics,,Matrics 2,6,0,14,6,1,7,0,335,352,-17,13,95.17,,,playhq,regular_season_ladder,,1786190791668
amnd-winter-2024-sub-junior-2,matrics,,Matrics 1,7,0,14,4,1,9,0,346,434,-88,9,79.72,,,playhq,regular_season_ladder,,1786190791668
amnd-winter-2024-sub-junior-2,south-adelaide-netball-club,,South Adelaide,8,0,14,0,0,14,0,199,453,-254,0,43.93,,,playhq,regular_season_ladder,,1786190791668
amnd-winter-2024-sub-junior-3,matrics,,Matrics,1,0,14,12,0,2,0,462,286,176,24,161.54,,,playhq,regular_season_ladder,,1786190792710
amnd-winter-2024-sub-junior-3,garville,,Garville 2,2,0,14,10,0,4,0,433,288,145,20,150.35,,,playhq,regular_season_ladder,,1786190792710
amnd-winter-2024-sub-junior-3,garville,,Garville 1,3,0,14,7,0,7,0,373,364,9,14,102.47,,,playhq,regular_season_ladder,,1786190792710
amnd-winter-2024-sub-junior-3,metro-jets,,Metro Jets,4,0,14,3,1,10,0,290,426,-136,7,68.08,,,playhq,regular_season_ladder,,1786190792710
amnd-winter-2024-sub-junior-3,oakdale-netball-club-sa,,Oakdale,5,0,14,3,0,11,0,267,387,-120,6,68.99,,,playhq,regular_season_ladder,,1786190792710
amnd-winter-2024-sub-junior-3,tango-netball-club-inc,,Tango,6,0,14,2,0,12,0,212,428,-216,4,49.53,,,playhq,regular_season_ladder,,1786190792710
amnd-winter-2024-sub-junior-4,contax,,Contax,1,0,14,13,0,1,0,464,237,227,26,195.78,,,playhq,regular_season_ladder,,1786190793647
amnd-winter-2024-sub-junior-4,matrics,,Matrics 1,2,0,14,11,0,3,0,400,252,148,22,158.73,,,playhq,regular_season_ladder,,1786190793647
amnd-winter-2024-sub-junior-4,matrics,,Matrics 2,3,0,14,10,0,4,0,442,305,137,20,144.92,,,playhq,regular_season_ladder,,1786190793647
amnd-winter-2024-sub-junior-4,oakdale-netball-club-sa,,Oakdale,4,0,14,7,0,7,0,291,300,-9,14,97,,,playhq,regular_season_ladder,,1786190793647
amnd-winter-2024-sub-junior-4,garville,,Garville,5,0,14,5,0,9,0,301,287,14,10,104.88,,,playhq,regular_season_ladder,,1786190793647
amnd-winter-2024-sub-junior-4,tango-netball-club-inc,,Tango,6,0,14,5,0,9,0,261,372,-111,10,70.16,,,playhq,regular_season_ladder,,1786190793647
amnd-winter-2024-sub-junior-4,walkerville,,Walkerville,7,0,14,4,1,9,0,254,410,-156,9,61.95,,,playhq,regular_season_ladder,,1786190793647
amnd-winter-2024-sub-junior-4,reynella-netball-club,,Reynella,8,0,14,1,0,13,0,215,388,-173,2,55.41,,,playhq,regular_season_ladder,,1786190793647
amnd-winter-2024-sub-junior-5,contax,,Contax 2,1,0,14,14,0,0,0,494,204,290,28,242.16,,,playhq,regular_season_ladder,,1786190794606
amnd-winter-2024-sub-junior-5,contax,,Contax 1,2,0,14,11,0,3,0,411,256,155,22,160.55,,,playhq,regular_season_ladder,,1786190794606
amnd-winter-2024-sub-junior-5,oakdale-netball-club-sa,,Oakdale,3,0,14,7,1,6,0,334,300,34,15,111.33,,,playhq,regular_season_ladder,,1786190794606
amnd-winter-2024-sub-junior-5,metro-jets,,Metro Jets,4,0,14,6,1,7,0,290,292,-2,13,99.32,,,playhq,regular_season_ladder,,1786190794606
amnd-winter-2024-sub-junior-5,norwood-netball-club,,Newton Jaguars,5,0,14,6,0,8,0,303,295,8,12,102.71,,,playhq,regular_season_ladder,,1786190794606
amnd-winter-2024-sub-junior-5,garville,,Garville,6,0,14,5,2,7,0,296,342,-46,12,86.55,,,playhq,regular_season_ladder,,1786190794606
amnd-winter-2024-sub-junior-5,walkerville,,Walkerville,7,0,14,4,2,8,0,268,363,-95,10,73.83,,,playhq,regular_season_ladder,,1786190794606
amnd-winter-2024-sub-junior-5,south-adelaide-netball-club,,South Adelaide,8,0,14,0,0,14,0,130,533,-403,0,24.39,,,playhq,regular_season_ladder,,1786190794606
amnd-winter-2024-sub-junior-6a,oakdale-netball-club-sa,,Oakdale,1,0,14,12,0,2,0,369,280,89,24,131.79,,,playhq,regular_season_ladder,,1786190795697
amnd-winter-2024-sub-junior-6a,contax,,Contax,2,0,14,11,0,3,0,378,205,173,22,184.39,,,playhq,regular_season_ladder,,1786190795697
amnd-winter-2024-sub-junior-6a,tango-netball-club-inc,,Tango,3,0,14,11,0,3,0,373,343,30,22,108.75,,,playhq,regular_season_ladder,,1786190795697
amnd-winter-2024-sub-junior-6a,metro-jets,,Metro Jets,4,0,14,9,0,5,0,362,245,117,18,147.76,,,playhq,regular_season_ladder,,1786190795697
amnd-winter-2024-sub-junior-6a,matrics,,Matrics,5,0,14,5,0,9,0,363,374,-11,10,97.06,,,playhq,regular_season_ladder,,1786190795697
amnd-winter-2024-sub-junior-6a,garville,,Garville,6,0,14,5,0,9,0,282,334,-52,10,84.43,,,playhq,regular_season_ladder,,1786190795697
amnd-winter-2024-sub-junior-6a,reynella-netball-club,,Reynella,7,0,14,2,0,12,0,299,397,-98,4,75.31,,,playhq,regular_season_ladder,,1786190795697
amnd-winter-2024-sub-junior-6a,adelaide-wildcats,,Adelaide Wildcats,8,0,14,0,0,14,0,176,452,-276,0,38.94,,,playhq,regular_season_ladder,,1786190795697
amnd-winter-2024-sub-junior-6b,matrics,,Matrics,1,0,14,11,2,1,0,396,262,134,24,151.15,,,playhq,regular_season_ladder,,1786190796607
amnd-winter-2024-sub-junior-6b,cheerio-netball-club,,Cheerio,2,0,14,10,1,3,0,307,224,83,21,137.05,,,playhq,regular_season_ladder,,1786190796607
amnd-winter-2024-sub-junior-6b,oakdale-netball-club-sa,,Oakdale,3,0,14,8,3,3,0,336,224,112,19,150,,,playhq,regular_season_ladder,,1786190796607
amnd-winter-2024-sub-junior-6b,contax,,Contax,4,0,14,6,0,8,0,311,276,35,12,112.68,,,playhq,regular_season_ladder,,1786190796607
amnd-winter-2024-sub-junior-6b,metro-jets,,Metro Jets,5,0,14,6,0,8,0,322,296,26,12,108.78,,,playhq,regular_season_ladder,,1786190796607
amnd-winter-2024-sub-junior-6b,walkerville,,Walkerville,6,0,14,1,0,13,0,129,390,-261,2,33.08,,,playhq,regular_season_ladder,,1786190796607
amnd-winter-2024-sub-junior-7,matrics,,Matrics,1,0,14,14,0,0,0,404,160,244,28,252.5,,,playhq,regular_season_ladder,,1786190797723
amnd-winter-2024-sub-junior-7,central-district-netball-club,,Central District,2,0,14,10,0,4,0,350,218,132,20,160.55,,,playhq,regular_season_ladder,,1786190797723
amnd-winter-2024-sub-junior-7,norwood-netball-club,,Newton  Jaguars,3,0,14,10,0,4,0,317,256,61,20,123.83,,,playhq,regular_season_ladder,,1786190797723
amnd-winter-2024-sub-junior-7,oakdale-netball-club-sa,,Oakdale,4,0,14,6,0,8,0,283,248,35,12,114.11,,,playhq,regular_season_ladder,,1786190797723
amnd-winter-2024-sub-junior-7,garville,,Garville,5,0,14,4,0,10,0,232,326,-94,8,71.17,,,playhq,regular_season_ladder,,1786190797723
amnd-winter-2024-sub-junior-7,south-adelaide-netball-club,,South Adelaide,6,0,14,0,0,14,0,88,412,-324,0,21.36,,,playhq,regular_season_ladder,,1786190797723
amnd-winter-2024-sub-junior-8,metro-jets,,Metro Jets,1,0,14,11,0,3,0,370,186,184,22,198.92,,,playhq,regular_season_ladder,,1786190853072
amnd-winter-2024-sub-junior-8,tango-netball-club-inc,,Tango,2,0,14,10,0,4,0,273,228,45,20,119.74,,,playhq,regular_season_ladder,,1786190853072
amnd-winter-2024-sub-junior-8,cheerio-netball-club,,Cheerio 1,3,0,14,7,0,7,0,262,230,32,14,113.91,,,playhq,regular_season_ladder,,1786190853072
amnd-winter-2024-sub-junior-8,reynella-netball-club,,Reynella,4,0,14,7,0,7,0,266,236,30,14,112.71,,,playhq,regular_season_ladder,,1786190853072
amnd-winter-2024-sub-junior-8,walkerville,,Walkerville,5,0,14,7,0,7,0,309,276,33,14,111.96,,,playhq,regular_season_ladder,,1786190853072
amnd-winter-2024-sub-junior-8,adelaide-wildcats,,Adelaide Wildcats,6,0,14,3,1,10,0,198,281,-83,7,70.46,,,playhq,regular_season_ladder,,1786190853072
amnd-winter-2024-sub-junior-8,cheerio-netball-club,,Cheerio 2,7,0,14,1,1,12,0,81,307,-226,3,26.38,,,playhq,regular_season_ladder,,1786190853072
amnd-winter-2024-sub-junior-8,norwood-netball-club,,Newton Jaguars,8,0,14,1,0,13,0,73,444,-371,2,16.44,,,playhq,regular_season_ladder,,1786190853072
amnd-winter-2025-a-grade,walkerville,,Walkerville,1,0,18,16,1,1,0,979,677,302,33,144.61,,,playhq,regular_season_ladder,,1786190763507
amnd-winter-2025-a-grade,phoenix-netball-club-sa,,Phoenix,2,0,18,15,0,3,0,1013,858,155,30,118.07,,,playhq,regular_season_ladder,,1786190763507
amnd-winter-2025-a-grade,matrics,,Matrics,3,0,18,13,2,3,0,1023,774,249,28,132.17,,,playhq,regular_season_ladder,,1786190763507
amnd-winter-2025-a-grade,oakdale-netball-club-sa,,Oakdale,4,0,18,11,0,7,0,974,864,110,22,112.73,,,playhq,regular_season_ladder,,1786190763507
amnd-winter-2025-a-grade,adelaide-wildcats,,Adelaide Wildcats,5,0,18,10,1,7,0,1021,889,132,21,114.85,,,playhq,regular_season_ladder,,1786190763507
amnd-winter-2025-a-grade,south-adelaide-netball-club,,South Adelaide,6,0,18,7,0,11,0,892,870,22,14,102.53,,,playhq,regular_season_ladder,,1786190763507
amnd-winter-2025-a-grade,contax,,Contax,7,0,18,6,1,11,0,816,882,-66,13,92.52,,,playhq,regular_season_ladder,,1786190763507
amnd-winter-2025-a-grade,reynella-netball-club,,Reynella,8,0,18,4,2,12,0,743,942,-199,10,78.87,,,playhq,regular_season_ladder,,1786190763507
amnd-winter-2025-a-grade,metro-jets,,Metro Jets,9,0,18,3,0,15,0,772,1055,-283,6,73.18,,,playhq,regular_season_ladder,,1786190763507
amnd-winter-2025-a-grade,garville,,Garville,10,0,18,1,1,16,0,665,1087,-422,3,61.18,,,playhq,regular_season_ladder,,1786190763507
amnd-winter-2025-amnd,walkerville,,Walkerville,1,0,18,18,0,0,0,1135,693,442,36,163.78,,,playhq,regular_season_ladder,,1786190764476
amnd-winter-2025-amnd,contax,,Contax,2,0,18,15,0,3,0,1117,893,224,30,125.08,,,playhq,regular_season_ladder,,1786190764476
amnd-winter-2025-amnd,reynella-netball-club,,Reynella,3,0,18,11,0,7,0,986,929,57,22,106.14,,,playhq,regular_season_ladder,,1786190764476
amnd-winter-2025-amnd,oakdale-netball-club-sa,,Oakdale,4,0,18,9,2,7,0,916,819,97,20,111.84,,,playhq,regular_season_ladder,,1786190764476
amnd-winter-2025-amnd,garville,,Garville,5,0,18,10,0,8,0,942,917,25,20,102.73,,,playhq,regular_season_ladder,,1786190764476
amnd-winter-2025-amnd,matrics,,Matrics,6,0,18,7,1,10,0,754,794,-40,15,94.96,,,playhq,regular_season_ladder,,1786190764476
amnd-winter-2025-amnd,south-adelaide-netball-club,,South Adelaide,7,0,18,7,0,11,0,810,928,-118,14,87.28,,,playhq,regular_season_ladder,,1786190764476
amnd-winter-2025-amnd,norwood-netball-club,,Newton Jaguars,8,0,18,7,0,11,0,825,954,-129,14,86.48,,,playhq,regular_season_ladder,,1786190764476
amnd-winter-2025-amnd,metro-jets,,Metro Jets,9,0,18,4,1,13,0,790,944,-154,9,83.69,,,playhq,regular_season_ladder,,1786190764476
amnd-winter-2025-amnd,tango-netball-club-inc,,Tango,10,0,18,0,0,18,0,675,1079,-404,0,62.56,,,playhq,regular_season_ladder,,1786190764476
amnd-winter-2025-b1,reynella-netball-club,,Reynella,1,0,18,17,0,1,0,1001,641,360,34,156.16,,,playhq,regular_season_ladder,,1786190765604
amnd-winter-2025-b1,walkerville,,Walkerville 1,2,0,18,15,0,3,0,1063,727,336,30,146.22,,,playhq,regular_season_ladder,,1786190765604
amnd-winter-2025-b1,matrics,,Matrics,3,0,18,14,0,4,0,982,717,265,28,136.96,,,playhq,regular_season_ladder,,1786190765604
amnd-winter-2025-b1,sacred-heart-o-c,,SHOCS,4,0,18,11,0,7,0,994,885,109,22,112.32,,,playhq,regular_season_ladder,,1786190765604
amnd-winter-2025-b1,walkerville,,Walkerville 2,5,0,18,7,0,11,0,848,914,-66,14,92.78,,,playhq,regular_season_ladder,,1786190765604
amnd-winter-2025-b1,city-coasters,,City Coasters,6,0,18,3,0,15,0,662,1007,-345,6,65.74,,,playhq,regular_season_ladder,,1786190765604
amnd-winter-2025-b1,norwood-netball-club,,Newton Jaguars,7,0,18,3,0,15,0,649,1044,-395,6,62.16,,,playhq,regular_season_ladder,,1786190765604
amnd-winter-2025-b1,oakdale-netball-club-sa,,Oakdale,8,0,18,2,0,16,0,721,985,-264,4,73.2,,,playhq,regular_season_ladder,,1786190765604
amnd-winter-2025-b2,matrics,,Matrics,1,0,18,17,1,0,0,1028,570,458,35,180.35,,,playhq,regular_season_ladder,,1786190766423
amnd-winter-2025-b2,walkerville,,Walkerville 2,2,0,18,14,0,4,0,890,713,177,28,124.82,,,playhq,regular_season_ladder,,1786190766423
amnd-winter-2025-b2,walkerville,,Walkerville 1,3,0,18,11,1,6,0,953,877,76,23,108.67,,,playhq,regular_season_ladder,,1786190766423
amnd-winter-2025-b2,adelaide-wildcats,,Adelaide Wildcats,4,0,18,11,0,7,0,863,765,98,22,112.81,,,playhq,regular_season_ladder,,1786190766423
amnd-winter-2025-b2,metro-jets,,Metro Jets,5,0,18,6,0,12,0,792,882,-90,12,89.8,,,playhq,regular_season_ladder,,1786190766423
amnd-winter-2025-b2,south-adelaide-netball-club,,South Adelaide,6,0,18,4,1,13,0,789,969,-180,9,81.42,,,playhq,regular_season_ladder,,1786190766423
amnd-winter-2025-b2,tango-netball-club-inc,,Tango,7,0,18,3,2,13,0,754,1033,-279,8,72.99,,,playhq,regular_season_ladder,,1786190766423
amnd-winter-2025-b2,contax,,Contax,8,0,18,3,1,14,0,686,946,-260,7,72.52,,,playhq,regular_season_ladder,,1786190766423
amnd-winter-2025-b3,contax,,Contax,1,0,18,14,1,3,0,976,686,290,29,142.27,,,playhq,regular_season_ladder,,1786190767455
amnd-winter-2025-b3,walkerville,,Walkerville 1,2,0,18,13,1,4,0,1019,805,214,27,126.58,,,playhq,regular_season_ladder,,1786190767455
amnd-winter-2025-b3,matrics,,Matrics,3,0,18,13,0,5,0,1035,781,254,26,132.52,,,playhq,regular_season_ladder,,1786190767455
amnd-winter-2025-b3,oakdale-netball-club-sa,,Oakdale,4,0,18,13,0,5,0,919,754,165,26,121.88,,,playhq,regular_season_ladder,,1786190767455
amnd-winter-2025-b3,city-coasters,,City Coasters,5,0,18,9,0,9,0,911,805,106,18,113.17,,,playhq,regular_season_ladder,,1786190767455
amnd-winter-2025-b3,walkerville,,Walkerville 2,6,0,18,5,0,13,0,782,830,-48,10,94.22,,,playhq,regular_season_ladder,,1786190767455
amnd-winter-2025-b3,cheerio-netball-club,,Cheerio,7,0,18,4,0,14,0,630,917,-287,8,68.7,,,playhq,regular_season_ladder,,1786190767455
amnd-winter-2025-b3,adelaide-wildcats,,Adelaide Wildcats,8,0,18,0,0,18,0,484,1178,-694,0,41.09,,,playhq,regular_season_ladder,,1786190767455
amnd-winter-2025-b4,reynella-netball-club,,Reynella,1,0,18,17,0,1,0,943,684,259,34,137.87,,,playhq,regular_season_ladder,,1786190768414
amnd-winter-2025-b4,pembroke-o-s,,Pembroke OS,2,0,18,13,0,5,0,923,708,215,26,130.37,,,playhq,regular_season_ladder,,1786190768414
amnd-winter-2025-b4,sacred-heart-o-c,,SHOCS,3,0,18,13,0,5,0,889,684,205,26,129.97,,,playhq,regular_season_ladder,,1786190768414
amnd-winter-2025-b4,walkerville,,Walkerville 1,4,0,18,11,0,7,0,847,736,111,22,115.08,,,playhq,regular_season_ladder,,1786190768414
amnd-winter-2025-b4,walkerville,,Walkerville 2,5,0,18,10,0,8,0,736,712,24,20,103.37,,,playhq,regular_season_ladder,,1786190768414
amnd-winter-2025-b4,city-coasters,,City Coasters,6,0,18,8,0,10,0,689,724,-35,16,95.17,,,playhq,regular_season_ladder,,1786190768414
amnd-winter-2025-b4,matrics,,Matrics,7,0,18,2,0,16,0,629,860,-231,4,73.14,,,playhq,regular_season_ladder,,1786190768414
amnd-winter-2025-b4,cheerio-netball-club,,Cheerio,8,0,18,2,0,16,0,547,820,-273,4,66.71,,,playhq,regular_season_ladder,,1786190768414
amnd-winter-2025-b5,central-district-netball-club,,Central District,1,0,18,15,0,3,0,1049,693,356,30,151.37,,,playhq,regular_season_ladder,,1786190769407
amnd-winter-2025-b5,walkerville,,Walkerville,2,0,18,14,0,4,0,866,638,228,28,135.74,,,playhq,regular_season_ladder,,1786190769407
amnd-winter-2025-b5,city-coasters,,City Coasters 2,3,0,18,10,1,7,0,939,827,112,21,113.54,,,playhq,regular_season_ladder,,1786190769407
amnd-winter-2025-b5,city-coasters,,City Coasters 1,4,0,18,10,1,7,0,747,679,68,21,110.01,,,playhq,regular_season_ladder,,1786190769407
amnd-winter-2025-b5,tango-netball-club-inc,,Tango,5,0,18,8,1,9,0,819,829,-10,17,98.79,,,playhq,regular_season_ladder,,1786190769407
amnd-winter-2025-b5,oakdale-netball-club-sa,,Oakdale,6,0,18,6,0,12,0,670,861,-191,12,77.82,,,playhq,regular_season_ladder,,1786190769407
amnd-winter-2025-b5,metro-jets,,Metro Jets 1,7,0,18,3,0,15,0,631,1007,-376,6,62.66,,,playhq,regular_season_ladder,,1786190769407
amnd-winter-2025-b5,metro-jets,,Metro Jets 2,8,0,18,0,1,17,0,593,1055,-462,1,56.21,,,playhq,regular_season_ladder,,1786190769407
amnd-winter-2025-c1,sacred-heart-o-c,,SHOCS 1,1,0,18,16,0,2,0,853,659,194,32,129.44,,,playhq,regular_season_ladder,,1786190770427
amnd-winter-2025-c1,city-coasters,,City Coasters 2,2,0,18,15,0,3,0,869,628,241,30,138.38,,,playhq,regular_season_ladder,,1786190770427
amnd-winter-2025-c1,city-coasters,,City Coasters 1,3,0,18,14,0,4,0,893,553,340,28,161.48,,,playhq,regular_season_ladder,,1786190770427
amnd-winter-2025-c1,walkerville,,Walkerville 1,4,0,18,14,0,4,0,825,707,118,28,116.69,,,playhq,regular_season_ladder,,1786190770427
amnd-winter-2025-c1,sacred-heart-o-c,,SHOCS 3,5,0,18,9,0,9,0,793,777,16,18,102.06,,,playhq,regular_season_ladder,,1786190770427
amnd-winter-2025-c1,sacred-heart-o-c,,SHOCS 2,6,0,18,8,0,10,0,699,743,-44,16,94.08,,,playhq,regular_season_ladder,,1786190770427
amnd-winter-2025-c1,adelaide-wildcats,,Adelaide Wildcats,7,0,18,6,0,12,0,696,766,-70,12,90.86,,,playhq,regular_season_ladder,,1786190770427
amnd-winter-2025-c1,oakdale-netball-club-sa,,Oakdale,8,0,18,5,0,13,0,681,829,-148,10,82.15,,,playhq,regular_season_ladder,,1786190770427
amnd-winter-2025-c1,west-croydon-netball-club,,West Croydon,9,0,18,4,0,14,0,718,910,-192,8,78.9,,,playhq,regular_season_ladder,,1786190770427
amnd-winter-2025-c1,walkerville,,Walkerville 2,10,0,18,3,0,15,0,583,798,-215,6,73.06,,,playhq,regular_season_ladder,,1786190770427
amnd-winter-2025-c2,central-district-netball-club,,Central District,1,0,18,16,0,2,0,946,530,416,32,178.49,,,playhq,regular_season_ladder,,1786190771402
amnd-winter-2025-c2,walkerville,,Walkerville 1,2,0,18,15,0,3,0,936,646,290,30,144.89,,,playhq,regular_season_ladder,,1786190771402
amnd-winter-2025-c2,pembroke-o-s,,Pembroke OS,3,0,18,13,0,5,0,882,723,159,26,121.99,,,playhq,regular_season_ladder,,1786190771402
amnd-winter-2025-c2,city-coasters,,City Coasters 1,4,0,18,10,0,8,0,771,646,125,20,119.35,,,playhq,regular_season_ladder,,1786190771402
amnd-winter-2025-c2,city-coasters,,City Coasters 2,5,0,18,8,1,9,0,809,769,40,17,105.2,,,playhq,regular_season_ladder,,1786190771402
amnd-winter-2025-c2,adelaide-wildcats,,Adelaide Wildcats,6,0,18,8,0,10,0,622,749,-127,16,83.04,,,playhq,regular_season_ladder,,1786190771402
amnd-winter-2025-c2,sacred-heart-o-c,,SHOCS 3,7,0,18,7,1,10,0,719,771,-52,15,93.26,,,playhq,regular_season_ladder,,1786190771402
amnd-winter-2025-c2,walkerville,,Walkerville 2,8,0,18,6,0,12,0,532,703,-171,12,75.68,,,playhq,regular_season_ladder,,1786190771402
amnd-winter-2025-c2,reynella-netball-club,,Reynella,9,0,18,2,0,16,0,584,1045,-461,4,55.89,,,playhq,regular_season_ladder,,1786190771402
amnd-winter-2025-c2,sacred-heart-o-c,,SHOCS 1,10,0,18,0,0,18,0,577,1036,-459,0,55.69,,,playhq,regular_season_ladder,,1786190771402
amnd-winter-2025-c6,tango-netball-club-inc,,Tango,1,0,14,14,0,0,0,712,287,425,28,248.08,,,playhq,regular_season_ladder,,1786190772415
amnd-winter-2025-c6,semaphore,,Semaphore,2,0,14,12,0,2,0,614,313,301,24,196.17,,,playhq,regular_season_ladder,,1786190772415
amnd-winter-2025-c6,norwood-netball-club,,Newton Jaguars,3,0,14,10,0,4,0,544,283,261,20,192.23,,,playhq,regular_season_ladder,,1786190772415
amnd-winter-2025-c6,contax,,Contax,4,0,14,8,0,6,0,336,335,1,16,100.3,,,playhq,regular_season_ladder,,1786190772415
amnd-winter-2025-c6,matrics,,Matrics,5,0,14,5,0,9,0,345,404,-59,10,85.4,,,playhq,regular_season_ladder,,1786190772415
amnd-winter-2025-c6,central-district-netball-club,,Central District,6,0,14,4,0,10,0,255,491,-236,8,51.93,,,playhq,regular_season_ladder,,1786190772415
amnd-winter-2025-c6,south-adelaide-netball-club,,South Adelaide,7,0,14,3,0,11,0,198,443,-245,6,44.7,,,playhq,regular_season_ladder,,1786190772415
amnd-winter-2025-c6,metro-jets,,Metro Jets,8,0,14,0,0,14,0,158,606,-448,0,26.07,,,playhq,regular_season_ladder,,1786190772415
amnd-winter-2025-inter-1,matrics,,Matrics,1,0,14,13,1,0,0,857,523,334,27,163.86,,,playhq,regular_season_ladder,,1786190757423
amnd-winter-2025-inter-1,contax,,Contax,2,0,14,11,0,3,0,840,530,310,22,158.49,,,playhq,regular_season_ladder,,1786190757423
amnd-winter-2025-inter-1,garville,,Garville,3,0,14,8,1,5,0,666,585,81,17,113.85,,,playhq,regular_season_ladder,,1786190757423
amnd-winter-2025-inter-1,oakdale-netball-club-sa,,Oakdale,4,0,14,8,0,6,0,683,531,152,16,128.63,,,playhq,regular_season_ladder,,1786190757423
amnd-winter-2025-inter-1,metro-jets,,Metro Jets,5,0,14,6,0,8,0,610,696,-86,12,87.64,,,playhq,regular_season_ladder,,1786190757423
amnd-winter-2025-inter-1,tango-netball-club-inc,,Tango,6,0,14,5,0,9,0,615,723,-108,10,85.06,,,playhq,regular_season_ladder,,1786190757423
amnd-winter-2025-inter-1,south-adelaide-netball-club,,South Adelaide,7,0,14,4,0,10,0,550,708,-158,8,77.68,,,playhq,regular_season_ladder,,1786190757423
amnd-winter-2025-inter-1,norwood-netball-club,,Newton Jaguars,8,0,14,0,0,14,0,459,984,-525,0,46.65,,,playhq,regular_season_ladder,,1786190757423
amnd-winter-2025-inter-2,contax,,Contax 1,1,0,14,13,0,1,0,747,558,189,26,133.87,,,playhq,regular_season_ladder,,1786190758589
amnd-winter-2025-inter-2,matrics,,Matrics,2,0,14,12,0,2,0,716,571,145,24,125.39,,,playhq,regular_season_ladder,,1786190758589
amnd-winter-2025-inter-2,contax,,Contax 2,3,0,14,9,0,5,0,677,641,36,18,105.62,,,playhq,regular_season_ladder,,1786190758589
amnd-winter-2025-inter-2,garville,,Garville,4,0,14,3,0,11,0,607,642,-35,6,94.55,,,playhq,regular_season_ladder,,1786190758589
amnd-winter-2025-inter-2,metro-jets,,Metro Jets,5,0,14,2,1,11,0,585,734,-149,5,79.7,,,playhq,regular_season_ladder,,1786190758589
amnd-winter-2025-inter-2,oakdale-netball-club-sa,,Oakdale,6,0,14,2,1,11,0,543,729,-186,5,74.49,,,playhq,regular_season_ladder,,1786190758589
amnd-winter-2025-inter-3,contax,,Contax,1,0,14,13,0,1,0,657,514,143,26,127.82,,,playhq,regular_season_ladder,,1786190759446
amnd-winter-2025-inter-3,matrics,,Matrics 1,2,0,14,10,0,4,0,668,540,128,20,123.7,,,playhq,regular_season_ladder,,1786190759446
amnd-winter-2025-inter-3,oakdale-netball-club-sa,,Oakdale,3,0,14,8,0,6,0,599,560,39,16,106.96,,,playhq,regular_season_ladder,,1786190759446
amnd-winter-2025-inter-3,matrics,,Matrics 2,4,0,14,6,0,8,0,638,661,-23,12,96.52,,,playhq,regular_season_ladder,,1786190759446
amnd-winter-2025-inter-3,tango-netball-club-inc,,Tango,5,0,14,4,0,10,0,545,666,-121,8,81.83,,,playhq,regular_season_ladder,,1786190759446
amnd-winter-2025-inter-3,garville,,Garville,6,0,14,1,0,13,0,493,659,-166,2,74.81,,,playhq,regular_season_ladder,,1786190759446
amnd-winter-2025-inter-4,reynella-netball-club,,Reynella,1,0,14,11,0,3,0,606,507,99,22,119.53,,,playhq,regular_season_ladder,,1786190760394
amnd-winter-2025-inter-4,garville,,Garville,2,0,14,9,1,4,0,578,469,109,19,123.24,,,playhq,regular_season_ladder,,1786190760394
amnd-winter-2025-inter-4,contax,,Contax,3,0,14,8,1,5,0,646,577,69,17,111.96,,,playhq,regular_season_ladder,,1786190760394
amnd-winter-2025-inter-4,norwood-netball-club,,Newton Jaguars,4,0,14,7,0,7,0,605,546,59,14,110.81,,,playhq,regular_season_ladder,,1786190760394
amnd-winter-2025-inter-4,oakdale-netball-club-sa,,Oakdale,5,0,14,6,0,8,0,576,595,-19,12,96.81,,,playhq,regular_season_ladder,,1786190760394
amnd-winter-2025-inter-4,walkerville,,Walkerville,6,0,14,4,0,10,0,540,595,-55,8,90.76,,,playhq,regular_season_ladder,,1786190760394
amnd-winter-2025-inter-5,matrics,,Matrics,1,0,14,9,0,5,0,595,443,152,18,134.31,,,playhq,regular_season_ladder,,1786190761550
amnd-winter-2025-inter-5,garville,,Garville,2,0,14,9,0,5,0,605,561,44,18,107.84,,,playhq,regular_season_ladder,,1786190761550
amnd-winter-2025-inter-5,contax,,Contax,3,0,14,8,1,5,0,518,426,92,17,121.6,,,playhq,regular_season_ladder,,1786190761550
amnd-winter-2025-inter-5,walkerville,,Walkerville,4,0,14,8,0,6,0,543,535,8,16,101.5,,,playhq,regular_season_ladder,,1786190761550
amnd-winter-2025-inter-5,reynella-netball-club,,Reynella,5,0,14,8,0,6,0,551,546,5,16,100.92,,,playhq,regular_season_ladder,,1786190761550
amnd-winter-2025-inter-5,metro-jets,,Metro Jets,6,0,14,7,1,6,0,556,565,-9,15,98.41,,,playhq,regular_season_ladder,,1786190761550
amnd-winter-2025-inter-5,oakdale-netball-club-sa,,Oakdale,7,0,14,6,0,8,0,517,501,16,12,103.19,,,playhq,regular_season_ladder,,1786190761550
amnd-winter-2025-inter-5,tango-netball-club-inc,,Tango,8,0,14,0,0,14,0,353,739,-386,0,47.77,,,playhq,regular_season_ladder,,1786190761550
amnd-winter-2025-inter-6,matrics,,Matrics,1,0,14,12,0,2,0,599,418,181,24,143.3,,,playhq,regular_season_ladder,,1786190762452
amnd-winter-2025-inter-6,oakdale-netball-club-sa,,Oakdale,2,0,14,11,0,3,0,642,385,257,22,166.75,,,playhq,regular_season_ladder,,1786190762452
amnd-winter-2025-inter-6,garville,,Garville,3,0,14,9,0,5,0,554,461,93,18,120.17,,,playhq,regular_season_ladder,,1786190762452
amnd-winter-2025-inter-6,cheerio-netball-club,,Cheerio,4,0,14,8,0,6,0,599,484,115,16,123.76,,,playhq,regular_season_ladder,,1786190762452
amnd-winter-2025-inter-6,south-adelaide-netball-club,,South Adelaide,5,0,14,6,0,8,0,399,560,-161,12,71.25,,,playhq,regular_season_ladder,,1786190762452
amnd-winter-2025-inter-6,norwood-netball-club,,Newton Jaguars,6,0,14,3,0,11,0,393,577,-184,6,68.11,,,playhq,regular_season_ladder,,1786190762452
amnd-winter-2025-inter-6,walkerville,,Walkerville,7,0,14,2,0,12,0,460,664,-204,4,69.28,,,playhq,regular_season_ladder,,1786190762452
amnd-winter-2025-inter-6,adelaide-wildcats,,Adelaide Wildcats,8,0,14,1,0,13,0,400,681,-281,2,58.74,,,playhq,regular_season_ladder,,1786190762452
amnd-winter-2025-junior-1,contax,,Contax,1,0,14,13,0,1,0,855,595,260,26,143.7,,,playhq,regular_season_ladder,,1786190641703
amnd-winter-2025-junior-1,matrics,,Matrics,2,0,14,10,0,4,0,771,616,155,20,125.16,,,playhq,regular_season_ladder,,1786190641703
amnd-winter-2025-junior-1,garville,,Garville,3,0,14,7,0,7,0,716,663,53,14,107.99,,,playhq,regular_season_ladder,,1786190641703
amnd-winter-2025-junior-1,tango-netball-club-inc,,Tango,4,0,14,6,0,8,0,705,696,9,12,101.29,,,playhq,regular_season_ladder,,1786190641703
amnd-winter-2025-junior-1,oakdale-netball-club-sa,,Oakdale,5,0,14,6,0,8,0,715,725,-10,12,98.62,,,playhq,regular_season_ladder,,1786190641703
amnd-winter-2025-junior-1,metro-jets,,Metro Jets,6,0,14,0,0,14,0,420,887,-467,0,47.35,,,playhq,regular_season_ladder,,1786190641703
amnd-winter-2025-junior-2,contax,,Contax,1,0,14,13,0,1,0,790,490,300,26,161.22,,,playhq,regular_season_ladder,,1786190643041
amnd-winter-2025-junior-2,contax,,Contax Blue,2,0,14,12,0,2,0,764,520,244,24,146.92,,,playhq,regular_season_ladder,,1786190643041
amnd-winter-2025-junior-2,matrics,,Matrics,3,0,14,10,1,3,0,642,500,142,21,128.4,,,playhq,regular_season_ladder,,1786190643041
amnd-winter-2025-junior-2,oakdale-netball-club-sa,,Oakdale,4,0,14,9,1,4,0,638,591,47,19,107.95,,,playhq,regular_season_ladder,,1786190643041
amnd-winter-2025-junior-2,reynella-netball-club,,Reynella,5,0,14,5,2,7,0,639,668,-29,12,95.66,,,playhq,regular_season_ladder,,1786190643041
amnd-winter-2025-junior-2,garville,,Garville,6,0,14,6,0,8,0,614,682,-68,12,90.03,,,playhq,regular_season_ladder,,1786190643041
amnd-winter-2025-junior-2,norwood-netball-club,,Newton Jaguars,7,0,14,2,0,12,0,493,676,-183,4,72.93,,,playhq,regular_season_ladder,,1786190643041
amnd-winter-2025-junior-2,tango-netball-club-inc,,Tango,8,0,14,1,0,13,0,497,660,-163,2,75.3,,,playhq,regular_season_ladder,,1786190643041
amnd-winter-2025-junior-3,contax,,Contax Pink,1,0,14,11,1,2,0,617,509,108,23,121.22,,,playhq,regular_season_ladder,,1786190644024
amnd-winter-2025-junior-3,oakdale-netball-club-sa,,Oakdale,2,0,14,10,2,2,0,696,517,179,22,134.62,,,playhq,regular_season_ladder,,1786190644024
amnd-winter-2025-junior-3,contax,,Contax,3,0,14,9,2,3,0,636,528,108,20,120.45,,,playhq,regular_season_ladder,,1786190644024
amnd-winter-2025-junior-3,matrics,,Matrics,4,0,14,5,0,9,0,524,670,-146,10,78.21,,,playhq,regular_season_ladder,,1786190644024
amnd-winter-2025-junior-3,garville,,Garville,5,0,14,4,1,9,0,584,656,-72,9,89.02,,,playhq,regular_season_ladder,,1786190644024
amnd-winter-2025-junior-3,metro-jets,,Metro Jets,6,0,14,0,0,14,0,425,746,-321,0,56.97,,,playhq,regular_season_ladder,,1786190644024
amnd-winter-2025-junior-4a,matrics,,Matrics,1,0,14,11,1,2,0,585,445,140,23,131.46,,,playhq,regular_season_ladder,,1786190644720
amnd-winter-2025-junior-4a,garville,,Garville,2,0,14,10,1,3,0,559,466,93,21,119.96,,,playhq,regular_season_ladder,,1786190644720
amnd-winter-2025-junior-4a,strikers-club,,Strikers,3,0,14,9,0,5,0,570,507,63,18,112.43,,,playhq,regular_season_ladder,,1786190644720
amnd-winter-2025-junior-4a,reynella-netball-club,,Reynella,4,0,14,5,0,9,0,475,559,-84,10,84.97,,,playhq,regular_season_ladder,,1786190644720
amnd-winter-2025-junior-4a,oakdale-netball-club-sa,,Oakdale,5,0,14,2,0,12,0,504,603,-99,4,83.58,,,playhq,regular_season_ladder,,1786190644720
amnd-winter-2025-junior-4a,metro-jets,,Metro Jets,6,0,14,0,0,14,0,404,663,-259,0,60.94,,,playhq,regular_season_ladder,,1786190644720
amnd-winter-2025-junior-4b,contax,,Contax,1,0,14,13,0,1,0,620,419,201,26,147.97,,,playhq,regular_season_ladder,,1786190645716
amnd-winter-2025-junior-4b,walkerville,,Walkerville,2,0,14,11,1,2,0,624,387,237,23,161.24,,,playhq,regular_season_ladder,,1786190645716
amnd-winter-2025-junior-4b,norwood-netball-club,,Newton Jaguars,3,0,14,8,1,5,0,573,474,99,17,120.89,,,playhq,regular_season_ladder,,1786190645716
amnd-winter-2025-junior-4b,tango-netball-club-inc,,Tango,4,0,14,5,0,9,0,409,497,-88,10,82.29,,,playhq,regular_season_ladder,,1786190645716
amnd-winter-2025-junior-4b,garville,,Garville,5,0,14,4,0,10,0,581,709,-128,8,81.95,,,playhq,regular_season_ladder,,1786190645716
amnd-winter-2025-junior-4b,metro-jets,,Metro Jets,6,0,14,0,0,14,0,328,649,-321,0,50.54,,,playhq,regular_season_ladder,,1786190645716
amnd-winter-2025-junior-5,walkerville,,Walkerville,1,0,14,11,0,3,0,692,497,195,22,139.24,,,playhq,regular_season_ladder,,1786190647177
amnd-winter-2025-junior-5,matrics,,Matrics 1,2,0,14,10,1,3,0,617,527,90,21,117.08,,,playhq,regular_season_ladder,,1786190647177
amnd-winter-2025-junior-5,matrics,,Matrics 2,3,0,14,10,0,4,0,697,446,251,20,156.28,,,playhq,regular_season_ladder,,1786190647177
amnd-winter-2025-junior-5,contax,,Contax,4,0,14,10,0,4,0,651,483,168,20,134.78,,,playhq,regular_season_ladder,,1786190647177
amnd-winter-2025-junior-5,garville,,Garville Grey,5,0,14,9,1,4,0,757,554,203,19,136.64,,,playhq,regular_season_ladder,,1786190647177
amnd-winter-2025-junior-5,oakdale-netball-club-sa,,Oakdale,6,0,14,6,0,8,0,560,579,-19,12,96.72,,,playhq,regular_season_ladder,,1786190647177
amnd-winter-2025-junior-5,south-adelaide-netball-club,,South Adelaide,7,0,14,5,0,9,0,574,592,-18,10,96.96,,,playhq,regular_season_ladder,,1786190647177
amnd-winter-2025-junior-5,metro-jets,,Metro Jets,8,0,14,1,0,13,0,399,743,-344,2,53.7,,,playhq,regular_season_ladder,,1786190647177
amnd-winter-2025-junior-6,oakdale-netball-club-sa,,Oakdale 2,1,0,14,13,0,1,0,693,323,370,26,214.55,,,playhq,regular_season_ladder,,1786190647765
amnd-winter-2025-junior-6,oakdale-netball-club-sa,,Oakdale 1,2,0,14,11,0,3,0,794,399,395,22,199,,,playhq,regular_season_ladder,,1786190647765
amnd-winter-2025-junior-6,reynella-netball-club,,Reynella 1,3,0,14,9,0,5,0,587,413,174,18,142.13,,,playhq,regular_season_ladder,,1786190647765
amnd-winter-2025-junior-6,reynella-netball-club,,Reynella 2,4,0,14,8,0,6,0,512,529,-17,16,96.79,,,playhq,regular_season_ladder,,1786190647765
amnd-winter-2025-junior-6,garville,,Garville Red,5,0,14,7,0,7,0,467,526,-59,14,88.78,,,playhq,regular_season_ladder,,1786190647765
amnd-winter-2025-junior-6,tango-netball-club-inc,,Tango,6,0,14,3,0,11,0,387,639,-252,6,60.56,,,playhq,regular_season_ladder,,1786190647765
amnd-winter-2025-junior-6,metro-jets,,Metro Jets,7,0,14,1,0,13,0,301,728,-427,2,41.35,,,playhq,regular_season_ladder,,1786190647765
amnd-winter-2025-junior-6,cheerio-netball-club,,Cheerio,8,0,14,1,0,13,0,249,652,-403,2,38.19,,,playhq,regular_season_ladder,,1786190647765
amnd-winter-2025-junior-7,matrics,,Matrics,1,0,14,12,0,2,0,675,324,351,24,208.33,,,playhq,regular_season_ladder,,1786190648673
amnd-winter-2025-junior-7,contax,,Contax,2,0,14,12,0,2,0,574,376,198,24,152.66,,,playhq,regular_season_ladder,,1786190648673
amnd-winter-2025-junior-7,walkerville,,Walkerville,3,0,14,10,0,4,0,572,357,215,20,160.22,,,playhq,regular_season_ladder,,1786190648673
amnd-winter-2025-junior-7,oakdale-netball-club-sa,,Oakdale,4,0,14,9,0,5,0,551,368,183,18,149.73,,,playhq,regular_season_ladder,,1786190648673
amnd-winter-2025-junior-7,metro-jets,,Metro Jets,5,0,14,6,0,8,0,524,484,40,12,108.26,,,playhq,regular_season_ladder,,1786190648673
amnd-winter-2025-junior-7,norwood-netball-club,,Newton Jaguars,6,0,14,5,0,9,0,331,476,-145,10,69.54,,,playhq,regular_season_ladder,,1786190648673
amnd-winter-2025-junior-7,tango-netball-club-inc,,Tango,7,0,14,4,0,10,0,323,598,-275,8,54.01,,,playhq,regular_season_ladder,,1786190648673
amnd-winter-2025-junior-7,south-adelaide-netball-club,,South Adelaide,8,0,14,1,0,13,0,195,585,-390,2,33.33,,,playhq,regular_season_ladder,,1786190648673
amnd-winter-2025-junior-8,matrics,,Matrics,1,0,14,11,0,3,0,656,352,304,22,186.36,,,playhq,regular_season_ladder,,1786190649707
amnd-winter-2025-junior-8,central-district-netball-club,,Central District,2,0,14,9,0,5,0,500,405,95,18,123.46,,,playhq,regular_season_ladder,,1786190649707
amnd-winter-2025-junior-8,walkerville,,Walkerville,3,0,14,7,0,7,0,423,445,-22,14,95.06,,,playhq,regular_season_ladder,,1786190649707
amnd-winter-2025-junior-8,norwood-netball-club,,Newton Jaguars,4,0,14,7,0,7,0,390,412,-22,14,94.66,,,playhq,regular_season_ladder,,1786190649707
amnd-winter-2025-junior-8,reynella-netball-club,,Reynella,5,0,14,7,0,7,0,412,440,-28,14,93.64,,,playhq,regular_season_ladder,,1786190649707
amnd-winter-2025-junior-8,metro-jets,,Metro Jets,6,0,14,4,0,10,0,411,502,-91,8,81.87,,,playhq,regular_season_ladder,,1786190649707
amnd-winter-2025-junior-8,adelaide-wildcats,,Adelaide Wildcats,7,0,14,2,0,12,0,243,632,-389,4,38.45,,,playhq,regular_season_ladder,,1786190649707
amnd-winter-2025-junior-8,cheerio-netball-club,,Cheerio,8,0,14,2,0,12,0,203,534,-331,4,38.01,,,playhq,regular_season_ladder,,1786190649707
amnd-winter-2025-primary-1,contax,,Contax,1,0,14,14,0,0,0,521,217,304,28,240.09,,,playhq,regular_season_ladder,,1786190650717
amnd-winter-2025-primary-1,matrics,,Matrics,2,0,14,11,0,3,0,468,256,212,22,182.81,,,playhq,regular_season_ladder,,1786190650717
amnd-winter-2025-primary-1,oakdale-netball-club-sa,,Oakdale 1,3,0,14,9,0,5,0,390,324,66,18,120.37,,,playhq,regular_season_ladder,,1786190650717
amnd-winter-2025-primary-1,reynella-netball-club,,Reynella,4,0,14,4,1,9,0,327,397,-70,9,82.37,,,playhq,regular_season_ladder,,1786190650717
amnd-winter-2025-primary-1,oakdale-netball-club-sa,,Oakdale 2,5,0,14,2,1,11,0,228,385,-157,5,59.22,,,playhq,regular_season_ladder,,1786190650717
amnd-winter-2025-primary-1,garville,,Garville,6,0,14,1,0,13,0,143,498,-355,2,28.71,,,playhq,regular_season_ladder,,1786190650717
amnd-winter-2025-primary-2,contax,,Contax 1,1,0,14,12,1,1,0,401,253,148,25,158.5,,,playhq,regular_season_ladder,,1786190651727
amnd-winter-2025-primary-2,walkerville,,Walkerville,2,0,14,12,0,2,0,429,248,181,24,172.98,,,playhq,regular_season_ladder,,1786190651727
amnd-winter-2025-primary-2,matrics,,Matrics 1,3,0,14,10,1,3,0,407,213,194,21,191.08,,,playhq,regular_season_ladder,,1786190651727
amnd-winter-2025-primary-2,metro-jets,,Metro Jets,4,0,14,6,0,8,0,311,272,39,12,114.34,,,playhq,regular_season_ladder,,1786190651727
amnd-winter-2025-primary-2,contax,,Contax 2,5,0,14,5,0,9,0,247,300,-53,10,82.33,,,playhq,regular_season_ladder,,1786190651727
amnd-winter-2025-primary-2,matrics,,Matrics 2,6,0,14,3,0,11,0,225,374,-149,6,60.16,,,playhq,regular_season_ladder,,1786190651727
amnd-winter-2025-primary-3,matrics,,Matrics,1,0,14,12,0,2,0,327,170,157,24,192.35,,,playhq,regular_season_ladder,,1786190653458
amnd-winter-2025-primary-3,tango-netball-club-inc,,Tango,2,0,14,9,0,5,0,208,155,53,18,134.19,,,playhq,regular_season_ladder,,1786190653458
amnd-winter-2025-primary-3,south-adelaide-netball-club,,South Adelaide 2,3,0,14,7,0,7,0,249,243,6,14,102.47,,,playhq,regular_season_ladder,,1786190653458
amnd-winter-2025-primary-3,norwood-netball-club,,Newton Jaguars,4,0,14,7,0,7,0,195,255,-60,14,76.47,,,playhq,regular_season_ladder,,1786190653458
amnd-winter-2025-primary-3,oakdale-netball-club-sa,,Oakdale,5,0,14,4,0,10,0,218,314,-96,8,69.43,,,playhq,regular_season_ladder,,1786190653458
amnd-winter-2025-primary-3,south-adelaide-netball-club,,South Adelaide 1,6,0,14,4,0,10,0,211,319,-108,8,66.14,,,playhq,regular_season_ladder,,1786190653458
amnd-winter-2025-primary-4,contax,,Contax,1,0,14,13,0,1,0,352,186,166,26,189.25,,,playhq,regular_season_ladder,,1786190653693
amnd-winter-2025-primary-4,matrics,,Matrics,2,0,14,11,0,3,0,357,181,176,22,197.24,,,playhq,regular_season_ladder,,1786190653693
amnd-winter-2025-primary-4,walkerville,,Walkerville,3,0,14,8,0,6,0,325,227,98,16,143.17,,,playhq,regular_season_ladder,,1786190653693
amnd-winter-2025-primary-4,oakdale-netball-club-sa,,Oakdale,4,0,14,7,0,7,0,220,229,-9,14,96.07,,,playhq,regular_season_ladder,,1786190653693
amnd-winter-2025-primary-4,cheerio-netball-club,,Cheerio,5,0,14,6,0,8,0,236,293,-57,12,80.55,,,playhq,regular_season_ladder,,1786190653693
amnd-winter-2025-primary-4,garville,,Garville,6,0,14,3,0,11,0,182,314,-132,6,57.96,,,playhq,regular_season_ladder,,1786190653693
amnd-winter-2025-primary-4,metro-jets,,Metro Jets,7,0,14,2,0,12,0,157,366,-209,4,42.9,,,playhq,regular_season_ladder,,1786190653693
amnd-winter-2025-primary-4,reynella-netball-club,,Reynella,8,0,14,2,0,12,0,118,313,-195,4,37.7,,,playhq,regular_season_ladder,,1786190653693
amnd-winter-2025-primary-5a,matrics,,Matrics,1,0,14,11,0,3,0,280,173,107,22,161.85,,,playhq,regular_season_ladder,,1786190654689
amnd-winter-2025-primary-5a,contax,,Contax,2,0,14,10,0,4,0,350,187,163,20,187.17,,,playhq,regular_season_ladder,,1786190654689
amnd-winter-2025-primary-5a,walkerville,,Walkerville,3,0,14,8,0,6,0,286,209,77,16,136.84,,,playhq,regular_season_ladder,,1786190654689
amnd-winter-2025-primary-5a,norwood-netball-club,,Newton Jaguars 1,4,0,14,8,0,6,0,267,212,55,16,125.94,,,playhq,regular_season_ladder,,1786190654689
amnd-winter-2025-primary-5a,oakdale-netball-club-sa,,Oakdale,5,0,14,4,0,10,0,126,248,-122,8,50.81,,,playhq,regular_season_ladder,,1786190654689
amnd-winter-2025-primary-5a,norwood-netball-club,,Newton Jaguars 2,6,0,14,1,0,13,0,130,418,-288,2,31.1,,,playhq,regular_season_ladder,,1786190654689
amnd-winter-2025-primary-5b,norwood-netball-club,,Newton Jaguars,1,0,14,14,0,0,0,393,91,302,28,431.87,,,playhq,regular_season_ladder,,1786190655872
amnd-winter-2025-primary-5b,contax,,Contax,2,0,14,11,0,3,0,252,116,136,22,217.24,,,playhq,regular_season_ladder,,1786190655872
amnd-winter-2025-primary-5b,walkerville,,Walkerville,3,0,14,10,1,3,0,230,87,143,21,264.37,,,playhq,regular_season_ladder,,1786190655872
amnd-winter-2025-primary-5b,metro-jets,,Metro Jets,4,0,14,8,1,5,0,163,143,20,17,113.99,,,playhq,regular_season_ladder,,1786190655872
amnd-winter-2025-primary-5b,garville,,Garville Grey,5,0,14,6,0,8,0,149,199,-50,12,74.87,,,playhq,regular_season_ladder,,1786190655872
amnd-winter-2025-primary-5b,south-adelaide-netball-club,,South Adelaide,6,0,14,3,0,11,0,136,234,-98,6,58.12,,,playhq,regular_season_ladder,,1786190655872
amnd-winter-2025-primary-5b,garville,,Garville,7,0,14,2,0,12,0,99,221,-122,4,44.8,,,playhq,regular_season_ladder,,1786190655872
amnd-winter-2025-primary-5b,cheerio-netball-club,,Cheerio,8,0,14,1,0,13,0,19,322,-303,2,5.9,,,playhq,regular_season_ladder,,1786190655872
amnd-winter-2025-primary-6,tango-netball-club-inc,,Tango 1,1,0,14,13,0,1,0,247,88,159,26,280.68,,,playhq,regular_season_ladder,,1786190656720
amnd-winter-2025-primary-6,matrics,,Matrics 1,2,0,14,11,0,3,0,235,122,113,22,192.62,,,playhq,regular_season_ladder,,1786190656720
amnd-winter-2025-primary-6,walkerville,,Walkerville,3,0,14,8,1,5,0,166,140,26,17,118.57,,,playhq,regular_season_ladder,,1786190656720
amnd-winter-2025-primary-6,tango-netball-club-inc,,Tango 2,4,0,14,6,2,6,0,153,171,-18,14,89.47,,,playhq,regular_season_ladder,,1786190656720
amnd-winter-2025-primary-6,oakdale-netball-club-sa,,Oakdale,5,0,14,6,1,7,0,143,135,8,13,105.93,,,playhq,regular_season_ladder,,1786190656720
amnd-winter-2025-primary-6,walkerville,,Walkerville Blue,6,0,14,5,3,6,0,177,185,-8,13,95.68,,,playhq,regular_season_ladder,,1786190656720
amnd-winter-2025-primary-6,reynella-netball-club,,Reynella,7,0,14,5,2,7,0,129,149,-20,12,86.58,,,playhq,regular_season_ladder,,1786190656720
amnd-winter-2025-primary-6,matrics,,Matrics 2,8,0,14,4,1,9,0,140,204,-64,9,68.63,,,playhq,regular_season_ladder,,1786190656720
amnd-winter-2025-primary-7,south-adelaide-netball-club,,South Adelaide,1,0,14,9,1,4,0,203,148,55,19,137.16,,,playhq,regular_season_ladder,,1786190657828
amnd-winter-2025-primary-7,metro-jets,,Metro Jets,2,0,14,8,0,6,0,172,184,-12,16,93.48,,,playhq,regular_season_ladder,,1786190657828
amnd-winter-2025-primary-7,walkerville,,Walkerville,3,0,14,8,0,6,0,159,192,-33,16,82.81,,,playhq,regular_season_ladder,,1786190657828
amnd-winter-2025-primary-7,garville,,Garville,4,0,14,7,1,6,0,202,184,18,15,109.78,,,playhq,regular_season_ladder,,1786190657828
amnd-winter-2025-primary-7,contax,,Contax,5,0,14,6,2,6,0,155,136,19,14,113.97,,,playhq,regular_season_ladder,,1786190657828
amnd-winter-2025-primary-7,oakdale-netball-club-sa,,Oakdale,6,0,14,6,0,8,0,129,160,-31,12,80.63,,,playhq,regular_season_ladder,,1786190657828
amnd-winter-2025-primary-7,reynella-netball-club,,Reynella,7,0,14,3,0,11,0,92,159,-67,6,57.86,,,playhq,regular_season_ladder,,1786190657828
amnd-winter-2025-primary-7,norwood-netball-club,,Newton Jaguars,8,0,14,0,0,14,0,85,240,-155,0,35.42,,,playhq,regular_season_ladder,,1786190657828
amnd-winter-2025-sub-junior-1,contax,,Contax,1,0,14,13,0,1,0,445,208,237,26,213.94,,,playhq,regular_season_ladder,,1786190746519
amnd-winter-2025-sub-junior-1,matrics,,Matrics,2,0,14,11,0,3,0,388,271,117,22,143.17,,,playhq,regular_season_ladder,,1786190746519
amnd-winter-2025-sub-junior-1,garville,,Garville,3,0,14,7,0,7,0,350,368,-18,14,95.11,,,playhq,regular_season_ladder,,1786190746519
amnd-winter-2025-sub-junior-1,oakdale-netball-club-sa,,Oakdale,4,0,14,6,0,8,0,320,311,9,12,102.89,,,playhq,regular_season_ladder,,1786190746519
amnd-winter-2025-sub-junior-1,reynella-netball-club,,Reynella,5,0,14,5,0,9,0,295,393,-98,10,75.06,,,playhq,regular_season_ladder,,1786190746519
amnd-winter-2025-sub-junior-1,norwood-netball-club,,Newton Jaguars,6,0,14,0,0,14,0,183,430,-247,0,42.56,,,playhq,regular_season_ladder,,1786190746519
amnd-winter-2025-sub-junior-2,contax,,Contax 1,1,0,14,13,0,1,0,498,270,228,26,184.44,,,playhq,regular_season_ladder,,1786190747392
amnd-winter-2025-sub-junior-2,contax,,Contax 2,2,0,14,11,0,3,0,462,324,138,22,142.59,,,playhq,regular_season_ladder,,1786190747392
amnd-winter-2025-sub-junior-2,walkerville,,Walkerville,3,0,14,10,0,4,0,420,276,144,20,152.17,,,playhq,regular_season_ladder,,1786190747392
amnd-winter-2025-sub-junior-2,matrics,,Matrics 2,4,0,14,10,0,4,0,463,323,140,20,143.34,,,playhq,regular_season_ladder,,1786190747392
amnd-winter-2025-sub-junior-2,oakdale-netball-club-sa,,Oakdale,5,0,14,8,0,6,0,344,348,-4,16,98.85,,,playhq,regular_season_ladder,,1786190747392
amnd-winter-2025-sub-junior-2,matrics,,Matrics 1,6,0,14,6,0,8,0,384,398,-14,12,96.48,,,playhq,regular_season_ladder,,1786190747392
amnd-winter-2025-sub-junior-2,metro-jets,,Metro Jets,7,0,14,3,0,11,0,247,424,-177,6,58.25,,,playhq,regular_season_ladder,,1786190747392
amnd-winter-2025-sub-junior-2,tango-netball-club-inc,,Tango,8,0,14,2,0,12,0,265,451,-186,4,58.76,,,playhq,regular_season_ladder,,1786190747392
amnd-winter-2025-sub-junior-3,contax,,Contax,1,0,14,11,0,3,0,406,260,146,22,156.15,,,playhq,regular_season_ladder,,1786190748392
amnd-winter-2025-sub-junior-3,matrics,,Matrics,2,0,14,10,1,3,0,386,342,44,21,112.87,,,playhq,regular_season_ladder,,1786190748392
amnd-winter-2025-sub-junior-3,oakdale-netball-club-sa,,Oakdale,3,0,14,8,0,6,0,453,365,88,16,124.11,,,playhq,regular_season_ladder,,1786190748392
amnd-winter-2025-sub-junior-3,garville,,Garville 2,4,0,14,7,1,6,0,345,313,32,15,110.22,,,playhq,regular_season_ladder,,1786190748392
amnd-winter-2025-sub-junior-3,south-adelaide-netball-club,,South Adelaide,5,0,14,5,0,9,0,239,327,-88,10,73.09,,,playhq,regular_season_ladder,,1786190748392
amnd-winter-2025-sub-junior-3,garville,,Garville 1,6,0,14,4,0,10,0,274,379,-105,8,72.3,,,playhq,regular_season_ladder,,1786190748392
amnd-winter-2025-sub-junior-3,metro-jets,,Metro Jets,7,0,14,2,0,12,0,232,406,-174,4,57.14,,,playhq,regular_season_ladder,,1786190748392
amnd-winter-2025-sub-junior-3,walkerville,,Walkerville,8,0,14,1,0,13,0,236,448,-212,2,52.68,,,playhq,regular_season_ladder,,1786190748392
amnd-winter-2025-sub-junior-4,oakdale-netball-club-sa,,Oakdale,1,0,14,10,0,4,0,358,291,67,20,123.02,,,playhq,regular_season_ladder,,1786190749512
amnd-winter-2025-sub-junior-4,walkerville,,Walkerville,2,0,14,9,1,4,0,314,280,34,19,112.14,,,playhq,regular_season_ladder,,1786190749512
amnd-winter-2025-sub-junior-4,norwood-netball-club,,Newton Jaguars,3,0,14,8,0,6,0,311,316,-5,16,98.42,,,playhq,regular_season_ladder,,1786190749512
amnd-winter-2025-sub-junior-4,reynella-netball-club,,Reynella,4,0,14,6,1,7,0,277,278,-1,13,99.64,,,playhq,regular_season_ladder,,1786190749512
amnd-winter-2025-sub-junior-4,metro-jets,,Metro Jets,5,0,14,6,0,8,0,351,331,20,12,106.04,,,playhq,regular_season_ladder,,1786190749512
amnd-winter-2025-sub-junior-4,garville,,Garville,6,0,14,6,0,8,0,324,374,-50,12,86.63,,,playhq,regular_season_ladder,,1786190749512
amnd-winter-2025-sub-junior-5,matrics,,Matrics,1,0,14,13,1,0,0,474,163,311,27,290.8,,,playhq,regular_season_ladder,,1786190750700
amnd-winter-2025-sub-junior-5,contax,,Contax 2,2,0,14,10,0,4,0,343,200,143,20,171.5,,,playhq,regular_season_ladder,,1786190750700
amnd-winter-2025-sub-junior-5,contax,,Contax 1,3,0,14,9,1,4,0,366,213,153,19,171.83,,,playhq,regular_season_ladder,,1786190750700
amnd-winter-2025-sub-junior-5,oakdale-netball-club-sa,,Oakdale,4,0,14,9,0,5,0,338,291,47,18,116.15,,,playhq,regular_season_ladder,,1786190750700
amnd-winter-2025-sub-junior-5,walkerville,,Walkerville,5,0,14,7,0,7,0,269,309,-40,14,87.06,,,playhq,regular_season_ladder,,1786190750700
amnd-winter-2025-sub-junior-5,south-adelaide-netball-club,,South Adelaide,6,0,14,3,0,11,0,230,351,-121,6,65.53,,,playhq,regular_season_ladder,,1786190750700
amnd-winter-2025-sub-junior-5,tango-netball-club-inc,,Tango,7,0,14,2,0,12,0,207,359,-152,4,57.66,,,playhq,regular_season_ladder,,1786190750700
amnd-winter-2025-sub-junior-5,garville,,Garville,8,0,14,2,0,12,0,158,472,-314,4,33.47,,,playhq,regular_season_ladder,,1786190750700
amnd-winter-2025-sub-junior-6a,matrics,,Matrics,1,0,14,12,0,2,0,402,217,185,24,185.25,,,playhq,regular_season_ladder,,1786190751430
amnd-winter-2025-sub-junior-6a,cheerio-netball-club,,Cheerio,2,0,14,10,0,4,0,329,173,156,20,190.17,,,playhq,regular_season_ladder,,1786190751430
amnd-winter-2025-sub-junior-6a,reynella-netball-club,,Reynella,3,0,14,10,0,4,0,262,215,47,20,121.86,,,playhq,regular_season_ladder,,1786190751430
amnd-winter-2025-sub-junior-6a,oakdale-netball-club-sa,,Oakdale Purple,4,0,14,9,1,4,0,361,261,100,19,138.31,,,playhq,regular_season_ladder,,1786190751430
amnd-winter-2025-sub-junior-6a,walkerville,,Walkerville,5,0,14,6,0,8,0,301,375,-74,12,80.27,,,playhq,regular_season_ladder,,1786190751430
amnd-winter-2025-sub-junior-6a,metro-jets,,Metro Jets,6,0,14,3,1,10,0,178,356,-178,7,50,,,playhq,regular_season_ladder,,1786190751430
amnd-winter-2025-sub-junior-6a,tango-netball-club-inc,,Tango,7,0,14,3,0,11,0,249,306,-57,6,81.37,,,playhq,regular_season_ladder,,1786190751430
amnd-winter-2025-sub-junior-6a,norwood-netball-club,,Newton Jaguars,8,0,14,1,2,11,0,277,390,-113,4,71.03,,,playhq,regular_season_ladder,,1786190751430
amnd-winter-2025-sub-junior-6b,matrics,,Matrics,1,0,14,13,0,1,0,440,148,292,26,297.3,,,playhq,regular_season_ladder,,1786190752749
amnd-winter-2025-sub-junior-6b,oakdale-netball-club-sa,,Oakdale Gold,2,0,14,12,0,2,0,447,162,285,24,275.93,,,playhq,regular_season_ladder,,1786190752749
amnd-winter-2025-sub-junior-6b,contax,,Contax,3,0,14,11,0,3,0,346,256,90,22,135.16,,,playhq,regular_season_ladder,,1786190752749
amnd-winter-2025-sub-junior-6b,reynella-netball-club,,Reynella,4,0,14,8,0,6,0,291,277,14,16,105.05,,,playhq,regular_season_ladder,,1786190752749
amnd-winter-2025-sub-junior-6b,walkerville,,Walkerville,5,0,14,6,0,8,0,239,265,-26,12,90.19,,,playhq,regular_season_ladder,,1786190752749
amnd-winter-2025-sub-junior-6b,south-adelaide-netball-club,,South Adelaide,6,0,14,3,0,11,0,196,337,-141,6,58.16,,,playhq,regular_season_ladder,,1786190752749
amnd-winter-2025-sub-junior-6b,garville,,Garville,7,0,14,2,0,12,0,165,395,-230,4,41.77,,,playhq,regular_season_ladder,,1786190752749
amnd-winter-2025-sub-junior-6b,metro-jets,,Metro Jets,8,0,14,1,0,13,0,165,428,-263,2,38.55,,,playhq,regular_season_ladder,,1786190752749
amnd-winter-2025-sub-junior-7,oakdale-netball-club-sa,,Oakdale,1,0,14,12,0,2,0,341,188,153,24,181.38,,,playhq,regular_season_ladder,,1786190753426
amnd-winter-2025-sub-junior-7,cheerio-netball-club,,Cheerio,2,0,14,12,0,2,0,307,179,128,24,171.51,,,playhq,regular_season_ladder,,1786190753426
amnd-winter-2025-sub-junior-7,matrics,,Matrics,3,0,14,10,0,4,0,304,181,123,20,167.96,,,playhq,regular_season_ladder,,1786190753426
amnd-winter-2025-sub-junior-7,south-adelaide-netball-club,,South Adelaide,4,0,14,6,1,7,0,245,259,-14,13,94.59,,,playhq,regular_season_ladder,,1786190753426
amnd-winter-2025-sub-junior-7,walkerville,,Walkerville,5,0,14,6,1,7,0,188,222,-34,13,84.68,,,playhq,regular_season_ladder,,1786190753426
amnd-winter-2025-sub-junior-7,norwood-netball-club,,Newton Jaguars,6,0,14,6,0,8,0,235,269,-34,12,87.36,,,playhq,regular_season_ladder,,1786190753426
amnd-winter-2025-sub-junior-7,adelaide-wildcats,,Adelaide Wildcats,7,0,14,3,0,11,0,180,266,-86,6,67.67,,,playhq,regular_season_ladder,,1786190753426
amnd-winter-2025-sub-junior-7,tango-netball-club-inc,,Tango,8,0,14,0,0,14,0,127,366,-239,0,34.7,,,playhq,regular_season_ladder,,1786190753426
amnd-winter-2025-sub-junior-8,walkerville,,Walkerville,1,0,12,9,0,3,2,236,128,108,18,184.38,,,playhq,regular_season_ladder,,1786190754427
amnd-winter-2025-sub-junior-8,reynella-netball-club,,Reynella,2,0,12,8,1,3,2,223,137,86,17,162.77,,,playhq,regular_season_ladder,,1786190754427
amnd-winter-2025-sub-junior-8,metro-jets,,Metro Jets,3,0,12,7,1,4,2,267,187,80,15,142.78,,,playhq,regular_season_ladder,,1786190754427
amnd-winter-2025-sub-junior-8,cheerio-netball-club,,Cheerio,4,0,12,6,0,6,2,231,256,-25,12,90.23,,,playhq,regular_season_ladder,,1786190754427
amnd-winter-2025-sub-junior-8,norwood-netball-club,,Newton Jaguars,5,0,12,3,1,8,2,155,204,-49,7,75.98,,,playhq,regular_season_ladder,,1786190754427
amnd-winter-2025-sub-junior-8,south-adelaide-netball-club,,South Adelaide,6,0,12,3,1,8,2,163,225,-62,7,72.44,,,playhq,regular_season_ladder,,1786190754427
amnd-winter-2025-sub-junior-8,adelaide-wildcats,,Adelaide Wildcats,7,0,12,0,0,12,2,27,341,-314,0,7.92,,,playhq,regular_season_ladder,,1786190754427
amnd-winter-2026-a-grade,oakdale-netball-club-sa,,Oakdale,1,0,15,11,2,2,0,734,551,183,24,133.21,,,playhq,regular_season_ladder,,1786190629639
amnd-winter-2026-a-grade,phoenix-netball-club-sa,,Phoenix,2,0,15,12,0,3,0,784,621,163,24,126.25,,,playhq,regular_season_ladder,,1786190629639
amnd-winter-2026-a-grade,adelaide-wildcats,,Adelaide Wildcats,3,0,15,11,1,3,0,848,617,231,23,137.44,,,playhq,regular_season_ladder,,1786190629639
amnd-winter-2026-a-grade,matrics,,Matrics,4,0,15,10,1,4,0,727,581,146,21,125.13,,,playhq,regular_season_ladder,,1786190629639
amnd-winter-2026-a-grade,walkerville,,Walkerville,5,0,15,10,0,5,0,742,579,163,20,128.15,,,playhq,regular_season_ladder,,1786190629639
amnd-winter-2026-a-grade,contax,,Contax,6,0,15,7,0,8,0,614,615,-1,14,99.84,,,playhq,regular_season_ladder,,1786190629639
amnd-winter-2026-a-grade,south-adelaide-netball-club,,South Adelaide,7,0,15,5,0,10,0,677,825,-148,10,82.06,,,playhq,regular_season_ladder,,1786190629639
amnd-winter-2026-a-grade,reynella-netball-club,,Reynella,8,0,15,4,1,10,0,619,644,-25,9,96.12,,,playhq,regular_season_ladder,,1786190629639
amnd-winter-2026-a-grade,norwood-netball-club,,Norwood,9,0,15,2,1,12,0,480,833,-353,5,57.62,,,playhq,regular_season_ladder,,1786190629639
amnd-winter-2026-a-grade,garville,,Garville,10,0,15,0,0,15,0,494,853,-359,0,57.91,,,playhq,regular_season_ladder,,1786190629639
amnd-winter-2026-amnd,reynella-netball-club,,Reynella,1,0,15,15,0,0,0,952,654,298,30,145.57,,,playhq,regular_season_ladder,,1786190630677
amnd-winter-2026-amnd,contax,,Contax,2,0,15,14,0,1,0,964,633,331,28,152.29,,,playhq,regular_season_ladder,,1786190630677
amnd-winter-2026-amnd,oakdale-netball-club-sa,,Oakdale,3,0,15,8,2,5,0,768,684,84,18,112.28,,,playhq,regular_season_ladder,,1786190630677
amnd-winter-2026-amnd,matrics,,Matrics,4,0,15,8,1,6,0,756,686,70,17,110.2,,,playhq,regular_season_ladder,,1786190630677
amnd-winter-2026-amnd,walkerville,,Walkerville,5,0,15,8,0,7,0,787,727,60,16,108.25,,,playhq,regular_season_ladder,,1786190630677
amnd-winter-2026-amnd,garville,,Garville,6,0,15,8,0,7,0,808,763,45,16,105.9,,,playhq,regular_season_ladder,,1786190630677
amnd-winter-2026-amnd,south-adelaide-netball-club,,South Adelaide,7,0,15,5,2,8,0,745,773,-28,12,96.38,,,playhq,regular_season_ladder,,1786190630677
amnd-winter-2026-amnd,norwood-netball-club,,Norwood,8,0,15,4,0,11,0,688,889,-201,8,77.39,,,playhq,regular_season_ladder,,1786190630677
amnd-winter-2026-amnd,tango-netball-club-inc,,Tango,9,0,15,1,1,13,0,547,939,-392,3,58.25,,,playhq,regular_season_ladder,,1786190630677
amnd-winter-2026-amnd,metro-jets,,Metro Jets,10,0,15,1,0,14,0,613,880,-267,2,69.66,,,playhq,regular_season_ladder,,1786190630677
amnd-winter-2026-b1,reynella-netball-club,,Reynella,1,0,15,15,0,0,0,864,453,411,30,190.73,,,playhq,regular_season_ladder,,1786190631672
amnd-winter-2026-b1,matrics,,Matrics,2,0,15,11,0,4,0,667,634,33,22,105.21,,,playhq,regular_season_ladder,,1786190631672
amnd-winter-2026-b1,oakdale-netball-club-sa,,Oakdale,3,0,15,9,0,6,0,689,610,79,18,112.95,,,playhq,regular_season_ladder,,1786190631672
amnd-winter-2026-b1,contax,,Contax,4,0,15,7,1,7,0,642,632,10,15,101.58,,,playhq,regular_season_ladder,,1786190631672
amnd-winter-2026-b1,sacred-heart-o-c,,SHOCS,5,0,15,7,0,8,0,668,655,13,14,101.98,,,playhq,regular_season_ladder,,1786190631672
amnd-winter-2026-b1,walkerville,,Walkerville 2,6,0,15,6,0,9,0,564,667,-103,12,84.56,,,playhq,regular_season_ladder,,1786190631672
amnd-winter-2026-b1,walkerville,,Walkerville 1,7,0,15,4,1,10,0,592,645,-53,9,91.78,,,playhq,regular_season_ladder,,1786190631672
amnd-winter-2026-b1,metro-jets,,Metro Jets,8,0,15,0,0,15,0,456,846,-390,0,53.9,,,playhq,regular_season_ladder,,1786190631672
amnd-winter-2026-b2,city-coasters,,City Coasters Green,1,0,15,13,1,1,0,811,591,220,27,137.23,,,playhq,regular_season_ladder,,1786190632639
amnd-winter-2026-b2,pembroke-o-s,,Pembroke OS,2,0,15,10,1,4,0,775,646,129,21,119.97,,,playhq,regular_season_ladder,,1786190632639
amnd-winter-2026-b2,walkerville,,Walkerville,3,0,15,8,2,5,0,618,562,56,18,109.96,,,playhq,regular_season_ladder,,1786190632639
amnd-winter-2026-b2,matrics,,Matrics,4,0,15,8,0,7,0,661,666,-5,16,99.25,,,playhq,regular_season_ladder,,1786190632639
amnd-winter-2026-b2,oakdale-netball-club-sa,,Oakdale,5,0,15,5,0,10,0,749,748,1,10,100.13,,,playhq,regular_season_ladder,,1786190632639
amnd-winter-2026-b2,tango-netball-club-inc,,Tango,6,0,15,3,0,12,0,495,711,-216,6,69.62,,,playhq,regular_season_ladder,,1786190632639
amnd-winter-2026-b3,contax,,Contax 2,1,0,14,12,0,2,1,832,486,346,26,171.19,,,playhq,regular_season_ladder,,1786190633649
amnd-winter-2026-b3,scotch-old-scholars,,Scotch,2,0,14,12,0,2,1,682,422,260,26,161.61,,,playhq,regular_season_ladder,,1786190633649
amnd-winter-2026-b3,walkerville,,Walkerville 1,3,0,13,8,2,3,2,545,469,76,22,116.2,,,playhq,regular_season_ladder,,1786190633649
amnd-winter-2026-b3,reynella-netball-club,,Reynella,4,0,14,8,1,5,1,632,545,87,19,115.96,,,playhq,regular_season_ladder,,1786190633649
amnd-winter-2026-b3,contax,,Contax 1,5,0,13,7,0,6,2,448,437,11,18,102.52,,,playhq,regular_season_ladder,,1786190633649
amnd-winter-2026-b3,adelaide-wildcats,,Adelaide Wildcats,6,0,13,6,1,6,2,540,485,55,17,111.34,,,playhq,regular_season_ladder,,1786190633649
amnd-winter-2026-b3,cheerio-netball-club,,Cheerio,7,0,13,5,1,7,2,493,539,-46,15,91.47,,,playhq,regular_season_ladder,,1786190633649
amnd-winter-2026-b3,walkerville,,Walkerville 2,8,0,13,3,1,9,2,481,542,-61,11,88.75,,,playhq,regular_season_ladder,,1786190633649
amnd-winter-2026-b3,garville,,Garville,9,0,14,0,0,14,1,256,769,-513,2,33.29,,,playhq,regular_season_ladder,,1786190633649
amnd-winter-2026-b4-a,city-coasters,,City Coasters Black,1,0,15,12,0,3,0,673,570,103,24,118.07,,,playhq,regular_season_ladder,,1786190634638
amnd-winter-2026-b4-a,walkerville,,Walkerville,2,0,15,9,0,6,0,608,536,72,18,113.43,,,playhq,regular_season_ladder,,1786190634638
amnd-winter-2026-b4-a,sacred-heart-o-c,,SHOCS,3,0,15,8,0,7,0,625,680,-55,16,91.91,,,playhq,regular_season_ladder,,1786190634638
amnd-winter-2026-b4-a,south-adelaide-netball-club,,South Adelaide,4,0,15,5,0,10,0,506,629,-123,10,80.45,,,playhq,regular_season_ladder,,1786190634638
amnd-winter-2026-b4-a,norwood-netball-club,,Norwood,5,0,15,4,0,11,0,459,579,-120,8,79.27,,,playhq,regular_season_ladder,,1786190634638
amnd-winter-2026-b4-a,adelaide-wildcats,,Adelaide Wildcats,6,0,15,0,0,15,0,426,703,-277,0,60.6,,,playhq,regular_season_ladder,,1786190634638
amnd-winter-2026-b4-b,reynella-netball-club,,Reynella,1,0,15,13,1,1,0,647,457,190,27,141.58,,,playhq,regular_season_ladder,,1786190635617
amnd-winter-2026-b4-b,oakdale-netball-club-sa,,Oakdale,2,0,15,11,1,3,0,650,494,156,23,131.58,,,playhq,regular_season_ladder,,1786190635617
amnd-winter-2026-b4-b,walkerville,,Walkerville,3,0,15,11,1,3,0,625,517,108,23,120.89,,,playhq,regular_season_ladder,,1786190635617
amnd-winter-2026-b4-b,city-coasters,,City Coasters White,4,0,15,5,0,10,0,546,576,-30,10,94.79,,,playhq,regular_season_ladder,,1786190635617
amnd-winter-2026-b4-b,cheerio-netball-club,,Cheerio,5,0,15,3,2,10,0,556,694,-138,8,80.12,,,playhq,regular_season_ladder,,1786190635617
amnd-winter-2026-b4-b,sacred-heart-o-c,,SHOCS,6,0,15,3,1,11,0,575,715,-140,7,80.42,,,playhq,regular_season_ladder,,1786190635617
amnd-winter-2026-b5,walkerville,,Walkerville,1,0,15,12,0,3,0,557,410,147,24,135.85,,,playhq,regular_season_ladder,,1786190636723
amnd-winter-2026-b5,central-district-netball-club,,Central District,2,0,15,12,0,3,0,787,609,178,24,129.23,,,playhq,regular_season_ladder,,1786190636723
amnd-winter-2026-b5,sacred-heart-o-c,,SHOCS,3,0,15,9,0,6,0,603,513,90,18,117.54,,,playhq,regular_season_ladder,,1786190636723
amnd-winter-2026-b5,contax,,Contax,4,0,16,9,0,7,0,574,558,16,18,102.87,,,playhq,regular_season_ladder,,1786190636723
amnd-winter-2026-b5,city-coasters,,City Coasters Purple,5,0,16,8,0,8,0,631,568,63,16,111.09,,,playhq,regular_season_ladder,,1786190636723
amnd-winter-2026-b5,city-coasters,,City Coasters Orange,6,0,15,8,0,7,0,571,522,49,16,109.39,,,playhq,regular_season_ladder,,1786190636723
amnd-winter-2026-b5,oakdale-netball-club-sa,,Oakdale,7,0,16,7,0,9,0,580,625,-45,14,92.8,,,playhq,regular_season_ladder,,1786190636723
amnd-winter-2026-b5,west-croydon-netball-club,,West Croydon Hawks,8,0,15,6,0,9,0,558,643,-85,12,86.78,,,playhq,regular_season_ladder,,1786190636723
amnd-winter-2026-b5,norwood-netball-club,,Norwood,9,0,15,3,0,12,0,440,656,-216,6,67.07,,,playhq,regular_season_ladder,,1786190636723
amnd-winter-2026-b5,tango-netball-club-inc,,Tango,10,0,18,0,0,18,0,163,506,-343,0,32.21,,,playhq,regular_season_ladder,,1786190636723
amnd-winter-2026-c1,pembroke-o-s,,Pembroke OS,1,0,15,13,1,1,0,725,411,314,27,176.4,,,playhq,regular_season_ladder,,1786190637632
amnd-winter-2026-c1,walkerville,,Walkerville,2,0,15,12,0,3,0,661,481,180,24,137.42,,,playhq,regular_season_ladder,,1786190637632
amnd-winter-2026-c1,city-coasters,,City Coasters Grey,3,0,15,11,1,3,0,645,470,175,23,137.23,,,playhq,regular_season_ladder,,1786190637632
amnd-winter-2026-c1,central-district-netball-club,,Central District,4,0,15,10,0,5,0,648,542,106,20,119.56,,,playhq,regular_season_ladder,,1786190637632
amnd-winter-2026-c1,city-coasters,,City Coasters Pink,5,0,15,8,0,7,0,663,512,151,16,129.49,,,playhq,regular_season_ladder,,1786190637632
amnd-winter-2026-c1,sacred-heart-o-c,,SHOCS 1,6,0,15,7,0,8,0,628,630,-2,14,99.68,,,playhq,regular_season_ladder,,1786190637632
amnd-winter-2026-c1,adelaide-wildcats,,Adelaide Wildcats,7,0,15,6,0,9,0,603,589,14,12,102.38,,,playhq,regular_season_ladder,,1786190637632
amnd-winter-2026-c1,sacred-heart-o-c,,SHOCS 2,8,0,15,3,0,12,0,520,766,-246,6,67.89,,,playhq,regular_season_ladder,,1786190637632
amnd-winter-2026-c1,metro-jets,,Metro Jets,9,0,15,2,0,13,0,396,734,-338,4,53.95,,,playhq,regular_season_ladder,,1786190637632
amnd-winter-2026-c1,cheerio-netball-club,,Cheerio,10,0,15,2,0,13,0,361,715,-354,4,50.49,,,playhq,regular_season_ladder,,1786190637632
amnd-winter-2026-c2,walkerville,,Walkerville,1,0,15,14,0,1,0,748,439,309,28,170.39,,,playhq,regular_season_ladder,,1786190638848
amnd-winter-2026-c2,pembroke-o-s,,Pembroke OS C,2,0,15,13,0,2,0,777,392,385,26,198.21,,,playhq,regular_season_ladder,,1786190638848
amnd-winter-2026-c2,west-croydon-netball-club,,West Croydon Hawks,3,0,15,9,0,6,0,551,514,37,18,107.2,,,playhq,regular_season_ladder,,1786190638848
amnd-winter-2026-c2,adelaide-wildcats,,Adelaide Wildcats,4,0,15,8,0,7,0,614,561,53,16,109.45,,,playhq,regular_season_ladder,,1786190638848
amnd-winter-2026-c2,city-coasters,,City Coasters Yellow,5,0,15,7,0,8,0,570,603,-33,14,94.53,,,playhq,regular_season_ladder,,1786190638848
amnd-winter-2026-c2,city-coasters,,City Coasters Blue,6,0,15,6,0,9,0,607,552,55,12,109.96,,,playhq,regular_season_ladder,,1786190638848
amnd-winter-2026-c2,sacred-heart-o-c,,SHOCS 1,7,0,15,2,0,13,0,319,815,-496,4,39.14,,,playhq,regular_season_ladder,,1786190638848
amnd-winter-2026-c2,sacred-heart-o-c,,SHOCS 2,8,0,15,1,0,14,0,404,714,-310,2,56.58,,,playhq,regular_season_ladder,,1786190638848
amnd-winter-2026-c6,semaphore,,Semaphore,1,0,11,11,0,0,0,459,148,311,22,310.14,,,playhq,regular_season_ladder,,1786190639676
amnd-winter-2026-c6,tango-netball-club-inc,,Tango,2,0,11,9,0,2,0,440,240,200,18,183.33,,,playhq,regular_season_ladder,,1786190639676
amnd-winter-2026-c6,norwood-netball-club,,Norwood,3,0,11,7,0,4,0,357,240,117,14,148.75,,,playhq,regular_season_ladder,,1786190639676
amnd-winter-2026-c6,contax,,Contax,4,0,11,7,0,4,0,321,245,76,14,131.02,,,playhq,regular_season_ladder,,1786190639676
amnd-winter-2026-c6,metro-jets,,Metro Jets,5,0,11,4,0,7,0,183,344,-161,8,53.2,,,playhq,regular_season_ladder,,1786190639676
amnd-winter-2026-c6,central-district-netball-club,,Central District,6,0,11,3,0,8,0,253,376,-123,6,67.29,,,playhq,regular_season_ladder,,1786190639676
amnd-winter-2026-c6,matrics,,Matrics,7,0,11,2,0,9,0,172,325,-153,4,52.92,,,playhq,regular_season_ladder,,1786190639676
amnd-winter-2026-c6,south-adelaide-netball-club,,South Adelaide,8,0,11,1,0,10,0,160,427,-267,2,37.47,,,playhq,regular_season_ladder,,1786190639676
amnd-winter-2026-inter-1,contax,,Contax 1,1,0,11,11,0,0,0,828,449,379,22,184.41,,,playhq,regular_season_ladder,,1786190623610
amnd-winter-2026-inter-1,matrics,,Matrics,2,0,11,9,0,2,0,678,478,200,18,141.84,,,playhq,regular_season_ladder,,1786190623610
amnd-winter-2026-inter-1,garville,,Garville,3,0,11,8,0,3,0,585,476,109,16,122.9,,,playhq,regular_season_ladder,,1786190623610
amnd-winter-2026-inter-1,contax,,Contax 2,4,0,11,7,0,4,0,623,471,152,14,132.27,,,playhq,regular_season_ladder,,1786190623610
amnd-winter-2026-inter-1,oakdale-netball-club-sa,,Oakdale,5,0,11,6,0,5,0,546,490,56,12,111.43,,,playhq,regular_season_ladder,,1786190623610
amnd-winter-2026-inter-1,tango-netball-club-inc,,Tango,6,0,11,4,0,7,0,533,504,29,8,105.75,,,playhq,regular_season_ladder,,1786190623610
amnd-winter-2026-inter-1,walkerville,,Walkerville,7,0,11,3,0,8,0,432,643,-211,6,67.19,,,playhq,regular_season_ladder,,1786190623610
amnd-winter-2026-inter-1,norwood-netball-club,,Norwood,8,0,11,0,0,11,0,325,718,-393,0,45.26,,,playhq,regular_season_ladder,,1786190623610
amnd-winter-2026-inter-2,matrics,,Matrics Maroon,1,0,11,9,0,2,0,597,423,174,18,141.13,,,playhq,regular_season_ladder,,1786190624603
amnd-winter-2026-inter-2,walkerville,,Walkerville,2,0,11,6,0,5,0,477,471,6,12,101.27,,,playhq,regular_season_ladder,,1786190624603
amnd-winter-2026-inter-2,garville,,Garville,3,0,11,6,0,5,0,439,435,4,12,100.92,,,playhq,regular_season_ladder,,1786190624603
amnd-winter-2026-inter-2,matrics,,Matrics Gold,4,0,11,4,0,7,0,450,552,-102,8,81.52,,,playhq,regular_season_ladder,,1786190624603
amnd-winter-2026-inter-2,oakdale-netball-club-sa,,Oakdale,5,0,11,3,0,8,0,448,564,-116,6,79.43,,,playhq,regular_season_ladder,,1786190624603
amnd-winter-2026-inter-2,south-adelaide-netball-club,,South Adelaide,6,0,11,1,0,10,0,351,638,-287,2,55.02,,,playhq,regular_season_ladder,,1786190624603
amnd-winter-2026-inter-3,contax,,Contax Blue,1,0,11,10,0,1,0,582,452,130,20,128.76,,,playhq,regular_season_ladder,,1786190626447
amnd-winter-2026-inter-3,contax,,Contax,2,0,11,9,0,2,0,575,414,161,18,138.89,,,playhq,regular_season_ladder,,1786190626447
amnd-winter-2026-inter-3,matrics,,Matrics,3,0,11,6,0,5,0,481,475,6,12,101.26,,,playhq,regular_season_ladder,,1786190626447
amnd-winter-2026-inter-3,norwood-netball-club,,Norwood,4,0,11,6,0,5,0,466,480,-14,12,97.08,,,playhq,regular_season_ladder,,1786190626447
amnd-winter-2026-inter-3,reynella-netball-club,,Reynella,5,0,11,5,0,6,0,386,442,-56,10,87.33,,,playhq,regular_season_ladder,,1786190626447
amnd-winter-2026-inter-3,garville,,Garville 2,6,0,11,4,1,6,0,528,490,38,9,107.76,,,playhq,regular_season_ladder,,1786190626447
amnd-winter-2026-inter-3,garville,,Garville 1,7,0,11,4,1,6,0,478,499,-21,9,95.79,,,playhq,regular_season_ladder,,1786190626447
amnd-winter-2026-inter-3,oakdale-netball-club-sa,,Oakdale,8,0,11,3,0,8,0,450,517,-67,6,87.04,,,playhq,regular_season_ladder,,1786190626447
amnd-winter-2026-inter-4,contax,,Contax Pink,1,0,11,9,1,1,0,497,360,137,19,138.06,,,playhq,regular_season_ladder,,1786190626635
amnd-winter-2026-inter-4,oakdale-netball-club-sa,,Oakdale,2,0,11,8,1,2,0,489,348,141,17,140.52,,,playhq,regular_season_ladder,,1786190626635
amnd-winter-2026-inter-4,matrics,,Matrics,3,0,11,6,0,5,0,457,413,44,12,110.65,,,playhq,regular_season_ladder,,1786190626635
amnd-winter-2026-inter-4,metro-jets,,Metro Jets 1,4,0,11,6,0,5,0,497,486,11,12,102.26,,,playhq,regular_season_ladder,,1786190626635
amnd-winter-2026-inter-4,walkerville,,Walkerville,5,0,11,4,0,7,0,447,503,-56,8,88.87,,,playhq,regular_season_ladder,,1786190626635
amnd-winter-2026-inter-4,metro-jets,,Metro Jets 2,6,0,11,3,0,8,0,390,531,-141,6,73.45,,,playhq,regular_season_ladder,,1786190626635
amnd-winter-2026-inter-4,norwood-netball-club,,Norwood,7,0,11,2,0,9,0,439,546,-107,4,80.4,,,playhq,regular_season_ladder,,1786190626635
amnd-winter-2026-inter-4,tango-netball-club-inc,,Tango Black,8,0,11,1,0,10,0,342,548,-206,2,62.41,,,playhq,regular_season_ladder,,1786190626635
amnd-winter-2026-inter-5,contax,,Contax 2,1,0,10,8,0,2,1,455,310,145,18,146.77,,,playhq,regular_season_ladder,,1786190627627
amnd-winter-2026-inter-5,garville,,Garville,2,0,9,7,0,2,2,426,298,128,18,142.95,,,playhq,regular_season_ladder,,1786190627627
amnd-winter-2026-inter-5,matrics,,Matrics,3,0,9,6,0,3,2,346,313,33,16,110.54,,,playhq,regular_season_ladder,,1786190627627
amnd-winter-2026-inter-5,oakdale-netball-club-sa,,Oakdale,4,0,10,6,0,4,1,399,306,93,14,130.39,,,playhq,regular_season_ladder,,1786190627627
amnd-winter-2026-inter-5,contax,,Contax 1,5,0,10,6,0,4,1,382,360,22,14,106.11,,,playhq,regular_season_ladder,,1786190627627
amnd-winter-2026-inter-5,reynella-netball-club,,Reynella,6,0,9,3,0,6,2,305,353,-48,10,86.4,,,playhq,regular_season_ladder,,1786190627627
amnd-winter-2026-inter-5,walkerville,,Walkerville,7,0,10,1,0,9,1,340,447,-107,4,76.06,,,playhq,regular_season_ladder,,1786190627627
amnd-winter-2026-inter-6,garville,,Garville 2,1,0,11,10,0,1,0,614,281,333,20,218.51,,,playhq,regular_season_ladder,,1786190628583
amnd-winter-2026-inter-6,walkerville,,Walkerville,2,0,11,8,0,3,0,505,363,142,16,139.12,,,playhq,regular_season_ladder,,1786190628583
amnd-winter-2026-inter-6,metro-jets,,Metro Jets,3,0,11,7,0,4,0,477,416,61,14,114.66,,,playhq,regular_season_ladder,,1786190628583
amnd-winter-2026-inter-6,garville,,Garville 1,4,0,11,6,0,5,0,400,411,-11,12,97.32,,,playhq,regular_season_ladder,,1786190628583
amnd-winter-2026-inter-6,norwood-netball-club,,Norwood,5,0,11,5,0,6,0,398,432,-34,10,92.13,,,playhq,regular_season_ladder,,1786190628583
amnd-winter-2026-inter-6,central-district-netball-club,,Central District,6,0,11,2,0,9,0,338,453,-115,4,74.61,,,playhq,regular_season_ladder,,1786190628583
amnd-winter-2026-inter-6,reynella-netball-club,,Reynella,7,0,11,2,0,9,0,239,464,-225,4,51.51,,,playhq,regular_season_ladder,,1786190628583
amnd-winter-2026-inter-6,south-adelaide-netball-club,,South Adelaide,8,0,10,0,0,10,1,174,591,-417,2,29.44,,,playhq,regular_season_ladder,,1786190628583
amnd-winter-2026-junior-1,contax,,Contax,1,0,11,11,0,0,0,643,372,271,22,172.85,,,playhq,regular_season_ladder,,1786190472423
amnd-winter-2026-junior-1,garville,,Garville,2,0,11,9,0,2,0,522,381,141,18,137.01,,,playhq,regular_season_ladder,,1786190472423
amnd-winter-2026-junior-1,matrics,,Matrics,3,0,11,6,0,5,0,500,427,73,12,117.1,,,playhq,regular_season_ladder,,1786190472423
amnd-winter-2026-junior-1,oakdale-netball-club-sa,,Oakdale,4,0,11,5,0,6,0,429,452,-23,10,94.91,,,playhq,regular_season_ladder,,1786190472423
amnd-winter-2026-junior-1,tango-netball-club-inc,,Tango,5,0,11,2,0,9,0,342,584,-242,4,58.56,,,playhq,regular_season_ladder,,1786190472423
amnd-winter-2026-junior-1,norwood-netball-club,,Norwood,6,0,11,0,0,11,0,326,546,-220,0,59.71,,,playhq,regular_season_ladder,,1786190472423
amnd-winter-2026-junior-2,contax,,Contax 2,1,0,11,11,0,0,0,598,325,273,22,184,,,playhq,regular_season_ladder,,1786190473160
amnd-winter-2026-junior-2,contax,,Contax 1,2,0,11,10,0,1,0,590,315,275,20,187.3,,,playhq,regular_season_ladder,,1786190473160
amnd-winter-2026-junior-2,garville,,Garville,3,0,11,7,0,4,0,485,406,79,14,119.46,,,playhq,regular_season_ladder,,1786190473160
amnd-winter-2026-junior-2,oakdale-netball-club-sa,,Oakdale,4,0,11,6,0,5,0,406,400,6,12,101.5,,,playhq,regular_season_ladder,,1786190473160
amnd-winter-2026-junior-2,walkerville,,Walkerville,5,0,11,5,1,5,0,454,496,-42,11,91.53,,,playhq,regular_season_ladder,,1786190473160
amnd-winter-2026-junior-2,matrics,,Matrics Maroon,6,0,11,4,1,6,0,443,515,-72,9,86.02,,,playhq,regular_season_ladder,,1786190473160
amnd-winter-2026-junior-2,reynella-netball-club,,Reynella,7,0,11,1,2,8,0,307,490,-183,4,62.65,,,playhq,regular_season_ladder,,1786190473160
amnd-winter-2026-junior-2,matrics,,Matrics Gold,8,0,11,1,1,9,0,436,572,-136,3,76.22,,,playhq,regular_season_ladder,,1786190473160
amnd-winter-2026-junior-3,oakdale-netball-club-sa,,Oakdale,1,0,11,10,0,1,0,553,394,159,20,140.36,,,playhq,regular_season_ladder,,1786190474236
amnd-winter-2026-junior-3,contax,,Contax Blue,2,0,11,9,0,2,0,562,342,220,18,164.33,,,playhq,regular_season_ladder,,1786190474236
amnd-winter-2026-junior-3,walkerville,,Walkerville,3,0,11,6,0,5,0,481,474,7,12,101.48,,,playhq,regular_season_ladder,,1786190474236
amnd-winter-2026-junior-3,matrics,,Matrics,4,0,11,5,0,6,0,493,479,14,10,102.92,,,playhq,regular_season_ladder,,1786190474236
amnd-winter-2026-junior-3,metro-jets,,Metro Jets,5,0,11,2,1,8,0,362,541,-179,5,66.91,,,playhq,regular_season_ladder,,1786190474236
amnd-winter-2026-junior-3,garville,,Garville,6,0,11,1,0,10,0,360,551,-191,2,65.34,,,playhq,regular_season_ladder,,1786190474236
amnd-winter-2026-junior-4a,contax,,Contax Pink,1,0,10,9,0,1,1,552,322,230,20,171.43,,,playhq,regular_season_ladder,,1786190475706
amnd-winter-2026-junior-4a,matrics,,Matrics,2,0,10,8,0,2,1,489,338,151,18,144.67,,,playhq,regular_season_ladder,,1786190475706
amnd-winter-2026-junior-4a,oakdale-netball-club-sa,,Oakdale,3,0,10,6,0,4,1,386,335,51,14,115.22,,,playhq,regular_season_ladder,,1786190475706
amnd-winter-2026-junior-4a,garville,,Garville Red,4,0,10,5,0,5,1,404,451,-47,12,89.58,,,playhq,regular_season_ladder,,1786190475706
amnd-winter-2026-junior-4a,reynella-netball-club,,Reynella,5,0,10,2,0,8,1,354,497,-143,6,71.23,,,playhq,regular_season_ladder,,1786190475706
amnd-winter-2026-junior-4a,tango-netball-club-inc,,Tango Black,6,0,10,2,0,8,1,310,488,-178,6,63.52,,,playhq,regular_season_ladder,,1786190475706
amnd-winter-2026-junior-4a,metro-jets,,Metro Jets,7,0,10,1,0,9,1,337,520,-183,4,64.81,,,playhq,regular_season_ladder,,1786190475706
amnd-winter-2026-junior-4b,contax,,Contax,1,0,11,11,0,0,0,630,286,344,22,220.28,,,playhq,regular_season_ladder,,1786190568258
amnd-winter-2026-junior-4b,norwood-netball-club,,Norwood,2,0,11,8,0,3,0,368,344,24,16,106.98,,,playhq,regular_season_ladder,,1786190568258
amnd-winter-2026-junior-4b,garville,,Garville Grey,3,0,11,7,0,4,0,424,403,21,14,105.21,,,playhq,regular_season_ladder,,1786190568258
amnd-winter-2026-junior-4b,walkerville,,Walkerville,4,0,11,5,0,6,0,337,358,-21,10,94.13,,,playhq,regular_season_ladder,,1786190568258
amnd-winter-2026-junior-4b,metro-jets,,Metro Jets,5,0,11,1,1,9,0,337,540,-203,3,62.41,,,playhq,regular_season_ladder,,1786190568258
amnd-winter-2026-junior-4b,south-adelaide-netball-club,,South Adelaide,6,0,11,0,1,10,0,238,360,-122,1,66.11,,,playhq,regular_season_ladder,,1786190568258
amnd-winter-2026-junior-5,matrics,,Matrics Gold,1,0,11,10,0,1,0,481,376,105,20,127.93,,,playhq,regular_season_ladder,,1786190569461
amnd-winter-2026-junior-5,oakdale-netball-club-sa,,Oakdale,2,0,11,9,0,2,0,552,361,191,18,152.91,,,playhq,regular_season_ladder,,1786190569461
amnd-winter-2026-junior-5,contax,,Contax,3,0,11,7,0,4,0,536,415,121,14,129.16,,,playhq,regular_season_ladder,,1786190569461
amnd-winter-2026-junior-5,matrics,,Matrics Maroon,4,0,11,5,1,5,0,431,442,-11,11,97.51,,,playhq,regular_season_ladder,,1786190569461
amnd-winter-2026-junior-5,metro-jets,,Metro Jets,5,0,11,5,0,6,0,405,386,19,10,104.92,,,playhq,regular_season_ladder,,1786190569461
amnd-winter-2026-junior-5,norwood-netball-club,,Norwood,6,0,11,4,0,7,0,389,430,-41,8,90.47,,,playhq,regular_season_ladder,,1786190569461
amnd-winter-2026-junior-5,garville,,Garville Grey,7,0,11,3,1,7,0,392,478,-86,7,82.01,,,playhq,regular_season_ladder,,1786190569461
amnd-winter-2026-junior-5,walkerville,,Walkerville,8,0,11,3,0,8,0,405,538,-133,6,75.28,,,playhq,regular_season_ladder,,1786190569461
amnd-winter-2026-junior-6,matrics,,Matrics Maroon,1,0,11,11,0,0,0,568,252,316,22,225.4,,,playhq,regular_season_ladder,,1786190570278
amnd-winter-2026-junior-6,oakdale-netball-club-sa,,Oakdale,2,0,11,9,0,2,0,454,305,149,18,148.85,,,playhq,regular_season_ladder,,1786190570278
amnd-winter-2026-junior-6,matrics,,Matrics Gold,3,0,11,8,0,3,0,441,284,157,16,155.28,,,playhq,regular_season_ladder,,1786190570278
amnd-winter-2026-junior-6,walkerville,,Walkerville,4,0,11,7,0,4,0,440,395,45,14,111.39,,,playhq,regular_season_ladder,,1786190570278
amnd-winter-2026-junior-6,tango-netball-club-inc,,Tango Pink,5,0,10,6,0,4,1,310,309,1,14,100.32,,,playhq,regular_season_ladder,,1786190570278
amnd-winter-2026-junior-6,south-adelaide-netball-club,,South Adelaide,6,0,10,3,1,6,1,337,405,-68,9,83.21,,,playhq,regular_season_ladder,,1786190570278
amnd-winter-2026-junior-6,adelaide-wildcats,,Adelaide Wildcats,7,0,10,3,0,7,1,325,429,-104,8,75.76,,,playhq,regular_season_ladder,,1786190570278
amnd-winter-2026-junior-6,metro-jets,,Metro Jets,8,0,11,3,1,7,0,337,404,-67,7,83.42,,,playhq,regular_season_ladder,,1786190570278
amnd-winter-2026-junior-6,garville,,Garville Red,9,0,11,1,0,10,0,308,532,-224,2,57.89,,,playhq,regular_season_ladder,,1786190570278
amnd-winter-2026-junior-6,norwood-netball-club,,Norwood,10,0,10,0,0,10,1,203,392,-189,2,51.79,,,playhq,regular_season_ladder,,1786190570278
amnd-winter-2026-junior-7,contax,,Contax,1,0,10,8,0,2,1,469,337,132,18,139.17,,,playhq,regular_season_ladder,,1786190578240
amnd-winter-2026-junior-7,cheerio-netball-club,,Cheerio,2,0,10,8,0,2,1,371,272,99,18,136.4,,,playhq,regular_season_ladder,,1786190578240
amnd-winter-2026-junior-7,oakdale-netball-club-sa,,Oakdale,3,0,10,7,0,3,1,512,311,201,16,164.63,,,playhq,regular_season_ladder,,1786190578240
amnd-winter-2026-junior-7,walkerville,,Walkerville,4,0,10,5,0,5,1,389,370,19,12,105.14,,,playhq,regular_season_ladder,,1786190578240
amnd-winter-2026-junior-7,reynella-netball-club,,Reynella,5,0,10,5,0,5,1,300,326,-26,12,92.02,,,playhq,regular_season_ladder,,1786190578240
amnd-winter-2026-junior-7,tango-netball-club-inc,,Tango White,6,0,10,3,0,7,1,282,387,-105,8,72.87,,,playhq,regular_season_ladder,,1786190578240
amnd-winter-2026-junior-7,metro-jets,,Metro Jets,7,0,10,1,0,9,1,274,487,-213,4,56.26,,,playhq,regular_season_ladder,,1786190578240
amnd-winter-2026-junior-8,oakdale-netball-club-sa,,Oakdale,1,0,11,9,0,2,0,409,213,196,18,192.02,,,playhq,regular_season_ladder,,1786190579704
amnd-winter-2026-junior-8,cheerio-netball-club,,Cheerio 2,2,0,10,8,0,2,1,366,204,162,16,179.41,,,playhq,regular_season_ladder,,1786190579704
amnd-winter-2026-junior-8,south-adelaide-netball-club,,South Adelaide,3,0,10,7,0,3,1,325,171,154,14,190.06,,,playhq,regular_season_ladder,,1786190579704
amnd-winter-2026-junior-8,norwood-netball-club,,Norwood Blue,4,0,11,5,0,6,0,273,307,-34,10,88.93,,,playhq,regular_season_ladder,,1786190579704
amnd-winter-2026-junior-8,reynella-netball-club,,Reynella,5,0,10,4,0,6,1,277,329,-52,8,84.19,,,playhq,regular_season_ladder,,1786190579704
amnd-winter-2026-junior-8,cheerio-netball-club,,Cheerio 1,6,0,11,2,0,9,0,136,402,-266,4,33.83,,,playhq,regular_season_ladder,,1786190579704
amnd-winter-2026-junior-8,norwood-netball-club,,Norwood Red,7,0,10,1,0,9,1,172,420,-248,2,40.95,,,playhq,regular_season_ladder,,1786190579704
amnd-winter-2026-junior-8,adelaide-wildcats,,Adelaide Wildcats,8,0,11,0,0,11,0,56,410,-354,0,13.66,,,playhq,regular_season_ladder,,1786190579704
amnd-winter-2026-primary-1,contax,,Contax 1,1,0,11,11,0,0,0,330,156,174,22,211.54,,,playhq,regular_season_ladder,,1786190580270
amnd-winter-2026-primary-1,matrics,,Matrics,2,0,11,8,0,3,0,267,220,47,16,121.36,,,playhq,regular_season_ladder,,1786190580270
amnd-winter-2026-primary-1,garville,,Garville,3,0,11,5,0,6,0,213,233,-20,10,91.42,,,playhq,regular_season_ladder,,1786190580270
amnd-winter-2026-primary-1,contax,,Contax 2,4,0,11,2,0,9,0,243,274,-31,4,88.69,,,playhq,regular_season_ladder,,1786190580270
amnd-winter-2026-primary-2,matrics,,Matrics Maroon,1,0,11,9,0,2,0,194,134,60,18,144.78,,,playhq,regular_season_ladder,,1786190581246
amnd-winter-2026-primary-2,oakdale-netball-club-sa,,Oakdale,2,0,11,8,0,3,0,280,175,105,16,160,,,playhq,regular_season_ladder,,1786190581246
amnd-winter-2026-primary-2,contax,,Contax,3,0,11,8,0,3,0,211,161,50,16,131.06,,,playhq,regular_season_ladder,,1786190581246
amnd-winter-2026-primary-2,matrics,,Matrics Gold,4,0,11,6,0,5,0,258,222,36,12,116.22,,,playhq,regular_season_ladder,,1786190581246
amnd-winter-2026-primary-2,norwood-netball-club,,Norwood,5,0,11,1,0,10,0,102,231,-129,2,44.16,,,playhq,regular_season_ladder,,1786190581246
amnd-winter-2026-primary-2,walkerville,,Walkerville,6,0,11,1,0,10,0,107,252,-145,2,42.46,,,playhq,regular_season_ladder,,1786190581246
amnd-winter-2026-primary-3,contax,,Contax,1,0,10,10,0,0,1,255,77,178,22,331.17,,,playhq,regular_season_ladder,,1786190582274
amnd-winter-2026-primary-3,south-adelaide-netball-club,,South Adelaide,2,0,10,8,0,2,1,222,77,145,18,288.31,,,playhq,regular_season_ladder,,1786190582274
amnd-winter-2026-primary-3,oakdale-netball-club-sa,,Oakdale 1,3,0,10,7,0,3,1,162,148,14,16,109.46,,,playhq,regular_season_ladder,,1786190582274
amnd-winter-2026-primary-3,metro-jets,,Metro Jets,4,0,10,5,0,5,1,190,164,26,12,115.85,,,playhq,regular_season_ladder,,1786190582274
amnd-winter-2026-primary-3,oakdale-netball-club-sa,,Oakdale 2,5,0,10,3,0,7,1,146,224,-78,8,65.18,,,playhq,regular_season_ladder,,1786190582274
amnd-winter-2026-primary-3,matrics,,Matrics,6,0,10,2,1,7,1,113,203,-90,7,55.67,,,playhq,regular_season_ladder,,1786190582274
amnd-winter-2026-primary-3,norwood-netball-club,,Norwood Red,7,0,10,1,1,8,1,123,226,-103,5,54.42,,,playhq,regular_season_ladder,,1786190582274
amnd-winter-2026-primary-4-a,contax,,Contax Pink,1,0,11,9,0,2,0,285,121,164,18,235.54,,,playhq,regular_season_ladder,,1786190583280
amnd-winter-2026-primary-4-a,oakdale-netball-club-sa,,Oakdale,2,0,11,7,0,4,0,186,202,-16,14,92.08,,,playhq,regular_season_ladder,,1786190583280
amnd-winter-2026-primary-4-a,walkerville,,Walkerville,3,0,11,5,0,6,0,185,180,5,10,102.78,,,playhq,regular_season_ladder,,1786190583280
amnd-winter-2026-primary-4-a,garville,,Garville,4,0,11,4,1,6,0,183,212,-29,9,86.32,,,playhq,regular_season_ladder,,1786190583280
amnd-winter-2026-primary-4-a,matrics,,Matrics,5,0,11,3,1,7,0,172,236,-64,7,72.88,,,playhq,regular_season_ladder,,1786190583280
amnd-winter-2026-primary-4-a,reynella-netball-club,,Reynella,6,0,11,2,0,9,0,103,195,-92,4,52.82,,,playhq,regular_season_ladder,,1786190583280
amnd-winter-2026-primary-4-b,oakdale-netball-club-sa,,Oakdale,1,0,11,8,1,2,0,264,121,143,17,218.18,,,playhq,regular_season_ladder,,1786190612825
amnd-winter-2026-primary-4-b,matrics,,Matrics,2,0,11,6,2,3,0,225,165,60,14,136.36,,,playhq,regular_season_ladder,,1786190612825
amnd-winter-2026-primary-4-b,walkerville,,Walkerville,3,0,11,6,0,5,0,146,186,-40,12,78.49,,,playhq,regular_season_ladder,,1786190612825
amnd-winter-2026-primary-4-b,metro-jets,,Metro Jets,4,0,11,5,1,5,0,186,147,39,11,126.53,,,playhq,regular_season_ladder,,1786190612825
amnd-winter-2026-primary-4-b,tango-netball-club-inc,,Tango,5,0,11,3,0,8,0,105,254,-149,6,41.34,,,playhq,regular_season_ladder,,1786190612825
amnd-winter-2026-primary-4-b,norwood-netball-club,,Norwood Blue,6,0,11,2,0,9,0,102,224,-122,4,45.54,,,playhq,regular_season_ladder,,1786190612825
amnd-winter-2026-primary-5,contax,,Contax,1,0,11,11,0,0,0,253,73,180,22,346.58,,,playhq,regular_season_ladder,,1786190613677
amnd-winter-2026-primary-5,matrics,,Matrics,2,0,11,7,0,4,0,191,141,50,14,135.46,,,playhq,regular_season_ladder,,1786190613677
amnd-winter-2026-primary-5,oakdale-netball-club-sa,,Oakdale,3,0,11,6,0,5,0,142,118,24,12,120.34,,,playhq,regular_season_ladder,,1786190613677
amnd-winter-2026-primary-5,garville,,Garville,4,0,11,5,1,5,0,150,144,6,11,104.17,,,playhq,regular_season_ladder,,1786190613677
amnd-winter-2026-primary-5,cheerio-netball-club,,Cheerio,5,0,11,4,1,6,0,144,140,4,9,102.86,,,playhq,regular_season_ladder,,1786190613677
amnd-winter-2026-primary-5,walkerville,,Walkerville Blue,6,0,11,3,0,8,0,96,213,-117,6,45.07,,,playhq,regular_season_ladder,,1786190613677
amnd-winter-2026-primary-6,cheerio-netball-club,,Cheerio,1,0,11,11,0,0,0,208,80,128,22,260,,,playhq,regular_season_ladder,,1786190614607
amnd-winter-2026-primary-6,south-adelaide-netball-club,,South Adelaide,2,0,10,8,0,2,1,195,114,81,18,171.05,,,playhq,regular_season_ladder,,1786190614607
amnd-winter-2026-primary-6,walkerville,,Walkerville,3,0,11,7,0,4,0,147,140,7,14,105,,,playhq,regular_season_ladder,,1786190614607
amnd-winter-2026-primary-6,contax,,Contax,4,0,11,6,0,5,0,219,136,83,12,161.03,,,playhq,regular_season_ladder,,1786190614607
amnd-winter-2026-primary-6,oakdale-netball-club-sa,,Oakdale,5,0,11,5,1,5,0,221,139,82,11,158.99,,,playhq,regular_season_ladder,,1786190614607
amnd-winter-2026-primary-6,walkerville,,Walkerville White,6,0,11,5,0,6,0,123,182,-59,10,67.58,,,playhq,regular_season_ladder,,1786190614607
amnd-winter-2026-primary-6,adelaide-wildcats,,Adelaide Wildcats,7,0,10,2,0,8,1,112,179,-67,6,62.57,,,playhq,regular_season_ladder,,1786190614607
amnd-winter-2026-primary-6,norwood-netball-club,,Norwood,8,0,11,0,0,11,0,55,233,-178,0,23.61,,,playhq,regular_season_ladder,,1786190614607
amnd-winter-2026-primary-7a,reynella-netball-club,,Reynella,1,0,11,8,0,3,0,162,60,102,16,270,,,playhq,regular_season_ladder,,1786190615637
amnd-winter-2026-primary-7a,garville,,Garville,2,0,11,8,0,3,0,127,116,11,16,109.48,,,playhq,regular_season_ladder,,1786190615637
amnd-winter-2026-primary-7a,cheerio-netball-club,,Cheerio Yellow,3,0,10,6,0,4,1,118,103,15,14,114.56,,,playhq,regular_season_ladder,,1786190615637
amnd-winter-2026-primary-7a,south-adelaide-netball-club,,South Adelaide,4,0,11,6,1,4,0,129,68,61,13,189.71,,,playhq,regular_season_ladder,,1786190615637
amnd-winter-2026-primary-7a,cheerio-netball-club,,Cheerio Green,5,0,11,5,0,6,0,82,123,-41,10,66.67,,,playhq,regular_season_ladder,,1786190615637
amnd-winter-2026-primary-7a,norwood-netball-club,,Norwood Red,6,0,10,3,0,7,1,76,106,-30,8,71.7,,,playhq,regular_season_ladder,,1786190615637
amnd-winter-2026-primary-7a,norwood-netball-club,,Norwood Blue,7,0,11,2,1,8,0,74,154,-80,5,48.05,,,playhq,regular_season_ladder,,1786190615637
amnd-winter-2026-primary-7a,walkerville,,Walkerville,8,0,11,2,1,8,0,49,181,-132,5,27.07,,,playhq,regular_season_ladder,,1786190615637
amnd-winter-2026-primary-7b,metro-jets,,Metro Jets,1,0,11,10,0,1,0,238,59,179,20,403.39,,,playhq,regular_season_ladder,,1786190616604
amnd-winter-2026-primary-7b,matrics,,Matrics,2,0,11,7,0,4,0,127,86,41,14,147.67,,,playhq,regular_season_ladder,,1786190616604
amnd-winter-2026-primary-7b,norwood-netball-club,,Norwood Red,3,0,11,4,0,7,0,84,105,-21,8,80,,,playhq,regular_season_ladder,,1786190616604
amnd-winter-2026-primary-7b,garville,,Garville,4,0,11,4,0,7,0,83,172,-89,8,48.26,,,playhq,regular_season_ladder,,1786190616604
amnd-winter-2026-primary-7b,norwood-netball-club,,Norwood,5,0,11,1,0,10,0,42,216,-174,2,19.44,,,playhq,regular_season_ladder,,1786190616604
amnd-winter-2026-primary-7b,adelaide-wildcats,,Adelaide Wildcats,6,0,11,0,0,11,0,19,223,-204,0,8.52,,,playhq,regular_season_ladder,,1786190616604
amnd-winter-2026-sub-junior-1,contax,,Contax 1,1,0,11,9,1,1,0,344,226,118,19,152.21,,,playhq,regular_season_ladder,,1786190571336
amnd-winter-2026-sub-junior-1,matrics,,Matrics,2,0,11,9,0,2,0,434,261,173,18,166.28,,,playhq,regular_season_ladder,,1786190571336
amnd-winter-2026-sub-junior-1,oakdale-netball-club-sa,,Oakdale,3,0,11,7,1,3,0,319,268,51,15,119.03,,,playhq,regular_season_ladder,,1786190571336
amnd-winter-2026-sub-junior-1,contax,,Contax 2,4,0,11,6,0,5,0,332,285,47,12,116.49,,,playhq,regular_season_ladder,,1786190571336
amnd-winter-2026-sub-junior-1,walkerville,,Walkerville,5,0,11,4,0,7,0,285,320,-35,8,89.06,,,playhq,regular_season_ladder,,1786190571336
amnd-winter-2026-sub-junior-1,garville,,Garville,6,0,11,1,0,10,0,259,399,-140,2,64.91,,,playhq,regular_season_ladder,,1786190571336
amnd-winter-2026-sub-junior-2,contax,,Contax,1,0,11,11,0,0,0,296,162,134,22,182.72,,,playhq,regular_season_ladder,,1786190572209
amnd-winter-2026-sub-junior-2,matrics,,Matrics Maroon,2,0,11,9,0,2,0,315,187,128,18,168.45,,,playhq,regular_season_ladder,,1786190572209
amnd-winter-2026-sub-junior-2,oakdale-netball-club-sa,,Oakdale,3,0,11,8,0,3,0,310,200,110,16,155,,,playhq,regular_season_ladder,,1786190572209
amnd-winter-2026-sub-junior-2,matrics,,Matrics Gold,4,0,11,5,1,5,0,227,236,-9,11,96.19,,,playhq,regular_season_ladder,,1786190572209
amnd-winter-2026-sub-junior-2,metro-jets,,Metro Jets,5,0,11,3,0,8,0,217,319,-102,6,68.03,,,playhq,regular_season_ladder,,1786190572209
amnd-winter-2026-sub-junior-2,norwood-netball-club,,Norwood,6,0,11,3,0,8,0,178,320,-142,6,55.63,,,playhq,regular_season_ladder,,1786190572209
amnd-winter-2026-sub-junior-2,reynella-netball-club,,Reynella,7,0,11,2,0,9,0,199,312,-113,4,63.78,,,playhq,regular_season_ladder,,1786190572209
amnd-winter-2026-sub-junior-2,garville,,Garville,8,0,11,1,2,8,0,198,314,-116,4,63.06,,,playhq,regular_season_ladder,,1786190572209
amnd-winter-2026-sub-junior-3,oakdale-netball-club-sa,,Oakdale 1,1,0,11,9,0,2,0,287,170,117,18,168.82,,,playhq,regular_season_ladder,,1786190573343
amnd-winter-2026-sub-junior-3,oakdale-netball-club-sa,,Oakdale 2,2,0,11,9,0,2,0,299,195,104,18,153.33,,,playhq,regular_season_ladder,,1786190573343
amnd-winter-2026-sub-junior-3,walkerville,,Walkerville,3,0,11,7,0,4,0,293,221,72,14,132.58,,,playhq,regular_season_ladder,,1786190573343
amnd-winter-2026-sub-junior-3,tango-netball-club-inc,,Tango,4,0,11,5,1,5,0,260,259,1,11,100.39,,,playhq,regular_season_ladder,,1786190573343
amnd-winter-2026-sub-junior-3,reynella-netball-club,,Reynella,5,0,11,4,0,7,0,233,240,-7,8,97.08,,,playhq,regular_season_ladder,,1786190573343
amnd-winter-2026-sub-junior-3,matrics,,Matrics,6,0,11,4,0,7,0,214,230,-16,8,93.04,,,playhq,regular_season_ladder,,1786190573343
amnd-winter-2026-sub-junior-3,metro-jets,,Metro Jets,7,0,11,4,0,7,0,185,244,-59,8,75.82,,,playhq,regular_season_ladder,,1786190573343
amnd-winter-2026-sub-junior-3,norwood-netball-club,,Norwood,8,0,11,1,0,10,0,131,329,-198,2,39.82,,,playhq,regular_season_ladder,,1786190573343
amnd-winter-2026-sub-junior-4,walkerville,,Walkerville,1,0,10,8,0,2,1,311,205,106,18,151.71,,,playhq,regular_season_ladder,,1786190574315
amnd-winter-2026-sub-junior-4,contax,,Contax,2,0,10,7,1,2,1,307,188,119,17,163.3,,,playhq,regular_season_ladder,,1786190574315
amnd-winter-2026-sub-junior-4,south-adelaide-netball-club,,South Adelaide,3,0,10,6,1,3,1,253,208,45,15,121.63,,,playhq,regular_season_ladder,,1786190574315
amnd-winter-2026-sub-junior-4,matrics,,Matrics Maroon,4,0,10,5,1,4,1,221,234,-13,13,94.44,,,playhq,regular_season_ladder,,1786190574315
amnd-winter-2026-sub-junior-4,matrics,,Matrics Gold,5,0,10,3,1,6,1,203,243,-40,9,83.54,,,playhq,regular_season_ladder,,1786190574315
amnd-winter-2026-sub-junior-4,garville,,Garville,6,0,10,3,0,7,1,182,235,-53,8,77.45,,,playhq,regular_season_ladder,,1786190574315
amnd-winter-2026-sub-junior-4,tango-netball-club-inc,,Tango Black,7,0,10,0,0,10,1,186,315,-129,2,59.05,,,playhq,regular_season_ladder,,1786190574315
amnd-winter-2026-sub-junior-5a,oakdale-netball-club-sa,,Oakdale Gold,1,0,11,10,0,1,0,336,182,154,20,184.62,,,playhq,regular_season_ladder,,1786190575315
amnd-winter-2026-sub-junior-5a,oakdale-netball-club-sa,,Oakdale Purple,2,0,11,9,0,2,0,295,173,122,18,170.52,,,playhq,regular_season_ladder,,1786190575315
amnd-winter-2026-sub-junior-5a,contax,,Contax,3,0,11,8,0,3,0,292,196,96,16,148.98,,,playhq,regular_season_ladder,,1786190575315
amnd-winter-2026-sub-junior-5a,walkerville,,Walkerville,4,0,11,6,0,5,0,272,244,28,12,111.48,,,playhq,regular_season_ladder,,1786190575315
amnd-winter-2026-sub-junior-5a,cheerio-netball-club,,Cheerio,5,0,11,5,0,6,0,243,205,38,10,118.54,,,playhq,regular_season_ladder,,1786190575315
amnd-winter-2026-sub-junior-5a,reynella-netball-club,,Reynella,6,0,11,4,0,7,0,232,249,-17,8,93.17,,,playhq,regular_season_ladder,,1786190575315
amnd-winter-2026-sub-junior-5a,norwood-netball-club,,Norwood Red,7,0,11,2,0,9,0,140,292,-152,4,47.95,,,playhq,regular_season_ladder,,1786190575315
amnd-winter-2026-sub-junior-5a,garville,,Garville,8,0,11,0,0,11,0,102,425,-323,0,24,,,playhq,regular_season_ladder,,1786190575315
amnd-winter-2026-sub-junior-5b,south-adelaide-netball-club,,South Adelaide,1,0,11,11,0,0,0,289,121,168,22,238.84,,,playhq,regular_season_ladder,,1786190576248
amnd-winter-2026-sub-junior-5b,oakdale-netball-club-sa,,Oakdale,2,0,11,10,0,1,0,350,142,208,20,246.48,,,playhq,regular_season_ladder,,1786190576248
amnd-winter-2026-sub-junior-5b,metro-jets,,Metro Jets,3,0,11,7,1,3,0,309,217,92,15,142.4,,,playhq,regular_season_ladder,,1786190576248
amnd-winter-2026-sub-junior-5b,matrics,,Matrics,4,0,11,4,1,6,0,238,252,-14,9,94.44,,,playhq,regular_season_ladder,,1786190576248
amnd-winter-2026-sub-junior-5b,tango-netball-club-inc,,Tango Pink,5,0,11,3,0,8,0,152,233,-81,6,65.24,,,playhq,regular_season_ladder,,1786190576248
amnd-winter-2026-sub-junior-5b,norwood-netball-club,,Norwood Blue,6,0,11,1,0,10,0,147,300,-153,2,49,,,playhq,regular_season_ladder,,1786190576248
amnd-winter-2026-sub-junior-6,oakdale-netball-club-sa,,Oakdale,1,0,10,9,0,1,1,256,107,149,20,239.25,,,playhq,regular_season_ladder,,1786190577388
amnd-winter-2026-sub-junior-6,walkerville,,Walkerville 1,2,0,10,9,0,1,1,256,131,125,20,195.42,,,playhq,regular_season_ladder,,1786190577388
amnd-winter-2026-sub-junior-6,contax,,Contax,3,0,10,8,0,2,1,294,146,148,18,201.37,,,playhq,regular_season_ladder,,1786190577388
amnd-winter-2026-sub-junior-6,matrics,,Matrics,4,0,10,7,0,3,1,253,244,9,16,103.69,,,playhq,regular_season_ladder,,1786190577388
amnd-winter-2026-sub-junior-6,metro-jets,,Metro Jets,5,0,10,5,0,5,1,217,180,37,12,120.56,,,playhq,regular_season_ladder,,1786190577388
amnd-winter-2026-sub-junior-6,norwood-netball-club,,Norwood,6,0,11,4,0,7,0,181,254,-73,8,71.26,,,playhq,regular_season_ladder,,1786190577388
amnd-winter-2026-sub-junior-6,south-adelaide-netball-club,,South Adelaide,7,0,11,1,1,9,0,171,258,-87,3,66.28,,,playhq,regular_season_ladder,,1786190577388
amnd-winter-2026-sub-junior-6,walkerville,,Walkerville 2,8,0,10,0,1,9,1,158,329,-171,3,48.02,,,playhq,regular_season_ladder,,1786190577388
amnd-winter-2026-sub-junior-6,garville,,Garville,9,0,10,0,0,10,1,93,285,-192,2,32.63,,,playhq,regular_season_ladder,,1786190577388
amnd-winter-2026-sub-junior-7,metro-jets,,Metro Jets,1,0,10,8,0,2,1,212,162,50,18,130.86,,,playhq,regular_season_ladder,,1786190617612
amnd-winter-2026-sub-junior-7,metro-jets,,Metro Jets Blue,2,0,10,7,0,3,1,142,163,-21,16,87.12,,,playhq,regular_season_ladder,,1786190617612
amnd-winter-2026-sub-junior-7,south-adelaide-netball-club,,South Adelaide,3,0,10,6,0,4,1,185,150,35,14,123.33,,,playhq,regular_season_ladder,,1786190617612
amnd-winter-2026-sub-junior-7,walkerville,,Walkerville,4,0,10,6,0,4,1,163,147,16,14,110.88,,,playhq,regular_season_ladder,,1786190617612
amnd-winter-2026-sub-junior-7,reynella-netball-club,,Reynella,5,0,10,4,0,6,1,176,162,14,10,108.64,,,playhq,regular_season_ladder,,1786190617612
amnd-winter-2026-sub-junior-7,walkerville,,Walkerville Blue,6,0,10,2,0,8,1,137,177,-40,6,77.4,,,playhq,regular_season_ladder,,1786190617612
amnd-winter-2026-sub-junior-7,norwood-netball-club,,Norwood,7,0,10,0,0,10,1,72,259,-187,2,27.8,,,playhq,regular_season_ladder,,1786190617612
amnd-winter-2026-sub-junior-8,walkerville,,Walkerville,1,0,11,10,0,1,0,274,138,136,20,198.55,,,playhq,regular_season_ladder,,1786190618598
amnd-winter-2026-sub-junior-8,cheerio-netball-club,,Cheerio,2,0,10,8,0,2,1,199,124,75,16,160.48,,,playhq,regular_season_ladder,,1786190618598
amnd-winter-2026-sub-junior-8,south-adelaide-netball-club,,South Adelaide,3,0,10,4,1,5,1,133,139,-6,9,95.68,,,playhq,regular_season_ladder,,1786190618598
amnd-winter-2026-sub-junior-8,adelaide-wildcats,,Adelaide Wildcats,4,0,10,4,1,5,1,106,146,-40,9,72.6,,,playhq,regular_season_ladder,,1786190618598
amnd-winter-2026-sub-junior-8,metro-jets,,Metro Jets,5,0,11,2,0,9,0,86,208,-122,4,41.35,,,playhq,regular_season_ladder,,1786190618598
amnd-winter-2026-sub-junior-8,norwood-netball-club,,Norwood Red,6,0,10,0,0,10,1,83,257,-174,0,32.3,,,playhq,regular_season_ladder,,1786190618598
premier_league_reserves-annual-2023-reserves-division,matrics,,Matrics,1,0,14,13,0,1,0,826,562,264,26,146.98,,,playhq,regular_season_ladder,,1786191184004
premier_league_reserves-annual-2023-reserves-division,oakdale-netball-club-sa,,Oakdale,2,0,14,10,1,3,0,791,641,150,21,123.4,,,playhq,regular_season_ladder,,1786191184004
premier_league_reserves-annual-2023-reserves-division,contax,,Contax,3,0,14,10,0,4,0,793,598,195,20,132.61,,,playhq,regular_season_ladder,,1786191184004
premier_league_reserves-annual-2023-reserves-division,south-adelaide-netball-club,,South Adelaide,4,0,14,9,0,5,0,749,685,64,18,109.34,,,playhq,regular_season_ladder,,1786191184004
premier_league_reserves-annual-2023-reserves-division,garville,,Garville,5,0,14,6,2,6,0,738,759,-21,14,97.23,,,playhq,regular_season_ladder,,1786191184004
premier_league_reserves-annual-2023-reserves-division,norwood-netball-club,,Newton Jaguars,6,0,14,4,1,9,0,553,713,-160,9,77.56,,,playhq,regular_season_ladder,,1786191184004
premier_league_reserves-annual-2023-reserves-division,metro-jets,,Metro Jets,7,0,14,2,0,12,0,592,767,-175,4,77.18,,,playhq,regular_season_ladder,,1786191184004
premier_league_reserves-annual-2023-reserves-division,tango-netball-club-inc,,Tango,8,0,14,0,0,14,0,517,834,-317,0,61.99,,,playhq,regular_season_ladder,,1786191184004
premier_league_reserves-annual-2024-reserves-division,contax,,Contax,1,0,14,14,0,0,0,851,502,349,28,169.52,,,playhq,regular_season_ladder,,1786191180392
premier_league_reserves-annual-2024-reserves-division,matrics,,Matrics,2,0,14,11,0,3,0,845,529,316,22,159.74,,,playhq,regular_season_ladder,,1786191180392
premier_league_reserves-annual-2024-reserves-division,oakdale-netball-club-sa,,Oakdale,3,0,14,11,0,3,0,886,602,284,22,147.18,,,playhq,regular_season_ladder,,1786191180392
premier_league_reserves-annual-2024-reserves-division,south-adelaide-netball-club,,South Adelaide,4,0,14,7,0,7,0,618,719,-101,14,85.95,,,playhq,regular_season_ladder,,1786191180392
premier_league_reserves-annual-2024-reserves-division,garville,,Garville,5,0,14,4,0,10,0,697,835,-138,8,83.47,,,playhq,regular_season_ladder,,1786191180392
premier_league_reserves-annual-2024-reserves-division,metro-jets,,Metro Jets,6,0,14,4,0,10,0,648,810,-162,8,80,,,playhq,regular_season_ladder,,1786191180392
premier_league_reserves-annual-2024-reserves-division,tango-netball-club-inc,,Tango,7,0,14,4,0,10,0,545,838,-293,8,65.04,,,playhq,regular_season_ladder,,1786191180392
premier_league_reserves-annual-2024-reserves-division,norwood-netball-club,,Newton Jaguars,8,0,14,1,0,13,0,556,811,-255,2,68.56,,,playhq,regular_season_ladder,,1786191180392
premier_league_reserves-annual-2025-reserves-division,contax,,Contax,1,0,14,13,0,1,0,837,616,221,26,135.88,,,playhq,regular_season_ladder,,1786191177457
premier_league_reserves-annual-2025-reserves-division,matrics,,Matrics,2,0,14,10,0,4,0,795,590,205,20,134.75,,,playhq,regular_season_ladder,,1786191177457
premier_league_reserves-annual-2025-reserves-division,south-adelaide-netball-club,,South Adelaide,3,0,14,9,0,5,0,735,683,52,18,107.61,,,playhq,regular_season_ladder,,1786191177457
premier_league_reserves-annual-2025-reserves-division,garville,,Garville,4,0,14,8,0,6,0,718,720,-2,16,99.72,,,playhq,regular_season_ladder,,1786191177457
premier_league_reserves-annual-2025-reserves-division,metro-jets,,Metro Jets,5,0,14,5,0,9,0,688,718,-30,10,95.82,,,playhq,regular_season_ladder,,1786191177457
premier_league_reserves-annual-2025-reserves-division,oakdale-netball-club-sa,,Oakdale,6,0,14,4,0,10,0,667,763,-96,8,87.42,,,playhq,regular_season_ladder,,1786191177457
premier_league_reserves-annual-2025-reserves-division,tango-netball-club-inc,,Tango,7,0,14,4,0,10,0,645,837,-192,8,77.06,,,playhq,regular_season_ladder,,1786191177457
premier_league_reserves-annual-2025-reserves-division,norwood-netball-club,,Newton Jaguars,8,0,14,3,0,11,0,581,739,-158,6,78.62,,,playhq,regular_season_ladder,,1786191177457
premier_league_reserves-annual-2026-reserves-division,contax,,Contax,1,0,16,15,0,1,2,975,674,301,30,144.66,,,playhq,regular_season_ladder,,1786191173273
premier_league_reserves-annual-2026-reserves-division,walkerville,,Walkerville,2,0,16,13,0,3,2,913,808,105,26,113,,,playhq,regular_season_ladder,,1786191173273
premier_league_reserves-annual-2026-reserves-division,oakdale-netball-club-sa,,Oakdale,3,0,16,11,0,5,2,844,786,58,22,107.38,,,playhq,regular_season_ladder,,1786191173273
premier_league_reserves-annual-2026-reserves-division,matrics,,Matrics,4,0,16,9,0,7,2,899,751,148,18,119.71,,,playhq,regular_season_ladder,,1786191173273
premier_league_reserves-annual-2026-reserves-division,south-adelaide-netball-club,,South Adelaide,5,0,16,7,0,9,2,799,853,-54,14,93.67,,,playhq,regular_season_ladder,,1786191173273
premier_league_reserves-annual-2026-reserves-division,norwood-netball-club,,Norwood,6,0,16,6,0,10,2,760,831,-71,12,91.46,,,playhq,regular_season_ladder,,1786191173273
premier_league_reserves-annual-2026-reserves-division,metro-jets,,Metro Jets,7,0,16,6,0,10,2,694,850,-156,12,81.65,,,playhq,regular_season_ladder,,1786191173273
premier_league_reserves-annual-2026-reserves-division,garville,,Garville,8,0,16,5,0,11,2,839,917,-78,10,91.49,,,playhq,regular_season_ladder,,1786191173273
premier_league_reserves-annual-2026-reserves-division,tango-netball-club-inc,,Tango,9,0,16,0,0,16,2,674,927,-253,0,72.71,,,playhq,regular_season_ladder,,1786191173273
premier_league-annual-2023-premier-division,contax,,Contax,1,0,14,13,0,1,0,879,538,341,26,163.38,,,playhq,regular_season_ladder,,1786191182640
premier_league-annual-2023-premier-division,matrics,,Matrics,2,0,14,12,0,2,0,857,555,302,24,154.41,,,playhq,regular_season_ladder,,1786191182640
premier_league-annual-2023-premier-division,south-adelaide-netball-club,,South Adelaide,3,0,14,10,0,4,0,802,650,152,20,123.38,,,playhq,regular_season_ladder,,1786191182640
premier_league-annual-2023-premier-division,garville,,Garville,4,0,14,9,0,5,0,735,664,71,18,110.69,,,playhq,regular_season_ladder,,1786191182640
premier_league-annual-2023-premier-division,oakdale-netball-club-sa,,Oakdale,5,0,14,6,0,8,0,802,670,132,12,119.7,,,playhq,regular_season_ladder,,1786191182640
premier_league-annual-2023-premier-division,tango-netball-club-inc,,Tango,6,0,14,4,0,10,0,618,910,-292,8,67.91,,,playhq,regular_season_ladder,,1786191182640
premier_league-annual-2023-premier-division,norwood-netball-club,,Newton Jaguars,7,0,14,1,0,13,0,524,873,-349,2,60.02,,,playhq,regular_season_ladder,,1786191182640
premier_league-annual-2023-premier-division,metro-jets,,Metro Jets,8,0,14,1,0,13,0,524,881,-357,2,59.48,,,playhq,regular_season_ladder,,1786191182640
premier_league-annual-2024-premier-division,south-adelaide-netball-club,,South Adelaide,1,0,14,13,0,1,0,908,610,298,26,148.85,,,playhq,regular_season_ladder,,1786191179238
premier_league-annual-2024-premier-division,contax,,Contax,2,0,14,10,1,3,0,872,579,293,21,150.6,,,playhq,regular_season_ladder,,1786191179238
premier_league-annual-2024-premier-division,garville,,Garville,3,0,14,10,0,4,0,823,693,130,20,118.76,,,playhq,regular_season_ladder,,1786191179238
premier_league-annual-2024-premier-division,matrics,,Matrics,4,0,14,9,0,5,0,770,612,158,18,125.82,,,playhq,regular_season_ladder,,1786191179238
premier_league-annual-2024-premier-division,oakdale-netball-club-sa,,Oakdale,5,0,14,7,1,6,0,796,711,85,15,111.95,,,playhq,regular_season_ladder,,1786191179238
premier_league-annual-2024-premier-division,tango-netball-club-inc,,Tango,6,0,14,4,0,10,0,664,893,-229,8,74.36,,,playhq,regular_season_ladder,,1786191179238
premier_league-annual-2024-premier-division,metro-jets,,Metro Jets,7,0,14,2,0,12,0,563,944,-381,4,59.64,,,playhq,regular_season_ladder,,1786191179238
premier_league-annual-2024-premier-division,norwood-netball-club,,Newton Jaguars,8,0,14,0,0,14,0,610,964,-354,0,63.28,,,playhq,regular_season_ladder,,1786191179238
premier_league-annual-2025-premier-division,contax,,Contax,1,0,14,12,0,2,0,834,665,169,24,125.41,,,playhq,regular_season_ladder,,1786191175618
premier_league-annual-2025-premier-division,garville,,Garville,2,0,14,11,0,3,0,853,717,136,22,118.97,,,playhq,regular_season_ladder,,1786191175618
premier_league-annual-2025-premier-division,matrics,,Matrics,3,0,14,10,0,4,0,766,629,137,20,121.78,,,playhq,regular_season_ladder,,1786191175618
premier_league-annual-2025-premier-division,oakdale-netball-club-sa,,Oakdale,4,0,14,9,0,5,0,819,716,103,18,114.39,,,playhq,regular_season_ladder,,1786191175618
premier_league-annual-2025-premier-division,south-adelaide-netball-club,,South Adelaide,5,0,14,8,0,6,0,797,727,70,16,109.63,,,playhq,regular_season_ladder,,1786191175618
premier_league-annual-2025-premier-division,tango-netball-club-inc,,Tango,6,0,14,4,0,10,0,779,840,-61,8,92.74,,,playhq,regular_season_ladder,,1786191175618
premier_league-annual-2025-premier-division,norwood-netball-club,,Newton Jaguars,7,0,14,1,0,13,0,599,851,-252,2,70.39,,,playhq,regular_season_ladder,,1786191175618
premier_league-annual-2025-premier-division,metro-jets,,Metro Jets,8,0,14,1,0,13,0,596,898,-302,2,66.37,,,playhq,regular_season_ladder,,1786191175618
premier_league-annual-2026-premier-division,contax,,Contax,1,0,14,11,0,3,0,853,704,149,22,121.16,,,playhq,regular_season_ladder,,1786191171981
premier_league-annual-2026-premier-division,oakdale-netball-club-sa,,Oakdale,2,0,14,11,0,3,0,803,688,115,22,116.72,,,playhq,regular_season_ladder,,1786191171981
premier_league-annual-2026-premier-division,garville,,Garville,3,0,14,10,0,4,0,831,751,80,20,110.65,,,playhq,regular_season_ladder,,1786191171981
premier_league-annual-2026-premier-division,walkerville,,Walkerville,4,0,14,7,0,7,0,770,779,-9,14,98.84,,,playhq,regular_season_ladder,,1786191171981
premier_league-annual-2026-premier-division,matrics,,Matrics,5,0,14,6,0,8,0,714,710,4,12,100.56,,,playhq,regular_season_ladder,,1786191171981
premier_league-annual-2026-premier-division,tango-netball-club-inc,,Tango,6,0,14,5,0,9,0,774,828,-54,10,93.48,,,playhq,regular_season_ladder,,1786191171981
premier_league-annual-2026-premier-division,south-adelaide-netball-club,,South Adelaide,7,0,14,4,0,10,0,733,783,-50,8,93.61,,,playhq,regular_season_ladder,,1786191171981
premier_league-annual-2026-premier-division,norwood-netball-club,,Norwood,8,0,14,2,0,12,0,583,818,-235,4,71.27,,,playhq,regular_season_ladder,,1786191171981
